{
  "version":  "0.2.0",
  "energy":    -3.4475029578866229E-01,
  "charges": [
     5.4012213009046262E-01,
    -5.7926232321862370E-01,
    -4.5641124658134580E-02,
    -3.7240357301659574E-02,
    -5.8139084149993958E-01,
     2.7220481783884615E-01,
     2.2154135479583215E-01,
     1.0323846793290958E-01,
     8.4613584264586650E-02,
     8.3976456063542010E-02,
     1.1388022283828492E-01,
     2.2217353674467838E-01,
     2.2654082385126795E-01,
     4.9365345102695052E-02,
    -4.2916229128263744E-01,
    -5.3861862194224908E-01,
     2.5768824698765874E-01,
    -1.0166997466024785E-01,
    -3.5173834151674199E-01,
     2.8759645119556287E-01,
    -2.7078683917051583E-01,
    -1.0652593035458036E-01,
    -2.6937045445677360E-01,
    -1.1486352025973665E-01,
     1.0189923600663790E-01,
     9.3947851818276459E-02,
     9.9903937773292775E-02,
     9.5215662604974063E-02,
     1.1513519699109394E-01,
     1.1234454790662482E-01,
     1.0172468368874243E-01,
     1.1213110703425688E-01,
     1.3102695879161366E-01
  ],
  "coordination numbers": [
     6.9857949453895278E+00,
     3.9053981169042240E+00,
     4.0504153604849638E+00,
     4.1668930826863537E+00,
     3.9292672577595056E+00,
     1.3935499404836831E+00,
     9.9672694418781305E-01,
     9.9086112338223398E-01,
     9.9041721113106718E-01,
     9.9069048425153827E-01,
     9.9161392451611086E-01,
     1.0017398069461203E+00,
     1.0314675862442382E+00,
     1.9807366518555165E+00,
     1.0241480453537894E+00,
     2.0837314407254803E+00,
     1.0132501211852540E+00,
     4.1613794017707448E+00,
     1.9898747897456488E+00,
     4.4791278170314399E+00,
     2.8267721582546033E+00,
     4.2115205053815554E+00,
     2.9092626286839041E+00,
     4.1792719628554753E+00,
     9.9161223873362747E-01,
     9.9085512662519459E-01,
     9.9135299364337914E-01,
     9.9174631532659330E-01,
     9.9139254646625030E-01,
     9.9173058882356546E-01,
     9.9111162295786226E-01,
     9.9148832063176062E-01,
     9.9190236568493528E-01
  ]
}
