{
  "version":  "0.2.0",
  "energy":    -3.2105649042901208E-01,
  "charges": [
     9.8525960059365725E-01,
     7.6037821075323131E-01,
    -6.4637955323890206E-01,
    -5.4684435755603722E-01,
    -5.5241390055194939E-01
  ],
  "coordination numbers": [
     3.1676825553228678E+00,
     1.1779105898321518E+00,
     1.9939748095144454E+00,
     9.9940645420446028E-01,
     9.9940644894409214E-01
  ]
}
