{
  "version":  "0.2.0",
  "energy":     3.0012089349271409E-01,
  "charges": [
     6.0826276857612172E-01,
    -1.0134241264763956E-02,
     2.6517972017852098E-01,
    -3.4196467107365519E-01,
    -3.2270430888080848E-01,
    -5.8705362310570008E-01,
     1.1835812780096971E-01,
     1.2236346947137551E-01,
     2.4201080430858268E-01,
     2.4145195161663141E-01,
    -4.8014527373072158E-02,
    -1.3365540615237040E-01,
    -1.3183362799723708E-01,
    -4.3481164972564962E-02,
    -2.6657325603613624E-01,
     1.2327113849929000E-01,
     1.3044459194341076E-01,
     1.1986500414362308E-01,
     1.2251819902228789E-01,
     1.2832121680484679E-01,
     1.1887557827888945E-01,
     1.3259958209578199E-01,
     1.1694537655347022E-01,
    -1.5992624266860164E-01,
     8.8070482261823291E-02,
    -3.6879931134205945E-01,
     1.3295418272977183E-01,
     1.3225730437898239E-01,
     1.2791519156985309E-01,
    -2.1856785885902069E-01,
     2.2172189758191335E-01,
    -3.6748776182317122E-01,
    -2.2164505878051066E-01,
    -2.2660628103938563E-01,
     1.4684523777697572E-01,
     1.1902918186507944E-01,
     1.3160235556390257E-01,
     1.1839381332754031E-01,
     1.3014305208062782E-01,
     1.3159428917462163E-01,
     1.1818854197342195E-01,
     1.3698882881443322E-01,
     1.2227545297630915E-01
  ],
  "coordination numbers": [
     7.1287081471823033E+00,
     4.1306847996272529E+00,
     3.9762863731851379E+00,
     1.9451105409433822E+00,
     1.9709536592621051E+00,
     3.7663442066310830E+00,
     9.9173223000359112E-01,
     9.9213982945804702E-01,
     9.9709161125231649E-01,
     9.9637828316421206E-01,
     4.0931933493750776E+00,
     3.9869018954954045E+00,
     3.9810690672095621E+00,
     4.2208809667627740E+00,
     2.9449658960280942E+00,
     9.9163956963116640E-01,
     9.9117795447317381E-01,
     9.9194188632695557E-01,
     9.9156051908011111E-01,
     9.9138073154820638E-01,
     9.9195702636194660E-01,
     1.0012472803829811E+00,
     9.9095273772776871E-01,
     3.9583592688604492E+00,
     2.0360320333060695E+00,
     1.9698840885154398E+00,
     9.9180704461720026E-01,
     9.9185823142670415E-01,
     9.9185338358504982E-01,
     3.9576950529905490E+00,
     4.5216957543991994E+00,
     1.9885444257026501E+00,
     3.9576730828323372E+00,
     3.9573236685239142E+00,
     9.9506700480090693E-01,
     9.9320479221997449E-01,
     9.9401971647224663E-01,
     9.9325490649715320E-01,
     9.9417519431589962E-01,
     9.9416931057062286E-01,
     9.9316538729406467E-01,
     9.9584614616789668E-01,
     9.9395955948290915E-01
  ]
}
