{
  "version":  "0.2.0",
  "energy":     9.3680151529947275E-01,
  "charges": [
     8.0333086087995809E-01,
    -3.3919363041249007E-01,
     5.2585100489242587E-02,
    -5.2624052788631026E-02,
    -4.7763814105888758E-02,
    -5.9713064684176087E-02,
     1.2563879780003437E-01,
     1.2645914443331766E-01,
    -5.9120100573815282E-02,
    -4.6407787224224839E-02,
    -4.9436066092175296E-02,
     4.9054046003265073E-02,
    -3.4377762321401950E-01,
     1.4949594657582577E-01,
     1.5510993848643095E-01,
     1.6241506080485910E-01,
     1.4010040947053951E-01,
     1.4015552647830215E-01,
     1.6325777384196077E-01,
     1.5770705419490733E-01,
     1.4152032655100028E-01,
    -4.5114095305124280E-02,
    -5.2291703367998155E-02,
    -5.0942439432481570E-02,
     2.5290049174713912E-02,
    -4.7006157040422214E-02,
    -5.0504089717610973E-02,
     2.6300356512565559E-01,
    -3.6182433411441961E-01,
    -3.5116670348842471E-01,
     1.6677903020647977E-01,
     1.6289388115745412E-01,
     1.6052027439645256E-01,
     1.6685960493392835E-01,
     1.6486298271487237E-01,
    -2.0040986982894574E-01,
     1.9415510448272125E-01,
    -3.9816774854720277E-01,
    -1.9679839704756735E-01,
    -1.9892322948780461E-01,
     1.3857481488998105E-01,
     1.4244028653326732E-01,
     1.4227224596442209E-01,
     1.3930389350631303E-01,
     1.4608659614208838E-01,
     1.4451927089494856E-01,
     1.3927394923221198E-01,
     1.4330048564970815E-01,
     1.4421888545856079E-01
  ],
  "coordination numbers": [
     6.1472084198727934E+00,
     2.9723633095546171E+00,
     3.1609498954995274E+00,
     3.0094967510570072E+00,
     3.0214185158123961E+00,
     3.0131694676781606E+00,
     3.1489889338033956E+00,
     3.1444883621564967E+00,
     3.0130013728553786E+00,
     3.0220397082732191E+00,
     3.0090708389077632E+00,
     3.1392294559728766E+00,
     2.9637763450214756E+00,
     9.9264436816080703E-01,
     9.9303643219881543E-01,
     9.9285474052106082E-01,
     9.9323506027355268E-01,
     9.9323252866384237E-01,
     9.9285259920920943E-01,
     9.9301698150679751E-01,
     9.9231295912263207E-01,
     3.0151884896976187E+00,
     3.0113923269538896E+00,
     3.0163842159492997E+00,
     3.0201590049135278E+00,
     3.0164901292153772E+00,
     3.0113569300605425E+00,
     3.8778640542484055E+00,
     1.9796082135756601E+00,
     1.9838118611105653E+00,
     9.9283496333069987E-01,
     9.9296036608084304E-01,
     9.9297719747511604E-01,
     9.9296579778688088E-01,
     9.9295314727260031E-01,
     3.9575439882481680E+00,
     4.1659653302524200E+00,
     1.9869365405207260E+00,
     3.9576778787687310E+00,
     3.9575378769101350E+00,
     9.9362377204497410E-01,
     9.9401111213020066E-01,
     9.9401330411509292E-01,
     9.9371042412548327E-01,
     9.9418327442984467E-01,
     9.9415503027295404E-01,
     9.9363358931004253E-01,
     9.9401758400242457E-01,
     9.9400934956767362E-01
  ]
}
