{
  "version":  "0.2.0",
  "energy":    -3.0470808675267758E-01,
  "charges": [
     7.3360299130825757E-01,
     6.3885224823612141E-04,
     2.9600556632763264E-01,
    -3.7314549132290964E-01,
    -3.5269698360318746E-01,
    -6.0829590330410310E-01,
     1.2313688889464078E-01,
     1.2222882726435058E-01,
     2.4184404080704108E-01,
     2.4852189332378219E-01,
    -2.3740286592213344E-01,
    -7.7006116110004696E-01,
     2.8186094771282144E-01,
     2.6589080426000788E-01,
     2.6593395697646860E-01,
    -2.3806236387085833E-01
  ],
  "coordination numbers": [
     5.1574036352964558E+00,
     4.0844934066108074E+00,
     3.2299415709766564E+00,
     1.0002910497161945E+00,
     1.9901684315969677E+00,
     3.9155870915034452E+00,
     9.9141093095833366E-01,
     9.9163962503360370E-01,
     9.9960317684999467E-01,
     1.0069455013940116E+00,
     9.9106954693982807E-01,
     3.8729414893299037E+00,
     1.0088916763382345E+00,
     9.9631840155383866E-01,
     9.9688068543382968E-01,
     9.9113775747041899E-01
  ]
}
