{
  "version":  "0.2.0",
  "energy":    -1.4462457231452042E+00,
  "charges": [
     4.7259107854302540E-01,
    -2.3616637641739341E-01,
    -7.3068152152124810E-01,
    -8.1069204874441936E-01,
    -6.9505113185996459E-01
  ],
  "coordination numbers": [
     3.7385733176326061E+00,
     7.6359591700838259E-01,
     9.9870213644265515E-01,
     9.8882334648489678E-01,
     9.9921206146461383E-01
  ]
}
