{
  "version":  "0.2.0",
  "energy":    -1.3122357278495589E-01,
  "charges": [
    -3.5633002861637375E-01,
     2.8594713900303192E-01,
     3.1193009481201928E-01,
    -2.4154720519867748E-01
  ],
  "coordination numbers": [
     1.9318243969352400E+00,
     2.5954379570261921E+00,
     1.1034576436021419E+00,
     1.8003827760918893E+00
  ]
}
