{
  "version":  "0.2.0",
  "energy":    -1.3269495909222269E+00,
  "charges": [
     1.0053749709199034E+00,
    -5.5360972359809157E-01,
    -5.0338716038704656E-02,
    -4.0365643860039935E-02,
    -5.6623019797386898E-01,
     2.3546516434013465E-01,
     2.4502470326435677E-01,
     1.1305284111873712E-01,
     6.4819079783785788E-02,
     6.9423097481572243E-02,
     1.1260128558690247E-01,
     2.3373419978366644E-01,
     2.8945406933382017E-01,
    -5.5942986951367990E-01,
    -5.8789706241936135E-02,
    -3.2352976569684000E-02,
    -6.5855654067009994E-01,
     2.2957468361505243E-01,
     2.3530306803095447E-01,
     1.2195589677193402E-01,
     6.4077592758711360E-02,
     8.1107579898338528E-02,
     8.6656131248958879E-02,
     2.8931995108745773E-01,
     2.8783118124200691E-01,
    -2.2546453837008457E-01,
     6.0083347497325801E-02,
    -1.3457068735180516E-01,
     6.0625972533963068E-02,
    -3.5229368039908049E-01,
    -2.2790109353920601E-01,
    -3.3577069254696157E-01,
     6.5269470850404965E-02,
     8.9726506646126331E-02,
     8.5372514693976886E-02,
     7.6733341313847708E-02,
     6.4897332464541546E-02,
     8.6171343473200504E-02,
     8.2574969667520981E-02,
    -4.6903685461667871E-02,
    -1.6595351697617988E-01,
    -1.6868744374258926E-01,
    -5.4410818343591197E-02,
    -2.6296570601023950E-01,
     1.4485211496859018E-01,
     1.2036424531008945E-01,
     8.4782412965041201E-02,
     7.7769520557703434E-02,
     6.9390845247497182E-02,
     9.1624836106830407E-02,
     1.0916439047244265E-01,
     1.1957284888044351E-01,
    -3.8653049630314634E-01,
     4.1431223154076408E-01,
    -4.7713600958076940E-01,
    -4.5581622697847080E-01,
    -2.8337823421859909E-01,
     9.4526669718003747E-02,
    -4.2296077223231765E-01,
    -8.8249867551950772E-02,
    -4.1909745693609052E-01,
     8.5057069393498969E-02,
     1.0440422673195694E-01,
     7.5712593708792159E-02
  ],
  "coordination numbers": [
     7.7853273168438584E+00,
     3.8490824016618870E+00,
     4.0068731223729337E+00,
     4.0374861636315371E+00,
     3.9258012708637295E+00,
     9.9880471630226975E-01,
     1.0047819752054634E+00,
     9.9112217739196229E-01,
     9.9042195529707922E-01,
     9.9040694101391225E-01,
     9.9120446529359896E-01,
     1.0308232720567512E+00,
     1.0144329883268357E+00,
     3.8828560267117176E+00,
     3.9737615797461325E+00,
     3.9564969308240077E+00,
     2.9847633382515601E+00,
     1.0159016354940889E+00,
     1.0052770231361992E+00,
     9.9137417777069636E-01,
     9.9003996206741451E-01,
     9.9069772814496737E-01,
     9.8992542407839146E-01,
     9.9584689326245623E-01,
     9.9746879106788988E-01,
     3.9596900038317493E+00,
     3.0945994365425431E+00,
     2.9975336500270515E+00,
     3.0919906849159888E+00,
     1.9576385335093995E+00,
     3.9598881184336614E+00,
     1.9607813434880486E+00,
     9.9205259330350870E-01,
     9.9162565481594012E-01,
     9.9152277069456218E-01,
     9.9305334479604923E-01,
     9.9205301749144859E-01,
     9.9156117516705500E-01,
     9.9159491907360398E-01,
     4.0390293153517476E+00,
     3.9856993770516436E+00,
     3.9912877479934865E+00,
     4.0388401243007639E+00,
     2.7937635336211546E+00,
     9.9152831075289694E-01,
     9.9179632508866522E-01,
     9.9108682178128404E-01,
     9.9176383832904413E-01,
     9.9166352318803153E-01,
     9.9132914042650189E-01,
     9.9103461780319790E-01,
     9.9201677284608270E-01,
     1.9899674481284757E+00,
     3.2324521840996718E+00,
     9.9918938394159973E-01,
     9.9905945253401107E-01,
     1.0096255431268606E+00,
     2.0449094248686048E+00,
     1.9739688237883630E+00,
     4.1489352501811076E+00,
     1.9918389172339284E+00,
     9.8938733991821959E-01,
     9.9012896147253837E-01,
     9.8997128625162123E-01
  ]
}
