{
  "version":  "0.2.0",
  "energy":     9.6164738596450006E-01,
  "charges": [
     9.6396032913660279E-01,
     1.9250982957270696E-01,
    -6.0477914425840495E-03,
    -1.7388680939322515E-01,
    -1.3021155536041809E-01,
    -1.0417995596955731E-01,
     2.4402392729107325E-02,
    -3.8267096436287817E-01,
     2.1491276336092086E-01,
     1.8407886513828814E-01,
     1.7796733882400001E-01,
     2.1785671232087866E-01,
     2.1664693959118547E-01,
     3.4147073183041110E-01,
     9.9763905427176447E-02,
    -1.4734954174447298E-01,
    -9.8908425350468496E-02,
    -6.9368243268024843E-01,
     3.6597383406709649E-01,
     3.7047835695354364E-01,
     3.6691547735193497E-01
  ],
  "coordination numbers": [
     7.6378752964974241E+00,
     3.8292250226203786E+00,
     1.0010321070137946E+00,
     1.9885535083247534E+00,
     1.9930715348075507E+00,
     4.5743166830973649E+00,
     4.2446732500600888E+00,
     2.9582325252022343E+00,
     9.9133523679163194E-01,
     1.0764239976351657E+00,
     1.1573916019949078E+00,
     9.9180933607786503E-01,
     9.9178799634724601E-01,
     1.0028349994272636E+00,
     2.8181116988778534E+00,
     1.9878261912045092E+00,
     1.9934994545031914E+00,
     3.9427206848617695E+00,
     1.0053952972779490E+00,
     1.0071616217235482E+00,
     1.0047640822103148E+00
  ]
}
