{
  "version":  "0.2.0",
  "energy":    -6.9751163827345732E-03,
  "charges": [
     1.7143278492993433E-01,
    -2.4933592378295663E-02,
    -2.4936076098117939E-02,
    -2.4935947239911032E-02,
    -2.4935635004406011E-02,
    -3.5846000925738107E-02,
    -3.5845533283465569E-02
  ],
  "coordination numbers": [
     4.7071930365002448E+00,
     9.8126374033088926E-01,
     9.8126486989337725E-01,
     9.8127580934046410E-01,
     9.8127548261413189E-01,
     4.0851485881403349E-01,
     4.0852978278013552E-01
  ]
}
