{
  "version":  "0.2.0",
  "energy":    -7.7481453478947737E-01,
  "charges": [
     3.3438453270520085E-02,
    -8.1371807092514481E-01,
     5.8503324136268742E-01,
    -8.0475362370806280E-01
  ],
  "coordination numbers": [
     2.9397222682162845E+00,
     1.9745878642450387E+00,
     2.9226596451757674E+00,
     1.9835215167733580E+00
  ]
}
