{
  "version":  "0.2.0",
  "energy":    -1.1871290577400908E+00,
  "charges": [
    -3.2887117688904333E-01,
    -5.2791626990041134E-02,
    -1.3172779737853373E+00,
    -3.0105922233557825E-01
  ],
  "coordination numbers": [
     2.4759984642464161E+00,
     1.3019154685997982E+00,
     9.9916320930333402E-01,
     1.2100207441030113E+00
  ]
}
