{
  "version":  "0.2.0",
  "energy":    -8.7646042736203897E-02,
  "charges": [
     4.8860377216859363E-01,
     9.0505828741440419E-02,
    -1.0017667031585940E-01,
    -1.7399689497219289E-02,
    -3.5538623114728296E-01,
    -1.0614700994967309E-01
  ],
  "coordination numbers": [
     4.6345678018812579E+00,
     9.5879795244678068E-01,
     2.3034313210834654E+00,
     1.8984421389942590E+00,
     9.9864602192765872E-01,
     1.2324608893723381E+00
  ]
}
