{
  "version":  "0.2.0",
  "energy":    -2.1395488652779024E-01,
  "charges": [
     6.7726842787419494E-01,
    -1.9665115085289586E-01,
     9.2012999166850351E-02,
    -9.5384095899246901E-02,
     9.2493380180498352E-02,
    -3.4509455943004297E-01,
    -1.9598716723213150E-01,
    -3.4527038008509103E-01,
     9.4031986631930103E-02,
     1.1320538634758398E-01,
     1.1016902623595351E-01,
     9.8872129514009643E-02,
     9.4193501535080687E-02,
     1.1174899979400885E-01,
     1.1340699003788524E-01,
    -3.1895463451125849E-01,
    -2.1443529853255289E-01,
    -2.0617128657634487E-02,
    -4.0007771717236140E-01,
     9.2999543811163418E-02,
     1.1319282182642910E-01,
     1.1311784447737724E-01,
     1.0793904039251467E-01,
     1.0782005454773493E-01
  ],
  "coordination numbers": [
     4.4977502163040910E+00,
     3.9606124647554459E+00,
     3.2050100836689834E+00,
     3.0104470702729582E+00,
     3.2087281722993550E+00,
     1.9877688210272462E+00,
     3.9606955233803314E+00,
     1.9873518425832319E+00,
     9.9227725600005723E-01,
     9.9159865158629401E-01,
     9.9157639329012692E-01,
     9.9323435661450077E-01,
     9.9228935810538044E-01,
     9.9166068663232387E-01,
     9.9152780419152542E-01,
     9.8572881702963677E-01,
     3.9543002371541016E+00,
     4.0727486075396184E+00,
     1.9923173121100985E+00,
     9.9153650108029279E-01,
     9.9148803032429278E-01,
     9.9144441362682389E-01,
     9.9043615574334254E-01,
     9.9041216619069150E-01
  ]
}
