{
  "version":  "0.2.0",
  "energy":    -6.2771135197292771E-01,
  "charges": [
     9.2864567548739896E-01,
    -5.7275948707052060E-01,
    -3.9165520890764693E-02,
    -4.1968382299364115E-02,
    -4.2531151342940121E-01,
    -4.4368472725058200E-02,
    -4.1372499858219974E-02,
    -5.6693055917838797E-01,
     2.7587518302375158E-01,
     2.4399857399580305E-01,
     9.2902875472913829E-02,
     1.1631919258311861E-01,
     1.1838090380115956E-01,
     9.1537196451693115E-02,
     2.6756610858149238E-01,
     1.1632540414919004E-01,
     9.0394216571635128E-02,
     9.1624089745077186E-02,
     1.0619283177743621E-01,
     2.5403404645728933E-01,
     2.6743732978239226E-01,
    -1.0039016447823479E-01,
    -1.0372976801849985E-01,
    -8.2749258153551483E-02,
     8.3333118663282552E-03,
    -9.4829291594411641E-02,
    -1.0457882973139648E-01,
     2.6945633256967116E-01,
    -3.9654821768042703E-01,
    -4.7625081108494022E-01,
     1.1141677371458628E-01,
     1.1208797842386936E-01,
     1.3664731339885652E-01,
     1.2634912911216895E-01,
     1.1200779296525518E-01,
     5.0496277589440905E-02,
     3.2981631039152359E-02,
    -3.4443923046215469E-01,
     2.0841205507799540E-02,
     4.5231570775367970E-02,
    -3.8061536414986263E-01,
     1.1960050185413536E-01,
     1.4764115908622308E-01,
     1.3244965204936116E-01,
     1.1510048539714331E-01,
    -2.1116812368511584E-01,
    -2.5037932290334547E-02,
    -4.1783317067816755E-01,
     9.2644291090503816E-02,
     1.2658340563178419E-01,
     1.2007698448150886E-01,
     1.0353754584992771E-01,
     9.6451962893780607E-02,
    -3.5023545380968513E-01,
     2.3181430693818311E-02,
    -3.6501919010363831E-01,
    -7.6003317156001338E-01,
     2.6003661626480862E-01,
     2.7257793848301326E-01,
     2.4836949431329436E-01
  ],
  "coordination numbers": [
     7.2996118081757162E+00,
     3.8373387287251983E+00,
     3.9930675936927518E+00,
     4.0247310374293033E+00,
     3.8839003721220262E+00,
     4.0547989927988652E+00,
     3.9871461122923417E+00,
     3.8626287655756393E+00,
     9.9658803058529344E-01,
     9.9816728847868763E-01,
     9.9072642132005306E-01,
     9.9198277498855880E-01,
     9.9100478599455588E-01,
     9.9022570174588687E-01,
     1.0124506300636016E+00,
     9.9156931562809092E-01,
     9.9024388511986672E-01,
     9.9067647238422740E-01,
     9.9157416264875220E-01,
     1.0947092742284559E+00,
     9.9639289006899290E-01,
     3.0136093653220586E+00,
     3.0121768776082449E+00,
     3.0170371766490218E+00,
     3.0162672848389933E+00,
     3.0157589750463307E+00,
     3.0117957873994410E+00,
     3.0785381707653316E+00,
     1.9734866920331449E+00,
     1.0009002403403704E+00,
     9.9278909805101012E-01,
     9.9280720237556963E-01,
     9.9290180213040458E-01,
     9.9285367449727957E-01,
     9.9278168443095627E-01,
     3.0781411954150171E+00,
     3.0722722887806615E+00,
     2.7344666354383014E+00,
     3.0724166883920736E+00,
     3.0780893363431669E+00,
     2.0139388654412320E+00,
     9.9246540781665971E-01,
     9.9226450719796855E-01,
     9.9263741815016893E-01,
     9.9245700061064301E-01,
     3.9541298581588666E+00,
     4.0368151582136775E+00,
     1.9888450227261707E+00,
     9.9139617277472869E-01,
     9.9147038567762014E-01,
     9.9127428350653357E-01,
     9.8962550540179706E-01,
     9.8800376760954123E-01,
     1.9639231545354328E+00,
     2.2177069892039816E+00,
     1.0048360056823249E+00,
     3.8884624604127831E+00,
     9.9652647362428137E-01,
     1.0099444164588505E+00,
     9.9855445279687505E-01
  ]
}
