{
  "version":  "0.2.0",
  "energy":    -2.2797902078370130E-01,
  "charges": [
     6.5753769035768095E-01,
    -1.9499860057979035E-01,
     9.0429470066477002E-02,
    -9.4126528298873455E-02,
     9.0478001507918557E-02,
    -3.2780923676817564E-01,
    -1.9499532631676506E-01,
    -3.2714920088999738E-01,
     9.3387831902316754E-02,
     1.1248354873279641E-01,
     1.1352499860061860E-01,
     9.8670971545720937E-02,
     9.3356441088030290E-02,
     1.1348186419705222E-01,
     1.1245342447468223E-01,
    -9.8733211477129962E-02,
    -1.0094550432153389E-01,
    -8.2759145767808157E-02,
     5.8120847099527168E-03,
    -8.2913202513174550E-02,
    -1.0087476686334246E-01,
     2.5397286992574997E-01,
    -3.5077577221011325E-01,
    -3.5122106961824467E-01,
     1.1128914715595303E-01,
     1.1262376683572649E-01,
     1.3393449771200489E-01,
     1.3388708534742338E-01,
     1.1262381353718602E-01,
    -7.6267563603394470E-02,
    -3.7970205608291369E-01,
     1.0744987215277188E-01,
     1.0784123195462322E-01,
     1.0803257350657126E-01
  ],
  "coordination numbers": [
     5.9852959728730077E+00,
     3.9604833929682082E+00,
     3.1473650611524384E+00,
     3.0016622789139067E+00,
     3.1491255051130631E+00,
     1.9846357718035490E+00,
     3.9605764873726415E+00,
     1.9844552889170073E+00,
     9.9225105428735993E-01,
     9.9163139144169588E-01,
     9.9152774038107427E-01,
     9.9321915812175998E-01,
     9.9223482824913400E-01,
     9.9152791232552406E-01,
     9.9160835632991340E-01,
     3.0139781968646666E+00,
     3.0124271708690884E+00,
     3.0161931778435687E+00,
     3.0188154940141292E+00,
     3.0162099509326685E+00,
     3.0124807445784452E+00,
     3.8328825810238456E+00,
     1.9621463741533125E+00,
     1.9628281335798166E+00,
     9.9279988629786597E-01,
     9.9283827450197304E-01,
     9.9290867881555922E-01,
     9.9294089428455390E-01,
     9.9281459281953399E-01,
     4.0208829960479964E+00,
     1.9925025177061944E+00,
     9.9053466146054259E-01,
     9.9057076866420601E-01,
     9.9053480895597712E-01
  ]
}
