{
  "version":  "0.2.0",
  "energy":     1.8769008042902452E-01,
  "charges": [
     9.5789429977542206E-01,
     4.4202296633261721E-03,
     2.6003766584899557E-01,
    -3.3961947251233415E-01,
    -3.2970895619297047E-01,
    -6.0292077376293574E-01,
     1.3923764440901779E-01,
     1.3788724171816169E-01,
     2.6060133418152237E-01,
     2.5990830655293001E-01,
    -6.1496280033807693E-02,
    -6.5376289719183453E-02,
    -5.7835232700541778E-02,
     1.6907673623665041E-02,
    -6.2699064689965250E-02,
    -6.7156567190130162E-02,
     2.5156314852551370E-01,
    -3.7460643483726380E-01,
    -3.6558944930753123E-01,
     1.5020410400986040E-01,
     1.5012924110485773E-01,
     1.5943330714258536E-01,
     1.5348656091022642E-01,
     1.4836969969517289E-01,
    -7.6092453563828588E-01,
     2.8702659289380433E-01,
     2.9304251165118439E-01,
     2.8287626629751722E-01,
    -8.6574951591533500E-02,
    -4.2514287285048802E-01,
     1.3711624355377747E-01,
     1.4498628034298144E-01,
     1.3780038579561318E-01,
     2.6672214333083605E-01
  ],
  "coordination numbers": [
     7.5787773877038287E+00,
     4.0809661846562513E+00,
     3.9792149975595192E+00,
     1.9661250268864956E+00,
     1.9636433584483406E+00,
     3.7696520233148192E+00,
     9.9222689624018745E-01,
     9.9213873169174427E-01,
     9.9626566095261815E-01,
     9.9635121134478055E-01,
     3.0146938382706567E+00,
     3.0119477460534343E+00,
     3.0161494840675047E+00,
     3.0198996185095552E+00,
     3.0161279041919959E+00,
     3.0119167174557884E+00,
     3.8896298880299884E+00,
     1.9781118217888638E+00,
     1.9852021195760008E+00,
     9.9283799352091950E-01,
     9.9293207812748641E-01,
     9.9294243604601728E-01,
     9.9292955893887225E-01,
     9.9292719799402995E-01,
     3.9217840931251722E+00,
     1.0044499195746610E+00,
     1.0049195721522688E+00,
     9.9716932091836608E-01,
     3.9815506633082185E+00,
     2.9390799311944971E+00,
     9.9176449317919690E-01,
     9.9223983280047001E-01,
     9.9182997896011926E-01,
     1.0288735809346923E+00
  ]
}
