{
  "version":  "0.2.0",
  "energy":    -2.0666795483670058E-01,
  "charges": [
     2.5959780365835516E-02,
    -8.3779001036850334E-02,
     8.0240042975293568E-01,
    -2.6433563425155110E-01,
    -4.8024557483036978E-01
  ],
  "coordination numbers": [
     3.8677628943422544E+00,
     9.7438783190131151E-01,
     2.8176347414266747E+00,
     1.9485218611774648E+00,
     1.8626539143503074E+00
  ]
}
