{
  "version":  "0.2.0",
  "energy":     1.6794902778565630E+00,
  "charges": [
     1.2778031319186645E+00,
     9.0610338878968810E-01,
     8.1609347929164733E-01
  ],
  "coordination numbers": [
     9.7871771521412132E-01,
     9.3785237409354583E-01,
     1.9157042755023710E+00
  ]
}
