{
  "version":  "0.2.0",
  "energy":    -1.7322008395251662E+00,
  "charges": [
     9.4419916032913065E-01,
    -4.0332377282182491E-01,
     3.7312615092776902E-01,
    -3.9985933882685831E-01,
    -4.6887673705381622E-01,
    -1.4373744945619615E-01,
    -2.3609859561827434E-01,
    -2.4810187148159996E-01,
    -3.5581716767812166E-01,
     8.2964823772909146E-03,
    -4.3886279338828321E-01,
    -1.8378522490799812E-01,
     1.1911116174444156E-01,
    -5.3567483670521265E-01,
    -2.6732800073501317E-01,
     2.1823963166698135E-01,
    -3.7400491490174093E-01,
    -2.4848072477385835E-01,
    -2.4631135172005944E-01,
     5.5436104770224398E-02,
     7.8878834929470162E-02,
     1.2677431600136310E-01,
     5.8486622147808781E-02,
     1.4776223124240082E-01,
     1.0042333683313624E-01,
     6.6223533300884749E-02,
     1.1976757641138015E-01,
     1.3353763738657565E-01
  ],
  "coordination numbers": [
     7.4393016224507464E+00,
     1.9855398788289440E+00,
     3.8839026902960816E+00,
     1.9851885083032412E+00,
     9.9917229734670787E-01,
     2.4822313615571900E+00,
     1.9383035314713970E+00,
     1.8317414035180422E+00,
     1.9763882471809531E+00,
     2.0367342110950046E+00,
     1.0050594598275824E+00,
     1.8999070114920125E+00,
     1.9989723294234674E+00,
     1.0070125048934067E+00,
     3.9564009462819660E+00,
     4.2687950775762911E+00,
     1.9586674315338541E+00,
     3.9562558329777540E+00,
     3.9568250025461529E+00,
     9.9263596224083539E-01,
     9.9398086665168783E-01,
     9.9585896262067486E-01,
     9.9280697716332345E-01,
     9.9234644699803454E-01,
     9.9468587814363829E-01,
     9.9304294865791931E-01,
     9.9543827273984764E-01,
     9.9506502018455745E-01
  ]
}
