{
  "version":  "0.2.0",
  "energy":    -3.4358905479110899E-02,
  "charges": [
     4.3691385894105517E-01,
    -2.3367581744360922E-02,
    -1.2973986601842419E-01,
    -1.3301458468548538E-01,
    -2.2199239260142993E-02,
    -1.2859258723264166E-01
  ],
  "coordination numbers": [
     4.9240851739315419E+00,
     1.7281005073720257E+00,
     1.0007323554432528E+00,
     9.9801643848593002E-01,
     1.7268531758728090E+00,
     1.0015416542355808E+00
  ]
}
