{
  "version":  "0.2.0",
  "energy":    -2.4368381837480568E-01,
  "charges": [
     7.7238833866421253E-01,
    -7.3450655264054243E-01,
     2.8388733169693142E-01,
     2.8536381110721692E-01,
     2.9343347402020459E-01,
    -5.0204419161486835E-01,
     3.1595131930317116E-01,
     1.9216629368377403E-01,
    -2.0723465645539951E-01,
    -2.2461354686835261E-01,
    -2.2518701449363232E-01,
    -2.4960460640271551E-01
  ],
  "coordination numbers": [
     5.7282512444893889E+00,
     3.9488165828405606E+00,
     1.0053054229446916E+00,
     1.0212713442838570E+00,
     1.0290320088310878E+00,
     1.9927192350584475E+00,
     1.0224284281191256E+00,
     3.7888848380977169E+00,
     1.9820616760270191E+00,
     1.9782926281522579E+00,
     1.0017151925822017E+00,
     9.9891821156626648E-01
  ]
}
