{
  "version":  "0.2.0",
  "energy":    -5.8772069694437851E-02,
  "charges": [
     5.2485422751169242E-01,
    -1.3090705015987875E-01,
    -1.3240100625053514E-01,
    -1.3095990925643913E-01,
    -1.3058626184483940E-01
  ],
  "coordination numbers": [
     3.9675944260298888E+00,
     9.9731655162582644E-01,
     9.9602167504554284E-01,
     9.9738928370273872E-01,
     9.9738348760139228E-01
  ]
}
