{
  "version":  "0.2.0",
  "energy":    -1.7978391658432563E-01,
  "charges": [
     4.1538860671321187E-01,
     2.6793303469912699E-01,
     2.6514928569283491E-01,
    -4.7437774936654931E-01,
    -4.7409317773862447E-01
  ],
  "coordination numbers": [
     3.7350306301192688E+00,
     1.8678131119387720E+00,
     1.8619935528005662E+00,
     9.9547847692087554E-01,
     9.9547511041001080E-01
  ]
}
