{
  "version":  "0.2.0",
  "energy":     2.5187210824160677E-01,
  "charges": [
     4.6736179617563722E-01,
     9.6101689715027461E-01,
    -1.0441008975425142E-01,
    -2.6601795265653411E-01,
    -5.7950650915126328E-02
  ],
  "coordination numbers": [
     3.8935340538773717E+00,
     2.9180391583807621E+00,
     1.1414796416157102E+00,
     1.9857303758797542E+00,
     1.9760969242736879E+00
  ]
}
