{
  "version":  "0.2.0",
  "energy":    -9.7234546502813080E-01,
  "charges": [
     6.7324548185486721E-01,
    -3.1942190202079118E-01,
     4.0663041065652195E-01,
    -4.9033622210333150E-01,
    -3.6323588107851612E-01,
    -1.1469862930567343E-02,
    -3.8307979779028323E-01,
    -5.4557345188468298E-01,
     2.3875304856590554E-01,
     3.1451783798497746E-01,
    -1.2245987250309422E-01,
    -1.2579389093486490E-01,
    -9.6195179869421832E-02,
     1.9429814347191501E-02,
    -8.1480064294927490E-02,
    -1.1639019688437421E-01,
     2.4515290872753895E-01,
    -3.4105306541227542E-01,
    -4.6462249837284569E-01,
     8.6118219254107842E-02,
     8.7121906794235232E-02,
     1.1806914540629007E-01,
     1.4928684456953450E-01,
     9.5927881841458063E-02,
     2.5846504246193036E-01,
    -9.9809085161012792E-02,
    -3.8313833801763159E-01,
     8.3690375717040494E-02,
     8.4566425464284625E-02,
     8.3083965612736704E-02
  ],
  "coordination numbers": [
     6.9717916517643150E+00,
     1.9683651402713096E+00,
     3.8884348702882896E+00,
     1.0264757923934544E+00,
     1.9837776694560807E+00,
     1.5287790033444733E+00,
     1.9488717983499608E+00,
     2.8888741983058059E+00,
     1.0278126355695187E+00,
     1.0401893202421615E+00,
     3.0132655434945885E+00,
     3.0125945593067724E+00,
     3.0150470512125800E+00,
     3.0206156637978641E+00,
     3.0160670686861870E+00,
     3.0134975584815313E+00,
     3.1170555661785393E+00,
     1.9510819293674544E+00,
     1.9599238438160080E+00,
     9.9270473148200455E-01,
     9.9277383662848351E-01,
     9.9294804949532534E-01,
     9.9259720743363822E-01,
     9.9282215065865920E-01,
     1.0317291563270903E+00,
     4.0035993004296238E+00,
     1.9915311195371066E+00,
     9.8938809361196345E-01,
     9.8942188116881624E-01,
     9.8885151114140424E-01
  ]
}
