{
  "version":  "0.2.0",
  "energy":    -1.1582112408994361E-01,
  "charges": [
     2.7119609327957606E-01,
     1.6285886536672278E-01,
     1.6545833467264370E-01,
    -5.9951329331894254E-01
  ],
  "coordination numbers": [
     2.9082380679356703E+00,
     1.9368583699357780E+00,
     1.9397323125093457E+00,
     9.9937877732334446E-01
  ]
}
