{
  "version":  "0.2.0",
  "energy":    -1.0184043833707692E+00,
  "charges": [
     7.6469938691859807E-01,
    -7.6024221581526774E-02,
    -4.3857783208751067E-01,
    -1.1774626921156961E-01,
    -4.4754272022482733E-01,
     6.9246844700440013E-02,
     6.7015605974110104E-02,
     6.9895769328483570E-02,
    -2.5092504950792760E-01,
    -4.5296562673384555E-02,
    -4.3794581286555961E-01,
     5.2764465875030475E-02,
     8.4111034919480993E-02,
     9.4607963204012019E-02,
     7.2858342668811554E-02,
     7.3317028955805247E-02,
    -1.1231319786697869E-01,
    -3.5200552685112163E-01,
     3.4280215684210741E-01,
    -3.4481207019496818E-01,
    -1.1162317436054525E-01,
    -3.5091059307742212E-01,
    -1.1155820259475141E-01,
     7.2897922540551802E-02,
     9.9633542419403281E-02,
     1.0250085744178050E-01,
     1.0055271698694207E-01,
     7.4418815738870991E-02,
     1.0457007484400457E-01,
     7.0915801703686498E-02,
     8.1935644681328218E-02,
     1.0888262110555628E-01,
    -1.0849256825658715E-01,
    -4.4277976160526811E-01,
     6.7948514508216207E-02,
     1.0210413233269763E-01,
     7.0874319270034875E-02
  ],
  "coordination numbers": [
     4.9723034972114633E+00,
     1.0147188543313979E+00,
     1.9652350052508680E+00,
     3.9801434443956882E+00,
     1.9872648864902152E+00,
     9.8939598388176098E-01,
     9.8871423215572740E-01,
     9.8903934554224282E-01,
     3.9537656402536303E+00,
     4.0310922511686842E+00,
     1.9892425969510601E+00,
     9.9113988310234458E-01,
     9.9132891552400437E-01,
     9.9135123086529742E-01,
     9.8910195169067006E-01,
     9.8882225567697812E-01,
     4.2066908597444286E+00,
     1.9893101268054680E+00,
     4.6630292462483149E+00,
     1.9893724699644979E+00,
     4.1977938928555325E+00,
     1.9898842574230375E+00,
     4.2328908406084640E+00,
     9.9172725271092599E-01,
     9.9145038437144972E-01,
     9.9108868184577137E-01,
     9.9154676311767087E-01,
     9.9174826218701462E-01,
     9.9121504353504708E-01,
     9.9158262078869530E-01,
     9.9112402938027522E-01,
     9.9077059098121545E-01,
     3.9913366576222415E+00,
     1.9890092459791839E+00,
     9.8944928968412960E-01,
     9.8974561839145192E-01,
     9.8933049005555596E-01
  ]
}
