{
  "version":  "0.2.0",
  "energy":     1.0905180047494030E+00,
  "charges": [
     5.3754419945953558E-01,
    -3.2062954920467718E-01,
     6.9994204728708542E-02,
    -2.9085205860293617E-02,
    -2.7015693797517504E-02,
    -4.6298485573489034E-02,
     1.3666260991107299E-01,
     1.3689867127929259E-01,
    -4.7578285969590239E-02,
    -3.0039719358094907E-02,
    -3.7149448405999763E-02,
     6.3036953885059810E-02,
    -3.2596245805238061E-01,
     1.6181419261489294E-01,
     1.7908100370877011E-01,
     1.8227107981189811E-01,
     1.5367289128153319E-01,
     1.5323819374336173E-01,
     1.8012772529070195E-01,
     1.7203775092953688E-01,
     1.5049525825285537E-01,
    -2.5142400929194508E-02,
    -3.3038479429448958E-02,
     6.5892833358646333E-02,
    -3.4050221462924468E-01,
     6.4111248593235665E-02,
    -3.2299597493064311E-02,
     1.8301562756448148E-01,
     1.7485330002237323E-01,
     1.5855097347344418E-01,
     1.5300273604586928E-01,
     1.7645155182532346E-01,
     4.1988532922402198E-02
  ],
  "coordination numbers": [
     4.9477707269170441E+00,
     2.9915507621075239E+00,
     3.1968738118218454E+00,
     3.0086146930533086E+00,
     3.0221058417526496E+00,
     3.0124449858207747E+00,
     3.2369722277797015E+00,
     3.2520607560840782E+00,
     3.0127081013173580E+00,
     3.0215179186588141E+00,
     3.0089129213896442E+00,
     3.2482082094982196E+00,
     2.9987239999925572E+00,
     9.9235522850661440E-01,
     9.9301280097511935E-01,
     9.9284108214034728E-01,
     9.9321277723581591E-01,
     9.9321753094096632E-01,
     9.9282751648560996E-01,
     9.9301234739700561E-01,
     9.9295015877291526E-01,
     3.0225668288163527E+00,
     3.0084609547715466E+00,
     3.1593497276287232E+00,
     2.9819679825687349E+00,
     3.2393060415730739E+00,
     3.0082568444031388E+00,
     9.9277081900887421E-01,
     9.9297407997798004E-01,
     9.9239246807932524E-01,
     9.9294586691136111E-01,
     9.9296318583885501E-01,
     9.9761285287430645E-01
  ]
}
