{
  "version":  "0.2.0",
  "energy":     3.2454119198933040E-01,
  "charges": [
     7.7084682749027111E-01,
     1.8342623816860337E-01,
    -2.3305318593907831E-01,
    -2.4594891325697255E-01,
    -1.9661564458998004E-01,
    -5.6033314096474229E-01,
     2.9144436369492199E-01,
     3.0359665519572854E-01,
    -2.0884648057725941E-01,
     4.3956483576385263E-02,
    -2.1769169856015091E-01,
    -2.1508130685436311E-01,
     1.3420092623238189E-01,
     1.4001618512820846E-01,
     1.3594097977848119E-01,
     1.3160529357566306E-01,
     1.3220068259651693E-01,
     1.2236250441505428E-01,
     1.3238995157848324E-01,
     1.2244571281001004E-01,
     1.3988575861634203E-01,
    -1.7660289213319591E-01,
    -3.4639691945466122E-03,
    -4.1516314808225091E-01,
     1.3483873025452991E-01,
     1.5223589204898866E-01,
     1.3007708430144588E-01,
     1.4700082952413546E-01,
     1.2432928116638249E-01
  ],
  "coordination numbers": [
     5.4331697187319037E+00,
     3.6524266103628662E+00,
     1.9479548814944438E+00,
     1.9656886720520212E+00,
     1.0014829262365721E+00,
     2.9027847970063254E+00,
     9.9361394093983435E-01,
     1.0007015326686988E+00,
     3.9565188924027357E+00,
     3.9258501978223608E+00,
     3.9565428908428570E+00,
     3.9569976546467514E+00,
     9.9263568403118096E-01,
     9.9300892483021652E-01,
     9.9298370989071572E-01,
     9.9258740525038025E-01,
     9.9291757104409051E-01,
     9.9312340714141101E-01,
     9.9253015269285960E-01,
     9.9296902771873707E-01,
     9.9283043123589465E-01,
     3.9549885207745001E+00,
     4.0139962128831925E+00,
     1.9909908525889914E+00,
     9.9174933208561900E-01,
     9.9167424244199953E-01,
     9.9150815655966351E-01,
     9.9110760041515356E-01,
     9.9077424953947357E-01
  ]
}
