{
  "version":  "0.2.0",
  "energy":     9.2711470751052538E-01,
  "charges": [
     8.1982952297682665E-01,
    -3.8186748116959983E-02,
    -4.5575264932875448E-02,
    -4.6254249573814188E-02,
     2.6244024722900550E-02,
    -3.9559561852997693E-02,
    -4.2356879767697531E-02,
     2.5930795101974891E-01,
    -3.2225802059006337E-01,
    -3.5138137559789967E-01,
     1.7406533260942064E-01,
     1.7016399228854076E-01,
     1.6815254256403403E-01,
     1.7827860532139350E-01,
     1.7367686817089678E-01,
    -1.2497109408428839E-01,
     2.4950421208213280E-01,
    -1.0544281780246391E-01,
    -1.7251367054399352E-01,
    -3.5492503259120567E-02,
    -4.2342913326673115E-02,
    -3.8849203023436307E-02,
     2.2278106362626296E-02,
    -5.3426678776657938E-02,
    -4.0704747648192541E-02,
     2.4462836297759860E-01,
    -3.3166729956343760E-01,
    -3.6904249589022742E-01,
     1.7486697735720641E-01,
     1.7154360147371328E-01,
     1.6944402018349464E-01,
     1.4974770456889633E-01,
     1.7252282295338323E-01,
     2.5582166284757246E-01,
    -3.4115370174453569E-02,
    -1.0887272380602930E-01,
    -1.0733427432924630E-01,
    -3.0287763680437993E-02,
    -2.9340942506347678E-01,
     1.5172653832207578E-01,
     1.4217445818234142E-01,
     1.4795333319880258E-01,
     1.5196578809903175E-01,
     1.4885893063913502E-01,
     1.5606702156615665E-01,
     1.4081058188432799E-01,
     1.5441211903218613E-01
  ],
  "coordination numbers": [
     7.0159835344659029E+00,
     3.0152131513463249E+00,
     3.0110609853618007E+00,
     3.0160623051669413E+00,
     3.0206261842144055E+00,
     3.0166371313998965E+00,
     3.0109449687405405E+00,
     3.9256772309328731E+00,
     1.9917541900105018E+00,
     1.9922054156095532E+00,
     9.9281851989089276E-01,
     9.9297381789996475E-01,
     9.9292731006901480E-01,
     9.9292524927793657E-01,
     9.9295594952366617E-01,
     9.9913561689819375E-01,
     3.0997594664629116E+00,
     1.9509398777236244E+00,
     9.9977540366874607E-01,
     3.0157325603983942E+00,
     3.0100439711500027E+00,
     3.0196164680985547E+00,
     3.0183412220554118E+00,
     3.0140234374624457E+00,
     3.0098800013934923E+00,
     3.5578239927627591E+00,
     1.9807346739383078E+00,
     2.6810143540836444E+00,
     9.9281491225600860E-01,
     9.9297009606313225E-01,
     9.9297611992530044E-01,
     9.9246482982568018E-01,
     9.9297713069378890E-01,
     9.9271231399886695E-01,
     4.0848430667382001E+00,
     3.9823001587351508E+00,
     3.9839101949339577E+00,
     4.1607276521418965E+00,
     2.9504522910795599E+00,
     9.9155806379806677E-01,
     9.9169939003845720E-01,
     9.9156162840921791E-01,
     9.9197086964222159E-01,
     9.9198087019101422E-01,
     9.9157490972323270E-01,
     9.9155947118574606E-01,
     9.9184843879152673E-01
  ]
}
