{
  "version":  "0.2.0",
  "energy":     1.0729194968023958E+00,
  "charges": [
     6.8556554912824108E-01,
    -3.0584477639813462E-01,
     9.4256433593033040E-02,
    -9.0271841740666714E-03,
    -6.2978687613407525E-03,
    -2.8936700251516734E-02,
     1.5167555884367526E-01,
     1.5103259107831579E-01,
    -2.8515724017190214E-02,
    -5.3069372974793860E-03,
    -5.6280823424530446E-03,
     9.5903902780598668E-02,
    -3.0449517779115703E-01,
     1.7918254497271346E-01,
     1.9774031838488396E-01,
     2.0156744987507361E-01,
     1.6781362336633893E-01,
     1.6810624442516583E-01,
     2.0225142122981002E-01,
     2.0067672404994535E-01,
     1.8597761653492442E-01,
    -4.9452962094685615E-01,
     3.2835439051182336E-01,
     3.2921095583275189E-01,
    -1.5073325262710008E-01
  ],
  "coordination numbers": [
     4.6332219497922287E+00,
     2.9979347994332990E+00,
     3.2377466686839167E+00,
     3.0087265239291385E+00,
     3.0212751889827905E+00,
     3.0127748612807581E+00,
     3.2566199823917605E+00,
     3.2421253104737611E+00,
     3.0124394296936012E+00,
     3.0218294256133698E+00,
     3.0085022687897478E+00,
     3.1985628812320215E+00,
     2.9928005596534302E+00,
     9.9290610262296397E-01,
     9.9298815896808357E-01,
     9.9280156303954925E-01,
     9.9321689375004674E-01,
     9.9321673674986499E-01,
     9.9281263181112056E-01,
     9.9298548501793427E-01,
     9.9236654997050433E-01,
     2.9242422732154987E+00,
     9.9330100590484971E-01,
     9.9719115314944506E-01,
     9.9902772857901745E-01
  ]
}
