{
  "version":  "0.2.0",
  "energy":     4.0552090044855976E-01,
  "charges": [
     6.8124493121523844E-01,
    -1.5026413027973035E-01,
     2.4616750750049499E-01,
    -9.3706416871612574E-02,
    -1.1363903403721287E-01,
    -2.3222108442913580E-01,
    -3.7217097536534738E-02,
    -3.0026669602648459E-01,
     3.0196550040470727E-01,
    -2.7503908522715931E-01,
    -5.8584865453793433E-02,
    -3.0712366032486438E-01,
    -5.1737859685765664E-02,
     1.6058845038071379E-01,
     1.5541854069406094E-01,
     1.4626173299377368E-01,
     1.5938187423436193E-01,
     1.5862819100459963E-01,
     1.6255050637932134E-01,
     1.6007364193493281E-01,
     1.4840898765707008E-01,
     1.3811687557608421E-01,
    -3.4741398596433402E-03,
     4.4673297565779382E-03
  ],
  "coordination numbers": [
     5.8769548868132926E+00,
     1.0003528336664580E+00,
     3.0937137647790180E+00,
     1.9516834291861702E+00,
     9.9912875325324002E-01,
     9.9885589091223270E-01,
     4.1625027152204694E+00,
     1.9881251471171497E+00,
     4.3834401697580834E+00,
     2.9551695029341989E+00,
     4.0634343776613209E+00,
     1.9878878578454620E+00,
     4.1199211990965816E+00,
     9.9240588752888215E-01,
     9.9182788679185041E-01,
     9.9159349083577020E-01,
     9.9233619577565957E-01,
     9.9213649028161210E-01,
     9.9223819155761639E-01,
     9.9229743556542527E-01,
     9.9191045268807265E-01,
     9.9174718182398092E-01,
     1.0045247424324515E+00,
     9.9773826462401161E-01
  ]
}
