{
  "version":  "0.2.0",
  "energy":     2.1897555092637899E-01,
  "charges": [
     5.0251906808532998E-01,
     3.0425404993692590E-01,
    -6.2776776694565350E-01,
    -2.9429485144820405E-01,
     1.1152895003716017E+00
  ],
  "coordination numbers": [
     3.8030384050101684E+00,
     3.7328050018698127E+00,
     3.0034445600762991E+00,
     2.9556614998885449E+00,
     3.7486765924158734E+00
  ]
}
