{
  "version":  "0.2.0",
  "energy":     4.0168102732205246E-01,
  "charges": [
     8.9946805517529160E-01,
    -4.0362545074380203E-02,
    -4.4000678260480097E-02,
    -3.7626865127359355E-02,
     3.4077279990700343E-02,
    -3.7007611308676164E-02,
    -4.3824704532180916E-02,
     2.7111947089758576E-01,
    -3.1894342180001445E-01,
    -3.1585106624216974E-01,
     1.6954475331591873E-01,
     1.6947841116183382E-01,
     1.7638096725344746E-01,
     1.7738596115328614E-01,
     1.6971689887644228E-01,
     1.8901331789189635E-01,
    -1.5228590670546011E-01,
    -1.9131234619264376E-01,
    -1.8803889645884619E-01,
    -9.3146692841742373E-03,
    -3.7268667554337132E-01,
     1.6202370935638741E-01,
     1.6830066805249938E-01,
     1.6474589340446710E-01
  ],
  "coordination numbers": [
     6.5292683254008761E+00,
     3.0153631359692756E+00,
     3.0111836365748434E+00,
     3.0161875593991310E+00,
     3.0210847518323574E+00,
     3.0166719984677597E+00,
     3.0111035476022066E+00,
     3.9199597443250882E+00,
     1.9912975471336258E+00,
     1.9917917053201428E+00,
     9.9280956850281399E-01,
     9.9297630887957933E-01,
     9.9294301759614001E-01,
     9.9294515898516256E-01,
     9.9296793498627256E-01,
     3.7753653307467019E+00,
     1.0012826218504207E+00,
     1.9838493136499684E+00,
     1.9830229555159304E+00,
     4.0686158018563052E+00,
     1.9907183578622609E+00,
     9.9181825705329008E-01,
     9.9184308205792693E-01,
     9.9183655838381846E-01
  ]
}
