{
  "version":  "0.2.0",
  "energy":    -9.5412252458456870E-01,
  "charges": [
     8.4746537425973512E-01,
     1.8689239683956962E-01,
    -3.1504471794366140E-01,
    -2.7032699520722903E-01,
    -2.7048844641692055E-01,
    -5.5201383385625347E-01,
     2.6593385420912252E-01,
     3.1580899780910326E-01,
    -1.8146280879915755E-01,
     1.4416820165747479E-01,
    -4.1951896215230944E-01,
    -3.6461649672949298E-01,
     4.2776931585137939E-01,
    -3.5195912778709548E-01,
    -4.6260675173426485E-01
  ],
  "coordination numbers": [
     7.1074945327341847E+00,
     3.6627344711443506E+00,
     1.0017182801169158E+00,
     1.9491852880722433E+00,
     1.9544926855654197E+00,
     2.9282385472244545E+00,
     1.0496075682632702E+00,
     1.0618799898126490E+00,
     1.0113164640532668E+00,
     2.0350216920363478E+00,
     1.9987331946692368E+00,
     1.9885054980677284E+00,
     3.9192539843596546E+00,
     1.9855570252907793E+00,
     1.0118995804493354E+00
  ]
}
