{
  "version":  "0.2.0",
  "energy":     9.7412276555755506E-01,
  "charges": [
     9.2446301172905176E-01,
    -3.0316170576477069E-01,
     1.2982086369459589E-01,
    -8.9287956557543791E-02,
    -4.0870208660059859E-03,
    -1.0264671496989786E-02,
     9.9580499321690663E-02,
    -3.6393135128636922E-01,
     8.7886297608242181E-02,
    -1.1217887469942706E-02,
     2.0076944265081947E-01,
     1.9555496620505611E-01,
     1.7437182935648352E-01,
     1.6611436005651986E-01,
     1.9197542882751642E-01,
    -2.5750746421447257E-02,
    -8.9177467538268940E-02,
    -8.9025111189953238E-02,
    -1.2900672556138276E-02,
    -3.0658070846034174E-01,
     1.5916685375340717E-01,
     1.5858478344770680E-01,
     1.7405169648590260E-01,
     1.7545043972670493E-01,
     1.7878176575667071E-01,
     1.7243608932431853E-01,
     1.7167519256052144E-01,
     1.6879428085453468E-01,
    -2.2409250175197096E-01
  ],
  "coordination numbers": [
     4.9919503031217474E+00,
     2.0024092565498721E+00,
     2.1705394814004171E+00,
     1.0044549158403910E+00,
     3.0228405377683751E+00,
     3.0075187160527097E+00,
     3.4142455459283534E+00,
     2.9973830919016624E+00,
     3.2143364900391562E+00,
     3.0080915703027165E+00,
     9.9272440510164017E-01,
     9.9294108199655540E-01,
     1.0003064978724003E+00,
     9.9250143154000803E-01,
     9.9293884216499784E-01,
     4.0848385928144317E+00,
     3.9832199207785148E+00,
     3.9817343422950966E+00,
     4.1978427200838944E+00,
     2.9448473350315600E+00,
     9.9162170027697716E-01,
     9.9172050027178038E-01,
     9.9160788828806457E-01,
     9.9192038124690018E-01,
     9.9190589278677788E-01,
     9.9159398716136504E-01,
     9.9159762537575435E-01,
     9.9202642325815660E-01,
     9.9913020874187364E-01
  ]
}
