{
  "version":  "0.2.0",
  "energy":    -1.9748265942091342E-01,
  "charges": [
     1.0781037095468602E+00,
    -1.7968254910763892E-01,
    -1.7968540114338161E-01,
    -1.7968437318626906E-01,
    -1.7968350189891136E-01,
    -1.7968379281663671E-01,
    -1.7968409139402255E-01
  ],
  "coordination numbers": [
     5.8699297639253860E+00,
     9.9876664454874398E-01,
     9.9876665261233111E-01,
     9.9876665358603045E-01,
     9.9876664008320848E-01,
     9.9876665844634172E-01,
     9.9876663564219292E-01
  ]
}
