{
  "version":  "0.2.0",
  "energy":    -8.0584053604978756E-01,
  "charges": [
     9.6063760553567001E-01,
     2.6714457818998623E-03,
     2.9877264274530729E-01,
    -3.8875142795052209E-01,
    -3.4915375732112103E-01,
    -6.1144019416190187E-01,
     1.1296353301205501E-01,
     1.2375686915565837E-01,
     2.4274536667748783E-01,
     2.5840988610242543E-01,
    -7.4255878765839789E-01,
     3.1753636702707588E-01,
     2.5843271952939117E-01,
     2.7519653983658543E-01,
     6.6781829688498384E-02,
     5.0742109695288147E-02,
    -3.3897433155376228E-01,
     2.0051810994772927E-02,
     5.0512965452261339E-02,
    -3.6860949705808355E-01,
     1.2955526197916267E-01,
     1.4453075192834527E-01,
     1.1027216293297960E-01,
     1.1786529193502437E-01,
    -7.7801157850015268E-01,
     2.5105767931305772E-01,
     2.7984478543194524E-01,
     2.8585213286984090E-01,
    -3.7993392083778804E-02,
    -1.4486254101978846E-01,
    -1.3209402269799225E-01,
    -2.5657258563723001E-02,
    -3.8073294597891760E-01,
     9.9795446408196375E-02,
     1.0619455374153500E-01,
     9.9178822404025258E-02,
     1.0605175177589948E-01,
     1.0389640468734483E-01,
     1.3285723667881333E-01,
     1.0887718443469989E-01,
     1.4033139964915947E-01,
    -1.5468509135441910E-01,
     1.0070801000234955E-01,
    -3.8498907056307813E-01,
     1.1335629953502692E-01,
     1.3544899848459707E-01,
     1.5200903599533908E-01,
    -7.6066170772758879E-01,
     2.9109385644632113E-01,
     2.7774393277373860E-01,
     3.2915454864452814E-01,
    -2.5287569090159695E-01,
     3.4011663141384918E-01,
    -2.1341175663521594E-01,
    -2.6506164006650285E-01,
    -4.4059493906861458E-01,
     4.5725186303289167E-01,
    -4.1528983435855543E-01,
    -2.6584626850933452E-01
  ],
  "coordination numbers": [
     7.7087593199089000E+00,
     4.0504966073995110E+00,
     3.2562865717011515E+00,
     1.0004445893235356E+00,
     1.9851564158270554E+00,
     3.8993270731057690E+00,
     9.9113703247124985E-01,
     9.9160010312172453E-01,
     1.0246092995430089E+00,
     9.9667548550448082E-01,
     3.8979977566914847E+00,
     1.0118420794387921E+00,
     9.9676801821829564E-01,
     9.9768161788641851E-01,
     3.0771292177418115E+00,
     3.1383599347069184E+00,
     2.8835749520293055E+00,
     3.0822699855207114E+00,
     3.0768084503664328E+00,
     2.0150720864978693E+00,
     9.9258668891558521E-01,
     9.9272087738704951E-01,
     9.9261495246659681E-01,
     9.9245097702548790E-01,
     3.8824070781501936E+00,
     9.9660476530328168E-01,
     1.0115567580780516E+00,
     9.9651521386056885E-01,
     4.0493327257912863E+00,
     3.9691870706452539E+00,
     3.9697880124981699E+00,
     4.0497983741869072E+00,
     1.9860563603459909E+00,
     9.9156941897897166E-01,
     9.9067260189866513E-01,
     9.9185298862377902E-01,
     9.9172489561825738E-01,
     9.9192854915127526E-01,
     9.9186492769645174E-01,
     9.9061681082330022E-01,
     9.9211891080524239E-01,
     3.9582472535837896E+00,
     2.0336831408927027E+00,
     1.9024208403171432E+00,
     9.9185889448887288E-01,
     9.9208393353735591E-01,
     9.9139638539291308E-01,
     3.9183459768279674E+00,
     1.0146069080265212E+00,
     9.9681848637055559E-01,
     1.0039150820366505E+00,
     9.9874578397330360E-01,
     4.9539374993308556E+00,
     9.9899904673325057E-01,
     9.9714252681546700E-01,
     9.9905964745160780E-01,
     3.1267355740583431E+00,
     9.9913501098712576E-01,
     2.9106403382807509E+00
  ]
}
