{
  "version":  "0.2.0",
  "energy":     3.5117257391726286E-01,
  "charges": [
     6.9030705264729586E-01,
     9.1631869723420037E-02,
     5.3486414686090389E-02,
    -3.2744680506264723E-01,
     6.8204206070747536E-02,
     9.8729173763229039E-02,
    -3.1461629077398878E-01,
     1.6055290529880931E-01,
     1.3891594361535736E-01,
     1.6533150427422436E-01,
     1.6657668892695057E-01,
     1.8175813297074128E-01,
    -1.7888961594466218E-01,
    -2.5434799076342063E-01,
    -1.9136032128150127E-01,
    -1.8290491166598252E-01,
    -3.3757531766260812E-02,
    -3.2612606119368526E-01,
     1.3872123756731572E-01,
     1.3477696524133526E-01,
     1.3701454678143715E-01,
     1.3201879488578772E-01,
     1.3800062718297459E-01,
    -1.4976218695785998E-01,
     2.7840095609736326E-01,
    -1.0847364146480978E-01,
    -1.0743553065379441E-01,
    -4.7105619692413336E-02,
    -5.7730057696287571E-02,
     5.0055353814160250E-02,
    -3.3302073821236844E-01,
     6.6255388128950626E-02,
    -4.8034219809354822E-02,
     1.5839738183110122E-01,
     1.4742607685550008E-01,
     1.3756394870220717E-01,
     1.7009039226732761E-01,
     1.5679596160671067E-01
  ],
  "coordination numbers": [
     7.5375845715955236E+00,
     3.0720642509372311E+00,
     3.1702809632408107E+00,
     2.9720355725947245E+00,
     3.1201735867278604E+00,
     3.0722305598834332E+00,
     2.0156208525707120E+00,
     9.9256840708539240E-01,
     9.9298268880271490E-01,
     9.9274532264121884E-01,
     9.9257557830835186E-01,
     3.6662067102802061E+00,
     1.9656346552793105E+00,
     1.9509191165254247E+00,
     1.0015357653667101E+00,
     3.9545074488231986E+00,
     3.9852352549361836E+00,
     2.5532471039846856E+00,
     9.9172989020608249E-01,
     9.9152312083090433E-01,
     9.9143480699462305E-01,
     9.9056608742961849E-01,
     9.9014045267144901E-01,
     9.9902211376822248E-01,
     4.3403817695231579E+00,
     1.8451910987691811E+00,
     1.9131674943827361E+00,
     3.0223598823067830E+00,
     3.0099292511730056E+00,
     3.1953485188806914E+00,
     2.9769758177324475E+00,
     3.1352053839420249E+00,
     3.0101085662425939E+00,
     9.9282745766797653E-01,
     9.9303802729968815E-01,
     9.9303711381370618E-01,
     9.9270466019345438E-01,
     9.9304049117917081E-01
  ]
}
