{
  "version":  "0.2.0",
  "energy":    -1.6721456202363572E-01,
  "charges": [
     7.8451780035597629E-01,
    -2.6148496860282311E-01,
    -2.6154163594364421E-01,
    -2.6149119580950830E-01
  ],
  "coordination numbers": [
     2.9892552755883202E+00,
     9.9796470921767444E-01,
     9.9796029078109161E-01,
     9.9795669265939768E-01
  ]
}
