{
  "version":  "0.2.0",
  "energy":    -1.0035440423698276E-01,
  "charges": [
     7.3197367395051144E-02,
     4.5673437797977728E-01,
    -1.0291539525782614E-01,
    -1.0285326775038704E-01,
    -1.6214235619455394E-01,
    -1.6202072617206126E-01
  ],
  "coordination numbers": [
     4.6293974073198676E+00,
     2.8449041052870010E+00,
     9.6018997343590584E-01,
     9.6000690863220495E-01,
     1.8126280870641764E+00,
     1.8210901106205775E+00
  ]
}
