{
  "version":  "0.2.0",
  "energy":    -1.2667791455281159E+00,
  "charges": [
    -1.2767465350941265E-01,
    -9.3616796908571642E-01,
    -9.3615737740487104E-01
  ],
  "coordination numbers": [
     1.9666707943688158E+00,
     9.8378785744252095E-01,
     9.8382324484902561E-01
  ]
}
