{
  "version":  "0.2.0",
  "energy":    -2.0206012742752028E-01,
  "charges": [
     8.8238951318838277E-01,
    -4.4119512144646622E-01,
    -4.4119439174191655E-01
  ],
  "coordination numbers": [
     1.9977441908487235E+00,
     9.9936608555407336E-01,
     9.9936608305504127E-01
  ]
}
