{
  "version":  "0.2.0",
  "energy":    -1.0929913001642216E-01,
  "charges": [
     6.2919214225714548E-01,
    -3.1471871639720506E-01,
    -3.1447342585994043E-01
  ],
  "coordination numbers": [
     1.9954976686033126E+00,
     9.9825667307391086E-01,
     9.9822546211897922E-01
  ]
}
