{
  "version":  "0.2.0",
  "energy":     9.8715668550994257E-02,
  "charges": [
     8.0428739649019443E-01,
    -5.8127830320369112E-01,
    -2.4338644073152449E-02,
    -4.3150577509842025E-02,
    -4.3673973696165108E-01,
    -4.3068258243375623E-02,
    -2.5323282476469852E-02,
    -5.8874100389107265E-01,
     2.5585971085765391E-01,
     2.5303348881695448E-01,
     1.1634918987735776E-01,
     1.3398582126187916E-01,
     1.1918392135195202E-01,
     1.0440561470482709E-01,
     2.3694826819913273E-01,
     1.2260433151404217E-01,
     1.0788213171639409E-01,
     1.1661611663321805E-01,
     1.3151001267616691E-01,
     2.3714301384599543E-01,
     2.7515549917124282E-01,
    -9.4732308787039671E-02,
     7.8724199342954548E-02,
     5.8852634260806343E-02,
    -4.2549204584353989E-01,
     5.7351986016284981E-02,
     7.7413509931342397E-02,
    -3.3709662445436728E-01,
     1.4562874572172249E-01,
     1.2548801063143758E-01,
     1.1590414399594140E-01,
     1.4395759595735269E-01,
     4.0784023070381842E-02,
    -1.1210596278683882E-01,
     1.2261333802739066E-01,
    -3.8894370574890424E-01,
     8.1823892066209214E-02,
     4.9312734928134636E-02,
    -3.6071474186050823E-01,
     2.8805837601523401E-02,
     7.6457645829980797E-02,
    -3.3601092593877835E-01,
     1.4943615858178799E-01,
     1.3995406584297290E-01,
     1.1483341306738598E-01,
     1.4519085280013388E-01,
     7.6727247932887280E-02,
     3.1282434386608916E-02,
    -3.7644993927287324E-01,
     2.7374235082477646E-02,
     7.1915495547017108E-02,
    -3.3994810955929439E-01,
     1.4657818346687621E-01,
     1.2664588193504828E-01,
     1.2453125851697566E-01,
     1.4158212895275302E-01
  ],
  "coordination numbers": [
     7.8213505805564623E+00,
     3.9020721765157278E+00,
     4.0563717905123422E+00,
     4.0204189752786945E+00,
     3.8557518493064267E+00,
     4.0522291231170202E+00,
     4.0841662753412216E+00,
     3.9259894268267894E+00,
     1.0016200912962514E+00,
     1.0015824593165661E+00,
     9.9106977018423414E-01,
     9.9161351977430634E-01,
     9.9099842697092644E-01,
     9.9086797115108638E-01,
     9.9773488749055517E-01,
     9.9119340108171272E-01,
     9.9084417474824527E-01,
     9.9115437870007383E-01,
     9.9165439135323297E-01,
     1.0035792512375732E+00,
     1.0174802996672980E+00,
     1.7936094376488869E+00,
     3.0753321594482728E+00,
     3.0690308788763740E+00,
     2.0150079602759599E+00,
     3.0693111498048662E+00,
     3.0752177377925873E+00,
     2.0154448657484165E+00,
     9.9248366218650208E-01,
     9.9242061160948580E-01,
     9.9241289641237795E-01,
     9.9248617064772038E-01,
     1.7836305188601722E+00,
     1.8981185512389835E+00,
     2.9078250392381859E+00,
     1.8452192091817059E+00,
     3.0800423577384386E+00,
     3.0849742504418920E+00,
     2.8566167811187109E+00,
     3.1180646698767625E+00,
     3.0795324982304342E+00,
     2.0149279342906485E+00,
     9.9253440442855467E-01,
     9.9297554065593552E-01,
     9.9277855381256330E-01,
     9.9253518829891441E-01,
     3.0760450775822008E+00,
     3.1071439564251166E+00,
     2.9151789305068139E+00,
     3.1231236231622077E+00,
     3.0759524465698975E+00,
     2.0151223150144268E+00,
     9.9255138151184141E-01,
     9.9277075022371974E-01,
     9.9260962947735454E-01,
     9.9246073241198296E-01
  ]
}
