{
  "version":  "0.2.0",
  "energy":     8.6476515560829481E-01,
  "charges": [
     6.9326109349544418E-01,
    -2.1235658307966720E-01,
     2.0423152507767339E-01,
    -3.8632614062319937E-01,
    -2.0250293822584964E-01,
    -2.0445438669181559E-01,
     1.3410604046663593E-01,
     1.3585810728278913E-01,
     1.3113106693331586E-01,
     1.3768844457184179E-01,
     1.4209866071377136E-01,
     1.4310907304029574E-01,
     1.3750382059489438E-01,
     1.4269802018508893E-01,
     1.4260751393379711E-01,
    -7.4539291571120758E-01,
     2.6753142653598538E-01,
     2.9659778278707055E-01,
     2.7618514403831146E-01,
    -2.1204444457184368E-01,
     4.4850975945305516E-02,
    -2.1091080140716345E-01,
    -2.1232355784978740E-01,
     1.3824290410688664E-01,
     1.2950606754686453E-01,
     1.3127436552033689E-01,
     1.3827252431960579E-01,
     1.3359864325966347E-01,
     1.3260659184528581E-01,
     1.3743381539388244E-01,
     1.3131894574174846E-01,
     1.3038234696856421E-01,
     6.8262896057823985E-02,
    -3.6726455054736290E-01,
    -2.0587034568167151E-01,
     2.0931402628073031E-01,
    -3.8714996734264673E-01,
    -2.1086072117616694E-01,
    -2.0321205788425722E-01,
     1.4111936770893396E-01,
     1.3743122462973834E-01,
     1.3940432441086026E-01,
     1.3563097831041301E-01,
     1.3295353448201913E-01,
     1.3554958957743346E-01,
     1.3737763717257928E-01,
     1.5152940210048532E-01,
     1.4000152975656158E-01
  ],
  "coordination numbers": [
     6.0174126593411792E+00,
     3.9572957809272538E+00,
     4.3462397535988142E+00,
     1.9914884076638009E+00,
     3.9576849238534315E+00,
     3.9574049726086553E+00,
     9.9391093189829682E-01,
     9.9373344997582524E-01,
     9.9465422652055491E-01,
     9.9371368260151449E-01,
     9.9411254930775783E-01,
     9.9406751009284910E-01,
     9.9378408440043131E-01,
     9.9387381398429220E-01,
     9.9430944622506523E-01,
     3.8953374368964315E+00,
     9.9832082086710816E-01,
     1.0256096977461882E+00,
     9.9811608880922442E-01,
     3.9560128967714778E+00,
     3.8579171120791580E+00,
     3.9561988764345815E+00,
     3.9562525682102807E+00,
     9.9246808040396495E-01,
     9.9258319973764220E-01,
     9.9263896274886054E-01,
     9.9252175481616245E-01,
     9.9270658423511815E-01,
     9.9274092978269923E-01,
     9.9248550452556472E-01,
     9.9276855560031496E-01,
     9.9274660785033308E-01,
     1.5970294248564612E+00,
     1.9876091339918229E+00,
     3.9576863271840583E+00,
     4.3890025323391963E+00,
     1.9910811792442562E+00,
     3.9572950969050353E+00,
     3.9574397947950422E+00,
     9.9414080444924124E-01,
     9.9367697930552712E-01,
     9.9414239694183593E-01,
     9.9358025005171946E-01,
     9.9394776772811255E-01,
     9.9402065770939174E-01,
     9.9364755617981793E-01,
     9.9422558280979523E-01,
     9.9395311718929769E-01
  ]
}
