{
  "version":  "0.2.0",
  "energy":     1.0336537959943888E+00,
  "charges": [
     7.6990350673622654E-01,
    -9.5873456317171063E-02,
     1.4304625821023487E-01,
    -1.7174314923799061E-02,
     1.4445815709322651E-01,
    -2.7061205847973052E-01,
    -9.0556457267247759E-02,
    -2.8574358587448062E-01,
     1.8397130587242563E-01,
     1.9890569638092667E-01,
     1.9505486583496151E-01,
     1.7433520777400119E-01,
     1.8499635194785610E-01,
     2.0179894461210723E-01,
     2.0425949246071309E-01,
    -6.8838790031124908E-01,
     3.4302214282502497E-01,
     3.4253507909459124E-01,
     3.3040174809956524E-01,
     3.1659016231817425E-02
  ],
  "coordination numbers": [
     4.4790485294158842E+00,
     3.9599965760591376E+00,
     3.2630541589624622E+00,
     3.0135273695551481E+00,
     3.2563747719608722E+00,
     1.9975146309716010E+00,
     3.9597361986266062E+00,
     1.9972738196669235E+00,
     9.9242561818263386E-01,
     9.9118364735359243E-01,
     9.9094404186871277E-01,
     9.9313137326232859E-01,
     9.9242904304476820E-01,
     9.9095707213571860E-01,
     9.9102421112237860E-01,
     3.9208454055137905E+00,
     9.9736639518000825E-01,
     9.9920509853521633E-01,
     1.0035379172711787E+00,
     9.9805596262886898E-01
  ]
}
