{
  "version":  "0.2.0",
  "energy":    -4.4628682725134268E-02,
  "charges": [
     4.5587669743980708E-01,
    -7.6060525015310534E-02,
    -7.5904186743645102E-02,
    -7.5934080280073674E-02,
    -7.6032035978418164E-02,
    -7.6012507424057435E-02,
    -7.5933361998302154E-02
  ],
  "coordination numbers": [
     5.7852706234190379E+00,
     1.4515552525069539E+00,
     1.4517347374244531E+00,
     1.4516241552759164E+00,
     1.4520499220452372E+00,
     1.4517629605889804E+00,
     1.4512522456673329E+00
  ]
}
