{
  "version":  "0.2.0",
  "energy":    -1.1130581545335069E-01,
  "charges": [
     2.3914799383421070E-01,
     6.1618107605329842E-01,
    -1.8340335011302469E-01,
    -2.4772736644708879E-01,
    -4.2419835332739564E-01
  ],
  "coordination numbers": [
     3.7535760889042518E+00,
     3.4817833687434732E+00,
     1.7620179737815898E+00,
     1.7936110205534765E+00,
     1.9675461562164989E+00
  ]
}
