{
  "version":  "0.2.0",
  "energy":     1.2519224888324900E+00,
  "charges": [
     5.9531856121256799E-01,
     4.8986235079542007E-01,
     9.1481908799201195E-01
  ],
  "coordination numbers": [
     1.9896527745240977E+00,
     1.6675805286651455E+00,
     1.6642711527802252E+00
  ]
}
