{
  "version":  "0.2.0",
  "energy":    -7.3590227274964282E-02,
  "charges": [
     4.5790453699584904E-01,
    -4.5790453699584904E-01
  ],
  "coordination numbers": [
     9.9924422474626429E-01,
     9.9924422474626429E-01
  ]
}
