{
  "version":  "0.2.0",
  "energy":    -3.5794677829602106E-02,
  "charges": [
     2.8180339957546430E-01,
    -2.8180339957546430E-01
  ],
  "coordination numbers": [
     9.9692409695506079E-01,
     9.9692409695506079E-01
  ]
}
