{
  "version":  "0.2.0",
  "energy":    -1.1228965725922577E-01,
  "charges": [
     1.6585294615147306E-01,
     4.1046337423803936E-01,
    -1.7189982400684622E-01,
    -2.3259488617886565E-01,
    -1.7182161020380105E-01
  ],
  "coordination numbers": [
     3.6914412724726429E+00,
     1.8512528891336908E+00,
     9.5696910747383868E-01,
     1.7989475606286769E+00,
     9.5762490078031082E-01
  ]
}
