{
  "version":  "0.2.0",
  "energy":     2.7965101598910347E-01,
  "charges": [
     7.5098612018249922E-01,
    -1.6823385409239816E-01,
     1.0500160817253312E-01,
    -7.2010046132841565E-02,
     1.0629116009147743E-01,
    -3.0738031226624885E-01,
    -1.6545994451828527E-01,
    -3.2911452585152845E-01,
     1.2019533606230827E-01,
     1.3430430695129070E-01,
     1.3536886729439110E-01,
     1.2049289675749707E-01,
     1.2043635906497438E-01,
     1.3879317679171471E-01,
     1.3784659456070172E-01,
    -4.1920497909064908E-02,
    -1.3097407812000444E-01,
    -1.3007545228813711E-01,
    -5.0336340006145668E-02,
    -2.6543241207353596E-01,
     1.2527036526478408E-01,
     1.3695271134958201E-01,
     1.2492847845799955E-01,
     1.1951210863977191E-01,
     1.2685874385442533E-01,
     1.2115090810982909E-01,
     1.2917022288986191E-01,
     1.2604664342176988E-01,
    -1.5791088485040763E-01,
    -7.0130542637311929E-02,
    -7.6554953133622317E-02,
    -6.9540544517794053E-02,
     2.6714385227585558E-02,
    -5.9238923911365010E-02,
    -7.4285898415626661E-02,
     2.4606818785293288E-01,
    -4.3915457008867947E-01,
    -3.5013488691485850E-01,
     1.4169500365824028E-01,
     1.3955868327309795E-01,
     1.4669961952497415E-01,
     1.5726657913871628E-01,
     1.4208065104970621E-01,
    -5.5154609331635640E-01,
     3.0236557612301185E-01,
     3.2737946727853573E-01
  ],
  "coordination numbers": [
     6.4258965071037428E+00,
     3.9606313165559150E+00,
     3.1931235712405375E+00,
     3.0043255397972706E+00,
     3.1828512623907077E+00,
     1.9926694111822663E+00,
     3.9605997203570809E+00,
     1.9945040524593676E+00,
     9.9237623885284876E-01,
     9.9143804794509904E-01,
     9.9157294605045454E-01,
     9.9329704888226722E-01,
     9.9238846091686117E-01,
     9.9155351210965392E-01,
     9.9150109140893861E-01,
     4.1328280157579815E+00,
     3.9681066520076138E+00,
     3.9691819558298223E+00,
     4.0858542265345834E+00,
     2.9336172678485202E+00,
     9.9130424402469064E-01,
     9.9258399349424398E-01,
     9.9176974360758319E-01,
     9.9200060463299700E-01,
     9.9189962121578823E-01,
     9.9200860658439982E-01,
     9.9217936584141864E-01,
     9.9140942426221823E-01,
     9.9357819185322960E-01,
     3.0149088825187276E+00,
     3.0117395061199552E+00,
     3.0168712485485054E+00,
     3.0213685631315430E+00,
     3.0154988504220892E+00,
     3.0118456129030742E+00,
     3.1348012720634983E+00,
     1.9792851877874655E+00,
     1.9801255055531488E+00,
     9.9283902336669172E-01,
     9.9295843138674744E-01,
     9.9289506659507243E-01,
     9.9299587674573697E-01,
     9.9294971481947147E-01,
     1.9995891758531901E+00,
     1.0143324849635293E+00,
     1.0005576081587995E+00
  ]
}
