{
  "version":  "0.2.0",
  "energy":    -3.7184848293566282E-02,
  "charges": [
     2.9371877383368489E-01,
     1.3029758773561331E-01,
    -3.7387392653809753E-01,
    -5.0142435031200687E-02
  ],
  "coordination numbers": [
     2.8746081120615594E+00,
     2.7866765283222890E+00,
     1.9579325816306827E+00,
     1.8789673353545160E+00
  ]
}
