{
  "version":  "0.2.0",
  "energy":     9.2420407111050351E-01,
  "charges": [
     7.9693364498264163E-01,
    -5.8416721651919246E-01,
     2.9001814258033942E-04,
    -2.3829349747836015E-02,
    -4.3150426482961296E-01,
    -2.3729504922400446E-02,
     5.8484405080772017E-05,
    -5.8260656974629088E-01,
     2.7450274296476140E-01,
     2.7136660446831740E-01,
     1.5204051001622854E-01,
     1.5668346118342316E-01,
     1.4936233036629606E-01,
     1.4308501518041883E-01,
     2.4008399836798461E-01,
     1.4865728105156947E-01,
     1.4383604195893990E-01,
     1.5228398862346743E-01,
     1.5767880125051817E-01,
     2.6872905093183574E-01,
     2.7758889136893261E-01,
     7.1728624541585476E-02,
     1.8392343273099029E-01,
    -4.3456298021975653E-01,
    -2.1620501612489101E-02,
    -2.7681386452421658E-02,
     6.8625021255449475E-02,
    -3.5347337704842180E-01,
     7.4615375056699601E-02,
    -3.0168633849673082E-02,
     1.8483324211609115E-01,
     1.7777499289423812E-01,
     1.5393428301330281E-01,
     1.6015040390778798E-01,
     1.7588129203240538E-01,
    -7.1303747863451172E-02
  ],
  "coordination numbers": [
     6.8437475577347984E+00,
     3.9388205565802092E+00,
     4.2313136002114309E+00,
     4.0648205375899185E+00,
     3.9247691973776337E+00,
     4.0694460792609801E+00,
     4.2091121077000286E+00,
     3.9374109560777883E+00,
     1.0036342580994013E+00,
     1.0055678512546056E+00,
     9.9146457227761609E-01,
     9.9222881035510113E-01,
     9.9136787143568661E-01,
     9.9182063127097653E-01,
     1.0742661904412865E+00,
     9.9137348024868555E-01,
     9.9172138921868047E-01,
     9.9146271508898032E-01,
     9.9189949108672693E-01,
     1.0036683767452077E+00,
     1.0046767563957779E+00,
     1.0147260981240223E+00,
     2.1397825762925429E+00,
     2.0120309368663198E+00,
     3.0223304801804849E+00,
     3.0088409159596852E+00,
     3.2197688878873700E+00,
     2.9856930612070141E+00,
     3.2205818514482667E+00,
     3.0088375663899631E+00,
     9.9278260612967717E-01,
     9.9297903587080238E-01,
     9.9289248138086705E-01,
     9.9296800457939671E-01,
     9.9297759395300567E-01,
     9.9582157711020258E-01
  ]
}
