{
  "version":  "0.2.0",
  "energy":     1.5535528343477945E+00,
  "charges": [
     9.9386352107148479E-01,
     1.9246669578912240E-01,
     5.6109371318991297E-02,
    -1.0327151697710829E-01,
    -1.1274193676709016E-01,
     1.4052361178293782E-02,
     3.8227383443367435E-01,
    -7.7472287370224935E-03,
    -2.1191169066965859E-02,
    -6.9965121172411937E-01,
     3.7616241094097208E-01,
     3.8373812453834344E-01,
     3.8471639470472946E-01,
    -2.4206735369496357E-03,
     2.4896273259522134E-01,
    -2.8074359163658019E-01,
     2.5645361958171792E-01,
     2.5479793632433517E-01,
     2.5231070323792243E-01,
    -6.9693960426953128E-01,
     3.8103440289877621E-01,
     3.7429411480636221E-01,
     3.7347070929542070E-01
  ],
  "coordination numbers": [
     7.4896778044113601E+00,
     3.8391433684671776E+00,
     1.0008782873025419E+00,
     1.9920816860276220E+00,
     1.9947585716903875E+00,
     1.0009074834631217E+00,
     3.5675347651177827E+00,
     1.9346857439376146E+00,
     1.9477663628905795E+00,
     3.9441967041096380E+00,
     1.0013955620935517E+00,
     1.0142070299054255E+00,
     1.0056472008919251E+00,
     3.9558424134012418E+00,
     2.0696215384437471E+00,
     1.9907577667408036E+00,
     9.9082325742849076E-01,
     9.9080685498437493E-01,
     9.9080766540878784E-01,
     3.9435609468927080E+00,
     1.0042958023556512E+00,
     1.0105993594645266E+00,
     1.0024229144772834E+00
  ]
}
