{
  "version":  "0.2.0",
  "energy":     9.1413149862144882E-01,
  "charges": [
     8.8022241438737092E-01,
    -2.5802293795246525E-02,
    -3.3100957010322452E-02,
    -3.6980899998576178E-02,
     3.1672075357525364E-02,
    -3.3817533298935387E-02,
    -3.1850090562211775E-02,
     2.6300750240363036E-01,
    -3.6415272389144804E-01,
    -3.5208227343883014E-01,
     1.8610886027320020E-01,
     1.8249627727661502E-01,
     1.7568759979314638E-01,
     1.7857659824739108E-01,
     1.8366761102339604E-01,
    -5.5832187296502434E-01,
     3.0923288789112774E-01,
     3.1241232475653380E-01,
    -5.7473678675535822E-02,
    -4.2496552233106355E-01,
     1.7261300436685179E-01,
     1.6757549099746030E-01,
     1.5378219279567842E-01,
     2.8350145436507679E-01,
     1.2213283696187888E-01,
     7.4082522094341893E-02,
    -3.6179099261085634E-01,
     7.4968421386398421E-02,
     1.1721019032517453E-01,
    -2.8014833817174578E-01,
     1.9099121262851168E-01,
     1.5661802095959315E-01,
     1.5830154437752864E-01,
     1.8562613408136502E-01
  ],
  "coordination numbers": [
     6.0399326808138776E+00,
     3.0154735699996724E+00,
     3.0104104729154288E+00,
     3.0162525503057713E+00,
     3.0199751414583806E+00,
     3.0166262783479345E+00,
     3.0102812161744010E+00,
     3.9041255215772885E+00,
     1.9901437919091691E+00,
     1.9894825686339823E+00,
     9.9279782836172092E-01,
     9.9297282366710427E-01,
     9.9293656351613713E-01,
     9.9297619141522997E-01,
     9.9296096131520795E-01,
     2.9377816677018860E+00,
     1.0097471566365410E+00,
     9.9332500985387640E-01,
     4.0626314257278366E+00,
     2.9459137395369339E+00,
     9.9208280024088413E-01,
     9.9207772359164359E-01,
     9.9262971688353652E-01,
     9.9621686569722279E-01,
     3.0665592029860358E+00,
     3.1496380645481139E+00,
     2.9840489133192447E+00,
     3.2037062075957303E+00,
     3.0667830238535050E+00,
     2.0164254158853927E+00,
     9.9250665622016321E-01,
     9.9247758569715483E-01,
     9.9279297814834422E-01,
     9.9250157527858374E-01
  ]
}
