{
  "version":  "0.2.0",
  "energy":    -5.2555781075709032E-02,
  "charges": [
     4.8546135071601482E-01,
    -8.0443249258750127E-02,
    -8.0384908675316169E-02,
    -8.1984541481195120E-02,
    -8.0294315731411658E-02,
    -8.1964394839088309E-02,
    -8.0389940730253448E-02
  ],
  "coordination numbers": [
     5.8387121501902293E+00,
     1.4668717816064447E+00,
     1.4672160479957581E+00,
     1.4398495466042371E+00,
     1.4666136217225363E+00,
     1.4398686235804510E+00,
     1.4663191962355713E+00
  ]
}
