{
  "version":  "0.2.0",
  "energy":    -4.3094160650345714E-02,
  "charges": [
     4.0839919602474023E-01,
    -4.0839919602474023E-01
  ],
  "coordination numbers": [
     9.9417383605627307E-01,
     9.9417383605627307E-01
  ]
}
