{
  "version":  "0.2.0",
  "energy":    -9.3974800422602742E-02,
  "charges": [
    -1.6883369892804684E-01,
     2.4438756410850543E-01,
     2.3487893093292916E-01,
    -3.1043279611338775E-01
  ],
  "coordination numbers": [
     2.4498920471801950E+00,
     2.6273450763825821E+00,
     1.5115954143100465E+00,
     1.7716197220040106E+00
  ]
}
