{
  "version":  "0.2.0",
  "energy":    -3.2349286511230091E-01,
  "charges": [
     6.0912477562904710E-01,
     5.3444344171383618E-01,
     5.3386626219635680E-01,
    -8.3858891681402992E-01,
    -8.3884556272521016E-01
  ],
  "coordination numbers": [
     2.4830256656952141E+00,
     1.2432750791417551E+00,
     1.2437785717461018E+00,
     1.9960516435957922E+00,
     1.9960686776120600E+00
  ]
}
