{
  "version":  "0.2.0",
  "energy":    -2.7308032677957755E-04,
  "charges": [
     2.2075165409978597E-02,
    -2.2075165409978597E-02
  ],
  "coordination numbers": [
     9.7147670719609724E-01,
     9.7147670719609724E-01
  ]
}
