{
  "version":  "0.2.0",
  "energy":    -5.4370993954512954E-02,
  "charges": [
     5.1162417447063557E-01,
    -8.5270426556226228E-02,
    -8.5270904674209724E-02,
    -8.5270382731126360E-02,
    -8.5271022489148224E-02,
    -8.5270794117829521E-02,
    -8.5270643902095489E-02
  ],
  "coordination numbers": [
     5.8569189434167130E+00,
     1.3126796734260715E+00,
     1.3126752617674606E+00,
     1.3126783644195656E+00,
     1.3126756879465304E+00,
     1.3126766763807316E+00,
     1.3126769846315574E+00
  ]
}
