{
  "version":  "0.2.0",
  "energy":    -3.2650229893522988E-02,
  "charges": [
     3.7285113472978715E-01,
    -1.1842819724026171E-01,
    -1.0512326995773547E-01,
    -1.1865225923325402E-01,
     6.2785082517976556E-02,
    -9.3432490816512503E-02
  ],
  "coordination numbers": [
     4.8650981278038969E+00,
     1.7745812492304287E+00,
     1.7248269002831114E+00,
     1.7726293061553875E+00,
     2.5278173754668378E+00,
     1.7246909450410906E+00
  ]
}
