{
  "version":  "0.2.0",
  "energy":    -1.6075706460254038E+00,
  "charges": [
     7.8530404272670085E-01,
    -2.2264236712755639E-01,
     9.9827417337253310E-02,
    -5.4679873522250932E-01,
    -2.4415984158002596E-01,
    -4.5083084277967311E-02,
    -4.2589674888238460E-01,
     3.6494952259001033E-02,
     9.8129228972102925E-02,
     1.1662292772511929E-01,
     6.2121469341071711E-02,
     5.9532513175855804E-02,
    -3.7415461487979645E-01,
     6.6197946495020199E-03,
    -4.6301045218682391E-01,
    -4.1415542135166816E-01,
     2.7086713240392951E-01,
    -4.0111724951165484E-01,
    -3.9850096357014947E-01
  ],
  "coordination numbers": [
     6.6214920230568541E+00,
     1.9489988134907348E+00,
     1.9979529701837597E+00,
     1.0063143666623082E+00,
     3.9528416754728433E+00,
     4.0373056081217520E+00,
     1.9929698094632284E+00,
     9.9075768148203558E-01,
     9.9136953049306697E-01,
     9.9135827358366946E-01,
     9.8848307800038526E-01,
     9.8824096976121467E-01,
     1.9919029624885960E+00,
     2.0659498100877141E+00,
     1.0051946490049293E+00,
     1.9361449029496471E+00,
     3.9639992601153837E+00,
     1.9586225538241564E+00,
     1.9344855090224566E+00
  ]
}
