{
  "version":  "0.2.0",
  "energy":    -8.9257602348051368E-01,
  "charges": [
     8.1705952824452277E-01,
    -1.2225692743015144E-01,
    -1.2254467373339084E-01,
    -9.6410093166226507E-02,
     4.9306692989470324E-04,
    -9.6857282582687249E-02,
    -1.2244678149129089E-01,
     2.4726835495004418E-01,
    -3.7374969484490017E-01,
    -3.6780933297124718E-01,
     8.6769999352597091E-02,
     9.0241905749126050E-02,
     1.2221543734639226E-01,
     1.2225447997423328E-01,
     9.0358699803638698E-02,
    -4.1010308266094975E-01,
    -5.6417602916457665E-01,
     2.7424862267846606E-01,
    -1.0728256472018327E-01,
    -2.3800052516949699E-01,
    -2.2927310709381424E-01
  ],
  "coordination numbers": [
     6.8607716013019857E+00,
     3.0134331318070124E+00,
     3.0124491351101081E+00,
     3.0163355668576939E+00,
     3.0180899206919136E+00,
     3.0158402041887138E+00,
     3.0125154920452566E+00,
     3.8174369012470670E+00,
     1.9493699462044942E+00,
     1.9581088796071660E+00,
     9.9271183162345444E-01,
     9.9275418882959432E-01,
     9.9287782921976664E-01,
     9.9287076747639968E-01,
     9.9275290855423481E-01,
     9.8629313463443946E-01,
     1.9914627908475451E+00,
     1.0548156584536930E+00,
     2.5874651174123846E+00,
     1.9158207960280489E+00,
     1.9571093283955330E+00
  ]
}
