{
  "version":  "0.2.0",
  "energy":    -1.0206535571915637E-01,
  "charges": [
     6.6673072534183619E-01,
    -1.7062715287596525E-01,
    -1.6173162119517037E-01,
    -1.5450979330142284E-01,
    -1.7986215796927779E-01
  ],
  "coordination numbers": [
     3.9503532492627906E+00,
     1.9848687290077871E+00,
     1.9758896180942775E+00,
     1.9861666563870406E+00,
     1.9835912081829470E+00
  ]
}
