{
  "version":  "0.2.0",
  "energy":    -8.5863525490679965E-02,
  "charges": [
     6.0907495758327879E-01,
    -1.2018917765008279E-01,
    -1.8431398878501104E-01,
    -1.8444574280052028E-01,
    -1.2012604834766474E-01
  ],
  "coordination numbers": [
     3.9498111464400756E+00,
     1.3848521802548843E+00,
     9.9637435062684698E-01,
     9.9635654662140016E-01,
     1.3837343015532451E+00
  ]
}
