{
  "version":  "0.2.0",
  "energy":    -3.2239303092199773E-02,
  "charges": [
     3.1289808720308521E-01,
    -3.1289808720308521E-01
  ],
  "coordination numbers": [
     9.9872274641880221E-01,
     9.9872274641880221E-01
  ]
}
