{
  "version":  "0.2.0",
  "energy":    -1.3857910751188116E+00,
  "charges": [
     5.2959441544082431E-01,
    -1.8532177266137090E-01,
    -3.9428434198197637E-01,
    -4.5417897701616849E-01,
    -6.6745254177943725E-01,
    -1.7992146868418110E-01,
    -6.4843531331769000E-01
  ],
  "coordination numbers": [
     5.7318093868295339E+00,
     9.4640400069596620E-01,
     1.9487273545379269E+00,
     1.9347325845839425E+00,
     9.9852503152038530E-01,
     9.5570925572916643E-01,
     9.9846514558161292E-01
  ]
}
