{
  "version":  "0.2.0",
  "energy":    -1.6038109045333149E+00,
  "charges": [
     6.8753691975904063E-01,
    -3.0813978591582852E-01,
    -9.2875945636312629E-03,
    -1.5899257349090279E-01,
    -1.6364188993466217E-01,
    -1.4763573306398775E-01,
     9.3095651693557102E-02,
     9.4395779619522779E-02,
    -1.4692373385404267E-01,
    -1.6281801702951731E-01,
    -1.5484770461869407E-01,
    -5.2529173790858974E-03,
    -3.1388944155390913E-01,
     1.3271391085345438E-01,
     4.5929746432663593E-02,
     4.3725963602930989E-02,
     5.6107398326766006E-02,
     5.6495503852128565E-02,
     4.4784322709085285E-02,
     5.0272117072437068E-02,
     1.3329721610420991E-01,
    -5.3137089686549133E-01,
     2.5528773458878129E-01,
    -2.2760143140431782E-01,
    -4.1943133622767820E-01,
     3.3114814556807209E-01,
    -5.0770315080509487E-01,
    -4.0524493615951490E-01,
    -5.9945876970502732E-01,
     2.3744950238873649E-01
  ],
  "coordination numbers": [
     7.1804520036743131E+00,
     2.8640854088252841E+00,
     3.0961845648194908E+00,
     3.0115749033644690E+00,
     3.0185959265380218E+00,
     3.0134004586147407E+00,
     3.0783692632385113E+00,
     3.0792775297950801E+00,
     3.0137240618980208E+00,
     3.0184638107884245E+00,
     3.0117590821311113E+00,
     3.0888649551448628E+00,
     2.8500490477577047E+00,
     9.8969026416875039E-01,
     9.9274925415753579E-01,
     9.9250390705908043E-01,
     9.9295791865328287E-01,
     9.9295388349276692E-01,
     9.9253022537537827E-01,
     9.9279014678991651E-01,
     9.9075664359683113E-01,
     1.9827599149079171E+00,
     1.1815595837543889E+00,
     9.5374316495489975E-01,
     1.9658553076300596E+00,
     3.7899712501880432E+00,
     9.9904223521373314E-01,
     1.9442672173181252E+00,
     1.9757069666047764E+00,
     1.1151058666468145E+00
  ]
}
