{
  "version":  "0.2.0",
  "energy":    -2.0388222281955573E+00,
  "charges": [
     4.4235966212698141E-01,
    -6.5914753069829024E-01,
    -4.5649901435342244E-01,
    -7.6526271033427229E-01,
    -1.5614504067409964E+00
  ],
  "coordination numbers": [
     3.6518582769488006E+00,
     9.9764722502040382E-01,
     9.1373054480977078E-01,
     9.9933070202190599E-01,
     7.5179751632486447E-01
  ]
}
