{
  "version":  "0.2.0",
  "energy":    -1.2280758408595188E-01,
  "charges": [
     6.6795121323851736E-01,
    -3.5361885386508884E-01,
    -3.1433235937342852E-01
  ],
  "coordination numbers": [
     1.9946575131194324E+00,
     9.9894367095399694E-01,
     9.9669699799641709E-01
  ]
}
