{
  "version":  "0.2.0",
  "energy":     2.8153363940512599E-01,
  "charges": [
     4.7719989659574691E-01,
     8.8797557460908128E-01,
    -3.1569954807456685E-01,
     1.6296722494023008E-01,
    -2.7193803676507922E-03,
    -2.0972376770284054E-01
  ],
  "coordination numbers": [
     4.8354371505714351E+00,
     3.2255637414604053E+00,
     2.9061723766252303E+00,
     1.9724376469376450E+00,
     1.5765332784337494E+00,
     1.7783163110206290E+00
  ]
}
