{
  "version":  "0.2.0",
  "energy":     1.4444792539710172E+00,
  "charges": [
     7.4409594737302753E-01,
    -5.6899237649199241E-01,
    -9.0834914695159252E-03,
    -1.9432421734785876E-02,
    -4.2520056486245339E-01,
    -2.2311308943722130E-02,
     3.5932383420794745E-03,
    -5.6306404604857185E-01,
     2.7251456875566638E-01,
     2.7194276961346819E-01,
     1.4269680069075069E-01,
     1.5777730823118058E-01,
     1.4973551643319311E-01,
     1.5399913206454852E-01,
     2.5103261709243652E-01,
     1.4255110538008489E-01,
     1.5561693459436898E-01,
     1.3894258252367350E-01,
     1.5381880320105668E-01,
     2.9404462254209573E-01,
     2.8076249807589154E-01,
    -1.3872867503936126E-02,
    -2.2751161421190602E-02,
    -2.6869852330911992E-02,
     2.7762207677793915E-02,
    -4.0234113798728988E-02,
    -2.0248464725857729E-02,
     2.5257562146609791E-01,
    -3.0649839281773100E-01,
    -3.6788561721022428E-01,
     1.9733640354047122E-01,
     1.9185569262564936E-01,
     1.8026697179193032E-01,
     1.6143717595431978E-01,
     1.9361367430436871E-01,
     2.6743707052725041E-01,
    -1.5392848681426763E-02,
    -2.0139371909087656E-02,
    -3.9545942122216071E-02,
     2.9574595914096391E-02,
    -3.3910852794505453E-02,
    -2.7393998079752513E-02,
     2.6137872344101837E-01,
    -3.1563674339792991E-01,
    -4.1311450702055919E-01,
     1.9606979425034529E-01,
     1.9426384170690730E-01,
     1.6240080226574619E-01,
     1.7006745415794189E-01,
     1.8700861272517466E-01,
     2.8540585610246744E-01
  ],
  "coordination numbers": [
     6.6489206929968958E+00,
     3.9164357957904228E+00,
     4.1195449496881320E+00,
     4.1244335669066388E+00,
     3.9021194222911575E+00,
     4.1165347536211634E+00,
     4.4013825265180904E+00,
     3.9327281625747128E+00,
     1.0096025250980531E+00,
     1.0033368480728733E+00,
     9.9134084674758594E-01,
     9.9141514399754982E-01,
     9.9116887565714062E-01,
     9.9116842142870087E-01,
     1.0077441322861000E+00,
     9.9139994102499962E-01,
     9.9138038667457806E-01,
     1.0173074676766438E+00,
     9.9130565539344406E-01,
     1.0236569275749501E+00,
     9.9966862010456570E-01,
     3.0157559242663741E+00,
     3.0088042550065088E+00,
     3.0192979856067730E+00,
     3.0170875664045234E+00,
     3.0134796598643803E+00,
     3.0087500878344793E+00,
     3.4860976810097819E+00,
     1.9848460760491760E+00,
     2.4760909233229889E+00,
     9.9276056157572690E-01,
     9.9295184415310622E-01,
     9.9297452705903666E-01,
     9.9236877123033373E-01,
     9.9295019624439185E-01,
     9.9253771090427989E-01,
     3.0155909327834491E+00,
     3.0088224070620404E+00,
     3.0144593196070932E+00,
     3.0163425784470492E+00,
     3.0178082395640793E+00,
     3.0091099536570223E+00,
     3.1291698495577229E+00,
     1.9894524291329070E+00,
     1.9921051585950504E+00,
     9.9278020640778042E-01,
     9.9294961793322489E-01,
     9.9236537139350478E-01,
     9.9299626269097097E-01,
     9.9295596228172389E-01,
     9.9260500849904965E-01
  ]
}
