{
  "version":  "0.2.0",
  "energy":    -3.1866189136117606E-01,
  "charges": [
     9.0567807720658378E-01,
     1.8660497023021894E-01,
    -2.7098699224012213E-01,
    -2.2521296330928872E-01,
    -2.3745776418132344E-01,
    -1.7602922694141351E-01,
     1.0990957132744597E-01,
    -7.7831126972809847E-02,
     1.0687647080078415E-01,
    -3.3168528517461499E-01,
    -1.8199461299783040E-01,
    -3.0366360889964655E-01,
     1.0575426403557067E-01,
     1.2751189553930051E-01,
     1.3355245763518322E-01,
     1.0840153294109536E-01,
     1.0458863593825897E-01,
     1.2200823411418103E-01,
     1.2438510541319711E-01,
    -3.2150809015202531E-01,
     3.8991464384894392E-01,
    -3.2449437021867333E-01,
    -3.0978367297556386E-01,
    -7.8485051928702809E-02,
    -7.7450259909570343E-02,
     5.7291683085446937E-02,
    -3.1181481040444048E-01,
     5.4107935138948043E-02,
    -7.9449018260218579E-02,
     1.2424326173543251E-01,
     1.2416752996804890E-01,
     1.5520880529536896E-01,
     1.4582342102574042E-01,
     1.2181835928649472E-01
  ],
  "coordination numbers": [
     7.8789694376201673E+00,
     3.6698744113445398E+00,
     1.0016544969523213E+00,
     1.9693763094518859E+00,
     1.9422629416435395E+00,
     3.9606684405947012E+00,
     3.1683943794709934E+00,
     3.0027780559634207E+00,
     3.1838370061244810E+00,
     1.9928872740395258E+00,
     3.9607054735467093E+00,
     1.9893968232159640E+00,
     9.9230555788590191E-01,
     9.9153697552830522E-01,
     9.9166323593814276E-01,
     9.9328921040990803E-01,
     9.9230113201100600E-01,
     9.9156127102171610E-01,
     9.9159798525133791E-01,
     1.9762251188407083E+00,
     3.9681852228984393E+00,
     1.9692829927274262E+00,
     1.9767071475683631E+00,
     3.0222946656853749E+00,
     3.0113338520362065E+00,
     3.1792541185234047E+00,
     2.9606967347506128E+00,
     3.1482145655060894E+00,
     3.0110642090500077E+00,
     9.9282234839698003E-01,
     9.9302538143815156E-01,
     9.9296130657824033E-01,
     9.9280288613172996E-01,
     9.9303703402317645E-01
  ]
}
