{
  "version":  "0.2.0",
  "energy":     9.5047386298938308E-01,
  "charges": [
     8.7085633028275033E-01,
    -2.1568874196572791E-02,
    -3.6254543483654378E-01,
     2.0283203055634957E-01,
     2.0058747587963852E-01,
     1.9034443494102532E-01,
     3.0150553252692042E-01,
    -6.8372663626136687E-01,
     3.3675350975875995E-01,
     3.3453784380061635E-01,
     3.3874135122014687E-01,
    -4.4651662289898392E-01,
     3.7416414630570277E-01,
     2.9714746081814125E-02,
    -3.2587276869141102E-01,
     2.0156727579797631E-01,
     2.0067954895349044E-01,
     2.0233626060015111E-01,
     2.6539575249514047E-01,
    -2.0978590231560398E-01
  ],
  "coordination numbers": [
     4.7941104992818691E+00,
     4.0149943348804076E+00,
     2.9321498527352778E+00,
     9.9211390520349330E-01,
     9.9209814158531540E-01,
     9.9226688182950262E-01,
     1.0001312472121597E+00,
     3.9065501894096073E+00,
     1.0021134080079817E+00,
     9.9897983522718903E-01,
     9.9738576626359077E-01,
     1.9911480265927590E+00,
     1.0177128547304655E+00,
     4.0774784257315844E+00,
     1.9885932009342406E+00,
     9.9207549322958499E-01,
     9.9204703652237125E-01,
     9.9206270139665165E-01,
     1.0016306467170484E+00,
     1.6973294514741744E+00
  ]
}
