{
  "version":  "0.2.0",
  "energy":    -4.3703668001030610E-01,
  "charges": [
     8.3539316643422756E-01,
     1.9137942619841658E-01,
    -2.7242673481980095E-01,
    -2.5731596450492350E-01,
    -2.6109077664977565E-01,
    -8.4132952381942905E-02,
    -8.4143051046087380E-02,
    -7.3331941322245131E-02,
     1.4519165903416544E-02,
    -6.6417439025273556E-02,
    -8.5930945479819026E-02,
     3.4295374456875172E-01,
    -3.6567297132053705E-01,
    -4.5035669840336190E-01,
     1.2640759673229698E-01,
     1.2946745142775323E-01,
     1.4683813523340813E-01,
     1.5116575047924635E-01,
     1.2830082904148160E-01,
     2.9647427154201356E-01,
    -3.7541529440450738E-01,
     4.1295405016409104E-01,
    -2.4053604075512747E-01,
    -3.6037459592390320E-01,
    -6.2407155560126160E-02,
    -3.1421722341668890E-01,
     3.4692648101382134E-01,
    -3.0937377984982550E-01,
    -6.0891699777805119E-02,
    -2.7725802682683937E-01,
    -4.4988422283861323E-02,
     1.2863187871802267E-01,
     1.2976562222163102E-01,
     1.4259215183909996E-01,
     1.4534290811310438E-01,
     1.2829363024252891E-01,
     1.3488719569528679E-01,
     1.4022284331982474E-01,
     1.5089102879510702E-01,
     1.3630983760350074E-01,
    -3.1343545153457969E-01
  ],
  "coordination numbers": [
     7.7116769275940635E+00,
     3.6876480795900148E+00,
     1.0014679749922690E+00,
     1.9605068473304152E+00,
     1.9688414123604705E+00,
     3.0133062266439969E+00,
     3.0133225705760704E+00,
     3.0236581485015144E+00,
     3.0292210630390288E+00,
     3.0154320132989492E+00,
     3.0138892596564260E+00,
     4.7076203109835291E+00,
     1.9931556129831005E+00,
     1.9910005014840193E+00,
     9.9284947525511846E-01,
     9.9286710737318717E-01,
     9.9477537310009545E-01,
     9.9294543996311191E-01,
     9.9287080332064992E-01,
     9.9360897630456968E-01,
     1.9884925062537162E+00,
     3.7511291065603718E+00,
     2.9058547231832712E+00,
     9.9930513122254538E-01,
     4.1680862858797418E+00,
     1.9891753467618507E+00,
     4.5127240941550841E+00,
     1.9891678836961395E+00,
     4.1602593552463389E+00,
     1.9890867688400178E+00,
     4.1328661722523581E+00,
     9.9159576899504653E-01,
     9.9218164456902791E-01,
     9.9159233372609190E-01,
     9.9165689807608537E-01,
     9.9218740189333765E-01,
     9.9131523927453724E-01,
     9.9221039719500048E-01,
     9.9155420450659459E-01,
     9.9188109665630897E-01,
     9.9853238925307064E-01
  ]
}
