{
  "version":  "0.2.0",
  "energy":    -2.4874198852952570E-01,
  "charges": [
     7.2020126941553231E-01,
    -2.4211843231509420E-01,
     6.3079154005769383E-02,
    -2.3260994753581393E-01,
    -2.3500706170781924E-01,
     1.0112370352763653E-01,
     1.0111414076183914E-01,
     1.1704417363969710E-01,
     1.0247906812241928E-01,
     1.1727031690522358E-01,
     1.2171744281258307E-01,
     1.0009926594120755E-01,
     1.2673875416299615E-01,
     1.0322224979365013E-01,
    -3.2991213329739555E-01,
    -2.1638559126413034E-01,
    -1.8238112854696550E-02,
    -4.0481982044704579E-01,
     9.6132958065158411E-02,
     1.1197915395670019E-01,
     1.0388097026825530E-01,
     1.1520262291375795E-01,
     1.1485970510034604E-01,
    -3.2463690687268359E-01,
     3.8115826488492288E-01,
    -3.6036554780236763E-01,
    -3.3320966018064807E-01
  ],
  "coordination numbers": [
     6.6578945494996997E+00,
     3.9564897891073825E+00,
     3.9590261224655858E+00,
     3.9576487508536546E+00,
     3.9568304495116609E+00,
     9.9241843475775582E-01,
     9.9315475496921213E-01,
     9.9343034263818630E-01,
     9.9242980344186282E-01,
     9.9317828037904654E-01,
     9.9347314926676500E-01,
     9.9240593988615800E-01,
     9.9370487222046666E-01,
     9.9301080351138005E-01,
     1.0021569553653027E+00,
     3.9547037935611069E+00,
     4.0505922704283366E+00,
     1.9920201215261759E+00,
     9.9166228642910070E-01,
     9.9154329088853999E-01,
     9.9146559148597646E-01,
     9.9099885911510199E-01,
     9.9095446233087792E-01,
     1.9753195930720207E+00,
     3.9669080173798683E+00,
     1.9735919300179825E+00,
     1.9692069008009536E+00
  ]
}
