{
  "version":  "0.2.0",
  "energy":     8.3813922107678529E-01,
  "charges": [
     7.2816156569856916E-01,
    -5.6073836974828706E-01,
    -1.2420337263347458E-02,
    -2.4986273472205889E-02,
    -4.0987403722730187E-01,
    -2.7591242141881023E-02,
    -9.2873829863232005E-03,
    -5.6107209829253035E-01,
     2.6739404493671520E-01,
     2.6905082466787195E-01,
     1.4717519976475696E-01,
     1.3982286194511614E-01,
     1.4392893738080703E-01,
     1.3780880473957435E-01,
     2.4421809631528574E-01,
     1.4564220214940582E-01,
     1.3718821767722067E-01,
     1.4919958331815417E-01,
     1.4032043461997223E-01,
     2.7183837972758607E-01,
     2.7137264042787707E-01,
    -1.3805554751837615E-01,
     1.1366534064042688E-01,
    -4.6589988656229930E-02,
     1.1974245342706062E-01,
    -3.1776153380022254E-01,
    -1.2753435144646255E-01,
    -3.2796008758537221E-01,
     1.5483939903460103E-01,
     1.6290949285416148E-01,
     1.5561183109191642E-01,
     1.4964337357871602E-01,
     1.5612541601803243E-01,
     1.6703982487794558E-01,
     1.7458788001279213E-01,
    -7.3397293235758310E-01,
     2.9996173719760238E-01,
     2.8777654101094535E-01,
     2.9787490163978403E-01,
    -5.1304315514530845E-02,
     1.4732833788138860E-01,
    -2.3107982462363136E-01
  ],
  "coordination numbers": [
     7.4498140788993572E+00,
     3.9085942994451681E+00,
     4.0501665908393196E+00,
     4.0504549787196140E+00,
     3.8742146510887494E+00,
     4.0095207933050601E+00,
     4.0882730486713967E+00,
     3.8984868784696527E+00,
     9.9722677545452765E-01,
     1.0202214246933954E+00,
     9.9134148348539419E-01,
     9.9122057590209245E-01,
     9.9158920827731922E-01,
     9.9134932931187603E-01,
     1.0085254643190913E+00,
     9.9137005138899958E-01,
     9.9149568344306349E-01,
     9.9134062384745647E-01,
     9.9121504725364495E-01,
     9.9940780278551955E-01,
     9.9792306396626174E-01,
     3.9603605246855276E+00,
     3.1790401926333214E+00,
     3.0059012745814515E+00,
     3.2070379360016537E+00,
     1.9954141598202950E+00,
     3.9604257045089533E+00,
     1.9903927884403920E+00,
     9.9235243360313241E-01,
     9.9101966012199316E-01,
     9.9174377943551395E-01,
     9.9323627575554863E-01,
     9.9239376989413852E-01,
     9.9152752306379455E-01,
     9.9126043179101408E-01,
     3.8580665570063921E+00,
     9.9635929601342443E-01,
     9.9612388345866698E-01,
     1.0047349517801729E+00,
     9.9591309725198851E-01,
     1.8596343310183734E+00,
     9.9963127848906996E-01
  ]
}
