{
  "version":  "0.2.0",
  "energy":    -2.6333363037448360E-01,
  "charges": [
    -7.7544008827955757E-02,
     7.3019356721301065E-01,
    -6.5264955838505490E-01
  ],
  "coordination numbers": [
     1.7747915893706443E+00,
     1.7649928348477015E+00,
     1.9810317533438591E+00
  ]
}
