{
  "version":  "0.2.0",
  "energy":     1.6406338656044333E+00,
  "charges": [
     7.1592636525379127E-01,
     1.4294162082391494E-02,
     2.8241688288697109E-03,
    -7.0697000042787561E-03,
     4.7760681099780933E-02,
    -1.2123507536602185E-02,
     1.0364349673181783E-02,
     2.8469214902735118E-01,
    -2.9438826098814175E-01,
    -3.2452783352704107E-01,
     2.2416121651120013E-01,
     2.1579754218337655E-01,
     1.9309421629925630E-01,
     1.8990058610432076E-01,
     2.2323869397710699E-01,
     3.0898242609544796E-01,
    -1.4213420325261095E-01,
     1.9720108560447461E-01,
    -3.4245795358088049E-01,
    -1.4201521712231607E-01,
    -1.4928401011055714E-01,
     1.9521286196441451E-01,
     1.8786868196791645E-01,
     1.9062423523178842E-01,
     1.8835744991135273E-01,
     1.9586792433793224E-01,
     1.9159209745223441E-01,
     1.8798703459808883E-01,
     1.8753725674358834E-01,
     1.8719686617705891E-01,
    -3.6121894426191167E-05,
     2.1469204184803775E-01,
    -1.4113728495610756E-01
  ],
  "coordination numbers": [
     4.3067264793698614E+00,
     3.0159602407020154E+00,
     3.0069895743685935E+00,
     3.0161044294340229E+00,
     3.0156240525991329E+00,
     3.0150581611039566E+00,
     3.0067169505719615E+00,
     3.1411449623259262E+00,
     1.9964322036478857E+00,
     1.9919073579285751E+00,
     9.9265225841465998E-01,
     9.9292718226070065E-01,
     9.9302485429958143E-01,
     9.9246784571120639E-01,
     9.9289693002611301E-01,
     9.9226302976626179E-01,
     3.9570568124740522E+00,
     4.2714297381608954E+00,
     1.9951168014110667E+00,
     3.9570718411264645E+00,
     3.9570971229749627E+00,
     9.9378274725643401E-01,
     9.9494189329292748E-01,
     9.9374721654156417E-01,
     9.9497218343575611E-01,
     9.9373767560468540E-01,
     9.9376828962641550E-01,
     9.9490050173297107E-01,
     9.9377837811895198E-01,
     9.9373751101852648E-01,
     9.9809579589672026E-01,
     1.9197465872658181E+00,
     1.0001056975525042E+00
  ]
}
