{
  "version":  "0.2.0",
  "energy":    -4.0385927541707178E-01,
  "charges": [
     4.1707890088105171E-01,
    -6.5552907226373880E-01,
    -4.0799135250582708E-01,
     1.0433028499198365E+00,
    -3.9686132603132229E-01
  ],
  "coordination numbers": [
     3.7423356732377728E+00,
     1.9994974641995578E+00,
     1.9531597888938643E+00,
     2.7126946379497809E+00,
     9.9897990729186414E-01
  ]
}
