{
  "version":  "0.2.0",
  "energy":     8.3142767347745827E-01,
  "charges": [
     9.6174362172001682E-01,
    -5.4057221273501854E-01,
     3.6380555154548588E-01,
    -7.4776219545934919E-01,
     3.0946672297605021E-01,
     3.1481473109857500E-01,
     3.1272755881117503E-01,
     1.2432141974064920E-01,
     7.3798595126610550E-02,
    -3.6838766508797494E-01,
     8.1048733125347827E-02,
     1.2706017548842061E-01,
    -2.7323137365525174E-01,
     1.9311522544394416E-01,
     1.5402164987321842E-01,
     1.6485820567652862E-01,
     1.9636758678099064E-01,
    -1.8878580612778528E-02,
    -2.6151237438096775E-02,
    -2.8544763571149573E-02,
     3.2573864163846875E-02,
    -4.0537980679298008E-02,
    -2.3491090842875567E-02,
     2.6886536582661635E-01,
    -3.5285823701459051E-01,
    -3.8069975446651427E-01,
     1.9132564221739293E-01,
     1.8734994232915314E-01,
     1.7485593083523104E-01,
     1.6252731128449863E-01,
     1.8934391512724572E-01,
     2.8388208094894901E-01,
     1.3925274712062358E-01,
    -2.0601148569767269E-01
  ],
  "coordination numbers": [
     5.0371928678954863E+00,
     1.9919029271601518E+00,
     1.0094213846893298E+00,
     3.9299902381888376E+00,
     1.0005851325254840E+00,
     1.0035976931913675E+00,
     9.9847990645712592E-01,
     3.0668969837164681E+00,
     3.1737791531804280E+00,
     2.9791432843030963E+00,
     3.1758296724485984E+00,
     3.0671333166612813E+00,
     2.0163968204726421E+00,
     9.9248816893275915E-01,
     9.9242300735334332E-01,
     9.9260446894119614E-01,
     9.9249855412915888E-01,
     3.0155891756012094E+00,
     3.0102594320512850E+00,
     3.0181856158036302E+00,
     3.0173455907491293E+00,
     3.0148082577124242E+00,
     3.0099763041326915E+00,
     3.0667024395739189E+00,
     1.9877466169707896E+00,
     1.9917225490588528E+00,
     9.9282517160825190E-01,
     9.9296323964703959E-01,
     9.9300387128216450E-01,
     9.9241144857073937E-01,
     9.9297425494433611E-01,
     9.9292113934826176E-01,
     1.8307733941766839E+00,
     9.9950259973402300E-01
  ]
}
