{
  "version":  "0.2.0",
  "energy":     9.8469651347482567E-01,
  "charges": [
     8.4663274420110324E-01,
    -1.5781073722794239E-01,
     2.0117035796995475E-01,
    -3.3779261270710292E-01,
    -1.5546603798539649E-01,
    -1.5407724916999765E-01,
     1.8094754978887148E-01,
     1.7550214677306039E-01,
     1.8047048862020931E-01,
     1.7551462950921265E-01,
     1.8422254704482538E-01,
     1.8114754128724483E-01,
     1.7608424990713734E-01,
     1.8415779529045473E-01,
     1.8621090303582039E-01,
     2.7849019583863122E-01,
    -3.1423026314770969E-01,
    -1.4201759859567259E-01,
    -6.9008118684505337E-01,
     3.2790581434729799E-01,
     3.3946184813506242E-01,
     3.3355687392998890E-01
  ],
  "coordination numbers": [
     4.3519589534045453E+00,
     3.9573536019814100E+00,
     4.2722107941647245E+00,
     1.9945958572769849E+00,
     3.9574370626644129E+00,
     3.9572859539421561E+00,
     9.9387139125060298E-01,
     9.9435061758380616E-01,
     9.9393465527916192E-01,
     9.9438305386657788E-01,
     9.9393442466483961E-01,
     9.9393481384930560E-01,
     9.9435402003370843E-01,
     9.9380089967273388E-01,
     9.9385323075737819E-01,
     1.1480944004380653E+00,
     1.9959848398920261E+00,
     9.9900795390708286E-01,
     3.9129477281277500E+00,
     9.9773800138756030E-01,
     9.9984322141564785E-01,
     1.0016910123865994E+00
  ]
}
