{
  "version":  "0.2.0",
  "energy":     3.3353288810519188E-01,
  "charges": [
    -1.6283926370335866E-01,
     4.1707367937488959E-01,
     7.4576558432846896E-01
  ],
  "coordination numbers": [
     1.7197752894422820E+00,
     1.7425722028486073E+00,
     1.8505514595686989E+00
  ]
}
