{
  "version":  "0.2.0",
  "energy":    -1.4467533017323726E+00,
  "charges": [
    -5.2838179551579545E-02,
    -5.7346542822481894E-01,
    -1.0320316558230429E+00,
     3.7997359462119851E-01,
    -7.2163833102175723E-01
  ],
  "coordination numbers": [
     3.2651909604590585E+00,
     9.2756979881045609E-01,
     1.9893413353285050E+00,
     1.3442755812703577E+00,
     9.9231651962172140E-01
  ]
}
