{
  "version":  "0.2.0",
  "energy":    -7.4105023659743219E-01,
  "charges": [
    -2.8962962617143728E-01,
     4.0639706557608041E-01,
    -1.1167674394046432E+00
  ],
  "coordination numbers": [
     1.8825724385315485E+00,
     1.8688316914844272E+00,
     1.9811716992740322E+00
  ]
}
