{
  "version":  "0.2.0",
  "energy":     9.8526943363094710E-01,
  "charges": [
     7.5195154146826360E-01,
    -1.3555125884425867E-01,
     1.2718651843410833E-01,
    -5.5815960211322957E-02,
     1.2716943541576636E-01,
    -3.1991933024954433E-01,
    -1.3589993811529827E-01,
    -3.1948799847675502E-01,
     1.4997806214811088E-01,
     1.6217276747697509E-01,
     1.6720576655646152E-01,
     1.4421320581482280E-01,
     1.4997298653308699E-01,
     1.6730925030315835E-01,
     1.6110352524348764E-01,
    -1.8565426528354384E-01,
     2.0701076924938530E-01,
    -3.6989768441683962E-01,
    -1.9181231168175228E-01,
    -1.8676682830208760E-01,
     1.5911517279166684E-01,
     1.5009273020595337E-01,
     1.5696280938260951E-01,
     1.4875582013520583E-01,
     1.5089568575465451E-01,
     1.5165127952957141E-01,
     1.4999997406855245E-01,
     1.5869431235897996E-01,
     1.5562694699467289E-01,
    -1.0968233729946694E-01,
     1.4175507282102640E-01,
    -3.3842625837095441E-01,
     1.7034141534273725E-01,
     1.7018011724126780E-01,
     1.6956900598129873E-01
  ],
  "coordination numbers": [
     5.1492462199705837E+00,
     3.9607278116399245E+00,
     3.3841708891363949E+00,
     3.0423361125863293E+00,
     3.3879069058321196E+00,
     1.9985485401951033E+00,
     3.9606713785938217E+00,
     1.9983748135298436E+00,
     9.9243858864476397E-01,
     9.9149838240615473E-01,
     9.9136001991669165E-01,
     9.9326422135760684E-01,
     9.9244806882644099E-01,
     9.9139925063629608E-01,
     9.9146004193912329E-01,
     3.9576229582491562E+00,
     4.3250028138869503E+00,
     1.9956075666798334E+00,
     3.9575856674134258E+00,
     3.9575736454352262E+00,
     9.9413164776358620E-01,
     9.9379699756151485E-01,
     9.9405831100200182E-01,
     9.9375328199666946E-01,
     9.9408078306713765E-01,
     9.9411518007920829E-01,
     9.9374842083025516E-01,
     9.9406762166315765E-01,
     9.9400169896220980E-01,
     3.9578094257600744E+00,
     2.0495928133624925E+00,
     1.9851463755665861E+00,
     9.9158616915060538E-01,
     9.9158312300857343E-01,
     9.9157401038082948E-01
  ]
}
