{
  "version":  "0.2.0",
  "energy":    -1.0642063172419761E-01,
  "charges": [
     1.1844195496440002E-02,
     4.5288131965480799E-01,
    -7.4073802069786962E-02,
    -1.1877920646369659E-01,
    -1.8911539394798793E-01,
    -8.2757112669776492E-02
  ],
  "coordination numbers": [
     4.4032366282039224E+00,
     1.8731692142885814E+00,
     1.1494409455023726E+00,
     9.4826194466135583E-01,
     1.7919992434934375E+00,
     1.1399696406712367E+00
  ]
}
