{
  "version":  "0.2.0",
  "energy":     2.4711623882711403E-01,
  "charges": [
     7.5313244357923148E-01,
     7.8661775626676662E-03,
     3.1823953472197836E-01,
    -3.6402069259926095E-01,
    -2.8331552898587842E-01,
    -5.8072662283728449E-01,
     1.3769643547094793E-01,
     1.3740571766490797E-01,
     2.5316189812594531E-01,
     2.4106148594571719E-01,
    -6.3676609342202511E-02,
     1.8187043499315772E-01,
    -3.6338922866316153E-01,
    -5.7458345401952632E-02,
    -3.0511307458053577E-01,
     2.8899857851254068E-01,
    -2.6097918702195877E-01,
    -7.8320602916342352E-02,
    -2.6327921612809735E-01,
    -8.4046395444402733E-02,
     1.4489996333743840E-01,
     1.2792011731195499E-01,
     1.2714058896799618E-01,
     1.4552179720421562E-01,
     1.3735884025166228E-01,
     1.5163395047695272E-01,
     1.4154216292234856E-01,
     1.4021481976596212E-01,
     1.3695355953220120E-01,
    -1.3276940553576691E-01,
     1.1845114998881826E-01,
    -3.5570197265398512E-01,
     1.4297527993795756E-01,
     1.4765223591079596E-01,
     1.7054618706350044E-01,
    -1.4343279782381504E-01,
     1.0327818721504972E-01,
    -3.5206463541662147E-01,
     1.3985367464347542E-01,
     1.4881718588298820E-01,
     1.4410190836085401E-01
  ],
  "coordination numbers": [
     7.3200576133922883E+00,
     4.0447657092655600E+00,
     3.3523422297716996E+00,
     1.0001569459375448E+00,
     1.9898586900778863E+00,
     3.8801859956320568E+00,
     9.9185341848914099E-01,
     9.9159924558702262E-01,
     1.0002988598967351E+00,
     9.9644748081886281E-01,
     1.0114372650061840E+00,
     2.2124392512475710E+00,
     2.0001003823913637E+00,
     4.0961631963740750E+00,
     1.9896034835472660E+00,
     4.1696081181958995E+00,
     2.8720836248937607E+00,
     4.1835807294348850E+00,
     2.8958158811514130E+00,
     4.1632860128903388E+00,
     9.9228314221531733E-01,
     9.9159482525640730E-01,
     9.9154605381972605E-01,
     9.9240138387554921E-01,
     9.9175801451333268E-01,
     9.9176055033927213E-01,
     9.9232142165963122E-01,
     9.9157855960305419E-01,
     9.9170037281855272E-01,
     3.9578599259134322E+00,
     2.0336044490931471E+00,
     1.9499204591047219E+00,
     9.9187571321896950E-01,
     9.9185068784675234E-01,
     9.9111525626075814E-01,
     3.9581906684366999E+00,
     2.0165778133425638E+00,
     1.9584552339800165E+00,
     9.9182539156309346E-01,
     9.9181276774275595E-01,
     9.9159905832168960E-01
  ]
}
