{
  "version":  "0.2.0",
  "energy":    -1.8801488803247728E+00,
  "charges": [
    -3.8486343546745783E-01,
    -6.8494174198591407E-01,
    -9.7590644872334376E-01,
    -9.5428837382328457E-01
  ],
  "coordination numbers": [
     1.9785449619266844E+00,
     9.9381443997065944E-01,
     9.9883871495641952E-01,
     1.9735271170834672E+00
  ]
}
