{
  "version":  "0.2.0",
  "energy":    -2.3246607577896455E-01,
  "charges": [
     6.9459719600564640E-01,
    -3.0510178246998454E-01,
     4.5398056764015732E-02,
    -7.9902175024759492E-02,
    -8.1168972070151557E-02,
    -8.4628103977730892E-02,
     1.1946019652759636E-01,
     1.1947528403171742E-01,
    -8.4615369480438796E-02,
    -8.0984339565951330E-02,
    -7.8669389919365368E-02,
     4.5358084872342171E-02,
    -3.0709082960669465E-01,
     1.5191707739347163E-01,
     1.2578593078852110E-01,
     1.2623499795019569E-01,
     1.1510041236319263E-01,
     1.1518343705435147E-01,
     1.2639261233970533E-01,
     1.2687716645044539E-01,
     1.5577880332421237E-01,
    -2.7261148211243968E-01,
     5.3568023531929354E-02,
    -2.5770352932631202E-01,
    -5.0944436114930958E-01,
     2.9394289818002378E-01,
    -2.7314984287422883E-01
  ],
  "coordination numbers": [
     5.1645368521932369E+00,
     2.9473789498072929E+00,
     3.1542484654617580E+00,
     3.0105633133969301E+00,
     3.0215756628319728E+00,
     3.0131764766377493E+00,
     3.1214969105335681E+00,
     3.1192867735293177E+00,
     3.0130690512262204E+00,
     3.0216938846267087E+00,
     3.0106415008427252E+00,
     3.1471482702713534E+00,
     2.9418201837433484E+00,
     9.9261169741491173E-01,
     9.9304473202497601E-01,
     9.9288253619812483E-01,
     9.9317108485208916E-01,
     9.9318345229929061E-01,
     9.9288081630535885E-01,
     9.9303473964983979E-01,
     9.9260664536388443E-01,
     1.9986192441826294E+00,
     2.0452686268255036E+00,
     1.0054365166515975E+00,
     1.9907031982586236E+00,
     1.0021542516381841E+00,
     9.9733605269334902E-01
  ]
}
