{
  "version":  "0.2.0",
  "energy":    -8.5434586124074258E-02,
  "charges": [
     5.8758178686902363E-01,
    -1.9561213682752179E-01,
    -1.9611917470255574E-01,
    -1.9585047533894606E-01
  ],
  "coordination numbers": [
     2.9847451464030099E+00,
     9.9645291217578436E-01,
     9.9643277350539350E-01,
     9.9645982954054002E-01
  ]
}
