{
  "version":  "0.2.0",
  "energy":    -1.7527500264080653E-01,
  "charges": [
     5.1468227742482875E-01,
     3.9848321994216718E-01,
    -4.5644946627299798E-01,
    -4.5671603109399794E-01
  ],
  "coordination numbers": [
     2.8733245680990471E+00,
     8.7965837087623733E-01,
     9.9881619313332148E-01,
     9.9884237221609773E-01
  ]
}
