{
  "version":  "0.2.0",
  "energy":    -1.3144494215700128E-01,
  "charges": [
    -4.2044326443517310E-01,
     2.1472556124209810E-01,
     2.1474523668985310E-01,
     1.9436210943500415E-01,
    -2.0338964293178227E-01
  ],
  "coordination numbers": [
     2.6542577927239916E+00,
     1.9800187615957743E+00,
     1.9771810677821842E+00,
     2.6143015087787500E+00,
     9.5155296722636074E-01
  ]
}
