{
  "version":  "0.2.0",
  "energy":    -1.1198783246670611E-02,
  "charges": [
     1.5173714384916590E-01,
    -2.2301973001471029E-01,
     7.1282586165544393E-02
  ],
  "coordination numbers": [
     1.9742681967358928E+00,
     1.9426289165825166E+00,
     1.9307817073818567E+00
  ]
}
