{
  "version":  "0.2.0",
  "energy":    -1.0380781407165501E-01,
  "charges": [
     6.0698755350895039E-01,
    -3.0349470707478171E-01,
    -3.0349284643416868E-01
  ],
  "coordination numbers": [
     1.9963678677617862E+00,
     9.9867692928674945E-01,
     9.9867676391945448E-01
  ]
}
