{
  "version":  "0.2.0",
  "energy":     5.3815091296170936E-01,
  "charges": [
     6.1429774317319952E-01,
     3.6527175133329165E-01,
     2.0430505493508860E-02
  ],
  "coordination numbers": [
     1.9406222564832811E+00,
     9.7485754247647716E-01,
     1.0247369406919660E+00
  ]
}
