{
  "version":  "0.2.0",
  "energy":    -5.1799710054193232E-02,
  "charges": [
     3.9280804251266715E-01,
    -3.9280804251266715E-01
  ],
  "coordination numbers": [
     9.9873344460330937E-01,
     9.9873344460330937E-01
  ]
}
