{
  "version":  "0.2.0",
  "energy":     1.4465258996874359E+00,
  "charges": [
     8.2975840309823523E-01,
    -6.0097566717375384E-01,
    -1.0179600552630230E-02,
    -2.1975380527542776E-02,
    -4.4968035854025357E-01,
    -1.8728503795477858E-02,
    -6.9075724183900178E-03,
    -6.0618573985284219E-01,
     2.6432364839924521E-01,
     2.7246351555628612E-01,
     1.4464523529953441E-01,
     1.6467614170970518E-01,
     1.5716336065695002E-01,
     1.4511065862377398E-01,
     2.4954156742465045E-01,
     1.5420591886723700E-01,
     1.6093305219649146E-01,
     1.3662995735969413E-01,
     1.6609768554215082E-01,
     2.7251289959291664E-01,
     2.7636023678945015E-01,
    -9.2270560394690504E-03,
    -2.4434921298052581E-02,
     6.3388162633859241E-02,
    -3.7711768560720915E-01,
     5.8938160296724051E-02,
    -2.0490876274785103E-02,
     1.9988782026439383E-01,
     1.8247808291103562E-01,
     1.5546938319140652E-01,
     1.4225193437610981E-01,
     1.8831974944751997E-01,
    -2.2213283440163989E-02,
    -3.1942183097670473E-01,
     3.0188352413800490E-01,
    -2.8543881464382381E-01,
    -6.1528178618580454E-02,
    -2.8831644447168769E-01,
    -6.7122455137992643E-02,
     1.7941820311731357E-01,
     1.7540935935722438E-01,
     1.7801774162370887E-01,
     1.5466273862389818E-01,
     1.6235553479135853E-01,
     1.7570738825675053E-01,
     1.4162177443945173E-01,
     1.7202725690267900E-01,
     1.6368527388160037E-01
  ],
  "coordination numbers": [
     6.8622668056343157E+00,
     3.9228407187962695E+00,
     4.0668193595657449E+00,
     4.0594545281761167E+00,
     3.8990572385177593E+00,
     4.0459270535871124E+00,
     4.1644044748455880E+00,
     3.9266655770169008E+00,
     1.0003959260149742E+00,
     9.9871754034681004E-01,
     9.9143198904911323E-01,
     9.9146312038562545E-01,
     9.9130545047252383E-01,
     9.9123021898078445E-01,
     9.9976479337584045E-01,
     9.9142423935497881E-01,
     9.9135079494797740E-01,
     9.9116787269051443E-01,
     9.9141338091321707E-01,
     9.9819981253133783E-01,
     9.9833619138380669E-01,
     3.0218586928788413E+00,
     3.0080478419635499E+00,
     3.1953497667667552E+00,
     2.9831764712320226E+00,
     3.1804257560058273E+00,
     3.0076754204264535E+00,
     9.9268456588992393E-01,
     9.9290921907179008E-01,
     9.9235675393996292E-01,
     9.9219555986042707E-01,
     9.9288017295318465E-01,
     4.1151974408583651E+00,
     1.9833962563465493E+00,
     4.1033106602444445E+00,
     2.9389815540351218E+00,
     4.1207445881608544E+00,
     2.9409585029129346E+00,
     4.1249370362218718E+00,
     9.9232078934188106E-01,
     9.9181211109204348E-01,
     9.9232417075011181E-01,
     9.9221835348826914E-01,
     9.9195054319598785E-01,
     9.9177876192920511E-01,
     9.9220155063203830E-01,
     9.9167498017572608E-01,
     9.9191615011580136E-01
  ]
}
