{
  "version":  "0.2.0",
  "energy":     3.0853929547980430E-01,
  "charges": [
     6.9135487545487107E-01,
    -1.3324713605618799E-01,
     7.9453892823131866E-02,
     4.1227647017442859E-02,
    -3.3487687887772566E-01,
     5.4384531637425959E-02,
     7.9276576803644194E-02,
    -3.3624651665461758E-01,
     1.4805244598870831E-01,
     1.3232572670091930E-01,
     1.4952493926190896E-01,
     1.4839233000956603E-01,
    -5.2444907261695706E-02,
    -1.2937738957718181E-01,
    -1.2935025341918205E-01,
    -4.5850025546640305E-02,
    -2.8134153520580779E-01,
     1.2256646704651121E-01,
     1.2235229475726520E-01,
     1.2678301176177406E-01,
     1.2365228401363554E-01,
     1.2335344488326849E-01,
     1.2761488170777702E-01,
     1.2589291149585921E-01,
     1.3456259683586616E-01,
    -2.1747279789346829E-01,
     2.0978069280347145E-01,
    -3.6794805277881060E-01,
    -2.1313808444604676E-01,
    -2.0977504542197878E-01,
     1.2197223998805490E-01,
     1.3267187773582645E-01,
     1.3196502268866286E-01,
     1.2318237002842577E-01,
     1.4805947639731826E-01,
     1.3165594146582338E-01,
     1.2211449556112530E-01,
     1.3230814956986475E-01,
     1.4981220263818495E-01,
    -6.8188731300241279E-02,
    -2.1587410844513841E-01,
    -1.9916186419160534E-01
  ],
  "coordination numbers": [
     6.8307969463428355E+00,
     9.9283858192542773E-01,
     3.0734958887963568E+00,
     3.1555287856132770E+00,
     2.9353487807056977E+00,
     3.1464659725613568E+00,
     3.0734177861827625E+00,
     2.0151467292179932E+00,
     9.9256335385745142E-01,
     9.9272923006699632E-01,
     9.9273828519081153E-01,
     9.9254412426670502E-01,
     4.1236760446883487E+00,
     3.9852580190497093E+00,
     3.9826105485399728E+00,
     4.1070723265900675E+00,
     2.9335535710278000E+00,
     9.9126008455526371E-01,
     9.9176122152295942E-01,
     9.9155898503333884E-01,
     9.9197899656060073E-01,
     9.9196913595043679E-01,
     9.9143803022998167E-01,
     9.9130462326625501E-01,
     9.9201053770517511E-01,
     3.9577232331632040E+00,
     4.3643966605187128E+00,
     1.9884523984245774E+00,
     3.9574702029074977E+00,
     3.9574441175312263E+00,
     9.9347713918834391E-01,
     9.9429783564366137E-01,
     9.9424796769784773E-01,
     9.9349850084792024E-01,
     9.9463264100526771E-01,
     9.9397646606735357E-01,
     9.9352253875383134E-01,
     9.9412537021095471E-01,
     9.9397565764930995E-01,
     2.6383311384700416E+00,
     1.9292973993693536E+00,
     1.9504063972029799E+00
  ]
}
