{
  "version":  "0.2.0",
  "energy":    -8.6041281977405393E-01,
  "charges": [
     8.0569545023956968E-01,
    -1.2333383678380833E-01,
    -4.6956711737411166E-01,
     5.8066659815652288E-02,
     5.7999949257761849E-02,
     6.3323527988725412E-02,
    -6.5827662886094485E-01,
     2.4002121097142659E-01,
    -4.2503137484894249E-01,
    -5.4889784040532852E-01
  ],
  "coordination numbers": [
     4.0211064231474971E+00,
     4.0045488263238287E+00,
     1.9920687103962322E+00,
     9.8904535914187441E-01,
     9.8906998981586547E-01,
     9.8922285125011555E-01,
     1.9908771743681308E+00,
     9.9966988108638510E-01,
     9.9726277528671847E-01,
     9.8545140013845245E-01
  ]
}
