{
  "version":  "0.2.0",
  "energy":    -2.9694931736965566E-02,
  "charges": [
     3.1885143592880266E-01,
    -1.0630402601424990E-01,
    -1.0625193960072402E-01,
    -1.0629547031382874E-01
  ],
  "coordination numbers": [
     2.9351457514014001E+00,
     9.7990357438250353E-01,
     9.7968108315315217E-01,
     9.7988332978821013E-01
  ]
}
