{
  "version":  "0.2.0",
  "energy":    -2.8694250312094449E-01,
  "charges": [
     7.5299267359877931E-01,
    -8.7309560165016981E-02,
    -8.8473605203381211E-02,
    -7.1788326942244421E-02,
     1.0297001728041447E-02,
    -7.7587016250786317E-02,
    -9.1353128568584310E-02,
     2.5825010604466203E-01,
    -3.3440487032374960E-01,
    -3.6234061759307495E-01,
     1.2276252119213608E-01,
     1.2514617882950718E-01,
     1.4540360199281629E-01,
     1.3866555174166345E-01,
     1.2275489178146150E-01,
    -1.3092102627565777E-01,
     1.7145882009595231E-01,
    -3.8447571366720740E-01,
    -8.4617303076095773E-02,
    -8.4998519507546541E-02,
    -7.9459085466820345E-02,
     7.8454941767624152E-03,
    -6.7439768610944736E-02,
    -8.6581954454914983E-02,
     2.6582454032397168E-01,
    -3.1045196393993746E-01,
    -4.1534371943716153E-01,
     1.2327191462744320E-01,
     1.2566279426014018E-01,
     1.2772053414891804E-01,
     1.5530822279678164E-01,
     1.2373217999173938E-01,
     2.5794325785879491E-01,
     8.9845821857909888E-02,
    -3.6733992756435657E-01
  ],
  "coordination numbers": [
     6.4144801855134688E+00,
     3.0143752628462073E+00,
     3.0125491436034197E+00,
     3.0162562316233092E+00,
     3.0200726835253340E+00,
     3.0162865187457983E+00,
     3.0122908819656242E+00,
     3.9269595726239448E+00,
     1.9893980631932546E+00,
     1.9905530659327981E+00,
     9.9280811129455770E-01,
     9.9289810955776936E-01,
     9.9293397124835803E-01,
     9.9290211006162554E-01,
     9.9288272250289467E-01,
     1.0115498582312217E+00,
     2.1537699031439024E+00,
     2.0066806521591927E+00,
     3.0146221767183814E+00,
     3.0119209618103362E+00,
     3.0148993279966794E+00,
     3.0189536023704449E+00,
     3.0189945266945042E+00,
     3.0120160394203390E+00,
     3.4264738389780449E+00,
     1.9889854734699846E+00,
     1.9897743671090611E+00,
     9.9283169092359014E-01,
     9.9296099282058226E-01,
     9.9287097370949073E-01,
     9.9333095563658169E-01,
     9.9289704514593424E-01,
     9.9090338477627427E-01,
     1.1471565560564070E+00,
     1.9959390135090773E+00
  ]
}
