{
  "version":  "0.2.0",
  "energy":     1.4859810265554401E+00,
  "charges": [
     8.3842779268863810E-01,
    -5.8334610238804663E-01,
     1.9434860708977153E-02,
    -1.9903790932092047E-03,
    -4.4290067660723231E-01,
     1.3846133636744584E-03,
     1.4263301946712437E-02,
    -5.8366917935605955E-01,
     3.1012743490950745E-01,
     3.1210558901459073E-01,
     1.6086945318057697E-01,
     1.9590642942540329E-01,
     1.7450479194305363E-01,
     1.8693234891299904E-01,
     2.7722212472334984E-01,
     1.8220586253914525E-01,
     1.8225022378496192E-01,
     1.6815152957196319E-01,
     1.9698985523436824E-01,
     3.0802151953340051E-01,
     3.0507972121335114E-01,
    -4.8172849102077586E-02,
     1.9322233728840507E-01,
    -3.3450726780975282E-01,
     2.1896129858183599E-01,
     2.2122002560208179E-01,
     2.1800059999777802E-01,
    -7.1662320773806321E-01,
     3.4341432960526130E-01,
     3.4395375209046480E-01,
     3.3855986623394119E-01
  ],
  "coordination numbers": [
     5.7148166005886507E+00,
     3.9484217396257755E+00,
     4.3099024774501249E+00,
     4.1061894594443702E+00,
     3.9321122567924691E+00,
     4.1328541058143635E+00,
     4.1280958349181525E+00,
     3.9433057635305149E+00,
     1.0025908324490018E+00,
     1.0026290983909183E+00,
     9.9179803617469187E-01,
     9.9137414589696338E-01,
     9.9149866329001135E-01,
     9.9139538810516736E-01,
     1.0066192094830493E+00,
     9.9131609524171527E-01,
     9.9118219053625278E-01,
     9.9145918478394712E-01,
     9.9151315001991680E-01,
     1.0011896929774480E+00,
     1.0085707094644318E+00,
     3.9564462007965391E+00,
     2.0457824710418313E+00,
     1.9878924108183584E+00,
     9.9105387768906628E-01,
     9.9102980825821074E-01,
     9.9106647022334649E-01,
     3.9269996524102488E+00,
     9.9915462768471208E-01,
     9.9930182459960015E-01,
     9.9742592844484790E-01
  ]
}
