{
  "version":  "0.2.0",
  "energy":     1.0401126087188544E+00,
  "charges": [
     7.4325799508993140E-01,
    -3.4868046965084448E-01,
     7.7600109364296399E-02,
    -1.9504408114511151E-02,
    -1.7967465875952882E-02,
    -3.8817824484104424E-02,
     1.4295989572479428E-01,
     1.4429219533872131E-01,
    -3.9244505103000982E-02,
    -1.9022171704878466E-02,
    -2.3302872281988574E-02,
     7.5918054415041999E-02,
    -3.5445756644280940E-01,
     1.6487807776723196E-01,
     1.8702306970534177E-01,
     1.9036408889871662E-01,
     1.5967936698267765E-01,
     1.5950455710066402E-01,
     1.8957603970076356E-01,
     1.8399229524794297E-01,
     1.5701652962236298E-01,
    -5.2280962158148397E-02,
    -4.2278122304288535E-01,
     1.7431497876590615E-01,
     1.6401914444984822E-01,
     1.8099173754430181E-01,
     2.8323985380632744E-01,
    -4.2568520665746512E-02
  ],
  "coordination numbers": [
     4.9021514710660252E+00,
     2.9998555489670675E+00,
     3.2188846727913347E+00,
     3.0084679572691497E+00,
     3.0216837473970308E+00,
     3.0122084192661829E+00,
     3.2928249250873058E+00,
     3.3140615436548497E+00,
     3.0124344385726642E+00,
     3.0216822106413561E+00,
     3.0086371827021381E+00,
     3.2848570757615239E+00,
     3.0048788281968664E+00,
     9.9240289285365790E-01,
     9.9298152682863083E-01,
     9.9280377208711545E-01,
     9.9319567884562510E-01,
     9.9320507865346386E-01,
     9.9280999419134996E-01,
     9.9299439501279707E-01,
     9.9291139216476498E-01,
     3.9945575102424575E+00,
     2.9475523208245642E+00,
     9.9208786240419844E-01,
     9.9211938355140372E-01,
     9.9205985668758245E-01,
     1.0095279362764176E+00,
     9.9825858633240649E-01
  ]
}
