{
  "version":  "0.2.0",
  "energy":     9.5880634984852198E-01,
  "charges": [
     5.4548079894694412E-01,
    -5.8035009671122662E-01,
    -1.3277551435514789E-02,
    -3.1384783361091018E-02,
    -4.1585387006027946E-01,
    -2.8936370164934111E-02,
    -1.7198296698580473E-02,
    -5.7542178445215353E-01,
     2.6206284155789439E-01,
     2.4959272923800352E-01,
     1.2884278240656477E-01,
     1.3957047630957167E-01,
     1.3225282758712276E-01,
     1.4082268068349518E-01,
     2.3915957035818142E-01,
     1.3529634634644080E-01,
     1.4161659135442278E-01,
     1.3530241488355918E-01,
     1.4214469970922144E-01,
     2.5605689417579175E-01,
     2.6023403455151095E-01,
    -2.0273906958162041E-01,
     5.0029052764428775E-02,
    -2.0400107820015076E-01,
    -2.0235124390951267E-01,
     1.4736297305319201E-01,
     1.4224997499516698E-01,
     1.4003667868716071E-01,
     1.4684509935901063E-01,
     1.3745118076840349E-01,
     1.3952028767905111E-01,
     1.4803675467738639E-01,
     1.4007780591070701E-01,
     1.4313349472239018E-01,
    -3.9031702401091689E-02,
    -3.8234280963963169E-01,
     1.4581706940621411E-01,
     1.5027741095272473E-01,
     1.5361518553122622E-01
  ],
  "coordination numbers": [
     5.3908070382405562E+00,
     3.9190162520486345E+00,
     4.2347740138478756E+00,
     4.0470951869783196E+00,
     3.8918022813383288E+00,
     4.0626226898965161E+00,
     4.0976701062578593E+00,
     3.9101398985959293E+00,
     9.9779307461553302E-01,
     9.9851687265451972E-01,
     9.9201912777520729E-01,
     9.9135435260142923E-01,
     9.9146669408587762E-01,
     9.9135676619718183E-01,
     1.0050897713715505E+00,
     9.9124440094249699E-01,
     9.9131648169218867E-01,
     9.9121495180788255E-01,
     9.9141338657520173E-01,
     9.9733322565209104E-01,
     1.0002682471562361E+00,
     3.9564002084848182E+00,
     3.9169460610861409E+00,
     3.9566554756183336E+00,
     3.9564336714504451E+00,
     9.9267393580261754E-01,
     9.9273198413978836E-01,
     9.9277589369201280E-01,
     9.9262074842825676E-01,
     9.9287077832440040E-01,
     9.9270071409132399E-01,
     9.9273333900718264E-01,
     9.9280905144272236E-01,
     9.9282991895785688E-01,
     4.0464808534896406E+00,
     1.9910143544265111E+00,
     9.9158227327745507E-01,
     9.9163318307667314E-01,
     9.9158274814863212E-01
  ]
}
