{
  "version":  "0.2.0",
  "energy":    -2.6276490600856084E-01,
  "charges": [
     7.8465112171476870E-01,
     1.8138433467011936E-01,
    -2.1006015655897647E-01,
    -1.7782524631104213E-01,
    -1.9322681529214081E-01,
    -7.1806403947520026E-01,
     2.9905260468283390E-01,
     2.9945666142167532E-01,
     3.0225577878834281E-01,
    -2.5605708386658632E-01,
     7.8273998422825716E-02,
    -1.9991859675742107E-01,
    -1.3757098650583133E-01,
     1.2918860445888314E-01,
    -3.0257211929776656E-01,
     1.4160671602010000E-01,
     1.4562502022868695E-01,
     1.4871022930341421E-01,
    -2.7598357713776472E-02,
    -1.5303871959237389E-01,
    -1.3427294834053485E-01
  ],
  "coordination numbers": [
     7.2765740751211920E+00,
     3.6384852112430508E+00,
     1.0016331518104700E+00,
     1.9517437449597752E+00,
     1.9453867768499560E+00,
     3.9265244629533944E+00,
     9.9950718888858336E-01,
     1.0006513809213429E+00,
     9.9993530473951608E-01,
     2.0006247244616047E+00,
     2.0412895385868106E+00,
     1.0056639586899490E+00,
     3.9584658621710993E+00,
     2.0021133734922243E+00,
     1.8955613585411211E+00,
     9.9192273567938205E-01,
     9.9185589483505154E-01,
     9.9184199982823440E-01,
     2.5926903643936363E+00,
     1.9409665359455506E+00,
     1.9467013334965095E+00
  ]
}
