{
  "version":  "0.2.0",
  "energy":     9.3546532127420345E-01,
  "charges": [
     9.0375064268273375E-01,
     1.8116985510828534E-01,
    -1.5274481825191799E-01,
    -2.5321464136459526E-01,
    -2.2662787681090543E-01,
    -5.4999072105960911E-01,
     3.4674593269128473E-01,
    -1.8409023025697668E-01,
     5.9949640018001071E-02,
    -1.7052531162547668E-01,
    -1.6994359514210244E-01,
     1.6589584155627948E-01,
     1.6096821635348885E-01,
     1.6173057900581106E-01,
     1.6612680880733255E-01,
     1.6313088276291998E-01,
     1.7573282612970192E-01,
     1.6584429788023183E-01,
     1.8032564973341836E-01,
     1.6850068077484751E-01,
    -9.3178620295262804E-03,
    -1.5419290783881351E-02,
     9.4141646901937201E-02,
    -3.5467559917845842E-01,
     9.2371447617736191E-02,
    -1.6420596968300311E-02,
     1.9564339598439470E-01,
     1.8840596455017650E-01,
     1.7643498346042147E-01,
     1.6679891727165280E-01,
     1.8930233418109460E-01
  ],
  "coordination numbers": [
     6.1967973993003085E+00,
     3.8107723306481427E+00,
     1.0012049145145010E+00,
     1.9857237191951853E+00,
     1.9909034398387382E+00,
     1.9912130673071742E+00,
     1.0219126194691937E+00,
     3.9570317494664842E+00,
     3.9575702205971828E+00,
     3.9583903718799576E+00,
     3.9575525007897214E+00,
     9.9303852860796127E-01,
     9.9278710370668133E-01,
     9.9285475299913006E-01,
     9.9319111917220138E-01,
     9.9336628581942410E-01,
     9.9330760947367125E-01,
     9.9310360331077696E-01,
     9.9291620894835741E-01,
     9.9280171397619199E-01,
     3.0225470661650693E+00,
     3.0087771310526898E+00,
     3.2237675566169228E+00,
     2.9987736483993395E+00,
     3.4228523328189446E+00,
     3.0079376524808250E+00,
     9.9274665312892640E-01,
     9.9294713558883174E-01,
     9.9296543434034401E-01,
     1.0007208973973363E+00,
     9.9295008907857873E-01
  ]
}
