{
  "version":  "0.2.0",
  "energy":     3.8226456759615324E-01,
  "charges": [
     7.0624055503594718E-01,
    -5.5580712814377466E-02,
    -6.0229965806210928E-02,
    -5.3612334490654057E-02,
     2.2975648993479175E-02,
    -5.2267051908531759E-02,
    -5.9377189689654913E-02,
     2.6524477734544016E-01,
    -3.3294278842154812E-01,
    -3.4215723590424635E-01,
     1.5497793865942855E-01,
     1.5382710835018473E-01,
     1.6034830632014313E-01,
     1.6073661681684870E-01,
     1.5454844828830136E-01,
    -5.4056594879559994E-01,
     2.8964250487428039E-01,
     2.9230133645364759E-01,
    -5.0953657537406855E-02,
    -5.3125661144875394E-02,
     5.7834207451885278E-02,
    -3.3760000416893304E-01,
     5.7416024437342977E-02,
    -5.7072676211116349E-02,
     1.5387851934603394E-01,
     1.5078051728957076E-01,
     1.4944500310555553E-01,
     1.4902801219761891E-01,
     1.4680086231351114E-01,
    -2.3054116038606429E-01
  ],
  "coordination numbers": [
     5.8901599604221033E+00,
     3.0148527283124942E+00,
     3.0118092730044843E+00,
     3.0167356309662647E+00,
     3.0198262066292880E+00,
     3.0162333573528644E+00,
     3.0119160153527531E+00,
     3.8558512892088164E+00,
     1.9700914975703538E+00,
     1.9809935243951022E+00,
     9.9283505475995693E-01,
     9.9293986594345007E-01,
     9.9295604929418868E-01,
     9.9298486822230370E-01,
     9.9293977038330539E-01,
     2.9380344178206599E+00,
     9.9381530425325337E-01,
     1.0208877471571265E+00,
     3.0229116745374691E+00,
     3.0097535977017840E+00,
     3.1342824810793113E+00,
     2.9785426205499315E+00,
     3.2084577751511691E+00,
     3.0097343056016665E+00,
     9.9284470347957132E-01,
     9.9303605245643745E-01,
     9.9254263138861010E-01,
     9.9279207654651724E-01,
     9.9303383703693093E-01,
     9.9825580390226509E-01
  ]
}
