{
  "version":  "0.2.0",
  "energy":    -2.0028893163914065E+00,
  "charges": [
    -8.3171231435423387E-01,
    -2.1682876856457662E+00
  ],
  "coordination numbers": [
     9.9937328475946252E-01,
     9.9937328475946252E-01
  ]
}
