{
  "version":  "0.2.0",
  "energy":    -4.0976879960598359E-02,
  "charges": [
     4.3992986304845477E-01,
    -1.8862237339626742E-01,
    -3.2358284097811107E-02,
    -1.8824460693472972E-01,
    -3.0704598619646528E-02
  ],
  "coordination numbers": [
     3.9461361643159609E+00,
     9.9503738553145471E-01,
     1.6989874899456483E+00,
     9.9512315239998017E-01,
     1.6990465665298764E+00
  ]
}
