{
  "version":  "0.2.0",
  "energy":    -2.1941418555327163E-01,
  "charges": [
     6.1761875379581554E-01,
    -3.3113594259142121E-01,
     4.6480343732698493E-02,
    -2.9855163407434787E-01,
    -2.5741595950061458E-01,
    -5.5337419208207853E-02,
    -1.4328776064614507E-01,
    -1.4538374458842024E-01,
    -3.9064086060373635E-02,
    -2.7477184094213308E-01,
     1.1152535177680388E-01,
     1.2057673034580772E-01,
     1.1440996323295155E-01,
     1.0269049655687608E-01,
     1.0567608171984877E-01,
     1.1173405280676495E-01,
     1.3171700844773077E-01,
     1.2211145393470210E-01,
    -8.4480310680474818E-02,
    -8.5001784256571539E-02,
     5.0179833865962184E-02,
    -3.4385857217937726E-01,
     3.6238861616749260E-02,
    -8.6708771988314073E-02,
     1.2047671286638989E-01,
     1.2107643869420966E-01,
     1.4182771739065941E-01,
     1.2992686327384287E-01,
     1.1784596358768601E-01,
    -1.5711480092909796E-01
  ],
  "coordination numbers": [
     5.7646274118411016E+00,
     2.0026081073467621E+00,
     2.1216590573446839E+00,
     1.0055072276565866E+00,
     9.9602848081972883E-01,
     4.1385663921436686E+00,
     3.9843163585733423E+00,
     3.9856352900582763E+00,
     4.2378848439376027E+00,
     2.9575195999592427E+00,
     9.9127853149457046E-01,
     9.9199935362321590E-01,
     9.9142728845732186E-01,
     9.9191263889891612E-01,
     9.9192301994163135E-01,
     9.9149510635717508E-01,
     9.9137653028400141E-01,
     9.9597655431132104E-01,
     3.0226198920773628E+00,
     3.0108604844207250E+00,
     3.2938398798403510E+00,
     2.9883853253833692E+00,
     3.2201830803488347E+00,
     3.0109613001370432E+00,
     9.9283026746004488E-01,
     9.9304818159161901E-01,
     9.9456391507281516E-01,
     9.9281287445034039E-01,
     9.9302904062248665E-01,
     9.9727371036038193E-01
  ]
}
