{
  "version":  "0.2.0",
  "energy":     2.0222351773530933E+00,
  "charges": [
     9.5602813692898359E-01,
    -1.3966242142954521E-01,
     2.0200202641663578E-01,
    -3.7328109631775569E-01,
    -1.3673332341543243E-01,
    -1.3774248140089362E-01,
     1.9020533231661940E-01,
     2.0145694513488016E-01,
     1.9706379040930350E-01,
     1.9696544519615217E-01,
     2.0188054690853216E-01,
     1.9606378329144303E-01,
     1.9443713622401476E-01,
     1.9779279031931396E-01,
     2.0190494556667632E-01,
     3.3658475467179816E-02,
     2.8610872651595565E-02,
    -1.2233326946174961E-03,
     5.3842583723475917E-02,
     3.7801088698309893E-03,
     2.1940045615776171E-02,
     2.9400001620913935E-01,
    -2.7244292150113880E-01,
    -3.8277117051503656E-01,
     2.4587529636629174E-01,
     2.4047522376280311E-01,
     2.0703565223542836E-01,
     2.0288439344050713E-01,
     2.3380833945616708E-01,
     3.2839564030639024E-01,
    -5.1897630581334542E-01,
     3.4475851167544186E-01,
     3.4489945282539047E-01,
    -5.1611777197231912E-01,
     3.3406809719743402E-01,
     3.5173350256319053E-01,
    -7.2440982262755693E-01,
     3.3118144282875506E-01,
     3.3951000521296426E-01,
     3.2710210856732430E-01
  ],
  "coordination numbers": [
     5.0644643565949323E+00,
     3.9571150863079634E+00,
     4.2620302526649976E+00,
     1.9951311725588550E+00,
     3.9571400082166370E+00,
     3.9571328006795321E+00,
     9.9358913209492705E-01,
     9.9440656619100931E-01,
     9.9361734286566339E-01,
     9.9373545206379887E-01,
     9.9439682470630508E-01,
     9.9367410079170515E-01,
     9.9359853581379909E-01,
     9.9364133195575732E-01,
     9.9443516417824629E-01,
     2.9982589426234352E+00,
     3.0081887710325583E+00,
     3.0083532889869780E+00,
     3.0002814838352441E+00,
     3.0122098563038548E+00,
     3.0071974035086333E+00,
     3.0172680354432924E+00,
     1.8990749928463782E+00,
     1.9907443602467874E+00,
     9.9249074811768700E-01,
     9.9217455408224087E-01,
     9.9225524530928677E-01,
     9.9260362727784468E-01,
     9.9238815429325822E-01,
     9.9224337393513640E-01,
     2.9446430244223620E+00,
     9.9775149553633113E-01,
     9.9597695641183659E-01,
     2.9493661855107236E+00,
     9.9680943854350179E-01,
     1.0026781408576513E+00,
     3.9253706033070888E+00,
     1.0004532381038400E+00,
     9.9863980909832861E-01,
     1.0011693602472169E+00
  ]
}
