{
  "version":  "0.2.0",
  "energy":     1.4920592288306294E+00,
  "charges": [
     8.1385069694711443E-01,
    -5.7435518820722442E-01,
     4.2822223134690862E-03,
    -8.7979319554483126E-03,
    -4.4213786230634811E-01,
    -8.3067646840679910E-03,
     1.1100742633887717E-02,
    -5.7345083216780879E-01,
     3.0549126883263544E-01,
     3.0259535431381201E-01,
     1.8137214661967666E-01,
     1.6139990913237467E-01,
     1.6360122922310988E-01,
     1.6873707365653753E-01,
     2.6390325372999135E-01,
     1.7718168345284896E-01,
     1.6653126371285912E-01,
     1.8746030077193815E-01,
     1.5935051175582443E-01,
     3.0332171268873209E-01,
     3.1195086559879837E-01,
     1.2019971264569440E-02,
     6.1271891866916395E-03,
    -1.9277582849130948E-02,
     4.3636756908103314E-02,
    -1.0949868529293361E-02,
     8.2009667709193046E-04,
     2.7230266311450857E-01,
    -3.2777949932478473E-01,
    -3.8816073267036943E-01,
     2.2302904340153157E-01,
     2.2012658496554899E-01,
     1.8215747909381647E-01,
     1.9186617999261291E-01,
     2.1533376101955268E-01,
     3.0366630168683939E-01
  ],
  "coordination numbers": [
     4.6270017025003201E+00,
     3.9294166292281290E+00,
     4.0876376724790138E+00,
     4.1512708471810233E+00,
     3.9253476401771046E+00,
     4.0706427072992284E+00,
     4.1761612252588005E+00,
     3.9188187225836026E+00,
     9.9729211271975515E-01,
     1.0125712825413968E+00,
     9.9149039797024852E-01,
     9.9162640949415248E-01,
     9.9120396956788159E-01,
     9.9127077242480865E-01,
     1.0025519902154736E+00,
     9.9138462546005712E-01,
     9.9140115736054835E-01,
     9.9128438604273938E-01,
     9.9120440145946986E-01,
     9.9755291944303615E-01,
     9.9733538893468854E-01,
     3.0157501491833747E+00,
     3.0069539949221440E+00,
     3.0145658256077850E+00,
     3.0157877312023835E+00,
     3.0162912981628489E+00,
     3.0074142868469051E+00,
     3.1120564300750377E+00,
     1.9931107976188782E+00,
     1.9919707948001459E+00,
     9.9267306081741946E-01,
     9.9289502321079315E-01,
     9.9238784907484145E-01,
     9.9302146435475347E-01,
     9.9293086883548742E-01,
     9.9225534302000273E-01
  ]
}
