{
  "version":  "0.2.0",
  "energy":    -1.0523948543744086E+00,
  "charges": [
     9.0333269902402336E-01,
    -1.2943194217148696E-01,
    -1.3029877138368073E-01,
    -1.0497107344814688E-01,
    -3.2509945595442513E-03,
    -1.0195345281334517E-01,
    -1.2971622047187156E-01,
     2.5485258922190013E-01,
    -3.4320313552893456E-01,
    -3.7001254246286069E-01,
     8.0184386173129785E-02,
     8.2944684514176970E-02,
     1.1307368103658169E-01,
     1.1809996529374796E-01,
     8.3562012801368685E-02,
    -2.1579241416130815E-01,
     9.0602836199154380E-02,
    -1.0000579323536156E-01,
     8.9297867231488443E-02,
    -3.3299432780150096E-01,
    -2.1908512467136806E-01,
    -3.1586637243463450E-01,
     6.9684689862311772E-02,
     9.5044478905638302E-02,
     9.6033452555799689E-02,
     7.9967102671092513E-02,
     7.0278840293564251E-02,
     9.6321940998357128E-02,
     8.8330522002536896E-02,
    -2.1578882022801665E-01,
     9.0476030529510587E-02,
    -9.9885982812226465E-02,
     8.9349212801133976E-02,
    -3.3524439533047184E-01,
    -2.1945289031022136E-01,
    -3.1688324444863269E-01,
     6.9679906401751451E-02,
     9.4293019002722009E-02,
     9.6712956009653156E-02,
     7.9974079234168730E-02,
     7.0270067388407881E-02,
     9.5497730351546517E-02,
     8.7904840229301798E-02,
    -1.2953479792741834E-01,
    -1.3036055403605135E-01,
    -1.0548823773318583E-01,
    -3.3395586487480200E-03,
    -1.0188564755657792E-01,
    -1.2987430686445589E-01,
     2.5530504093096473E-01,
    -3.4297854691170576E-01,
    -3.7238383448460594E-01,
     8.0156536383698324E-02,
     8.2884473637225009E-02,
     1.1235674927946790E-01,
     1.1843126623258295E-01,
     8.3522504707290723E-02,
    -5.3850686138024337E-02,
    -1.6851923956175888E-01,
    -1.7033081945444434E-01,
    -5.5784537755477440E-02,
    -2.4092141325361296E-01,
     1.0736998472447655E-01,
     1.2226930207306017E-01,
     8.9147552401122973E-02,
     6.8117044726961312E-02,
     6.9336748841546877E-02,
     8.3222696495639681E-02,
     1.1532524061833986E-01,
     1.1587494681423532E-01
  ],
  "coordination numbers": [
     7.8432061675889377E+00,
     3.0129812308797339E+00,
     3.0120855514315270E+00,
     3.0157774298599973E+00,
     3.0163868980212163E+00,
     3.0161494318352915E+00,
     3.0120981106363276E+00,
     3.6627353154571800E+00,
     1.8632423520624597E+00,
     1.8809978726093464E+00,
     9.9268003714806952E-01,
     9.9269126128169916E-01,
     9.9283536413570062E-01,
     9.9281255635158860E-01,
     9.9268706419484065E-01,
     3.9596434807720966E+00,
     3.0726323113079133E+00,
     2.9961657191128994E+00,
     3.0569186256284313E+00,
     1.9295456038276910E+00,
     3.9594207094354195E+00,
     1.9541102546958289E+00,
     9.9193834402786951E-01,
     9.9160587364780195E-01,
     9.9153547717934654E-01,
     9.9300766988890299E-01,
     9.9192437395570909E-01,
     9.9133137024603002E-01,
     9.9156972452873227E-01,
     3.9595600591502409E+00,
     3.0725600276098799E+00,
     2.9960560743148381E+00,
     3.0548743679639836E+00,
     1.9263005732634246E+00,
     3.9594804798414094E+00,
     1.9546611931011055E+00,
     9.9195112598007906E-01,
     9.9157719422015411E-01,
     9.9152964331239257E-01,
     9.9300574511294482E-01,
     9.9194108412606763E-01,
     9.9136063017233678E-01,
     9.9156278245251528E-01,
     3.0128681038501366E+00,
     3.0121302787505879E+00,
     3.0155458872320535E+00,
     3.0161650697520450E+00,
     3.0163611676013096E+00,
     3.0120386179008678E+00,
     3.6613701811899704E+00,
     1.8646524284534332E+00,
     1.8729170276127824E+00,
     9.9267768018043956E-01,
     9.9269282851750607E-01,
     9.9283106619151251E-01,
     9.9280939459238127E-01,
     9.9268023663539218E-01,
     4.0357376321420046E+00,
     3.9836141534519802E+00,
     3.9870520279070965E+00,
     4.0287726449670700E+00,
     2.8248258713312122E+00,
     9.9099721963508802E-01,
     9.9196157685954311E-01,
     9.9124532222806216E-01,
     9.9164495066410829E-01,
     9.9164327814657760E-01,
     9.9124886074646579E-01,
     9.9140567229213605E-01,
     9.9174487988046156E-01
  ]
}
