{
  "version":  "0.2.0",
  "energy":     8.6988404205351155E-01,
  "charges": [
     8.7810560958951522E-01,
    -5.9991060296068466E-01,
    -6.4269346867750210E-03,
    -4.5311128213667007E-03,
    -5.9475914700188748E-01,
     2.6960230770068316E-01,
     2.6813048498461367E-01,
     1.5225967836881796E-01,
     1.4486462168249292E-01,
     1.5308805292709915E-01,
     1.4837296884739679E-01,
     2.7346222210250415E-01,
     2.5279967692324634E-01,
    -2.8228561667195118E-02,
    -3.4783508528951179E-02,
    -3.5673891411160341E-02,
     3.2520742293708951E-02,
    -3.6055500132030377E-02,
    -3.4612670404468346E-02,
     2.6420281576633636E-01,
    -3.6043578779051533E-01,
    -3.6593188555406853E-01,
     1.8310285552106911E-01,
     1.8021483694800938E-01,
     1.7613844890579922E-01,
     1.7631363874235154E-01,
     1.8044791231957694E-01,
    -2.2237288414617605E-02,
    -1.6405189223702410E-01,
    -2.1817712744553908E-02,
    -4.3669669974877212E-01,
     1.5386809035930590E-01,
     1.3581123066415224E-01,
     1.2342863814948740E-01,
     1.6202304759766015E-01,
     1.6115826858736670E-01,
     2.7623704712287739E-01
  ],
  "coordination numbers": [
     7.1593817859173274E+00,
     3.9375135807470443E+00,
     4.0790363096354252E+00,
     4.1272829876296466E+00,
     3.9335372478047370E+00,
     1.0049325339876187E+00,
     1.0271034056302986E+00,
     9.9151585954451171E-01,
     9.9136418964661477E-01,
     9.9125210424377652E-01,
     9.9152310712915614E-01,
     1.0145890398323250E+00,
     1.0012141826481997E+00,
     3.0157160937171019E+00,
     3.0100980638631638E+00,
     3.0163434607178843E+00,
     3.0209825636911249E+00,
     3.0166536815608751E+00,
     3.0100227509787763E+00,
     3.9341380838222175E+00,
     1.9936763912334401E+00,
     1.9942068983942836E+00,
     9.9278654789430032E-01,
     9.9298670721070259E-01,
     9.9293195547716362E-01,
     9.9292345309092145E-01,
     9.9295662924950001E-01,
     9.9777388541543566E-01,
     4.2673126311290730E+00,
     4.0998013786451351E+00,
     2.9532536084652650E+00,
     9.9171733816929475E-01,
     1.0321205326148348E+00,
     1.0020429938425792E+00,
     9.9175688661474126E-01,
     9.9178792546661398E-01,
     1.0064093711843354E+00
  ]
}
