{
  "version":  "0.2.0",
  "energy":    -5.7228490932867093E-01,
  "charges": [
    -3.6782077898737020E-01,
    -3.1608867987140249E-01,
    -3.1609054114122737E-01
  ],
  "coordination numbers": [
     1.8483155956119042E+00,
     9.2455478395760871E-01,
     9.2453630066268122E-01
  ]
}
