{
  "version":  "0.2.0",
  "energy":    -9.7274664335941785E-01,
  "charges": [
     5.5613155514101109E-01,
    -1.6090159341116413E-02,
     2.8059043945201190E-01,
    -4.5679026306090897E-01,
    -3.4766904855500635E-01,
    -5.9211048087962959E-01,
     8.8677918558036473E-02,
     9.8821497047708248E-02,
     2.3235831069772017E-01,
     2.1393640013367551E-01,
    -1.3656378265139318E-01,
    -4.2267554231573190E-01,
     8.0870880037942169E-02,
     9.2202844509185658E-02,
     1.0306196797605947E-01,
     2.3311731561174576E-01,
    -4.8302880841194029E-01,
    -2.4662381912015377E-01,
     2.1509864613927737E-01,
    -3.8641226993522548E-01,
    -2.6757669661196160E-01,
    -2.4565809144199874E-01,
     1.5387307516375925E-01,
     9.6988761696263290E-02,
     7.8898269820647210E-02,
     7.3412846062496900E-02,
     8.8886856064004302E-02,
     9.4418147058877230E-02,
     8.1971107126640880E-02,
     1.0141262564185616E-01,
     1.5099290662680404E-01,
    -1.6572481391842941E-01,
     1.3893121964425847E-01,
    -4.8772981396648607E-01
  ],
  "coordination numbers": [
     6.8592199238060481E+00,
     4.1228657066435428E+00,
     3.2865837637927395E+00,
     1.0005360743319658E+00,
     1.9874269471863659E+00,
     3.9229845570040354E+00,
     9.9086969646601375E-01,
     9.9129292464587859E-01,
     1.1157863762070939E+00,
     9.9834006630019978E-01,
     4.1099536180481770E+00,
     2.8778031424560595E+00,
     9.9078489180796403E-01,
     9.9086622237872035E-01,
     9.9171526973002866E-01,
     1.2487130646391966E+00,
     1.0469173568973753E+00,
     3.9563469425399198E+00,
     4.4380648188524550E+00,
     1.9809268028129585E+00,
     3.9570577258957833E+00,
     3.9570270685899258E+00,
     9.9261197462579709E-01,
     9.9452797066645982E-01,
     9.9316153441034327E-01,
     9.9267228582239131E-01,
     9.9377843576593516E-01,
     9.9402557728381336E-01,
     9.9322211667180671E-01,
     9.9437647244500837E-01,
     9.9290778241478517E-01,
     1.9615657327582596E+00,
     2.0938569582918625E+00,
     1.0066254769251799E+00
  ]
}
