{
  "version":  "0.2.0",
  "energy":    -3.3199710830399243E-02,
  "charges": [
     2.6466594145800865E-01,
    -2.6466594145800865E-01
  ],
  "coordination numbers": [
     9.9690008944789099E-01,
     9.9690008944789099E-01
  ]
}
