{
  "version":  "0.2.0",
  "energy":     1.5497034550536641E+00,
  "charges": [
     6.1839892274818853E-01,
    -1.7962216567111275E-01,
     1.9239486544672180E-01,
    -3.8115284879571409E-01,
    -1.8665805187740403E-01,
    -1.7830292612492915E-01,
     1.6085843013394768E-01,
     1.6098046631804142E-01,
     1.5496194420313719E-01,
     1.6045110863372916E-01,
     1.5053561421593559E-01,
     1.5060074183388650E-01,
     1.6051169544664998E-01,
     1.6169908059386007E-01,
     1.5720914757928275E-01,
    -1.9953493274175160E-01,
     5.0855646914800767E-02,
    -1.9130024700301934E-01,
    -1.8984083272374763E-01,
     1.6057306529283338E-01,
     1.4228267497336219E-01,
     1.3916515677329769E-01,
     1.6101887990183861E-01,
     1.4871534694399183E-01,
     1.5243681272047868E-01,
     1.6006457102829091E-01,
     1.5235379050920142E-01,
     1.4817982830400550E-01,
    -1.1117366906976484E-01,
     1.1279389267788716E-01,
    -3.7989996423562689E-01,
     1.7097220137993446E-01,
     1.7502973714317052E-01,
     1.7140393333939968E-01,
    -2.9262424739298021E-02,
    -2.9922466664734981E-01,
     2.8553299359591283E-01,
    -2.7333158445055522E-01,
    -8.3657759068521520E-02,
    -2.5313787421020423E-01,
    -6.3945280982416919E-02,
     1.7316198931495624E-01,
     1.7579084748744678E-01,
     1.6491169804718334E-01,
     1.2904130393382471E-01,
     1.5791125307112056E-01,
     1.5420664426343234E-01,
     1.5987494305610755E-01,
     1.6058635475734054E-01,
     1.6457964575821785E-01
  ],
  "coordination numbers": [
     5.6613578442420387E+00,
     3.9574863809325480E+00,
     4.1907674050310577E+00,
     1.9931083165486552E+00,
     3.9574561572599869E+00,
     3.9574307643804936E+00,
     9.9396177584395229E-01,
     9.9398720241990990E-01,
     9.9393040570198643E-01,
     9.9397386170336954E-01,
     9.9391612983374866E-01,
     9.9390341808713245E-01,
     9.9392803929134210E-01,
     9.9388175908153009E-01,
     9.9388970565015544E-01,
     3.9565258521192925E+00,
     3.9474282204975113E+00,
     3.9566114914286779E+00,
     3.9566482050906853E+00,
     9.9289185189250073E-01,
     9.9279193434232127E-01,
     9.9286014898217445E-01,
     9.9283346836310393E-01,
     9.9273966667768931E-01,
     9.9275519740207852E-01,
     9.9291006116320979E-01,
     9.9292578788510522E-01,
     9.9282859126065315E-01,
     3.9572249943334450E+00,
     2.0145132533196737E+00,
     1.9721534775537073E+00,
     9.9136145586692503E-01,
     9.9135308238588316E-01,
     9.9139407393607737E-01,
     4.1193774579393665E+00,
     1.9842051601694806E+00,
     4.0985489506731092E+00,
     2.9426728495441212E+00,
     4.1140656393096728E+00,
     2.9381665757453490E+00,
     4.1248776364054915E+00,
     9.9233349641409685E-01,
     9.9233081319601713E-01,
     9.9177978969865066E-01,
     9.9217936171387766E-01,
     9.9194223865004272E-01,
     9.9174981788094918E-01,
     9.9245242724305882E-01,
     9.9176741069959728E-01,
     9.9198814465863006E-01
  ]
}
