{
  "version":  "0.2.0",
  "energy":    -1.5152192182340346E-01,
  "charges": [
     8.3181363196114433E-01,
    -2.7755345030463491E-01,
    -2.7717404124551831E-01,
    -2.7708614041099111E-01
  ],
  "coordination numbers": [
     2.9907822382518692E+00,
     9.9850333707133387E-01,
     9.9845338265197370E-01,
     9.9846078816752115E-01
  ]
}
