{
  "version":  "0.2.0",
  "energy":     9.5128448530636556E-01,
  "charges": [
     6.3394257001449139E-01,
    -1.5455419224061698E-01,
    -3.0854321967236142E-02,
    -3.9172058830039402E-01,
     1.6302084511911125E-01,
     1.6751198689907398E-01,
     1.6170982828664340E-01,
     1.6227646987925129E-01,
     1.6453350579764375E-01,
     2.5934332645800928E-01,
    -7.3917864840707725E-01,
     2.8432664021964960E-01,
     2.9966400867240939E-01,
     3.0017212113694103E-01,
    -3.0546212868738432E-02,
    -3.8905557649309525E-01,
     1.6370339519340682E-01,
     1.5669352503158143E-01,
     1.4926849324786207E-01,
    -1.6591466151778320E-01,
     2.3289149488220154E-01,
    -1.3504084615040296E-01,
    -1.3541189339185700E-01,
    -1.8094135921349508E-01,
     6.0690678852063890E-02,
    -1.9839323323022331E-01,
    -1.9056048832860323E-01,
     1.5568563408724645E-01,
     1.5672379394930677E-01,
     1.7024272508999433E-01,
     1.5360708677461685E-01,
     1.4158690984443578E-01,
     1.4709444428845467E-01,
     1.5422715800687159E-01,
     1.5981840277512285E-01,
     1.4343697760313343E-01
  ],
  "coordination numbers": [
     5.6947150040139451E+00,
     3.9552083442272590E+00,
     3.9606248666857695E+00,
     2.9302267356210532E+00,
     9.9159495820651422E-01,
     9.9172051384271853E-01,
     9.9153419571431112E-01,
     9.9166498330957875E-01,
     9.9184383080791516E-01,
     1.0078800939650296E+00,
     3.9320197514593591E+00,
     1.0004562097049927E+00,
     1.0002453150026014E+00,
     9.9710272865962590E-01,
     4.0150749713675093E+00,
     1.9910732156284121E+00,
     9.9154450531433458E-01,
     9.9155256737410724E-01,
     9.9149435891317239E-01,
     9.9913299162129210E-01,
     3.3387974305378512E+00,
     1.6584177733942100E+00,
     1.8113422108616213E+00,
     3.9568114749210057E+00,
     3.9402752256834699E+00,
     3.9567762842223244E+00,
     3.9571661887283094E+00,
     9.9294880759760762E-01,
     9.9291781613639518E-01,
     9.9315157296784484E-01,
     9.9273200591960542E-01,
     9.9289089367385408E-01,
     9.9272804012710925E-01,
     9.9271785146751856E-01,
     9.9289769582039877E-01,
     9.9292695050006152E-01
  ]
}
