{
  "version":  "0.2.0",
  "energy":     2.5794671818533355E-01,
  "charges": [
     8.8913019609933897E-01,
    -7.5069884103932616E-02,
    -8.0019735750738785E-02,
    -7.3274691288557403E-02,
     7.6825485587999898E-03,
    -7.3268645690311149E-02,
    -8.0904776167665074E-02,
     2.5323628975801993E-01,
    -3.7307687889876573E-01,
    -3.6544458830207194E-01,
     1.3676451285324115E-01,
     1.3590173384481294E-01,
     1.4424737285367226E-01,
     1.3929387251370684E-01,
     1.3441617675380463E-01,
    -5.6750348241419490E-01,
     2.9713737758342962E-01,
    -2.0395356397631900E-01,
    -5.3854919927300973E-02,
    -4.1792334356598004E-01,
     1.1782547829494541E-01,
     1.1725455955178625E-01,
     1.2222675362550706E-01,
     1.2071352142743975E-01,
     1.4544518429188852E-01,
     2.3525051843147426E-01,
    -1.9700633553130947E-01,
    -6.1178648254344228E-03,
    -3.9973206515668774E-01,
     1.1635585391067105E-01,
     1.1734277353586467E-01,
     1.2828550423320087E-01,
     1.2735233181748989E-01,
     1.3138169529424976E-01,
    -4.7947387818274803E-02,
    -1.3500046471545055E-01,
    -1.3390669888886830E-01,
    -4.9268898736520371E-02,
    -2.6783808293346251E-01,
     1.2572928107712467E-01,
     1.2907900442235506E-01,
     1.2044654750656840E-01,
     1.1699604887928805E-01,
     1.1663936862667487E-01,
     1.2444490717814413E-01,
     1.1979203628292191E-01,
     1.3074085948542491E-01
  ],
  "coordination numbers": [
     6.7596490416278154E+00,
     3.0146717750500391E+00,
     3.0119275001300512E+00,
     3.0163837036779615E+00,
     3.0196312303569250E+00,
     3.0161514830568148E+00,
     3.0119283215992274E+00,
     3.8632459857491641E+00,
     1.9761503410721186E+00,
     1.9794226164750039E+00,
     9.9283148726607973E-01,
     9.9292758077098142E-01,
     9.9290745970887428E-01,
     9.9295858436563211E-01,
     9.9292163569283343E-01,
     1.9912576281216889E+00,
     1.0113541389465261E+00,
     3.9551635230814686E+00,
     3.9882887298653769E+00,
     2.9387236134894854E+00,
     9.9174156074428499E-01,
     9.9147298533080441E-01,
     9.9170187407630728E-01,
     9.9152903362781863E-01,
     9.9223743716727153E-01,
     1.0173748966031031E+00,
     3.9550404333391160E+00,
     4.0645660933119041E+00,
     1.9916058578332905E+00,
     9.9175498671407514E-01,
     9.9151139084095963E-01,
     9.9159022091854787E-01,
     9.9112445214603362E-01,
     9.9123303417689002E-01,
     4.0312666148456771E+00,
     3.9860931921487293E+00,
     3.9829884533202211E+00,
     4.1289038736153083E+00,
     2.9235322252682039E+00,
     9.9138739561624067E-01,
     9.9212594353519989E-01,
     9.9148221298186634E-01,
     9.9196855821113150E-01,
     9.9197691700332058E-01,
     9.9149325163110547E-01,
     9.9120981186751855E-01,
     9.9218941849031950E-01
  ]
}
