{
  "version":  "0.2.0",
  "energy":    -8.9790693306817371E-01,
  "charges": [
     7.1668115472407590E-01,
    -1.5199338006089969E-02,
    -3.6904513843258013E-01,
    -2.5337349458798530E-01,
     2.0940096905321137E-01,
    -3.5299339687161246E-01,
    -2.4871442206487282E-01,
    -2.4567577303598531E-01,
     1.1243603266311480E-01,
     1.0012262744829217E-01,
     7.7834450474783962E-02,
     7.9113825230775453E-02,
     1.1280470192524214E-01,
     1.1586422172762076E-01,
     8.0903757709166801E-02,
     1.2027052455241344E-01,
     1.1805241689715273E-01,
    -2.3486086629318192E-01,
     1.4600872904100270E-01,
    -3.9462729149060793E-01,
    -4.3645910442908553E-01,
    -1.5845664199376719E-01,
     1.1740696254201022E-01,
    -3.9749490678309551E-01
  ],
  "coordination numbers": [
     6.9078529453551187E+00,
     1.1447367716841148E+00,
     1.9829214912444000E+00,
     3.9572082935657011E+00,
     4.3569092748379790E+00,
     1.9872629012851197E+00,
     3.9568094557698732E+00,
     3.9566227570941255E+00,
     9.9563717466618762E-01,
     9.9430700311799836E-01,
     9.9300370280951178E-01,
     9.9299608345312951E-01,
     9.9423293339292229E-01,
     9.9500716577137283E-01,
     9.9320298106920291E-01,
     9.9467662450925776E-01,
     9.9474404194525423E-01,
     1.0095703077329707E+00,
     2.2160111034652887E+00,
     1.9894872441869653E+00,
     9.7877049883345979E-01,
     1.8561131396360393E+00,
     2.9026119618419495E+00,
     1.9048268666257249E+00
  ]
}
