{
  "version":  "0.2.0",
  "energy":    -8.3431629849299943E-02,
  "charges": [
     6.4691651641467296E-01,
    -2.1886388985737965E-01,
    -1.0506766615294644E-01,
    -1.0379083632901800E-01,
    -2.1919412407532887E-01
  ],
  "coordination numbers": [
     3.9528230149020258E+00,
     9.9633649519182921E-01,
     1.5883808381288587E+00,
     1.5879029578611377E+00,
     9.9632015606457269E-01
  ]
}
