{
  "version":  "0.2.0",
  "energy":    -3.5209059237935098E-01,
  "charges": [
     7.8243972640038839E-01,
    -8.7854606902135479E-02,
    -9.0062545085731027E-02,
    -7.3015586984400443E-02,
     1.2396954270790975E-02,
    -7.2685580502734035E-02,
    -8.9607535441968061E-02,
     2.5953118338771414E-01,
    -3.2914617152776582E-01,
    -3.2889947473680509E-01,
     1.2180869444136963E-01,
     1.2317963899923111E-01,
     1.4344725356647395E-01,
     1.4401448245001569E-01,
     1.2370722838456732E-01,
    -3.1238179300845059E-01,
     4.7166004120899924E-01,
    -3.2352473490988581E-01,
    -4.1763307200921729E-01,
    -5.0771988213922992E-01,
     3.2009350475214837E-01,
     2.7395307616695053E-01,
    -8.8002631080008775E-02,
    -8.9866780195104357E-02,
    -7.2628935395951902E-02,
     1.1571485813356781E-02,
    -7.4215293287340112E-02,
    -9.0175772847581673E-02,
     2.6329911590031191E-01,
    -3.2636677094187899E-01,
    -3.3158406133887502E-01,
     1.2171605045376650E-01,
     1.2342143887393936E-01,
     1.4398780522768820E-01,
     1.4199634959311602E-01,
     1.2314719844423626E-01
  ],
  "coordination numbers": [
     7.7961837098814666E+00,
     3.0143562088918374E+00,
     3.0123719509883955E+00,
     3.0163267526519340E+00,
     3.0199699808772751E+00,
     3.0160939005921312E+00,
     3.0124413701118824E+00,
     3.8454189966862051E+00,
     1.9710478925130985E+00,
     1.9721819036459003E+00,
     9.9279573573947744E-01,
     9.9288366125062577E-01,
     9.9293014265441037E-01,
     9.9292865752644843E-01,
     9.9289242185098114E-01,
     1.9887783833054566E+00,
     3.9048623460975804E+00,
     1.9896082409849818E+00,
     1.0032250060947598E+00,
     2.9187804379998337E+00,
     1.0140965059550142E+00,
     1.0055206048195355E+00,
     3.0143330024689474E+00,
     3.0124051416249422E+00,
     3.0161830993632979E+00,
     3.0197423390201168E+00,
     3.0163562925929455E+00,
     3.0124254491379929E+00,
     3.8361342006005099E+00,
     1.9759240828085725E+00,
     1.9566597632177745E+00,
     9.9280140593146182E-01,
     9.9288613767070455E-01,
     9.9293003990447559E-01,
     9.9292653948561505E-01,
     9.9288391995300351E-01
  ]
}
