{
  "version":  "0.2.0",
  "energy":    -1.4624479719065792E-01,
  "charges": [
     7.0486582864538416E-01,
    -3.5242243388799210E-01,
    -3.5244339475739211E-01
  ],
  "coordination numbers": [
     1.9965103541573370E+00,
     9.9874752157286739E-01,
     9.9874888067355361E-01
  ]
}
