{
  "version":  "0.2.0",
  "energy":    -2.5554457120390639E+00,
  "charges": [
     7.8040082872185224E-02,
    -4.2956903633513155E-01,
    -7.5427970413244672E-01,
    -1.2592191097462888E+00,
    -4.2957660544358800E-01,
    -1.2053956272147304E+00
  ],
  "coordination numbers": [
     4.5142722089357221E+00,
     8.3623554098154695E-01,
     1.8910836093833936E+00,
     9.9930143767521251E-01,
     8.3536664078787037E-01,
     1.8379059084354825E+00
  ]
}
