{
  "version":  "0.2.0",
  "energy":    -1.3964151214582481E+00,
  "charges": [
     1.5990101796230127E-01,
    -1.1601954444899385E+00,
    -9.9970557347236277E-01
  ],
  "coordination numbers": [
     1.9919747375451733E+00,
     9.9367165503402965E-01,
     9.9928205634854450E-01
  ]
}
