{
  "version":  "0.2.0",
  "energy":    -7.3331580726180262E-02,
  "charges": [
     5.8548839323882718E-01,
    -1.6237940549753729E-01,
    -4.8044606207034268E-02,
    -1.6564125197618076E-01,
    -4.7267939254967417E-02,
    -1.6215519030310740E-01
  ],
  "coordination numbers": [
     4.9101571704086577E+00,
     9.9729802693721314E-01,
     1.6910804781192823E+00,
     9.9635113904026529E-01,
     1.6907230661231800E+00,
     9.9707519009602930E-01
  ]
}
