{
  "version":  "0.2.0",
  "energy":    -2.3026233056301662E+00,
  "charges": [
     6.3274247885353407E-01,
    -2.5190973178151305E-01,
     6.2442762881832703E-02,
    -1.4039347316895889E-01,
     9.8130837458227371E-02,
    -5.0411337013902946E-01,
    -2.8511514584053343E-01,
    -3.3721621472603114E-01,
     2.4737246021171139E-02,
     1.0966304473901070E-01,
     6.8581259551725365E-02,
     4.0797514500069597E-02,
     1.2841578732234057E-02,
     2.9722545544165577E-02,
     2.9984645426470821E-02,
     2.1892498936783689E-02,
    -5.8768834646228596E-01,
    -4.0112323922020177E-01,
     3.4337370322768529E-01,
    -5.4765265375876548E-01,
    -4.0629274183765945E-01,
    -4.0790500848774969E-01,
     3.3782609754298976E-01,
    -3.9805260243555102E-01,
    -5.4527368555762057E-01
  ],
  "coordination numbers": [
     7.0358045654347858E+00,
     3.9654189195642555E+00,
     3.0458203902557397E+00,
     2.9937775890302349E+00,
     2.9851167273939918E+00,
     1.0011527191267344E+00,
     3.9548000607613609E+00,
     1.9387364685034116E+00,
     9.9148226822963004E-01,
     9.9025429024661893E-01,
     9.9111537195510646E-01,
     9.9254665267564501E-01,
     9.9139683832933212E-01,
     9.9116576617180741E-01,
     9.9112825881765243E-01,
     1.9383394267417025E+00,
     1.0011620104923304E+00,
     1.9733498298873462E+00,
     3.8161977458299532E+00,
     9.9905021076287603E-01,
     1.9470709373580979E+00,
     1.9752567212390684E+00,
     3.8392487761941965E+00,
     1.9635966248927996E+00,
     9.9905409179303195E-01
  ]
}
