{
  "version":  "0.2.0",
  "energy":    -2.8534104922136189E-01,
  "charges": [
     1.1871124895375551E-01,
     9.7943863158493383E-01,
    -7.5493198190086330E-01,
    -3.4321789863782604E-01
  ],
  "coordination numbers": [
     2.8963908210927052E+00,
     2.8867614230137431E+00,
     1.9496274211177091E+00,
     1.9766076004834554E+00
  ]
}
