{
  "version":  "0.2.0",
  "energy":    -1.0635778460447152E+00,
  "charges": [
     8.8361583422776846E-01,
    -2.3784826271881485E-01,
    -1.1779379803608947E-01,
    -4.2075726870396918E-01,
     9.9568355883028842E-02,
     1.2730628719774523E-01,
     1.2634993913543807E-01,
     2.5243370216822414E-01,
     8.2007420212417359E-02,
    -4.2332727233820661E-01,
    -7.0334707059021517E-01,
     2.8251017262042089E-01,
     2.7423508298289190E-01,
     2.6321550099994201E-01,
    -2.3789565992325806E-01,
     2.5647440847009684E-01,
    -2.2090951438814607E-01,
    -3.3696978679092227E-01,
    -3.3243000096423775E-01,
     4.3718119615369760E-01,
    -3.4174985137110753E-01,
    -3.8837877808964055E-01,
    -3.2349063613706402E-01
  ],
  "coordination numbers": [
     7.2576242733902481E+00,
     1.0980279799058916E+00,
     3.9902200107090815E+00,
     2.9210484715957321E+00,
     9.9135791102175297E-01,
     9.9147518609033991E-01,
     9.9206950064251398E-01,
     1.1417323574528098E+00,
     1.9816323303634897E+00,
     1.0169384768365610E+00,
     3.8066031005486947E+00,
     9.9584436715560365E-01,
     1.0008370156750148E+00,
     9.9626807297048181E-01,
     9.9835519821934859E-01,
     3.5022558883782313E+00,
     9.9868221204856145E-01,
     9.9850547060755179E-01,
     1.9768315457522885E+00,
     3.2000630728628225E+00,
     1.9940515189791848E+00,
     9.9924316494157850E-01,
     1.0284917143633159E+00
  ]
}
