{
  "version":  "0.2.0",
  "energy":    -5.7907844173166703E-02,
  "charges": [
     5.4480115261368178E-01,
    -2.1884901095221646E-01,
    -5.3933627582486654E-02,
    -5.2950170739848479E-02,
    -2.1906834333913011E-01
  ],
  "coordination numbers": [
     3.9360830253542387E+00,
     9.9351199298271631E-01,
     1.7144556749109610E+00,
     1.7145133869715536E+00,
     9.9346011860559447E-01
  ]
}
