{
  "version":  "0.2.0",
  "energy":    -7.1890229762699920E-01,
  "charges": [
     5.0622604261535065E-01,
    -4.2759320449501015E-01,
    -5.3972284328762610E-01,
    -5.3890999483271440E-01
  ],
  "coordination numbers": [
     2.9706545398720667E+00,
     9.9483380680899280E-01,
     9.9014535692673356E-01,
     9.9019531465000288E-01
  ]
}
