{
  "version":  "0.2.0",
  "energy":     3.2971894429734505E-01,
  "charges": [
     7.8894948916952279E-01,
    -4.9479475737955969E-02,
    -1.2261274018066448E-01,
    -1.2315427878564833E-01,
    -4.2382329661290075E-02,
    -2.9794266688904303E-01,
     1.2598350665953778E-01,
     1.2894829652476669E-01,
     1.3605889166739940E-01,
     1.2951615660393673E-01,
     1.3303806231588200E-01,
     1.3062351002387104E-01,
     1.4615620026733309E-01,
     1.2950560130137878E-01,
    -2.4584824897926572E-02,
    -1.8224837364375490E-01,
    -2.3563767136123231E-01,
    -1.8266996487477849E-01,
    -4.4835608988994302E-02,
    -4.2918773872245186E-01,
     1.3179307663561635E-01,
     1.3857517280468923E-01,
     1.1659706370082183E-01,
     1.4299971536981396E-01,
     1.3488592003511382E-01,
     2.5490333899441092E-01,
    -4.4702784283415120E-02,
    -4.0621035703956093E-01,
     1.3610428721504611E-01,
     1.4658672751422877E-01,
     1.3442379826335130E-01
  ],
  "coordination numbers": [
     5.7168331917598856E+00,
     4.0705088004151495E+00,
     3.9822397470007544E+00,
     3.9862936467728600E+00,
     4.0414641602940158E+00,
     2.9227905205563900E+00,
     9.9133096119550856E-01,
     9.9191316230141968E-01,
     9.9149416049998695E-01,
     9.9197665984654027E-01,
     9.9199448983405603E-01,
     9.9154315690989403E-01,
     9.9166630016850910E-01,
     9.9191521700516105E-01,
     2.6175982456828084E+00,
     1.9570647052495289E+00,
     1.9462234900657203E+00,
     4.1117180634003088E+00,
     4.0096030999766032E+00,
     2.9098556847388277E+00,
     9.9186283311652268E-01,
     9.9615315052177156E-01,
     9.9437507426502236E-01,
     9.9158754763173729E-01,
     9.9158968360067945E-01,
     9.9454990920030983E-01,
     4.0149254569401283E+00,
     1.9912216403923360E+00,
     9.9132299803635071E-01,
     9.9143222978777690E-01,
     9.9122839718855538E-01
  ]
}
