{
  "version":  "0.2.0",
  "energy":     8.0308051289285898E-01,
  "charges": [
     8.6680828232185880E-01,
    -5.9847466226595503E-01,
    -6.6255435807796026E-03,
    -3.0271945211358953E-02,
    -4.5985722469447299E-01,
    -3.3149626471124349E-02,
    -1.5847969471949108E-02,
    -6.1319029322288920E-01,
     2.7976578735594598E-01,
     2.6871330106732383E-01,
     1.4775216068542971E-01,
     1.3929690400592035E-01,
     1.4453889901288103E-01,
     1.3565867271391208E-01,
     2.3693681899982827E-01,
     1.3419031410288901E-01,
     1.3969941210169939E-01,
     1.4477126539971583E-01,
     1.3875616345665293E-01,
     2.4087700791725181E-01,
     2.6981071283783148E-01,
    -2.0405764699541915E-01,
     3.2679075501168720E-02,
    -2.0545838139242231E-01,
    -2.0445535381753988E-01,
     1.5145174458087662E-01,
     1.4286667364804267E-01,
     1.3912703031829493E-01,
     1.5120794944451987E-01,
     1.3256403399504207E-01,
     1.4665753677374482E-01,
     1.5182463515789590E-01,
     1.4074801203222373E-01,
     1.3690971997526488E-01,
     1.0313290947585771E-01,
    -4.0838947648730600E-01,
    -7.8543839815990835E-01,
     2.9737242757732479E-01,
     2.7752978084649871E-01,
     2.7356929046522893E-01
  ],
  "coordination numbers": [
     6.8666634781530576E+00,
     3.9309498497733477E+00,
     4.3236961243770331E+00,
     4.0839203421155137E+00,
     3.9005078270663507E+00,
     4.0783085024974337E+00,
     4.0721907160545117E+00,
     3.9223695836851569E+00,
     1.0075384607622775E+00,
     9.9677952322380126E-01,
     9.9135967469849184E-01,
     9.9594003725590685E-01,
     9.9139767704866077E-01,
     9.9139075421186629E-01,
     9.9906326459794581E-01,
     9.9117762049362579E-01,
     9.9122491708245430E-01,
     9.9146273142401853E-01,
     9.9149156644108949E-01,
     9.9996331600300881E-01,
     1.0051779544467490E+00,
     3.9563478982638607E+00,
     3.9236175417273209E+00,
     3.9564296752713304E+00,
     3.9562357276677638E+00,
     9.9270482195990972E-01,
     9.9275827405856543E-01,
     9.9271447238371557E-01,
     9.9269932593463217E-01,
     9.9248284669775177E-01,
     9.9274538639606824E-01,
     9.9276355277715389E-01,
     9.9274413469294664E-01,
     9.9258299070122291E-01,
     1.7513095818428006E+00,
     1.9938453117061030E+00,
     3.9168554192352483E+00,
     9.9722081120738348E-01,
     9.9698603419927689E-01,
     1.0140616218905905E+00
  ]
}
