{
  "version":  "0.2.0",
  "energy":    -2.7907807752822011E-01,
  "charges": [
     4.9760568010658313E-01,
     3.3612055601541076E-02,
    -3.7785245365413067E-01,
    -7.9938260355761653E-02,
    -3.2172138717497945E-01,
     3.2901549016616899E-01,
    -3.2250563393658299E-01,
    -7.8630661170096400E-02,
    -3.1914362622694936E-01,
    -7.6337037168392713E-02,
     1.1886495719765869E-01,
     1.2504656637189651E-01,
     1.0644968365440902E-01,
     1.1877438157738324E-01,
     1.2528812026674163E-01,
     1.2426935975929232E-01,
     1.1971210493628102E-01,
     1.2273616170331833E-01,
     1.1366797476820534E-01,
    -3.1298755852519339E-01,
     5.4532100495508370E-02,
     3.6827324993834801E-02,
    -3.4949789755239358E-01,
     2.6371126205163894E-02,
     5.3321316819887631E-02,
    -3.7043950987193919E-01,
     1.2509727327894204E-01,
     1.3810096840984890E-01,
     1.1712048753487671E-01,
     1.2264089178887783E-01
  ],
  "coordination numbers": [
     5.1652569557996388E+00,
     1.9519968576443318E+00,
     1.9724335329429241E+00,
     4.1890082556439827E+00,
     1.9890911433637708E+00,
     4.6624971119105361E+00,
     1.9888425278197692E+00,
     4.1921666846888259E+00,
     1.9902723681307730E+00,
     4.1927706742285826E+00,
     9.9215410373147073E-01,
     9.9166808654989502E-01,
     9.9098241363623440E-01,
     9.9208421947848890E-01,
     9.9165490780773524E-01,
     9.9211748007018308E-01,
     9.9209611210885740E-01,
     9.9141937866032759E-01,
     9.9079809009858977E-01,
     9.9839494743081758E-01,
     3.0730366249468366E+00,
     3.2792230296279312E+00,
     2.9866738389535792E+00,
     3.1812359819370588E+00,
     3.0728665242734268E+00,
     2.0149147517442900E+00,
     9.9254163964157804E-01,
     9.9431992765362232E-01,
     9.9258162888255086E-01,
     9.9251770637446857E-01
  ]
}
