{
  "version":  "0.2.0",
  "energy":    -1.0324449259992875E-01,
  "charges": [
    -1.9474532036690057E-01,
     2.3281576592709849E-01,
     2.4066522925856759E-01,
    -2.7873567481876554E-01
  ],
  "coordination numbers": [
     2.4148219773909485E+00,
     1.2279814973366499E+00,
     1.0981578700362142E+00,
     9.4039915574813637E-01
  ]
}
