{
  "version":  "0.2.0",
  "energy":    -2.0946275767048469E-01,
  "charges": [
    -2.4974041308567918E-01,
     6.5531314093650295E-01,
    -4.0557272785082377E-01
  ],
  "coordination numbers": [
     1.8204004566076009E+00,
     1.7872455033190322E+00,
     1.8440477632633030E+00
  ]
}
