{
  "version":  "0.2.0",
  "energy":    -2.1033602492320984E+00,
  "charges": [
     4.0585217889195491E-01,
     3.3632792822950736E-01,
    -1.1081913413401185E+00,
    -8.6885504857793183E-01,
    -1.1103938443509964E+00,
    -6.5473987285241564E-01
  ],
  "coordination numbers": [
     4.8897532854604489E+00,
     3.9074737821570178E+00,
     9.9941209958562549E-01,
     1.9380904658361082E+00,
     1.9642773055411755E+00,
     1.9801658175169496E+00
  ]
}
