{
  "version":  "0.2.0",
  "energy":     5.7755376386934609E-01,
  "charges": [
     5.4330661769499711E-01,
     9.5422751321720817E-02,
     1.9567984807189914E-01,
     1.1570925935252799E-01,
     4.9881523558854980E-02
  ],
  "coordination numbers": [
     3.9139582809868223E+00,
     1.1607430698854531E+00,
     1.1431601905680990E+00,
     9.6131729409152822E-01,
     9.9833151645841856E-01
  ]
}
