{
  "version":  "0.2.0",
  "energy":    -3.2688537075877142E+00,
  "charges": [
    -6.8135412395860850E-01,
    -1.7632288422984694E+00,
    -2.5554170337429225E+00
  ],
  "coordination numbers": [
     1.9566118981899434E+00,
     9.7602801569099906E-01,
     9.8150915998440968E-01
  ]
}
