{
  "version":  "0.2.0",
  "energy":    -4.8371819977801725E-02,
  "charges": [
     4.7482894668651232E-01,
    -1.1205362132985185E-01,
    -1.1169962955996379E-01,
    -1.2553979593136388E-01,
    -1.2553589986533276E-01
  ],
  "coordination numbers": [
     3.9543889360400710E+00,
     1.2725256064539021E+00,
     1.2754163052083216E+00,
     1.2613122457644650E+00,
     1.2612930218674911E+00
  ]
}
