{
  "version":  "0.2.0",
  "energy":    -2.8511069334772488E-01,
  "charges": [
     9.0890826222391308E-01,
    -1.7122146556169912E-01,
     1.0734398169649229E-01,
    -8.1326049526879524E-02,
     1.0711188777842731E-01,
    -3.6189221058369314E-01,
    -1.7140503927838566E-01,
    -3.6011263013330924E-01,
     1.1131658219449260E-01,
     1.3180367190570821E-01,
     1.3453324367854944E-01,
     1.1364160072719542E-01,
     1.1130980112569196E-01,
     1.3415904374089721E-01,
     1.3172941149613193E-01,
     5.9141959691608736E-02,
    -3.4099235828031899E-01,
     1.8821534541333196E-01,
    -2.5606197472231673E-01,
    -2.5688043350291007E-01,
    -2.3932263008292776E-01
  ],
  "coordination numbers": [
     5.9751255802980863E+00,
     3.9606284189787333E+00,
     3.2058478514744362E+00,
     3.0069109847793687E+00,
     3.2063370072683677E+00,
     1.9930212755583439E+00,
     3.9607951235410646E+00,
     1.9929718772105725E+00,
     9.9229811294940973E-01,
     9.9152758974715116E-01,
     9.9160106451431673E-01,
     9.9325043010991276E-01,
     9.9233155260367578E-01,
     9.9160853503394719E-01,
     9.9156205476811721E-01,
     1.9857204832264204E+00,
     1.0183757167463057E+00,
     3.7262562399635701E+00,
     1.9713378296697934E+00,
     1.9698393619067698E+00,
     1.0015797124223003E+00
  ]
}
