{
  "version":  "0.2.0",
  "energy":    -6.0189171077200329E-02,
  "charges": [
     4.7391615897134187E-01,
    -1.5800139654128151E-01,
    -1.5791291727071446E-01,
    -1.5800184515934590E-01
  ],
  "coordination numbers": [
     2.9823603646746442E+00,
     9.9564617272567002E-01,
     9.9565204649949379E-01,
     9.9564880350614793E-01
  ]
}
