{
  "version":  "0.2.0",
  "energy":    -7.4449246232627941E-02,
  "charges": [
     5.9245351272135705E-01,
    -2.9628206778623167E-01,
    -2.9617144493512537E-01
  ],
  "coordination numbers": [
     1.9877673868444861E+00,
     9.9439011061333016E-01,
     9.9435032534312651E-01
  ]
}
