{
  "version":  "0.2.0",
  "energy":    -1.3889405055084944E-01,
  "charges": [
     6.5407208478267131E-01,
    -3.2705795816925409E-01,
    -3.2701412661341744E-01
  ],
  "coordination numbers": [
     1.9944534182292015E+00,
     9.9772183992697983E-01,
     9.9771441626764279E-01
  ]
}
