{
  "version":  "0.2.0",
  "energy":    -6.9585804640829663E-01,
  "charges": [
     3.8474378485967997E-01,
    -4.9254094260278547E-01,
    -1.8067922372939138E-01,
    -7.1152361852750312E-01
  ],
  "coordination numbers": [
     2.9839971705421338E+00,
     9.9940983673100536E-01,
     9.9794930773874135E-01,
     9.9123443717520399E-01
  ]
}
