{
  "version":  "0.2.0",
  "energy":     9.9994418020376208E-01,
  "charges": [
     7.3759468952291107E-01,
    -5.9182415764182472E-01,
     5.4540350145476646E-03,
    -1.0160306559395316E-02,
    -4.5355079216792443E-01,
    -1.0136531619070577E-02,
     1.0424563298687017E-02,
    -5.8156334758004413E-01,
     3.0243827410359769E-01,
     2.8746185792559054E-01,
     1.7697725561961200E-01,
     1.5882930150812141E-01,
     1.6271549637397595E-01,
     1.6500084489350486E-01,
     2.5859917229276869E-01,
     1.7023611060516419E-01,
     1.5727938332756963E-01,
     1.7610083220644024E-01,
     1.5409597366262334E-01,
     2.9634273804018074E-01,
     3.0397645839783954E-01,
     1.2370814877512465E-01
  ],
  "coordination numbers": [
     4.9440215929526232E+00,
     3.9492290988511671E+00,
     4.1642359030285254E+00,
     4.1952407029209926E+00,
     3.9471235457877727E+00,
     4.1259807685890966E+00,
     4.3108348317168002E+00,
     3.9417226499796483E+00,
     1.0008479618100576E+00,
     1.0301098365517083E+00,
     9.9155512259827105E-01,
     9.9139567649716476E-01,
     9.9133342006322867E-01,
     9.9141210185014561E-01,
     1.0338567358468218E+00,
     9.9143274339958598E-01,
     9.9158027704051044E-01,
     9.9141684737651126E-01,
     9.9208227350139566E-01,
     1.0005711324829702E+00,
     1.0003430968731886E+00,
     9.9817353574044976E-01
  ]
}
