{
  "version":  "0.2.0",
  "energy":    -2.5175006426588264E-01,
  "charges": [
     2.2422847654571076E-01,
    -2.0451980175357881E-01,
     4.4528505984597172E-01,
     4.4134088849702036E-01,
    -9.0633462313512403E-01
  ],
  "coordination numbers": [
     3.7311823126431580E+00,
     9.6872352404133899E-01,
     2.1204238772011257E+00,
     2.0556125101893929E+00,
     2.9764203119337269E+00
  ]
}
