{
  "version":  "0.2.0",
  "energy":    -1.6811913082647876E+00,
  "charges": [
     7.6804946318919742E-01,
     1.8040208474117403E-01,
    -4.0256303864597687E-01,
    -2.8616375837747576E-01,
    -2.6250126656173034E-01,
    -5.1048736873014589E-01,
     3.2316280508412332E-01,
    -3.7188707789748277E-01,
    -3.5870538718225686E-01,
    -1.5110911312701281E-01,
    -1.4782109965460710E-01,
    -1.1112282388777461E-01,
    -3.8719155827956486E-03,
    -1.1177316317204977E-01,
    -1.4846526849127950E-01,
     2.7098093982451887E-01,
    -3.4793200171565131E-01,
    -3.9590320640133569E-01,
     5.6039323763544507E-02,
     6.2665118832995054E-02,
     1.0664144182903564E-01,
     1.0724852814052874E-01,
     6.2182716002359417E-02,
     3.0781774443102494E-01,
    -2.5535145264761860E-01,
    -4.0740531654633649E-02,
    -3.8453424878321174E-01,
     3.9734224556884329E-02,
     7.8120201367750913E-02,
     1.0300594876009467E-01,
     6.0906755342882424E-02,
     7.5780554638769815E-02,
    -2.5631045359898186E-01,
    -4.0609784287131467E-02,
    -3.7139715598754042E-01,
     3.8762422231785637E-02,
     7.8824747153940597E-02,
     9.7345299947075858E-02,
     6.5753745712120740E-02,
     7.5826050836884498E-02
  ],
  "coordination numbers": [
     7.7386920902407192E+00,
     3.4788165707155096E+00,
     1.0017479038334463E+00,
     1.8720433750571361E+00,
     1.8573246902012279E+00,
     1.9816419439709838E+00,
     3.7602524383922749E+00,
     1.9047107774198198E+00,
     1.8559570988352325E+00,
     3.0124617866762007E+00,
     3.0119238017172956E+00,
     3.0159596731860363E+00,
     3.0149999627607462E+00,
     3.0161868904156872E+00,
     3.0119577645970974E+00,
     3.5883885001287297E+00,
     1.8470194805843922E+00,
     1.7875275597201563E+00,
     9.9258171612634172E-01,
     9.9260976115361643E-01,
     9.9284592429251717E-01,
     9.9281904529213261E-01,
     9.9260601347989574E-01,
     1.0052216897115525E+00,
     3.9563271945695693E+00,
     4.0918721671923066E+00,
     1.9900429844539138E+00,
     9.9060208273185690E-01,
     9.9115874928342151E-01,
     9.9134713387160467E-01,
     9.8724376712062067E-01,
     9.8785721501775825E-01,
     3.9523379495253845E+00,
     4.0314647035662095E+00,
     1.9912526444464325E+00,
     9.9056995217563237E-01,
     9.9132289656509620E-01,
     9.9148377854310876E-01,
     9.8735630184616063E-01,
     9.8777927963011258E-01
  ]
}
