{
  "version":  "0.2.0",
  "energy":    -7.3045519470551046E-02,
  "charges": [
     5.2364834328361343E-01,
    -2.6177534826235688E-01,
    -2.6187299502125672E-01
  ],
  "coordination numbers": [
     1.9901247717748420E+00,
     9.9553481090195461E-01,
     9.9556607142129483E-01
  ]
}
