{
  "version":  "0.2.0",
  "energy":    -5.7149037157301713E-02,
  "charges": [
     4.1263431418950414E-01,
    -4.1263431418950419E-01
  ],
  "coordination numbers": [
     9.9653487757086268E-01,
     9.9653487757086268E-01
  ]
}
