{
  "version":  "0.2.0",
  "energy":     3.3569506540537414E-01,
  "charges": [
     8.2940573049091704E-01,
    -3.0745607615375514E-01,
     6.2308717512189027E-02,
    -5.9043397715536794E-02,
    -5.8830158888076661E-02,
    -6.8489307400539379E-02,
     1.2664892925322577E-01,
     1.2597244513519357E-01,
    -6.8812863155044979E-02,
    -6.0833784779328187E-02,
    -6.3707396041877168E-02,
     5.2726211383614482E-02,
    -3.1260765507360921E-01,
     1.5339889313154143E-01,
     1.4801255970199004E-01,
     1.4949724631071432E-01,
     1.3038305955264179E-01,
     1.3008827303551967E-01,
     1.4809817168188141E-01,
     1.4288979446007499E-01,
     1.5808034941681087E-01,
    -5.9031216160650601E-02,
    -6.4665125049388650E-02,
    -5.7623461858031577E-02,
     2.2969288752657333E-02,
    -5.1473291407334920E-02,
    -6.1507225356420628E-02,
     2.6894421863301615E-01,
    -3.5389486254662073E-01,
    -3.0945032205009187E-01,
     1.5109350817410436E-01,
     1.4860468059109755E-01,
     1.5208737256978572E-01,
     1.6386249122694724E-01,
     1.5220133945393818E-01,
    -2.4334947844469784E-01,
    -1.3241037340109400E-02,
     1.8801356451484719E-01,
    -3.9127018556159460E-01
  ],
  "coordination numbers": [
     6.8532601112473639E+00,
     2.9606148755938024E+00,
     3.1994133773756070E+00,
     3.0101549847766433E+00,
     3.0223336561760723E+00,
     3.0137312170089370E+00,
     3.1378738183298687E+00,
     3.1339102474588909E+00,
     3.0147401108038689E+00,
     3.0208317384147909E+00,
     3.0107147439786077E+00,
     3.1515056187383159E+00,
     2.9463967978575596E+00,
     9.9332358957595357E-01,
     9.9307814715544040E-01,
     9.9289361267701359E-01,
     9.9325326775881972E-01,
     9.9327739300817353E-01,
     9.9288802268437149E-01,
     9.9307071788050738E-01,
     9.9303165496818124E-01,
     3.0150650357024285E+00,
     3.0118721708921834E+00,
     3.0162807047248439E+00,
     3.0205692840088698E+00,
     3.0169043400008837E+00,
     3.0119418156447608E+00,
     3.8685186571554198E+00,
     1.9791864086520423E+00,
     1.9802661088259104E+00,
     9.9283477747407023E-01,
     9.9294658935623747E-01,
     9.9297997126604276E-01,
     9.9294764879378317E-01,
     9.9294797080970287E-01,
     9.9860293907102893E-01,
     1.0144243141812055E+00,
     2.1092392844772583E+00,
     2.0102667312084064E+00
  ]
}
