{
  "version":  "0.2.0",
  "energy":     1.5191392865940670E-01,
  "charges": [
     6.1118575064226055E-01,
     3.5059273554216291E-01,
    -6.2056809616174080E-01,
     9.4874526276179783E-01,
    -2.8995565278448054E-01
  ],
  "coordination numbers": [
     3.2708000977127138E+00,
     2.6028002639449950E+00,
     2.9648152689406517E+00,
     1.9853825301620152E+00,
     9.9876952883184433E-01
  ]
}
