{
  "version":  "0.2.0",
  "energy":    -8.2461931625272944E-01,
  "charges": [
     7.0650482006340232E-01,
    -2.7928475519499785E-01,
     1.0806267732287200E-01,
    -4.6410211032162141E-01,
    -6.4973993215180770E-02,
    -4.3399161164700512E-01,
    -2.4797171185463235E-01,
    -1.1166179139747424E-01,
    -4.3748056160526561E-01,
     7.7033802376374264E-02,
     7.6082416988687077E-02,
     7.1782818484841554E-02
  ],
  "coordination numbers": [
     4.0552479224844813E+00,
     1.0115070065200875E+00,
     2.0282490013682404E+00,
     1.9965163437414102E+00,
     1.0295977502200770E+00,
     1.9824835404470615E+00,
     9.9021582939513397E-01,
     4.0045999071652485E+00,
     1.9920781425913390E+00,
     9.9012773774079665E-01,
     9.9011108605573384E-01,
     9.9008855134915219E-01
  ]
}
