{
  "version":  "0.2.0",
  "energy":    -3.9113349888113425E-01,
  "charges": [
     8.1705881395605995E-01,
    -1.9120843439822130E-01,
     1.0366011788263058E-01,
    -8.4981515260050100E-02,
     1.0065180778956648E-01,
    -3.5385943437550871E-01,
    -1.9267403220841867E-01,
    -3.3302699341293518E-01,
     9.5926286190775867E-02,
     1.2018248082160390E-01,
     1.1057709688673688E-01,
     1.0175714256477920E-01,
     9.5839101971569821E-02,
     1.0794631372920832E-01,
     1.2004294957702705E-01,
    -3.8516711503187084E-02,
    -2.6208760056605135E-01,
    -2.3791505897528112E-01,
    -2.3707083304139784E-01,
     2.0966825692901725E-01,
    -3.9782187066948005E-01,
    -2.4350943659644547E-01,
    -2.4430546763053756E-01,
     9.6691841745780771E-02,
     1.2517295398610914E-01,
     1.2290921150747681E-01,
     9.7098185111318069E-02,
     1.0584948726206035E-01,
     1.2086857874638275E-01,
     9.4203961827959842E-02,
     1.1057772032174427E-01,
     1.0686139744885177E-01,
    -8.3727453923359577E-02,
    -3.2089675013329000E-01,
     2.9014306913168997E-01,
    -3.1213713455004466E-01,
    -7.8314270644013778E-02,
    -2.6876774515325341E-01,
    -9.3181593270869223E-02,
     1.0953719556883437E-01,
     1.1506438724324480E-01,
     1.0793431658930432E-01,
     1.4131038748974883E-01,
     1.1257555433584854E-01,
     1.1346115454412910E-01,
     1.2335819607271442E-01,
     1.2713550865174042E-01,
     1.1947424011757660E-01,
    -3.4953537968914528E-01
  ],
  "coordination numbers": [
     7.3835678167051730E+00,
     3.9603823644953726E+00,
     3.1951177553309753E+00,
     3.0082824810576358E+00,
     3.2012426694565228E+00,
     1.9866508249946602E+00,
     3.9604417361175157E+00,
     1.9866679679497938E+00,
     9.9222937886290996E-01,
     9.9153701425071628E-01,
     9.9161805725085816E-01,
     9.9320720443362198E-01,
     9.9221025227115422E-01,
     9.9163122883162202E-01,
     9.9147417305421204E-01,
     2.9667325418229389E+00,
     1.0038110245329808E+00,
     1.9734841816592752E+00,
     3.9575028680825586E+00,
     4.3794629826972002E+00,
     1.9770225330750781E+00,
     3.9570976456223734E+00,
     3.9575462213488368E+00,
     9.9334250679023839E-01,
     9.9438143441895832E-01,
     9.9444379562477003E-01,
     9.9315199413816835E-01,
     9.9422017814948926E-01,
     9.9503141975019194E-01,
     9.9308546721011925E-01,
     9.9430192276123552E-01,
     9.9413347917013706E-01,
     4.2200492362727156E+00,
     1.9897132041987842E+00,
     4.0596577864187537E+00,
     1.9890179133817192E+00,
     4.1769725274501237E+00,
     2.9210950406191518E+00,
     4.1644090640880407E+00,
     9.9191523305928619E-01,
     9.9113432305965254E-01,
     9.9116338713217100E-01,
     9.9160767299340780E-01,
     9.9139548895893093E-01,
     9.9200813681385558E-01,
     9.9176210199681414E-01,
     9.9174801479100072E-01,
     9.9202022288160574E-01,
     9.8833778581815324E-01
  ]
}
