{
  "version":  "0.2.0",
  "energy":     2.4607798186226676E-01,
  "charges": [
     7.6536891437259325E-01,
    -1.7283287078457477E-01,
     9.6602985164367716E-02,
    -8.2507771499550575E-02,
     9.5293897973116604E-02,
    -3.4568581069117921E-01,
    -1.7763846617259438E-01,
    -3.1771108876964071E-01,
     1.1489144798779821E-01,
     1.3087038720976107E-01,
     1.3500197974516298E-01,
     1.1542962524803774E-01,
     1.2566984101396550E-01,
     1.1497265614710281E-01,
     1.2874755306463104E-01,
    -7.9722503784657617E-02,
    -8.4196287562576577E-02,
    -7.2912006180939848E-02,
     9.9029769049689964E-03,
    -7.3464725802809050E-02,
    -8.4081102361102222E-02,
     2.7064689468357717E-01,
    -3.3594714421736593E-01,
    -3.1954177879733908E-01,
     1.3650058459639247E-01,
     1.3639637470951105E-01,
     1.5018814060066116E-01,
     1.4399558165473592E-01,
     1.3501144212892649E-01,
    -7.0294958894193460E-02,
    -7.8341741904165096E-02,
     4.5180871513997023E-02,
    -3.2389722634698004E-01,
     4.7000281392201804E-02,
    -7.3135835314605879E-02,
     1.3627278248945626E-01,
     1.2850823067437667E-01,
     1.3492097187996613E-01,
     1.5036456308251328E-01,
     1.3277239815937580E-01,
    -9.5013490234280407E-02,
    -3.8667583060730504E-01,
     1.2465923324296760E-01,
     1.2932235153976407E-01,
     1.3806999980155044E-01,
     2.5970690165819510E-01,
    -1.6531473674634234E-01,
     8.8136692695202967E-02,
    -3.6149403579194911E-01,
     1.2588920416913282E-01,
     1.2563887806285506E-01,
     1.2847476889728215E-01
  ],
  "coordination numbers": [
     7.4815406881681410E+00,
     3.9605045984865779E+00,
     3.1780123565569269E+00,
     3.0041689041389352E+00,
     3.1426666904167169E+00,
     1.9772990847708147E+00,
     3.9606386804104838E+00,
     1.9879003810667326E+00,
     9.9230029748967130E-01,
     9.9162828690425009E-01,
     9.9149382961331778E-01,
     9.9323848141201854E-01,
     9.9154832165427198E-01,
     9.9230612340691771E-01,
     9.9145330529942743E-01,
     3.0135010199368519E+00,
     3.0117395157597402E+00,
     3.0152274007257134E+00,
     3.0181512610771746E+00,
     3.0156444250998140E+00,
     3.0116402985518711E+00,
     3.8668430659359396E+00,
     1.9666658558723764E+00,
     1.9723406816830202E+00,
     9.9281639484606643E-01,
     9.9286903989568120E-01,
     9.9288350884451315E-01,
     9.9291231369347255E-01,
     9.9286684641601397E-01,
     3.0227311277938336E+00,
     3.0100396340465112E+00,
     3.2506940489502263E+00,
     2.9333005322999286E+00,
     3.1077128484113405E+00,
     3.0103320913281237E+00,
     9.9284937245414717E-01,
     9.9302552764984586E-01,
     9.9787187780596298E-01,
     9.9264854710693129E-01,
     9.9302290878873034E-01,
     3.9997539863056577E+00,
     2.9258858458018784E+00,
     9.9169006290318951E-01,
     9.9166301425288950E-01,
     9.9218570539898732E-01,
     1.1733355115618966E+00,
     3.9580010883254966E+00,
     2.0177282391899096E+00,
     1.8759747801853033E+00,
     9.9185705210573971E-01,
     9.9144424843515733E-01,
     9.9184933179413903E-01
  ]
}
