{
  "version":  "0.2.0",
  "energy":    -2.0870585201032604E-01,
  "charges": [
     7.1333339639852023E-01,
    -1.9358686114425416E-01,
     1.0160053335809849E-01,
    -9.5349422854046073E-02,
     1.0170466462909265E-01,
    -3.4866596572487174E-01,
    -1.9349536473987106E-01,
    -3.4908854862435584E-01,
     9.5811487924571268E-02,
     1.1438508790932927E-01,
     1.1606805905456674E-01,
     1.0030402909473828E-01,
     9.5829957935263652E-02,
     1.1629945462152551E-01,
     1.1436104360499130E-01,
    -6.9673258925235168E-02,
    -4.0326477223210289E-01,
     1.0919471681088021E-01,
     1.0851434925693594E-01,
     1.0944236977492232E-01,
     4.5859767023645859E-02,
    -3.8958472315234483E-01
  ],
  "coordination numbers": [
     4.9137157236358675E+00,
     3.9608227677023491E+00,
     3.3271837413980760E+00,
     3.0301245647354618E+00,
     3.3283573149604377E+00,
     1.9964743427734986E+00,
     3.9607307237255549E+00,
     1.9963379921359490E+00,
     9.9230664190968643E-01,
     9.9164123331770515E-01,
     9.9155049083349667E-01,
     9.9324921327318005E-01,
     9.9229658381369656E-01,
     9.9154836728825302E-01,
     9.9161907505167690E-01,
     4.0820148559379144E+00,
     1.9933684297921674E+00,
     9.9069436209170991E-01,
     9.9064629875240406E-01,
     9.9071190822965871E-01,
     1.1283234537538869E+00,
     1.9952895762028966E+00
  ]
}
