{
  "version":  "0.2.0",
  "energy":    -2.0625128095380119E-01,
  "charges": [
     4.8077719398613306E-01,
     6.7947711415298628E-01,
    -4.6217342301286857E-01,
    -6.9808088512625077E-01
  ],
  "coordination numbers": [
     2.3861976340589637E+00,
     1.3900538422646793E+00,
     9.9804447617723113E-01,
     1.9969345498133650E+00
  ]
}
