{
  "version":  "0.2.0",
  "energy":    -1.1826426494432231E-01,
  "charges": [
    -3.4212211381055524E-01,
     2.7466824153184777E-01,
     2.7430998547032470E-01,
    -2.0685611319161723E-01
  ],
  "coordination numbers": [
     2.6559013666454305E+00,
     1.6245724507407386E+00,
     1.6270458873628497E+00,
     9.7597355694507471E-01
  ]
}
