{
  "version":  "0.2.0",
  "energy":     3.0545832537714845E-01,
  "charges": [
     8.1420838374151616E-01,
    -5.7267705295798432E-01,
    -2.7237289258141562E-02,
    -3.2291086813191650E-02,
    -4.3014578252909991E-01,
    -3.7301223821306156E-02,
    -2.6472499360450874E-02,
    -5.8170650574650218E-01,
     2.5700506431805231E-01,
     2.4462015150419070E-01,
     1.2054758094861917E-01,
     1.2172871430758728E-01,
     1.1713607548419222E-01,
     1.3313367710236551E-01,
     2.2657173595558727E-01,
     1.1712525465167253E-01,
     1.2851847202766509E-01,
     1.2281670474558533E-01,
     1.2129761218090740E-01,
     2.5153564477435975E-01,
     2.4928207788946255E-01,
    -1.8003795548045612E-01,
    -1.3872592262202969E-03,
    -4.0635701391145501E-01,
     1.3126559739716726E-01,
     1.4291728792523528E-01,
     1.3376064994037443E-01,
     1.3999819806884675E-01,
     1.3455268587263669E-01,
    -1.2197767441014959E-01,
    -2.9043022532106583E-01
  ],
  "coordination numbers": [
     6.2028829786850217E+00,
     3.9071199897172102E+00,
     4.0206818303326575E+00,
     4.0695938970828873E+00,
     3.9051753375606317E+00,
     4.0673552230882297E+00,
     4.0514482090640280E+00,
     3.9171426949984607E+00,
     1.0348615028488677E+00,
     9.9808424476652657E-01,
     9.9181575538355293E-01,
     9.9130666842362913E-01,
     9.9098071219881856E-01,
     9.9134582870010668E-01,
     1.0193830233286540E+00,
     9.9105644054634290E-01,
     9.9156938271539286E-01,
     9.9177580282962374E-01,
     9.9121341233891869E-01,
     9.9939900298541673E-01,
     1.0292984641221290E+00,
     3.9551353634855460E+00,
     4.0609414427471675E+00,
     1.9910191015807763E+00,
     9.9178053516777620E-01,
     9.9163829111821133E-01,
     9.9154593306070371E-01,
     9.9126838699159414E-01,
     9.9114605918074794E-01,
     9.9479998684374404E-01,
     9.9862953453363090E-01
  ]
}
