{
  "version":  "0.2.0",
  "energy":    -1.9669495408966882E+00,
  "charges": [
    -4.4570247108439198E-01,
    -1.2234691656129109E+00,
    -1.3308283633026972E+00
  ],
  "coordination numbers": [
     1.9577267367623206E+00,
     9.6315029643321726E-01,
     9.9550314608484225E-01
  ]
}
