{
  "version":  "0.2.0",
  "energy":    -3.9775618889757863E-02,
  "charges": [
     2.9214795491914691E-01,
    -2.9214795491914691E-01
  ],
  "coordination numbers": [
     9.9553906769797695E-01,
     9.9553906769797695E-01
  ]
}
