{
  "version":  "0.2.0",
  "energy":     2.2694806563524610E+00,
  "charges": [
     1.1066314763892473E+00,
    -3.3893916426062171E-01,
     1.6410343905544122E-01,
     8.0711135533623635E-02,
     8.4605260635644997E-02,
     4.2388337873852877E-02,
     1.8753312147150442E-01,
     1.9232290046911676E-01,
     4.4587562032839090E-02,
     8.5175330738144761E-02,
     8.2478643322102196E-02,
     1.6444770259752711E-01,
    -3.6843229831915020E-01,
     2.4349761317009094E-01,
     2.8622165067555827E-01,
     2.9080974630357687E-01,
     2.3779120540372509E-01,
     2.3903489926913468E-01,
     2.9026302590848985E-01,
     2.8749421329796099E-01,
     2.3504652990289995E-01,
    -4.1232958084415761E-01,
     4.6407548031765911E-01,
     2.7946802934394988E-01,
     3.1013739711839409E-02
  ],
  "coordination numbers": [
     5.2735050850071064E+00,
     3.0036424618854713E+00,
     3.2967181486077042E+00,
     3.0011028868089467E+00,
     3.0149791914962298E+00,
     3.0039804587516601E+00,
     3.3465877316083477E+00,
     3.3637996157960579E+00,
     3.0029709841102497E+00,
     3.0158413852650510E+00,
     3.0003370486413381E+00,
     3.4820854705612874E+00,
     3.0131355989012985E+00,
     9.9287221569725581E-01,
     9.9219742207643868E-01,
     9.9195136757980507E-01,
     9.9254653005333804E-01,
     9.9246905380441230E-01,
     9.9183115660231369E-01,
     9.9210555638509224E-01,
     9.9680689086084051E-01,
     1.9846882530393799E+00,
     1.0138864014437070E+00,
     1.9036839010683373E+00,
     9.9986002518164074E-01
  ]
}
