{
  "version":  "0.2.0",
  "energy":     1.1453258995980042E+00,
  "charges": [
     1.1561317458374525E+00,
     7.5155952873804155E-01,
     9.2308725424506022E-02
  ],
  "coordination numbers": [
     1.9410545643515773E+00,
     1.8097713362026280E+00,
     1.8624840914260865E+00
  ]
}
