{
  "version":  "0.2.0",
  "energy":     3.3577210782993494E-01,
  "charges": [
     9.5969024563230343E-01,
    -5.2599889814954948E-01,
     3.5128611011995908E-01,
    -1.8043568837948021E-01,
     6.9147350949048697E-02,
    -1.8511018509426130E-01,
    -1.8069465764654868E-01,
     1.5246358375763799E-01,
     1.6459683668430991E-01,
     1.6740758597891964E-01,
     1.5145131196181191E-01,
     1.5677837420254573E-01,
     1.6478892997452430E-01,
     1.5173187274209943E-01,
     1.6940583998439224E-01,
     1.5635252649898054E-01,
     1.8598988826440566E-02,
    -1.4396171469086344E-01,
    -2.2125702829094895E-01,
     2.0039894508652789E-01,
    -1.5017805991375827E-01,
    -1.8169480361392035E-01,
    -2.6476746662017070E-01
  ],
  "coordination numbers": [
     7.0351962311707759E+00,
     1.9916641184986617E+00,
     1.0215616162435728E+00,
     3.9608495684448135E+00,
     3.9718745613489164E+00,
     3.9579556581580988E+00,
     3.9582073237905213E+00,
     9.9285837697627599E-01,
     9.9323039616355224E-01,
     9.9333768642094888E-01,
     9.9291836654632881E-01,
     9.9296458304884450E-01,
     9.9323788690047898E-01,
     9.9290433226068231E-01,
     9.9360968383917747E-01,
     9.9334522179871598E-01,
     2.7646806154757533E+00,
     1.9828148924474709E+00,
     1.9825420786874419E+00,
     3.7800616059896042E+00,
     1.0012932263352630E+00,
     1.9871088118371354E+00,
     1.9828624370392127E+00
  ]
}
