{
  "version":  "0.2.0",
  "energy":     5.5959681221094193E-01,
  "charges": [
     5.3111228865360638E-01,
     4.0230215832059557E-01,
     6.6585553025798050E-02
  ],
  "coordination numbers": [
     9.9455257463098423E-01,
     9.1581922111039660E-01,
     1.9050192650393036E+00
  ]
}
