{
  "version":  "0.2.0",
  "energy":     9.9877628934388185E-01,
  "charges": [
     4.7968052082757584E-01,
     3.9703374178552953E-01,
     9.6020244247962871E-01,
     2.0378453679930739E-01,
    -4.0701241892041641E-02
  ],
  "coordination numbers": [
     3.8092419048638666E+00,
     2.5755682890231952E+00,
     3.3539683303262526E+00,
     2.7338074176601861E+00,
     1.8786584772085950E+00
  ]
}
