{
  "version":  "0.2.0",
  "energy":    -3.2534609160646161E-01,
  "charges": [
     6.4254547362279202E-01,
     1.5423945439559880E-01,
    -3.2381937188250248E-01,
    -8.4907931163247560E-02,
    -8.4383357836382442E-02,
    -6.3084743838493995E-02,
     1.7280613131639179E-02,
    -7.0724873801692470E-02,
    -8.8301647509554271E-02,
     2.6730871726391081E-01,
    -2.7655279487768425E-01,
    -3.0444342546708186E-01,
     1.2239655793230018E-01,
     1.2810062776233003E-01,
     1.5916582010341507E-01,
     1.4523114615920052E-01,
     1.2292466575994193E-01,
    -8.9653964439902561E-02,
    -9.0568408748730206E-02,
    -7.1072548877391076E-02,
     1.4159795004842716E-02,
    -7.4245221009356169E-02,
    -9.2007513765774679E-02,
     2.6247083350298467E-01,
    -3.1791259874466454E-01,
    -3.2778969727814122E-01,
     1.2203978059234005E-01,
     1.2402120466962796E-01,
     1.4586736452163912E-01,
     1.4141963526066878E-01,
     1.2253840975213380E-01,
     6.5302722131987109E-02,
    -2.4800924714976691E-01,
    -1.3846518823927950E-01,
     2.5179548957088016E-01,
    -2.0129901880431761E-01,
    -2.4048835051403294E-01,
    -9.0308551901139331E-02,
    -3.8135219163781198E-01,
     1.3051748116582701E-01,
     1.2317278044631712E-01,
     1.4873618193118587E-01,
     2.4815589280538483E-01
  ],
  "coordination numbers": [
     7.5070696343902323E+00,
     1.8941623514916612E+00,
     9.9992605167973903E-01,
     3.0148138220282794E+00,
     3.0126005710524915E+00,
     3.0199422788109507E+00,
     3.0214618632177039E+00,
     3.0148532354194373E+00,
     3.0129683957066105E+00,
     3.6731046827385310E+00,
     1.9952620483539096E+00,
     1.9955876675463315E+00,
     9.9283679943359449E-01,
     9.9292138167621413E-01,
     9.9304254360555522E-01,
     9.9299247414855607E-01,
     9.9293841922647896E-01,
     3.0135739544701128E+00,
     3.0120382886446979E+00,
     3.0163801111077735E+00,
     3.0167242747027032E+00,
     3.0162672453681383E+00,
     3.0119474278007115E+00,
     3.7990707889906883E+00,
     1.9589358966976231E+00,
     1.9185727007046536E+00,
     9.9274505993240147E-01,
     9.9276715978553565E-01,
     9.9288702887402014E-01,
     9.9286131472643913E-01,
     9.9276747481755123E-01,
     1.0180541485599530E+00,
     1.6886444782807155E+00,
     1.6462706733157066E+00,
     3.5389411744548251E+00,
     9.9900176031577193E-01,
     9.9808131742723649E-01,
     4.0385347818271455E+00,
     2.9421908707773587E+00,
     9.9138327566066931E-01,
     9.9132966324222416E-01,
     9.9207935053913143E-01,
     1.0360360684312742E+00
  ]
}
