{
  "version":  "0.2.0",
  "energy":     3.9144402624900915E-01,
  "charges": [
     8.3987354218255283E-01,
    -9.6037055353197273E-02,
     2.6502038567349984E-01,
    -7.1659248945598969E-02,
    -1.1626793956215097E-01,
    -4.4692683651262333E-03,
    -3.3590426973286858E-01,
     1.7117779297993116E-01,
     1.6925615699354146E-01,
     1.6974887361598803E-01,
    -2.5758346555462286E-01,
     4.9937728716433499E-01,
    -2.3765181870072147E-01,
    -2.3569357662015017E-01,
    -1.0881805251779925E-01,
     1.4830861754846095E-01,
    -3.0656756091059262E-01,
     1.6912185064447732E-01,
     1.6833536085212983E-01,
     1.7043238860791210E-01
  ],
  "coordination numbers": [
     6.9395883311639572E+00,
     9.9916103477167262E-01,
     3.2472881215573253E+00,
     1.8991392277957919E+00,
     1.1695977939482152E+00,
     4.0637665699458765E+00,
     1.9908009463721061E+00,
     9.9166739754066580E-01,
     9.9169785245091280E-01,
     9.9174157270087360E-01,
     1.9889401295920024E+00,
     3.9692689945123618E+00,
     1.9837576454808259E+00,
     1.9638215524143741E+00,
     3.9581994188492970E+00,
     2.0200070833080481E+00,
     1.9535751648145094E+00,
     9.9168169304949760E-01,
     9.9176154651458237E-01,
     9.9173326981095045E-01
  ]
}
