{
  "version":  "0.2.0",
  "energy":     2.3159936303374101E-01,
  "charges": [
     9.3638378186381466E-01,
    -5.5538154947649195E-02,
    -5.9722487065385715E-02,
    -5.2251534538207814E-02,
     2.5369626951586108E-02,
    -5.4144591811236084E-02,
    -6.0538311998534849E-02,
     2.6339592507907722E-01,
    -3.7266806671314340E-01,
    -3.7263359860219636E-01,
     1.5530353765679125E-01,
     1.5476365548752272E-01,
     1.6169855603223715E-01,
     1.5824892521001516E-01,
     1.5370242320479030E-01,
     1.7426742284166463E-01,
    -2.7907754732274970E-01,
    -2.5441769328106456E-01,
    -2.1441189172358771E-01,
     1.3769850027762048E-01,
    -2.6271155984251970E-01,
    -1.7111706629342219E-01,
    -3.7706253873306783E-02,
    -4.2494699953357407E-01,
     1.3899654000138828E-01,
     1.5509411835620959E-01,
     1.4264319948913151E-01,
     1.4898109663208534E-01,
     1.3485859163687836E-01,
     2.5285358119504159E-01,
    -1.6264545413854967E-01,
    -3.7402205223319107E-02,
    -4.3427180550017064E-01,
     1.4367397777465665E-01,
     1.6150501263496725E-01,
     1.5451239697456828E-01,
     1.4567637646271045E-01,
     1.4170260018346537E-01,
     2.6487537646239534E-01
  ],
  "coordination numbers": [
     7.5337385162657018E+00,
     3.0147963771852879E+00,
     3.0118623631192722E+00,
     3.0163237650065913E+00,
     3.0197615741419659E+00,
     3.0163314693945908E+00,
     3.0118294113782014E+00,
     3.8772906180348068E+00,
     1.9852614757299216E+00,
     1.9735241090593556E+00,
     9.9283644051122444E-01,
     9.9293222261154135E-01,
     9.9294032072484484E-01,
     9.9295554429507149E-01,
     9.9293300397768114E-01,
     3.7124393215206259E+00,
     1.9670640745396373E+00,
     1.9714297567264598E+00,
     1.0014899418764909E+00,
     1.8547540476808972E+00,
     9.9955015153493854E-01,
     4.0107398449044389E+00,
     4.0068967639126285E+00,
     2.9409519509824547E+00,
     9.9182681456490229E-01,
     9.9220697315712503E-01,
     9.9153838779680026E-01,
     9.9160240466536287E-01,
     9.9163191669355832E-01,
     1.0030247204170291E+00,
     3.9659274773659892E+00,
     3.9809657608863533E+00,
     2.9474631087539933E+00,
     9.9189335197794204E-01,
     9.9152228436239298E-01,
     9.9145536695810765E-01,
     9.9154458331823037E-01,
     9.9158492196559322E-01,
     1.0404326121098171E+00
  ]
}
