{
  "version":  "0.2.0",
  "energy":    -1.7791436567436908E-01,
  "charges": [
     3.9697296551164035E-01,
     2.6599140317718245E-01,
     2.6690216622855306E-01,
    -4.6538499913840609E-01,
    -4.6448153577896978E-01
  ],
  "coordination numbers": [
     3.8697413237831766E+00,
     1.9293327095770607E+00,
     1.9300587289900895E+00,
     9.9852493915172769E-01,
     9.9851758370975663E-01
  ]
}
