{
  "version":  "0.2.0",
  "energy":    -7.5521799192221573E-02,
  "charges": [
     5.3413080585682671E-01,
    -6.2335891362546220E-02,
    -4.7179491449428046E-01
  ],
  "coordination numbers": [
     1.9964079471636786E+00,
     9.9797948878736342E-01,
     9.9941434597436540E-01
  ]
}
