{
  "version":  "0.2.0",
  "energy":    -8.1492521422070918E-02,
  "charges": [
     6.1095063468554800E-01,
    -2.0285661786863166E-01,
    -2.0472122402628939E-01,
    -2.0337279279062687E-01
  ],
  "coordination numbers": [
     2.9816989436300139E+00,
     9.9531747089793932E-01,
     9.9532746261211891E-01,
     9.9563684574173728E-01
  ]
}
