{
  "version":  "0.2.0",
  "energy":    -1.8105200658355209E+00,
  "charges": [
     6.9031405739098117E-01,
    -2.4956209717806924E-01,
    -3.8383662108168570E-02,
    -3.8532410857604316E-01,
     4.6694944824435425E-02,
     1.0253063142065752E-01,
     9.0312371507429295E-02,
     9.0437330323035525E-02,
     7.6255444330534133E-02,
    -7.5690414690000118E-01,
     2.9811405237107025E-01,
     2.4766443556288745E-01,
     2.3529470898362861E-01,
     2.0142966476806801E-01,
    -4.1840109360409961E-01,
    -2.5936391374316181E-01,
    -3.6642269985718140E-01,
    -2.5157448660199266E-01,
    -4.9620712239158649E-02,
    -4.0778988511105319E-01,
     4.2371011047593853E-02,
     1.0878071431080120E-01,
     7.6683924586196772E-02,
     7.1873306010365123E-02,
     5.8798402480155137E-02,
    -8.4462121032988502E-01,
     2.7109814748353445E-01,
     3.0132819088172347E-01,
     3.0523968833424914E-01,
    -3.3101454494538562E-01,
     9.3684110768470635E-02,
    -4.3087166054819287E-01,
    -1.3187154757561909E-01,
    -1.1180257005013704E-01,
    -7.2898316985889278E-02,
     1.8397989223500152E-02,
    -1.0656149573601646E-01,
    -1.3594787420519969E-01,
     2.7844325107969414E-01,
    -4.8733299309722433E-01,
    -4.7745405527530355E-01,
     6.9113904038754032E-02,
     1.0809655284512723E-01,
     1.5161733030347652E-01,
     9.2120677442803042E-02,
     6.6555237597209951E-02,
     3.2414923876540919E-01,
    -2.0367624401400872E-01
  ],
  "coordination numbers": [
     5.9088224502703692E+00,
     3.9525278759394000E+00,
     4.0713697866528777E+00,
     1.9843972471326099E+00,
     9.9082407576364773E-01,
     9.9135944406804910E-01,
     9.9135409260547824E-01,
     9.8895381981672603E-01,
     9.8821303751846212E-01,
     3.9050299378565434E+00,
     9.9606354542946285E-01,
     1.0045041236995074E+00,
     1.0186652729386063E+00,
     3.0010534949715248E+00,
     1.0181819878589158E+00,
     1.9225192668698652E+00,
     1.0022821310946268E+00,
     3.9525872541224754E+00,
     4.0204158142674675E+00,
     1.9890898118543419E+00,
     9.9081305737269432E-01,
     9.9145243292267882E-01,
     9.9126003548635566E-01,
     9.8843789688349304E-01,
     9.8780903901202866E-01,
     2.9827598652113672E+00,
     9.9600015080075011E-01,
     9.9594994207966270E-01,
     9.9542080799127231E-01,
     1.0096853044391789E+00,
     2.0177024947217266E+00,
     1.9831275790506782E+00,
     3.0127939226485623E+00,
     3.0129188582880975E+00,
     3.0129072843755855E+00,
     3.0177496295837791E+00,
     3.0153619913240206E+00,
     3.0117732260435837E+00,
     2.9954886142207746E+00,
     1.0006354935213277E+00,
     1.9757725380517730E+00,
     9.9258771690385217E-01,
     9.9267975801631625E-01,
     9.9156321722788032E-01,
     9.9267406529900981E-01,
     9.9260682956857060E-01,
     9.9376402631845195E-01,
     9.7545505748017280E-01
  ]
}
