{
  "version":  "0.2.0",
  "energy":     1.4822617253919852E+00,
  "charges": [
     9.0086876918945213E-01,
     5.4795487398513427E-02,
     3.0275946434351719E-01,
    -2.6834974971998976E-01,
    -3.0589432644877834E-01,
    -5.7614176076952273E-01,
     1.9317573025622392E-01,
     1.9737714329963771E-01,
     2.9366239124401794E-01,
     3.0117292770876136E-01,
    -1.6412425334485725E-02,
    -8.3015256860031528E-02,
    -8.0819203926205951E-02,
    -2.5609772852337370E-02,
    -3.2606238305867669E-01,
     1.6989560313570579E-01,
     1.5539254143105763E-01,
     1.7603635471617135E-01,
     1.8997797578765829E-01,
     1.8844554842518885E-01,
     1.8056758100586293E-01,
     1.5920815511455844E-01,
     1.5920250363927468E-01,
     1.4187766208539343E-03,
    -2.6999962488212864E-01,
     3.0542047040232256E-01,
    -2.8182990584228745E-01,
    -4.9088011482729843E-02,
    -2.7774103977521103E-01,
    -4.1296125783630178E-02,
     2.0346655877530759E-01,
     1.8961525632000378E-01,
     2.0370467527116554E-01,
     1.6289712066359191E-01,
     1.8815645242346515E-01,
     1.8013839680007368E-01,
     1.7310677804453062E-01,
     1.8195130152654013E-01,
     1.8984562319255863E-01
  ],
  "coordination numbers": [
     7.4501542336213875E+00,
     4.1099675126134461E+00,
     4.0631109850334690E+00,
     1.9934182630793931E+00,
     1.9952629882582018E+00,
     3.9302201814187239E+00,
     9.9210444760731153E-01,
     9.9207505333085155E-01,
     9.9636046523237187E-01,
     9.9621242693652601E-01,
     4.2218623915457485E+00,
     3.9802943036960263E+00,
     3.9814175921566228E+00,
     4.0980642346900176E+00,
     2.9366373292667491E+00,
     9.9172859328815388E-01,
     9.9226471556855333E-01,
     9.9158700313464632E-01,
     9.9171464498778494E-01,
     9.9172787675517693E-01,
     9.9161342109013351E-01,
     9.9166566817669555E-01,
     9.9171820577476577E-01,
     4.0786622522825606E+00,
     1.9810824745263993E+00,
     4.0628868307834214E+00,
     2.9597582193953942E+00,
     4.1179456030367092E+00,
     2.9623602131430564E+00,
     4.1398529411952119E+00,
     9.9239462216847585E-01,
     9.9197177381442625E-01,
     9.9240384458157838E-01,
     9.9201425216686800E-01,
     9.9199800200826616E-01,
     9.9179982872794525E-01,
     9.9208255153286018E-01,
     9.9192399903814543E-01,
     9.9199470123280875E-01
  ]
}
