{
  "version":  "0.2.0",
  "energy":     1.5240693019798590E+00,
  "charges": [
     7.8555871621478257E-01,
    -7.5988785115728725E-03,
    -1.2793068979827460E-02,
     8.1788012826090828E-02,
    -3.6171598145363226E-01,
     8.2357637500638181E-02,
    -2.3001147517232923E-02,
     2.0107506718808629E-01,
     1.9497379073100868E-01,
     1.7518065043710035E-01,
     1.5070256442530439E-01,
     1.8668801363057783E-01,
     1.2413003323385019E-01,
     7.9985448368828177E-02,
    -3.6883220662611305E-01,
     7.4318927181765526E-02,
     1.2897366547299760E-01,
    -2.6236491068515233E-01,
     2.0204732138153841E-01,
     1.4573571471621599E-01,
     1.6098648774291197E-01,
     2.0363464544496296E-01,
    -1.3807211005007608E-01,
    -2.5669060354260753E-02,
    -4.1800469451084177E-01,
     1.8546634787283842E-01,
     1.7637093862150838E-01,
     1.7797579222218407E-01,
     1.7250299081532067E-01,
     1.6423792154849859E-01,
     2.7384559221542520E-01,
    -7.1535562817895415E-03,
    -1.4735779027961887E-02,
    -3.7439715023268455E-02,
     2.7239854755746466E-02,
    -2.3887277405375579E-02,
    -1.6878943108451810E-02,
     2.4471700398018664E-01,
    -3.2717700604465560E-01,
    -3.7438632668501559E-01,
     2.0463535282650477E-01,
     2.0030800879024022E-01,
     1.6606433927965408E-01,
     1.8405836556492772E-01,
     1.9880204300470250E-01,
     2.6292645654660524E-01,
     6.8196510772026320E-02,
    -2.6577355304780109E-01
  ],
  "coordination numbers": [
     7.2018129153409260E+00,
     3.0217617477945451E+00,
     3.0076642353151595E+00,
     3.2107438211069779E+00,
     2.9982004703025806E+00,
     3.4184364892375960E+00,
     3.0069251535608839E+00,
     9.9263891943741545E-01,
     9.9284219511173877E-01,
     9.9267263751387347E-01,
     1.0001067069896861E+00,
     9.9290613562515784E-01,
     3.0580840697164851E+00,
     3.4819347135336640E+00,
     2.9998962713420614E+00,
     3.1486118947280000E+00,
     3.0591445580207122E+00,
     2.0173644368804817E+00,
     9.9238820652728066E-01,
     1.0125626814944688E+00,
     9.9245613686348833E-01,
     9.9235860866450931E-01,
     3.9555149750402387E+00,
     4.0425506474509234E+00,
     2.9483829453608648E+00,
     9.9145332238995643E-01,
     9.9149338250590890E-01,
     9.9182469764424042E-01,
     9.9178843666032357E-01,
     9.9230739762407794E-01,
     1.0144158841930730E+00,
     3.0156417040299361E+00,
     3.0071412577316954E+00,
     3.0125908157078669E+00,
     3.0164537971836705E+00,
     3.0194169484291145E+00,
     3.0068779176660732E+00,
     3.6741431996683911E+00,
     1.9912555338489017E+00,
     2.8500253044650847E+00,
     9.9263856676661621E-01,
     9.9290418652323975E-01,
     9.9246421657413020E-01,
     9.9293139878938863E-01,
     9.9290719178701803E-01,
     9.9214673571459233E-01,
     1.9923762026726086E+00,
     1.0418320344793504E+00
  ]
}
