{
  "version":  "0.2.0",
  "energy":    -3.3113869019411585E-01,
  "charges": [
     7.3066816980063898E-01,
    -1.0067503017148249E-01,
    -1.0248809936425873E-01,
    -8.3951349541523612E-02,
     4.1014768333639262E-03,
    -8.7406650875541780E-02,
    -1.0402887075816192E-01,
     2.5334077021823365E-01,
    -3.5775509956117535E-01,
    -3.7425880312690896E-01,
     1.0943418473436178E-01,
     1.1125400924339995E-01,
     1.3304978555941865E-01,
     1.2650961248514800E-01,
     1.0949321404655432E-01,
    -5.6324251225971844E-02,
    -1.5589424862330048E-01,
    -1.5096168268238841E-01,
    -5.7403491235230253E-02,
    -2.5960497447613951E-01,
     1.1384149626770471E-01,
     1.0839417734021120E-01,
     9.7393828328904974E-02,
     9.1579793288695394E-02,
     9.1243422472072816E-02,
     1.0686518725104846E-01,
     1.0581920237573914E-01,
     1.2513316401892996E-01,
    -1.0045602851073387E-01,
    -1.0233180638089334E-01,
    -8.3797146273153711E-02,
     4.6000912044119602E-03,
    -8.5932741770806009E-02,
    -1.0340434033399587E-01,
     2.5278829732812846E-01,
    -3.6344231878400218E-01,
    -3.5788847922604672E-01,
     1.0962195395015892E-01,
     1.1137925675445343E-01,
     1.3319430111260006E-01,
     1.2976465163034917E-01,
     1.1015042947723275E-01,
    -8.3183772316055671E-02,
    -3.9940675411460091E-01,
     1.0284300900916413E-01,
     9.3881048858685923E-02,
     1.0425140576276062E-01
  ],
  "coordination numbers": [
     7.2055936591994216E+00,
     3.0138807087982880E+00,
     3.0123544831914142E+00,
     3.0163943707620673E+00,
     3.0179022770500570E+00,
     3.0161625663588936E+00,
     3.0123103924354693E+00,
     3.8076370924628398E+00,
     1.9567177423644813E+00,
     1.9508229222333400E+00,
     9.9278690958560478E-01,
     9.9284488718839370E-01,
     9.9293104436095980E-01,
     9.9293484844863045E-01,
     9.9283308348550570E-01,
     4.1961247106194755E+00,
     3.9855709656095826E+00,
     3.9768545413919494E+00,
     4.0740054546204805E+00,
     2.9182349715396319E+00,
     9.9945309637087743E-01,
     9.9158540028201969E-01,
     9.9154869628505438E-01,
     9.9190473114183320E-01,
     9.9186805333407690E-01,
     9.9137827594290151E-01,
     9.9085847223238499E-01,
     9.9214894274560539E-01,
     3.0138896274139748E+00,
     3.0123128486550170E+00,
     3.0161774715878922E+00,
     3.0181163093084917E+00,
     3.0161862966383248E+00,
     3.0123079692534205E+00,
     3.8235142240360585E+00,
     1.9555005253839948E+00,
     1.9624217867342084E+00,
     9.9278657224868994E-01,
     9.9284047837646838E-01,
     9.9293252093062456E-01,
     9.9293830332501276E-01,
     9.9283540449178265E-01,
     4.0601376767044455E+00,
     1.9922326076932180E+00,
     9.9039121631012073E-01,
     9.8990125232342052E-01,
     9.9044368470198574E-01
  ]
}
