{
  "version":  "0.2.0",
  "energy":    -1.3303950123548230E-01,
  "charges": [
     5.8708852343011686E-01,
    -1.0487204054723920E-02,
    -5.7660131937539294E-01
  ],
  "coordination numbers": [
     1.9601129371421111E+00,
     9.6168709071161196E-01,
     9.9935601991645751E-01
  ]
}
