{
  "version":  "0.2.0",
  "energy":    -1.1390883921651693E-01,
  "charges": [
     7.4104377202506488E-01,
    -8.6745742672113074E-02,
    -2.0729852495427836E-01,
    -2.0510837666579854E-01,
    -8.0858157286591348E-02,
    -8.3362404067341633E-02,
    -7.7670566378941916E-02
  ],
  "coordination numbers": [
     5.8347456759157534E+00,
     1.6847353282714650E+00,
     1.0066260570846532E+00,
     1.0066239267485972E+00,
     1.7276364585512454E+00,
     1.6855492636900644E+00,
     1.7286870650446025E+00
  ]
}
