{
  "version":  "0.2.0",
  "energy":    -8.3517549296045501E-01,
  "charges": [
     5.7131760795565234E-01,
    -1.4014342286222503E-01,
    -8.6263343124742553E-01,
    -5.6854075384600145E-01
  ],
  "coordination numbers": [
     2.9509945713705639E+00,
     9.5912993293840643E-01,
     9.9940739269541012E-01,
     9.9686623074452196E-01
  ]
}
