{
  "version":  "0.2.0",
  "energy":    -6.6698300689445922E-01,
  "charges": [
     1.0303437647453917E-01,
    -9.6466308383502786E-02,
    -1.2013738279849023E-01,
    -3.8056493306437722E-01,
    -5.0586575222816876E-01
  ],
  "coordination numbers": [
     3.8560953623498362E+00,
     9.2377443659874814E-01,
     1.9467121612453369E+00,
     1.9740204277611371E+00,
     9.9788564348626352E-01
  ]
}
