{
  "version":  "0.2.0",
  "energy":    -2.6686591432043771E-01,
  "charges": [
     7.9367121844925892E-01,
     2.7015764662047931E-01,
     2.7104692566400224E-01,
    -6.6745013693261712E-01,
    -6.6742565380112340E-01
  ],
  "coordination numbers": [
     3.7730150097612487E+00,
     1.8607828357554972E+00,
     1.8611975973120058E+00,
     9.9938575440989119E-01,
     9.9938570898621748E-01
  ]
}
