{
  "version":  "0.2.0",
  "energy":    -3.5631749887201208E-01,
  "charges": [
     9.6284219201673393E-01,
    -1.1824203419862614E-02,
     2.4278150054909808E-01,
    -3.4385832499390590E-01,
    -3.5633837034006655E-01,
    -5.9350924649169601E-01,
     1.1837691878641340E-01,
     1.1315083869175543E-01,
     2.5087967179161214E-01,
     2.4694034283600708E-01,
    -1.8467208344140001E-01,
     1.0201200640932134E-01,
    -8.8476015307027603E-02,
     1.0099318846830084E-01,
    -3.6335457301845436E-01,
    -1.8643311625899783E-01,
    -3.7261001965337887E-01,
     1.0051638496618634E-01,
     1.2087302490239632E-01,
     1.2125800498167628E-01,
     1.0458913862421232E-01,
     1.0033691464385763E-01,
     1.1959764333594607E-01,
     1.1830013182693105E-01,
    -1.4732444358130242E-01,
     1.6171364945485311E-01,
    -4.3676115577920921E-01
  ],
  "coordination numbers": [
     7.1337120953911155E+00,
     4.1251957385437557E+00,
     3.9876585536924365E+00,
     1.9412328608784346E+00,
     1.9673736822275680E+00,
     3.8872290189747538E+00,
     9.9219320274816347E-01,
     9.9206779823752012E-01,
     9.9636148206584707E-01,
     9.9769908583852729E-01,
     3.9607549016701737E+00,
     3.1941962982127325E+00,
     3.0057382463882654E+00,
     3.1837622026381140E+00,
     1.9890686028551645E+00,
     3.9605680344051510E+00,
     1.9911043932762640E+00,
     9.9228102675517604E-01,
     9.9154176940685002E-01,
     9.9162854954480029E-01,
     9.9324321409473271E-01,
     9.9226293964203993E-01,
     9.9155759847261571E-01,
     9.9158857466471151E-01,
     1.0114153757244253E+00,
     2.3744411656530149E+00,
     2.0029636165055278E+00
  ]
}
