{
  "version":  "0.2.0",
  "energy":     1.0762377190313949E-01,
  "charges": [
     7.0654234260860482E-01,
    -5.5593102389926197E-01,
    -2.8398817358170347E-02,
    -3.3323472606380661E-02,
    -4.0657939501729118E-01,
    -3.6861085445447472E-02,
    -2.5810299076449272E-02,
    -5.5338759742419930E-01,
     2.5614535930886162E-01,
     2.3713419542070965E-01,
     1.1507127694934301E-01,
     1.2505472433452428E-01,
     1.2352933346254047E-01,
     1.1309468981768744E-01,
     2.2947467980030409E-01,
     1.1806057474838499E-01,
     1.1420281577674538E-01,
     1.1949046506107258E-01,
     1.2175133457718926E-01,
     2.5385360457552469E-01,
     2.7598233038128001E-01,
    -5.4971035796505652E-01,
    -1.8864290412683754E-02,
    -1.8972424361374668E-02,
    -5.5777183094428384E-01,
     2.4445925035949662E-01,
     2.6357705956859473E-01,
     1.2112356534549375E-01,
     1.4153448520099829E-01,
     1.4225357397816399E-01,
     1.2091063869977239E-01,
     2.3931695913614495E-01,
     2.4459808853933945E-01,
     3.7295244088051155E-02,
    -3.0322244996578707E-01,
     1.6493522618848230E-01,
    -2.4514558470994821E-01,
    -2.3492847860372640E-01,
    -2.3585303237640640E-01,
    -7.2266969059413511E-01,
     2.5254183270460684E-01,
     2.7971473585796136E-01,
     2.8488396186180970E-01,
    -1.9954551466879966E-01,
    -5.4775948144154922E-03,
    -3.5510153175182624E-01,
     1.2690066780121645E-01,
     1.2288203403412873E-01,
     1.1511876185483744E-01,
     1.5163443104670227E-01,
     1.2448622890707092E-01
  ],
  "coordination numbers": [
     7.6690688155746516E+00,
     3.8853756438551388E+00,
     4.0157866330866021E+00,
     4.0436012931494218E+00,
     3.8489023228847028E+00,
     3.9940531682262792E+00,
     3.9754458987183039E+00,
     3.7956550264586548E+00,
     9.9774356014855403E-01,
     1.0067799384283687E+00,
     9.9098539066251945E-01,
     9.9180182555810692E-01,
     9.9148831553721628E-01,
     9.9063469706888529E-01,
     1.0135081533738015E+00,
     9.9119123338406290E-01,
     9.9059010176619378E-01,
     9.9116228277255303E-01,
     9.9180688461447630E-01,
     9.9666415547697884E-01,
     1.0000838610122020E+00,
     3.8753225162098808E+00,
     4.0208139390604263E+00,
     4.0154295838642309E+00,
     3.8730306366909719E+00,
     9.9810155379099719E-01,
     1.0010761892645528E+00,
     9.9102757447650358E-01,
     9.9123903943780967E-01,
     9.9133046497259780E-01,
     9.9112587203339331E-01,
     9.9718039092806077E-01,
     1.0015491124929845E+00,
     9.9942592349607740E-01,
     9.9940450685031657E-01,
     3.4720832002281714E+00,
     1.8508841845970467E+00,
     1.9144219810225112E+00,
     1.0016647493135364E+00,
     3.8637036409452659E+00,
     9.9668817715983771E-01,
     9.9688299465195307E-01,
     9.9841958059923019E-01,
     3.9532363281293712E+00,
     4.0026806892996536E+00,
     1.9899108603168152E+00,
     9.9162469986424195E-01,
     9.9120934482524348E-01,
     9.9104520515568861E-01,
     9.8993019593661558E-01,
     9.8900211716518793E-01
  ]
}
