{
  "version":  "0.2.0",
  "energy":    -3.1619039898554822E+00,
  "charges": [
     7.8255582831788573E-01,
    -5.8679803846610346E-01,
    -7.2070330378270153E-02,
    -7.3676261410089205E-02,
    -5.7626038048599182E-01,
     1.9446652256013808E-01,
     2.7426085435188802E-01,
     9.1797564175168378E-03,
     9.2558950696712633E-02,
     9.2675483820554322E-02,
     6.7044853165240392E-03,
     2.0160811729479067E-01,
     2.7413209892475954E-01,
    -3.7873017329722047E-01,
    -2.4049361032677186E-02,
    -5.7444374176808610E-01,
     6.6267625389631046E-03,
    -6.2467939031949715E-01,
    -2.2152593769597057E-01,
    -4.1129413773209478E-01,
    -3.8057444893635262E-01,
     3.1122973991929109E-01,
    -5.5985217232431750E-01,
    -5.7038708720380926E-01,
    -3.7951003636734804E-01,
     3.1870140258074703E-01,
    -5.6049528639517543E-01,
    -5.7035321892676738E-01
  ],
  "coordination numbers": [
     6.4018337300199626E+00,
     3.8549410277818303E+00,
     3.9969160022199492E+00,
     4.0010396831963781E+00,
     3.8645641577073810E+00,
     9.9849799967582609E-01,
     1.0022398012981482E+00,
     9.8839513132364232E-01,
     9.9100576330242074E-01,
     9.9104459827658786E-01,
     9.8829135490603548E-01,
     1.0000487116139292E+00,
     1.0025472053474500E+00,
     1.9255836554733188E+00,
     2.0001653671774102E+00,
     1.0048352112462284E+00,
     1.7988944527786694E+00,
     9.9959976917567150E-01,
     1.0009770532622575E+00,
     1.8486701757325728E+00,
     1.9775390470973200E+00,
     3.0902253435098244E+00,
     9.9851686291516728E-01,
     9.9894186727835077E-01,
     1.9780292080257444E+00,
     3.1133971453598184E+00,
     9.9850574651139823E-01,
     9.9894573552805088E-01
  ]
}
