{
  "version":  "0.2.0",
  "energy":     5.8785119211919978E-01,
  "charges": [
     6.0001319427825162E-01,
     1.0097848809745305E-01,
     2.9900831762429531E-01
  ],
  "coordination numbers": [
     1.9883770450635430E+00,
     1.9856162396801995E+00,
     1.9831080419794453E+00
  ]
}
