{
  "version":  "0.2.0",
  "energy":    -3.4379176491909169E-01,
  "charges": [
     8.7569191012807102E-01,
     8.7703214214308309E-02,
    -2.9897205216770906E-01,
    -2.5914505694663481E-01,
    -1.6010888150303582E-01,
     1.0319061412438588E-01,
    -3.6857016544358584E-01,
     1.6710504392654960E-01,
     1.1695475721892323E-01,
     1.2840728236101762E-01,
     8.8802601062628300E-02,
    -2.9917858986989687E-01,
    -2.6591776048121746E-01,
    -2.3040975443543468E-01,
     2.1320196972723310E-01,
    -3.7705106948639006E-01,
    -2.1452770767676951E-01,
    -2.1271023666917371E-01,
     1.2091182668678771E-01,
     1.2228746654427178E-01,
     1.0487914448029693E-01,
     1.1037505586866710E-01,
     1.7025038417003860E-01,
     1.2512910251724937E-01,
     1.1012339194904716E-01,
     1.2383932200275513E-01,
     1.6975504745654710E-01,
    -5.5715310347746083E-01,
     3.0513624371853076E-01
  ],
  "coordination numbers": [
     6.2927260075054567E+00,
     3.4965203380690646E+00,
     1.0031856066758902E+00,
     1.9888337432974454E+00,
     3.9560914989837910E+00,
     2.2231998815543594E+00,
     1.9253066136578330E+00,
     9.8929860485143539E-01,
     9.9191117948670637E-01,
     9.9189053611461908E-01,
     3.4911700500561631E+00,
     1.0037342725213287E+00,
     1.9904109928573881E+00,
     3.9576245664995184E+00,
     4.3501118170943132E+00,
     1.9854699181097635E+00,
     3.9568912961310732E+00,
     3.9567125195656043E+00,
     9.9420657740073626E-01,
     9.9409076487019998E-01,
     9.9322101599239598E-01,
     9.9390281420915016E-01,
     9.9429325480215613E-01,
     9.9452617314399738E-01,
     9.9374456485149221E-01,
     9.9418925313740392E-01,
     9.9257612995106825E-01,
     1.9920591806253132E+00,
     1.0027210223431089E+00
  ]
}
