{
  "version":  "0.2.0",
  "energy":    -1.0366466769825887E-01,
  "charges": [
    -9.7531136076944303E-03,
     4.4369189712859641E-01,
    -1.9093605268902503E-01,
    -1.2147284965508773E-01,
    -1.2152988117678926E-01
  ],
  "coordination numbers": [
     3.7166081100182415E+00,
     1.8565814655247568E+00,
     1.8239896827902680E+00,
     9.5532769092147696E-01,
     9.5526873874978424E-01
  ]
}
