{
  "version":  "0.2.0",
  "energy":    -8.8991813783769302E-02,
  "charges": [
     6.4942718753307127E-01,
    -1.0813306582067175E-01,
    -2.2234849972920478E-01,
    -9.6082340775529518E-02,
    -2.2286328120766524E-01
  ],
  "coordination numbers": [
     3.9373761624759602E+00,
     1.9761227412247004E+00,
     9.9375412253341544E-01,
     1.9789296928203237E+00,
     9.9399361147584298E-01
  ]
}
