{
  "version":  "0.2.0",
  "energy":    -1.4800390467545097E+00,
  "charges": [
     4.7774702159072557E-01,
    -1.5348989411801045E-01,
    -1.3935706930790959E-01,
    -1.0456604841603068E-01,
    -5.1502891360586389E-03,
    -1.2029982568961273E-01,
    -1.5677138095610738E-01,
     2.6949641910484462E-01,
    -4.8560776087712515E-01,
    -3.7449392351442362E-01,
     5.5668319902264257E-02,
     7.6730008769605035E-02,
     1.2821240704973672E-01,
     1.0009048582697934E-01,
     5.6101463489631270E-02,
    -1.1270903050167347E-01,
    -3.5811692494513825E-01,
    -2.4399005608093965E-01,
    -2.4759368775946561E-01,
    -6.6190023443129153E-01
  ],
  "coordination numbers": [
     4.1993933291459928E+00,
     3.0119638407583125E+00,
     3.0121532713434096E+00,
     3.0141759067526870E+00,
     3.0130672638923386E+00,
     3.0169019805660682E+00,
     3.0110470519603059E+00,
     3.0717783840823554E+00,
     1.0007356806550529E+00,
     1.9915390058303339E+00,
     9.9251858185031505E-01,
     9.9266085771217316E-01,
     9.9311563752816756E-01,
     9.9274453273135954E-01,
     9.9247009360119876E-01,
     2.1801778699366166E+00,
     1.0027430202966476E+00,
     1.9896559457279315E+00,
     9.9373422398099009E-01,
     9.7819457024097822E-01
  ]
}
