{
  "version":  "0.2.0",
  "energy":    -3.7606874999350326E-01,
  "charges": [
     7.2484200219341921E-01,
    -9.4049993555688660E-02,
    -9.7533771872921893E-02,
    -8.1318706807885999E-02,
     9.4195729699694253E-03,
    -7.8851710585227330E-02,
    -9.6252717548145350E-02,
     2.4899945110497357E-01,
    -3.8324780742593134E-01,
    -3.7563287620220109E-01,
     1.1582629306967301E-01,
     1.1601543367622635E-01,
     1.3288409616907690E-01,
     1.3743102048920416E-01,
     1.1743485337456605E-01,
     3.2292690097395660E-02,
    -4.3062027752471654E-01,
     4.3278539851484332E-02,
    -4.2152393161287327E-01,
    -5.0205045474615240E-02,
    -1.4170455805404536E-01,
    -1.4263612715213625E-01,
    -5.6930078152328978E-02,
    -2.8679211309586933E-01,
     1.1545302221845379E-01,
     1.1977754053081409E-01,
     1.2725244230605132E-01,
     9.9878685700777903E-02,
     1.0338840464402488E-01,
     1.0804859749119899E-01,
     1.1435989745845893E-01,
     1.2311861329723388E-01,
    -2.0763436061231555E-01,
    -5.5461739781504815E-02,
    -4.4021047971421268E-01,
     1.0730191838158773E-01,
     1.1448367449374858E-01,
     1.2917811176869953E-01,
     1.1510650413589674E-01,
     1.3561451132174179E-01,
     2.4922041842794224E-01
  ],
  "coordination numbers": [
     6.5481140365351651E+00,
     3.0143431677523065E+00,
     3.0124012634339996E+00,
     3.0164296243713773E+00,
     3.0195245970595153E+00,
     3.0162754905000586E+00,
     3.0125060458704587E+00,
     3.8129956984175255E+00,
     1.9618216802713899E+00,
     1.9588905745853022E+00,
     9.9280867922226701E-01,
     9.9288677209620246E-01,
     9.9294315289827928E-01,
     9.9293978044608089E-01,
     9.9288560365062306E-01,
     1.9569508029053315E+00,
     1.0058527614478239E+00,
     1.9666680395031255E+00,
     1.0057177596901186E+00,
     4.0745228909220437E+00,
     3.9834338833858451E+00,
     3.9858219448176229E+00,
     4.1222179352330635E+00,
     2.9218200672425629E+00,
     9.9132636727690127E-01,
     9.9203680620447088E-01,
     9.9149824018819732E-01,
     9.9190695389873706E-01,
     9.9194288036131439E-01,
     9.9144809244956278E-01,
     9.9126667355285747E-01,
     9.9197782301235815E-01,
     3.9550812961976520E+00,
     3.9677081451147984E+00,
     2.9087963175449003E+00,
     9.9173549338410361E-01,
     9.9137298945802410E-01,
     9.9178563787331875E-01,
     9.9130768318054496E-01,
     9.9199569806125076E-01,
     1.0273324655928873E+00
  ]
}
