{
  "version":  "0.2.0",
  "energy":     1.1706880914499043E+00,
  "charges": [
     8.0295672197902590E-01,
     6.7759056233893844E-01,
     5.1945271568203577E-01
  ],
  "coordination numbers": [
     1.9950667733427396E+00,
     9.9816832200272643E-01,
     9.9788224562870109E-01
  ]
}
