{
  "version":  "0.2.0",
  "energy":    -1.5743419900483774E-01,
  "charges": [
     8.9251392738902668E-01,
    -4.4625559152532535E-01,
    -4.4625833586370134E-01
  ],
  "coordination numbers": [
     1.9978014830154223E+00,
     9.9939477274657662E-01,
     9.9939477770676177E-01
  ]
}
