{
  "version":  "0.2.0",
  "energy":     2.4630629750235883E-01,
  "charges": [
     4.1508757194416179E-01,
     9.4248161662976238E-01,
    -3.5756918857392411E-01
  ],
  "coordination numbers": [
     1.4579621797820090E+00,
     1.4283422618671242E+00,
     1.9599924660236150E+00
  ]
}
