{
  "version":  "0.2.0",
  "energy":    -7.5195671848263992E-02,
  "charges": [
     6.3492794624836957E-01,
    -1.8661763393286271E-01,
    -1.3061226977570578E-01,
    -1.3090038403505272E-01,
    -1.8679765850474833E-01
  ],
  "coordination numbers": [
     3.9783676479178354E+00,
     1.0933610462268204E+00,
     1.1949501783244720E+00,
     1.1958801912690520E+00,
     1.0924432637611865E+00
  ]
}
