{
  "version":  "0.2.0",
  "energy":    -7.2408220935676948E-02,
  "charges": [
     5.8085073204816107E-01,
    -1.4520927833228259E-01,
    -1.4517446471212841E-01,
    -1.4525105347758166E-01,
    -1.4521593552616849E-01
  ],
  "coordination numbers": [
     3.9559096012790604E+00,
     9.9272169370862695E-01,
     9.9274633967075321E-01,
     9.9272766253490907E-01,
     9.9277361043808199E-01
  ]
}
