{
  "version":  "0.2.0",
  "energy":    -1.4685030827412021E-01,
  "charges": [
     7.8237037615830674E-01,
    -3.9119853055211823E-01,
    -3.9117184560618856E-01
  ],
  "coordination numbers": [
     1.9977339059612378E+00,
     9.9936099075879170E-01,
     9.9936087686494979E-01
  ]
}
