{
  "version":  "0.2.0",
  "energy":    -7.7291995757715770E-01,
  "charges": [
     1.9019152552902074E-01,
    -3.5086871118451474E-01,
     3.6229998614903353E-01,
     5.6083723741838454E-02,
    -1.2577065242353780E+00
  ],
  "coordination numbers": [
     3.8680017650678238E+00,
     2.8822614141270861E+00,
     2.6615994743137783E+00,
     2.7977855419706152E+00,
     9.8714600814695341E-01
  ]
}
