{
  "version":  "0.2.0",
  "energy":    -6.3509200688772555E-02,
  "charges": [
     5.3496136399663308E-01,
    -2.6747511441323718E-01,
    -2.6748624958339595E-01
  ],
  "coordination numbers": [
     1.9969830720437862E+00,
     9.9898475411349086E-01,
     9.9898522254327826E-01
  ]
}
