{
  "version":  "0.2.0",
  "energy":    -2.4226887322556484E-01,
  "charges": [
     5.9718803484830296E-01,
     8.0993499893362453E-01,
    -5.2612213633717198E-01,
    -4.6914500654491753E-01,
    -4.1185589089983793E-01
  ],
  "coordination numbers": [
     3.2523902084006684E+00,
     2.3100324265224872E+00,
     1.9946070456652656E+00,
     1.9206571176570719E+00,
     9.9581033882226677E-01
  ]
}
