{
  "version":  "0.2.0",
  "energy":     9.1185989570226589E-01,
  "charges": [
     7.4448624542338271E-01,
    -1.4732771123251687E-01,
     1.0960579595160813E-01,
    -6.0295333393265871E-02,
     1.1056185125989693E-01,
    -3.5943763270263307E-01,
    -1.4569162987882778E-01,
    -3.6483703826535963E-01,
     1.4189770892809822E-01,
     1.5353583083663910E-01,
     1.4770215361968780E-01,
     1.3805932384213471E-01,
     1.4226331316366095E-01,
     1.5070809968425250E-01,
     1.5424587519755198E-01,
    -5.6103646027198417E-02,
    -3.3304297463091803E-01,
     2.8017533655585047E-01,
    -2.8056914830850821E-01,
    -8.4467686298949296E-02,
    -2.8429494420855750E-01,
    -8.8912907670951169E-02,
     1.4585162386794193E-01,
     1.4492683467008158E-01,
     1.4867049265226798E-01,
     1.4210948361020209E-01,
     1.4950960545686046E-01,
     1.4111432819074507E-01,
     1.3726886170833966E-01,
     1.4956567149864250E-01,
     1.3583764880142302E-01,
    -2.1447533150817621E-01,
     3.9908993456412800E-02,
    -2.0977422304346560E-01,
    -2.0784718802789004E-01,
     1.4002135604791510E-01,
     1.2908109617229555E-01,
     1.3352408730482826E-01,
     1.4149624558795923E-01,
     1.3357139116196973E-01,
     1.3710704812001134E-01,
     1.4188082578541614E-01,
     1.3728019250400447E-01,
     1.3511007413713710E-01
  ],
  "coordination numbers": [
     5.6645349249485886E+00,
     3.9606353847908551E+00,
     3.1780686135769027E+00,
     3.0037222022149814E+00,
     3.1760180187571940E+00,
     1.9934628579891243E+00,
     3.9606786665563245E+00,
     1.9938051286036407E+00,
     9.9242593449981165E-01,
     9.9134591154898644E-01,
     9.9146099532495402E-01,
     9.9327351081467441E-01,
     9.9243347343395261E-01,
     9.9141277539636441E-01,
     9.9140058928351493E-01,
     4.1333726750899258E+00,
     1.9861281840629497E+00,
     4.0796914825867576E+00,
     2.9021026632988152E+00,
     4.1228840377126215E+00,
     2.9051005187899559E+00,
     4.1232273558388037E+00,
     9.9219852180214296E-01,
     9.9165630536184768E-01,
     9.9221320810347358E-01,
     9.9191386563344697E-01,
     9.9178840543974101E-01,
     9.9219727484309850E-01,
     9.9216137056565312E-01,
     9.9177325469106670E-01,
     9.9187909082851089E-01,
     3.9563778015859432E+00,
     3.9237898884516715E+00,
     3.9564610541078631E+00,
     3.9565671621504519E+00,
     9.9254981956437316E-01,
     9.9273653017101626E-01,
     9.9289070252186296E-01,
     9.9274476232511599E-01,
     9.9286197196143267E-01,
     9.9290586180125029E-01,
     9.9273813175690151E-01,
     9.9300858155329497E-01,
     9.9295952319889835E-01
  ]
}
