{
  "version":  "0.2.0",
  "energy":    -1.7163776989989371E-01,
  "charges": [
     4.7094131889644442E-01,
     4.4036941841542976E-01,
    -4.5573013147449604E-01,
    -4.5558060583737814E-01
  ],
  "coordination numbers": [
     2.8497912893581248E+00,
     8.6194669023764536E-01,
     9.9586440026706136E-01,
     9.9585333655234098E-01
  ]
}
