{
  "version":  "0.2.0",
  "energy":     3.0855159041178676E-01,
  "charges": [
     7.3555196778495302E-01,
    -6.2548226077041275E-02,
    -6.5736166201038393E-02,
    -5.5402008788502599E-02,
     2.0626392246716529E-02,
    -6.2291504944372716E-02,
    -6.8546636596461472E-02,
     2.6927282174118217E-01,
    -3.6369642756370762E-01,
    -3.0779871603836967E-01,
     1.4748201098331204E-01,
     1.4751308412951497E-01,
     1.5836094497593906E-01,
     1.4472280743594246E-01,
     1.4449844879392704E-01,
    -1.9723988363405062E-01,
     8.0786174700939142E-02,
    -2.0946393817833267E-01,
    -2.1446277730435126E-01,
     1.2379668619366996E-01,
     1.5437017999050745E-01,
     1.4401996579226128E-01,
     1.2404796996584586E-01,
     1.3035023223068171E-01,
     1.3806748330068605E-01,
     1.2371775063355740E-01,
     1.3539213922609150E-01,
     1.3162457189988400E-01,
    -1.4233506750996200E-01,
     1.1625191632194985E-01,
    -3.0958282131684151E-01,
     1.4307616712750809E-01,
     1.4433770353904138E-01,
     1.4087279638317610E-01,
    -2.7420880482678439E-01,
     5.5808623584439179E-02,
    -2.3960038690004803E-01,
    -1.0239877089222602E-01,
    -1.4994497692962086E-01,
     9.9696866671301260E-02,
    -3.4359571760580393E-01,
     1.3106246758196111E-01,
     1.3890738084344520E-01,
     1.4463727722908104E-01
  ],
  "coordination numbers": [
     7.1871788410357214E+00,
     3.0148560434328182E+00,
     3.0121111224887489E+00,
     3.0167058850300625E+00,
     3.0200910353084272E+00,
     3.0165103896269159E+00,
     3.0120232297017981E+00,
     3.8560521377092405E+00,
     1.9749240813167512E+00,
     1.9799113890231546E+00,
     9.9283664485911771E-01,
     9.9293026264231976E-01,
     9.9296339391327759E-01,
     9.9294975698089782E-01,
     9.9293286820965232E-01,
     3.9569599685067729E+00,
     3.9456685106767742E+00,
     3.9563117539246937E+00,
     3.9572521874640012E+00,
     9.9246818257345115E-01,
     9.9289165638891674E-01,
     9.9362605800510728E-01,
     9.9245106633139457E-01,
     9.9309815197883822E-01,
     9.9299558766116292E-01,
     9.9250479409301473E-01,
     9.9376513843037451E-01,
     9.9327914223169333E-01,
     3.9583213098369407E+00,
     2.0095512511374087E+00,
     1.9426860747104060E+00,
     9.9177970458174158E-01,
     9.9181993386649836E-01,
     9.9180391474822915E-01,
     2.0018578252703350E+00,
     2.0832255449245993E+00,
     1.0053694020987622E+00,
     9.9515598914885395E-01,
     3.9582803216284939E+00,
     2.0078109138687941E+00,
     1.9423889697569399E+00,
     9.9178296100885710E-01,
     9.9178098056570541E-01,
     9.9181780130692232E-01
  ]
}
