{
  "version":  "0.2.0",
  "energy":    -7.0478628973995081E-02,
  "charges": [
     5.7133658034873058E-01,
    -1.4302855011482524E-01,
    -1.4282950335935163E-01,
    -1.4282953136015900E-01,
    -1.4264899551439469E-01
  ],
  "coordination numbers": [
     3.9652382713900174E+00,
     9.9539311362066485E-01,
     9.9543546656757531E-01,
     9.9543573642681249E-01,
     9.9544947446570742E-01
  ]
}
