{
  "version":  "0.2.0",
  "energy":    -2.9577284794718656E-01,
  "charges": [
     5.5723590055826355E-01,
    -5.7010789267067352E-01,
    -3.2192070742577406E-02,
    -3.8053684733932377E-02,
    -5.6842263692210726E-01,
     2.3150414672661268E-01,
     2.3186094889897488E-01,
     1.2205535514279865E-01,
     8.6830099441057088E-02,
     8.7988361715803071E-02,
     1.1365089535657760E-01,
     2.3655341035462163E-01,
     2.2779224752567498E-01,
    -1.2221892668097378E-01,
    -4.1704854815663051E-01,
     1.0446132414768519E-01,
     1.0664296049896900E-01,
     1.1410476602049087E-01,
     2.7512725433337148E-01,
    -1.0023589523608004E-01,
    -1.0392876249485174E-01,
    -8.8760082952241762E-02,
     6.2124008410630038E-05,
    -8.7151406217590738E-02,
    -1.0264475930474966E-01,
     2.5208711153704350E-01,
    -3.6554915107024799E-01,
    -3.9823057076066215E-01,
     1.1063831060267805E-01,
     1.1065781058839455E-01,
     1.2789426297499248E-01,
     1.3081473488837453E-01,
     1.1188262064459893E-01,
    -3.4530025802207442E-01
  ],
  "coordination numbers": [
     7.0072868276679223E+00,
     3.9409751985757318E+00,
     4.1772290047217444E+00,
     4.1495868298972196E+00,
     3.9319854056027017E+00,
     1.0359376841432333E+00,
     1.0096326506273474E+00,
     9.9127045270642444E-01,
     9.9074694040032529E-01,
     9.9083991723096876E-01,
     9.9127489998637408E-01,
     1.0120209610096680E+00,
     1.0123244342664579E+00,
     3.9930276766668324E+00,
     2.9328283058550939E+00,
     9.9124465632384418E-01,
     9.9106989497822795E-01,
     9.9189753065637731E-01,
     1.4261322347133474E+00,
     3.0138077881232190E+00,
     3.0120262299897398E+00,
     3.0163802422473900E+00,
     3.0172721345326572E+00,
     3.0158511513236057E+00,
     3.0122473633372531E+00,
     3.7725101568920980E+00,
     1.9695137706850074E+00,
     1.8654817909230275E+00,
     9.9279779325295348E-01,
     9.9282135651659509E-01,
     9.9292956004082633E-01,
     9.9290855441811576E-01,
     9.9282346210301320E-01,
     9.9127531586941409E-01
  ]
}
