{
  "version":  "0.2.0",
  "energy":     1.9627384921463040E-01,
  "charges": [
     8.5178200074628041E-01,
    -5.3307329595030484E-01,
     2.5416963090094369E-01,
     3.1220851195799626E-01,
    -8.8380049268649508E-02,
    -4.0569594828861993E-01,
     1.5770226399376364E-01,
     1.3888666159202218E-01,
     1.2950667990294468E-01,
    -6.7536015201958621E-02,
    -7.4786185812699912E-02,
    -7.0334798353830497E-02,
     5.6871254437530494E-03,
    -7.5510963383948249E-02,
    -6.9506832240475713E-02,
     2.4462354634641625E-01,
    -3.3003889301129741E-01,
    -4.0413964328757240E-01,
     1.4403493232002085E-01,
     1.4143917482117119E-01,
     1.4651500300877945E-01,
     1.3649160101640787E-01,
     1.4454612330811331E-01,
     2.6316502255004448E-01,
    -9.5584584061870759E-02,
     1.7717792741512167E-01,
    -3.9284402927367545E-01,
    -7.0032973178742131E-02,
    -3.0984612886379814E-01,
     2.6675355869360551E-01,
    -2.6096729427649662E-01,
    -9.1671122707938313E-02,
    -2.5877021523620281E-01,
    -9.5417555235430218E-02,
     1.3429536709692783E-01,
     1.2247112399148138E-01,
     1.3566222632736677E-01,
     1.3021264122254678E-01,
     1.3804556380870714E-01,
     1.2731693879352421E-01,
     1.3235469044836218E-01,
     1.3124745494012718E-01,
     1.2784075698707931E-01
  ],
  "coordination numbers": [
     6.2579531829749389E+00,
     1.9904827562315619E+00,
     1.0027192156882743E+00,
     1.0001957701961306E+00,
     3.9669041487106869E+00,
     2.9054620706225309E+00,
     9.9226381002258623E-01,
     9.9178299535504877E-01,
     9.9168577755505893E-01,
     3.0145911615331018E+00,
     3.0120812089321429E+00,
     3.0177803874881874E+00,
     3.0189667443426398E+00,
     3.0145057919617049E+00,
     3.0120583059015509E+00,
     3.0545252849688076E+00,
     1.9480747174110125E+00,
     1.9918453498089130E+00,
     9.9286603802121931E-01,
     9.9292632717293916E-01,
     9.9287020853065666E-01,
     9.9252880483505912E-01,
     9.9296035677958372E-01,
     9.9335360996137290E-01,
     1.0111409725814777E+00,
     2.1947387214914462E+00,
     1.9936694380859379E+00,
     4.1516327544101390E+00,
     1.9885443844026360E+00,
     4.0707800843207451E+00,
     2.8789913578565187E+00,
     4.1384176500183116E+00,
     2.8461995879822020E+00,
     4.1460348992508687E+00,
     9.9197373344729467E-01,
     9.9137629625286561E-01,
     9.9205548741103922E-01,
     9.9222999763865793E-01,
     9.9182607992428196E-01,
     9.9155507149305411E-01,
     9.9230242139603764E-01,
     9.9167155343376301E-01,
     9.9168288767113921E-01
  ]
}
