{
  "version":  "0.2.0",
  "energy":    -1.0681408775011980E+00,
  "charges": [
     9.2994459580449584E-01,
    -5.7233935234137223E-01,
    -1.6547618950043752E-02,
    -4.4517671315685403E-02,
    -6.4345703482905825E-01,
     2.3235697428030361E-01,
     2.7447030196306665E-01,
     1.2397844748365310E-01,
     1.4068931849673438E-01,
     9.4165429566804501E-02,
     7.9994335665266578E-02,
     2.3579216896095906E-01,
     2.8598774284946926E-01,
     1.8463684289371640E-01,
    -3.4966491577564895E-01,
    -2.9766903790979926E-01,
    -3.0133909910707030E-01,
    -4.0600433384675289E-01,
    -3.6270248638905150E-01,
     2.9774642971282711E-02,
    -3.7874600039151546E-01,
    -8.2683990581598324E-02,
    -4.3566149299235868E-01,
     9.4283071103424085E-02,
     9.3626629679229051E-02,
     9.1632532711549808E-02
  ],
  "coordination numbers": [
     6.3429890851043282E+00,
     3.8991982894945867E+00,
     4.0104714386272624E+00,
     3.9575912028079641E+00,
     2.9895863891200554E+00,
     1.0004392901280399E+00,
     1.0041900346508479E+00,
     9.9165592292372295E-01,
     9.9145712759629667E-01,
     9.9084160471410954E-01,
     9.8985729495001618E-01,
     9.9656580151743501E-01,
     9.9615970948034516E-01,
     3.5682261424895589E+00,
     1.0017328014079068E+00,
     1.9281484931511379E+00,
     1.9062361157489880E+00,
     9.8350669359453935E-01,
     1.9957175383069643E+00,
     2.0919957665378250E+00,
     1.0052687764143089E+00,
     4.0318533270128096E+00,
     1.9930197276486545E+00,
     9.9006830567526283E-01,
     9.8982449525569027E-01,
     9.8979309158321449E-01
  ]
}
