{
  "version":  "0.2.0",
  "energy":     2.8364117779838677E-01,
  "charges": [
     6.6373142322454948E-01,
    -7.5522658615754149E-02,
    -8.1400645476757127E-02,
    -7.4949874408377332E-02,
     6.5686593059694764E-03,
    -7.1754176952664256E-02,
    -7.9817880709602218E-02,
     2.5468620394784952E-01,
    -3.6782146091271040E-01,
    -3.4162547854340602E-01,
     1.3614230471837929E-01,
     1.3377351922042402E-01,
     1.3889372808253161E-01,
     1.4433238955314470E-01,
     1.3557202706218777E-01,
    -1.1584980444647681E-01,
     1.5774209771786959E-01,
    -4.0128668319470107E-01,
    -5.3285396913288929E-02,
    -1.3623332423908052E-01,
    -1.3183903029449948E-01,
    -4.9989849775351425E-02,
    -2.6139168349452524E-01,
     1.3350365195146632E-01,
     1.1465750704630399E-01,
     1.1346771259926235E-01,
     1.1343732062594014E-01,
     1.1357738096462297E-01,
     1.2513383466738454E-01,
     1.1181610773136083E-01,
     1.3118252804599070E-01,
    -7.5840790459377361E-02,
    -3.1015806911292587E-01,
     2.6097104549275452E-01,
    -2.3856141448498841E-01,
    -9.5594348814590724E-02,
    -2.4853088968789164E-01,
    -1.0400885624354150E-01,
     1.3244292535604299E-01,
     1.1683855447959030E-01,
     1.3350001444941872E-01,
     1.3979436582058971E-01,
     1.2159283424272105E-01,
     1.3361321389228967E-01,
     1.1865855124580021E-01,
     1.3010933189713433E-01,
     1.1769063598595127E-01,
    -7.7583835753428920E-02,
    -8.7387525184430936E-02,
     3.1408796782285926E-02,
    -3.1988359580055403E-01,
     3.7699374603986466E-02,
    -8.0006574920639617E-02,
     1.3348026388367182E-01,
     1.2456207967205932E-01,
     1.3576206201036725E-01,
     1.5248820662522375E-01,
     1.3149319553443931E-01
  ],
  "coordination numbers": [
     7.5570725586082617E+00,
     3.0145232158795734E+00,
     3.0119769233012956E+00,
     3.0161721427409551E+00,
     3.0192109437228423E+00,
     3.0162686690634013E+00,
     3.0119815445855505E+00,
     3.8330490847192822E+00,
     1.9597624873033395E+00,
     1.9724949855205027E+00,
     9.9283168144730460E-01,
     9.9290937020271297E-01,
     9.9293739818662541E-01,
     9.9293124548144718E-01,
     9.9291006851229913E-01,
     1.0118772020563860E+00,
     2.1442421184721701E+00,
     2.0025300895427511E+00,
     4.0685210482998420E+00,
     3.9686568281318788E+00,
     3.9672331140125756E+00,
     4.1053810828208768E+00,
     2.9313678604099778E+00,
     9.9211732590615398E-01,
     9.9119680023381029E-01,
     9.9194167218790597E-01,
     9.9187976641613851E-01,
     9.9197294894508303E-01,
     9.9173544994818386E-01,
     9.9103147622320620E-01,
     9.9226005709960230E-01,
     4.1307244990471528E+00,
     1.9885828226859861E+00,
     4.1211639676297285E+00,
     2.8977796431677669E+00,
     4.1484532154297824E+00,
     2.8906435798962651E+00,
     4.1534847987570416E+00,
     9.9210683268153055E-01,
     9.9137847577093563E-01,
     9.9196490373537394E-01,
     9.9232709101809036E-01,
     9.9169682033949691E-01,
     9.9180302189091574E-01,
     9.9224539357393127E-01,
     9.9146069282765392E-01,
     9.9144581719169800E-01,
     3.0217100008365634E+00,
     3.0104668544109563E+00,
     3.1411116257683966E+00,
     2.9500257166664552E+00,
     3.1332160585483360E+00,
     3.0105886372701045E+00,
     9.9283295272268823E-01,
     9.9300315904711578E-01,
     9.9265539236374600E-01,
     9.9264829070846972E-01,
     9.9301409923438833E-01
  ]
}
