{
  "version":  "0.2.0",
  "energy":     2.5399250620710145E-01,
  "charges": [
     7.1702550114198904E-01,
     3.5954130849668600E-02,
     2.6709103911943505E-01,
    -2.8180777300095161E-01,
    -2.9304382756593350E-01,
    -5.9846749149710854E-01,
     1.5024966935120984E-01,
     1.3873993147036567E-01,
     2.8765623301397480E-01,
     2.9742649922929743E-01,
    -2.3298520889797916E-01,
     7.8287161107322173E-02,
    -2.0174433412174700E-01,
    -1.4115103596057202E-01,
     2.7417217533915494E-01,
    -1.1781156917898646E-01,
    -6.7651061743996252E-02,
    -5.6551230097164978E-02,
    -5.8535168292934203E-02,
    -6.3902697350803089E-02,
     1.8300774947586695E-02,
    -5.0595884474680441E-02,
    -6.1424152386180750E-02,
     2.6205225984381575E-01,
    -2.8358870043430551E-01,
    -3.7219746401185222E-01,
     1.5305616687212900E-01,
     1.5398621186204245E-01,
     1.4365403320641362E-01,
     1.5922943285203536E-01,
     1.5107177776864825E-01,
     2.6900860047853470E-01,
    -5.5922830139603252E-02,
    -5.8268156266178095E-02,
    -6.3534345704135145E-02,
     1.8626511881484564E-02,
    -5.0873307304956872E-02,
    -6.0904443178356284E-02,
     2.5551249915625368E-01,
    -2.9204259867154347E-01,
    -3.9430402468412751E-01,
     1.5345007033312957E-01,
     1.5398412096872016E-01,
     1.4275889478630177E-01,
     1.5898881210018365E-01,
     1.5155291737028390E-01,
     2.6547187991411586E-01
  ],
  "coordination numbers": [
     7.1537153307015178E+00,
     3.9588245502337474E+00,
     3.8668284139224873E+00,
     1.9758048418779754E+00,
     1.9789033141051888E+00,
     2.9893765827485437E+00,
     9.9156796663003721E-01,
     9.8892201899705423E-01,
     9.9649776230495934E-01,
     9.9640341085794137E-01,
     2.1469888738312815E+00,
     2.1429718867087537E+00,
     1.0050781295565709E+00,
     9.9897186052024090E-01,
     3.4333216180058805E+00,
     9.9904542070171676E-01,
     1.8843056747799674E+00,
     3.0150588141318417E+00,
     3.0114340183552901E+00,
     3.0147377707867413E+00,
     3.0183079269848347E+00,
     3.0188003543848421E+00,
     3.0118610929278642E+00,
     3.2244214548587182E+00,
     1.9680598854104767E+00,
     2.0294514697082100E+00,
     9.9286045754965446E-01,
     9.9297750416673836E-01,
     9.9248181135528490E-01,
     9.9300873446257754E-01,
     9.9295315443432308E-01,
     9.9329330711552810E-01,
     3.0152301901113470E+00,
     3.0114466372259461E+00,
     3.0149313469544952E+00,
     3.0186859202051908E+00,
     3.0188272488141816E+00,
     3.0119348316776335E+00,
     3.2438395118741186E+00,
     1.9520607368761542E+00,
     2.1072620829434108E+00,
     9.9287242972301826E-01,
     9.9298437753031710E-01,
     9.9250536029413450E-01,
     9.9297896407252040E-01,
     9.9296565743615073E-01,
     9.9325641501364537E-01
  ]
}
