{
  "version":  "0.2.0",
  "energy":    -6.0376240741860793E-02,
  "charges": [
     4.6834425553953524E-01,
    -4.6834425553953524E-01
  ],
  "coordination numbers": [
     9.9023913067115732E-01,
     9.9023913067115732E-01
  ]
}
