{
  "version":  "0.2.0",
  "energy":    -7.5722766719084761E-02,
  "charges": [
     4.4470026158427101E-01,
    -4.4470026158427056E-01
  ],
  "coordination numbers": [
     9.9849216681470665E-01,
     9.9849216681470665E-01
  ]
}
