{
  "version":  "0.2.0",
  "energy":    -6.1595326177844557E-02,
  "charges": [
    -3.9989112518282094E-01,
     1.5613323942739471E-01,
     8.7744692724789297E-02,
     1.5601319303063693E-01
  ],
  "coordination numbers": [
     1.9256370798123550E+00,
     1.3085732689556915E+00,
     2.3098704198133939E+00,
     1.3411502713343149E+00
  ]
}
