{
  "version":  "0.2.0",
  "energy":    -8.0193783319762457E-02,
  "charges": [
     5.7292771502019391E-01,
    -2.8638104995746688E-01,
    -2.8654666506272708E-01
  ],
  "coordination numbers": [
     1.9959913435437384E+00,
     1.0389822112453304E+00,
     1.0389943785810418E+00
  ]
}
