{
  "version":  "0.2.0",
  "energy":    -3.0491771555322993E+00,
  "charges": [
     6.6191672964157000E-01,
    -3.7720358550300981E-01,
    -3.2375371935181896E-01,
    -1.5049871725459907E-02,
    -5.3280720602942122E-01,
    -2.1555631855214186E-01,
    -1.9906944387496195E-01,
    -1.5424947268577544E-01,
    -2.2945444682293092E-02,
    -1.4978319300293325E-01,
    -1.9110846760631856E-01,
     1.8674659765783225E-01,
    -4.0040479310130311E-01,
    -5.5523816424321359E-01,
     9.1582050309624297E-04,
     7.4210401639273685E-03,
     6.4024800617116975E-02,
     7.7298507720520521E-02,
     1.6504559046876734E-02,
     2.9066874164072065E-01,
     3.3255614912973241E-02,
    -5.9840634505112644E-01,
    -3.6651597617543052E-01,
     6.6249628824824336E-01,
    -5.5891716786462342E-01,
    -5.2142789071615536E-01,
    -1.1681841403683177E-01,
    -3.9226031525492927E-01,
     2.7274073760494698E-02,
     1.2026903515993248E-01,
     1.3482412610884262E-01,
    -1.9037632678994132E-01,
    -4.0172381893445841E-01
  ],
  "coordination numbers": [
     5.7644389202783852E+00,
     9.9148892059302351E-01,
     1.9581417378006982E+00,
     2.0038224328255669E+00,
     1.0050183170388465E+00,
     2.9943551770922623E+00,
     3.0014280112577838E+00,
     2.9998474448325707E+00,
     2.9976321531714527E+00,
     2.9993736329449057E+00,
     3.0020404691327993E+00,
     3.0824640579048994E+00,
     1.9875144286267563E+00,
     1.9870309589905775E+00,
     9.9159368240735901E-01,
     9.9058712041907260E-01,
     9.9242623603235458E-01,
     9.9248958821841704E-01,
     9.9090313853735523E-01,
     9.9761113918152500E-01,
     1.8938127867833501E+00,
     1.0000329140064634E+00,
     1.9168552064970807E+00,
     4.1606533306863396E+00,
     9.9923606417762567E-01,
     9.9921982917803653E-01,
     4.0911251915167366E+00,
     1.9861677583474009E+00,
     9.9095881654819262E-01,
     9.9108712422358103E-01,
     9.9100172667521580E-01,
     1.0115479442838842E+00,
     1.9647761709129954E+00
  ]
}
