{
  "version":  "0.2.0",
  "energy":    -2.5269666360376941E-01,
  "charges": [
     8.5120539138035634E-01,
     4.0988552916448401E-01,
    -6.3040492175998353E-01,
    -6.3068599878485687E-01
  ],
  "coordination numbers": [
     2.7734250465460777E+00,
     7.7814989720175731E-01,
     9.9938859073972353E-01,
     9.9938859349187936E-01
  ]
}
