{
  "version":  "0.2.0",
  "energy":    -5.9022566814782879E-02,
  "charges": [
     3.3793506798472528E-01,
    -3.3793506798472528E-01
  ],
  "coordination numbers": [
     9.9237509591141926E-01,
     9.9237509591141926E-01
  ]
}
