{
  "version":  "0.2.0",
  "energy":    -4.6943259313603203E-01,
  "charges": [
     8.0574125606726898E-01,
    -1.8890727758210304E-01,
     9.2186778101961908E-02,
    -8.7113086486709929E-02,
     9.6449109888973705E-02,
    -3.1199090777756389E-01,
    -1.8614022910457262E-01,
    -3.3096941849731215E-01,
     1.0104502316616522E-01,
     1.1979018228460550E-01,
     1.1774337850437536E-01,
     1.0381015190403992E-01,
     1.0179631674540231E-01,
     1.1970760114902027E-01,
     1.2339699882147857E-01,
     3.4877349424386750E-03,
     2.9177654020567856E-01,
    -3.8851285657664819E-01,
    -3.2953781755280687E-01,
    -5.7344287725610232E-01,
     1.2606422426103056E-01,
     1.1945218112380755E-01,
     2.7997385218783521E-01,
     2.6372758822284276E-01,
    -9.5891169812950316E-02,
    -9.8003861611971083E-02,
    -7.3605671597637062E-02,
     1.9371971749256957E-02,
    -7.7716839752442479E-02,
    -9.7851734834883936E-02,
     3.0548347916897156E-01,
    -4.2006313574396698E-01,
    -3.3966286686872521E-01,
     1.1867623032716233E-01,
     1.1831943653037308E-01,
     1.4741235247379686E-01,
     1.4508535154314020E-01,
     1.2097632678698272E-01,
     1.1364534587876812E-01,
    -3.3057593169215271E-01,
    -1.0832544505767090E-01,
     6.7067408056814631E-02,
     4.8950121966798293E-02,
    -3.2021004176538775E-01,
     4.1555866628861460E-02,
     6.2186877274917875E-02,
    -3.6292894849079244E-01,
     1.3234288621775947E-01,
     1.5285468551464670E-01,
     1.3434319217008839E-01,
     1.2702966819713621E-01
  ],
  "coordination numbers": [
     7.5738544509775796E+00,
     3.9604468424153181E+00,
     3.1212372400952013E+00,
     2.9995757336471476E+00,
     3.1188396251285848E+00,
     1.9766359303232051E+00,
     3.9602381232973372E+00,
     1.9816169767514573E+00,
     9.9223948494043146E-01,
     9.9148902474218126E-01,
     9.9151735701364174E-01,
     9.9322498709366336E-01,
     9.9219017691150935E-01,
     9.9101045246497232E-01,
     9.9188374287129033E-01,
     4.1279881233003026E+00,
     3.3124316256540158E+00,
     1.0002049757484430E+00,
     1.9918618396608725E+00,
     3.9229137102458074E+00,
     9.9149032564843953E-01,
     9.9142845798680490E-01,
     1.0044794684834679E+00,
     1.0270976818847837E+00,
     3.0134358145805766E+00,
     3.0118879876300060E+00,
     3.0152355566463953E+00,
     3.0164404027146032E+00,
     3.0172181451231141E+00,
     3.0119293830833511E+00,
     3.2164630186713259E+00,
     1.0008988767899680E+00,
     1.9914900781514415E+00,
     9.9278709310373170E-01,
     9.9279476697120916E-01,
     9.9291639193617165E-01,
     9.9287998208772166E-01,
     9.9281965681913320E-01,
     1.7516907399250119E+00,
     9.9947236231501169E-01,
     9.9019458327499343E-01,
     3.0770282669653666E+00,
     3.1148792548917266E+00,
     2.8907260725934307E+00,
     3.1017113928125859E+00,
     3.0765357130703244E+00,
     2.0147119613059656E+00,
     9.9255853551151674E-01,
     9.9272131742824676E-01,
     9.9267331276441340E-01,
     9.9248940372502581E-01
  ]
}
