{
  "version":  "0.2.0",
  "energy":    -1.0901531296196915E-01,
  "charges": [
     6.2180822618975229E-02,
     4.5648340607926874E-01,
    -7.6154862233436343E-02,
    -1.3175153843806389E-01,
    -1.8936815938335932E-01,
    -1.2138966864338438E-01
  ],
  "coordination numbers": [
     4.3599470093353396E+00,
     1.9582805017382725E+00,
     1.3228114012802017E+00,
     9.7572696497789568E-01,
     1.8606395108534555E+00,
     1.2783387546924523E+00
  ]
}
