{
  "version":  "0.2.0",
  "energy":    -1.9755970688643278E+00,
  "charges": [
    -2.8437549446343358E-02,
    -1.2211362008846121E+00,
    -2.7540431828312562E-01,
    -1.9747764860202022E-01,
    -1.2775442827838988E+00
  ],
  "coordination numbers": [
     3.5104608408894604E+00,
     2.9597669189002618E+00,
     2.7472282798710976E+00,
     2.3947032063897877E+00,
     9.9933628451684697E-01
  ]
}
