{
  "version":  "0.2.0",
  "energy":    -5.8686546033775322E-02,
  "charges": [
     3.9738469959504608E-01,
    -3.9738469959504608E-01
  ],
  "coordination numbers": [
     9.9897093511214496E-01,
     9.9897093511214496E-01
  ]
}
