{
  "version":  "0.2.0",
  "energy":    -3.4428622834862843E-01,
  "charges": [
     7.8222375436217040E-01,
    -9.1307194120694948E-02,
    -9.3782740486639066E-02,
    -7.7489427081386258E-02,
     8.4035618178053273E-03,
    -7.7845047322455563E-02,
    -9.3683515990008681E-02,
     2.5041588917318236E-01,
    -3.6767760231676533E-01,
    -3.6216637680432134E-01,
     1.1875366821638085E-01,
     1.2004833135535685E-01,
     1.3995697020708167E-01,
     1.3882635031104987E-01,
     1.2008186237601291E-01,
    -9.1038143188788168E-02,
    -9.3300476026850529E-02,
    -7.7031290301222993E-02,
     9.1823335996579353E-03,
    -7.7272386603495502E-02,
    -9.3567056614899821E-02,
     2.5012914769936295E-01,
    -3.6980411212453995E-01,
    -3.6034255551308159E-01,
     1.1890733925846589E-01,
     1.2031439551003838E-01,
     1.4001342688702156E-01,
     1.3930594982793576E-01,
     1.2015625060055218E-01,
     6.5925352876090887E-02,
    -3.7414721444536786E-01,
    -7.3493834047897577E-01,
     2.6016432664357325E-01,
     2.6630732657148820E-01,
     2.6627724212626619E-01
  ],
  "coordination numbers": [
     7.0911364032461384E+00,
     3.0141947478359379E+00,
     3.0123036715168121E+00,
     3.0163797795952325E+00,
     3.0191961090081865E+00,
     3.0158772283290292E+00,
     3.0123939215748088E+00,
     3.8717077865121894E+00,
     1.9724751081702694E+00,
     1.9788339751630284E+00,
     9.9279794832068902E-01,
     9.9287247008772450E-01,
     9.9293169131922987E-01,
     9.9293397145323059E-01,
     9.9287575002778716E-01,
     3.0143381244639844E+00,
     3.0126053489613058E+00,
     3.0160534842914499E+00,
     3.0196897983983595E+00,
     3.0165530215612550E+00,
     3.0124315802120698E+00,
     3.8741056353393413E+00,
     1.9751456325518184E+00,
     1.9767313530719353E+00,
     9.9281157772057327E-01,
     9.9288931011281445E-01,
     9.9292433796720747E-01,
     9.9293871839663606E-01,
     9.9287199919862790E-01,
     1.9842034831028279E+00,
     1.0153973299101784E+00,
     3.8964988173889425E+00,
     9.9755441673389100E-01,
     9.9881340328215629E-01,
     9.9852858222330454E-01
  ]
}
