{
  "version":  "0.2.0",
  "energy":     2.9882377794837517E-01,
  "charges": [
     8.9591060766123998E-01,
    -5.8421182697244098E-02,
    -6.3814812709902857E-02,
    -5.6382077184613105E-02,
     2.5234007006932901E-02,
    -5.2032469072959775E-02,
    -6.1675014034777209E-02,
     2.6041172833622200E-01,
    -3.6044016987435507E-01,
    -3.8020964279623176E-01,
     1.5204073132576984E-01,
     1.4996523482134044E-01,
     1.5470851511831127E-01,
     1.6290507907714105E-01,
     1.5243820270656849E-01,
    -5.4051536747776893E-02,
    -5.9302674546505389E-02,
     5.7591688655349346E-02,
    -3.6706509388404790E-01,
     5.6822240002197710E-02,
    -5.4517626524867357E-02,
     1.5076998432452071E-01,
     1.4381174755432907E-01,
     1.4938784099737237E-01,
     1.4856954667138755E-01,
     1.4944646207737464E-01,
    -1.3992991593335108E-01,
     1.1586563775063700E-01,
    -3.9630306989270286E-01,
     1.4447908000541670E-01,
     1.4606485462809982E-01,
     1.4551729654547613E-01,
     6.2020391230178606E-02,
    -3.1981559059653036E-01
  ],
  "coordination numbers": [
     6.0322133145940775E+00,
     3.0150112468349155E+00,
     3.0119146592212322E+00,
     3.0165762282070823E+00,
     3.0204373025264282E+00,
     3.0165668365336353E+00,
     3.0120339196271138E+00,
     3.8968533707715114E+00,
     1.9870235328887293E+00,
     1.9843467338288070E+00,
     9.9283675284370698E-01,
     9.9294273586062776E-01,
     9.9296779959650738E-01,
     9.9295862173489624E-01,
     9.9294760651109204E-01,
     3.0226267145589913E+00,
     3.0099332239014025E+00,
     3.1665371369371256E+00,
     2.9819804161045411E+00,
     3.2349124333158157E+00,
     3.0096210618736610E+00,
     9.9283251133286665E-01,
     9.9303377820888894E-01,
     9.9274469744860738E-01,
     9.9300118781016433E-01,
     9.9304083106673779E-01,
     3.9581672343951526E+00,
     2.0226078139237194E+00,
     1.9714460734601884E+00,
     9.9174722324855225E-01,
     9.9171084644941132E-01,
     9.9171038260283861E-01,
     1.9883596848697866E+00,
     1.0316496966934032E+00
  ]
}
