{
  "version":  "0.2.0",
  "energy":    -1.4908730543185553E-01,
  "charges": [
    -5.2672182286380209E-01,
     4.6089058662144788E-01,
     6.5831236242354207E-02
  ],
  "coordination numbers": [
     1.3982578436716615E+00,
     1.2827994977686412E+00,
     1.6033485857570486E+00
  ]
}
