{
  "version":  "0.2.0",
  "energy":    -9.4602657137479867E-03,
  "charges": [
     1.6856284025168633E-01,
    -1.6856284025168633E-01
  ],
  "coordination numbers": [
     9.9066892548819485E-01,
     9.9066892548819485E-01
  ]
}
