{
  "version":  "0.2.0",
  "energy":     9.9199537706432483E-01,
  "charges": [
     7.7392477514335445E-01,
    -1.6477507623637588E-02,
    -9.3355013717618673E-02,
    -9.1210026995159066E-02,
    -2.2328702868284478E-02,
    -2.8835917206477446E-01,
     1.6607005793597587E-01,
     1.7138490064242126E-01,
     1.7301458372871381E-01,
     1.6900241976605437E-01,
     1.7155155403505135E-01,
     1.7339436161555200E-01,
     1.6337877271822723E-01,
     1.6522987491186375E-01,
    -1.1089119615348975E-01,
     2.6602174141068458E-01,
    -1.0253208723960960E-01,
    -1.4020516553241491E-01,
     8.6636402722597872E-02,
    -2.5425577171135988E-01,
    -1.9221290465111673E-02,
    -9.3248895685310085E-02,
    -9.2901280937299408E-02,
    -2.3064987937426007E-02,
    -2.9256252162154328E-01,
     1.6373396318702546E-01,
     1.6832164387831378E-01,
     1.6953389227906510E-01,
     1.7206446344035928E-01,
     1.7300124089453803E-01,
     1.6818949170155578E-01,
     1.6640351972927186E-01,
     1.5801388716148218E-01,
     2.0935959028619883E-01,
    -3.8761751663526772E-01
  ],
  "coordination numbers": [
     6.7627252217685081E+00,
     4.1320644466243523E+00,
     3.9818451386663885E+00,
     3.9820860357853212E+00,
     4.1545525806208570E+00,
     2.9403513118717539E+00,
     9.9201492069672881E-01,
     9.9176111837528591E-01,
     9.9187591872227276E-01,
     9.9161215688099702E-01,
     9.9158924243900159E-01,
     9.9184975015847421E-01,
     9.9183774001612868E-01,
     9.9188228138986378E-01,
     1.9021016392352870E+00,
     3.4643373530080828E+00,
     1.8183536711146422E+00,
     9.9928555150794729E-01,
     1.9935910209509338E+00,
     1.0518803425864913E+00,
     4.0984065541360781E+00,
     3.9834665800216982E+00,
     3.9795293937170557E+00,
     4.1911337371286841E+00,
     2.9409565717612560E+00,
     9.9169740329480227E-01,
     9.9205918099644208E-01,
     9.9164939205154212E-01,
     9.9188010057541920E-01,
     9.9185535422900006E-01,
     9.9156025026833294E-01,
     9.9186213450307559E-01,
     9.9176955485608786E-01,
     1.1631768995243084E+00,
     1.9967040811612957E+00
  ]
}
