{
  "version":  "0.2.0",
  "energy":     9.3694292511015387E-01,
  "charges": [
     8.0278018879563984E-01,
    -3.1877032639422875E-02,
    -9.8238543510409282E-02,
    -9.7676517871915447E-02,
    -3.7978003803982252E-02,
    -3.3896607290956138E-01,
     1.5348722294258221E-01,
     1.5163769750347805E-01,
     1.5746946242703130E-01,
     1.6665976814032885E-01,
     1.6390556209296159E-01,
     1.6151771138687837E-01,
     1.3656973998564875E-01,
     1.4851629308557868E-01,
    -1.6150427957058444E-01,
    -2.2054351691229601E-02,
    -4.6257516271730237E-01,
     1.6115507233206458E-01,
     1.3106786161892051E-01,
     1.1575214645948517E-01,
     1.6849313691226100E-01,
     1.6682180361134508E-01,
     2.7831948565192133E-01,
     2.0558156123830884E-02,
    -2.6072739604933731E-01,
    -1.5287644125169231E-01,
    -1.9187815104786399E-02,
    -4.5025653864890858E-01,
     1.6680320282943623E-01,
     1.3450162748271133E-01,
     1.3062984546896514E-01,
     1.6899059977483868E-01,
     1.7025767858746013E-01,
     2.7802389255576432E-01
  ],
  "coordination numbers": [
     6.1186423716036167E+00,
     4.1376218156645432E+00,
     3.9828119967597493E+00,
     3.9827609235361452E+00,
     4.0931552749557119E+00,
     2.9442787115975309E+00,
     9.9165243754647570E-01,
     9.9208915723816915E-01,
     9.9154771265250741E-01,
     9.9189117015177963E-01,
     9.9192027991327159E-01,
     9.9158742979479086E-01,
     9.9144998598291156E-01,
     9.9171388638277858E-01,
     4.5006917117384697E+00,
     4.1665461667050980E+00,
     2.9487715725414816E+00,
     9.9164142469216721E-01,
     1.1316572526929107E+00,
     1.0511250705107731E+00,
     9.9179052080304686E-01,
     9.9183695526224991E-01,
     9.9551326529866913E-01,
     1.9929246421492524E+00,
     1.0404039773177418E+00,
     4.5126796021745701E+00,
     4.1813900019974728E+00,
     2.9532555246559280E+00,
     9.9164477362317793E-01,
     1.1548811363195899E+00,
     1.0481011912571763E+00,
     9.9177971005094001E-01,
     9.9182448619285868E-01,
     9.9698753200586765E-01
  ]
}
