{
  "version":  "0.2.0",
  "energy":    -8.3567199224805960E-02,
  "charges": [
     4.9313934359922235E-01,
    -1.9686529410852402E-02,
     2.1108970062290258E-01,
    -3.7639723544034248E-02,
    -3.0843931334879632E-01,
    -3.3846347791844200E-01
  ],
  "coordination numbers": [
     4.6790980748329360E+00,
     9.5949311371837886E-01,
     2.5936293722213692E+00,
     2.8809670530369704E+00,
     1.9785553178610122E+00,
     1.8488565458521364E+00
  ]
}
