{
  "version":  "0.2.0",
  "energy":    -3.5365219834677775E-01,
  "charges": [
     9.2770940019116421E-01,
    -8.4398008199397870E-02,
    -8.7388656064958964E-02,
    -7.2195405280872926E-02,
     1.6347046715467717E-02,
    -6.9379740236647919E-02,
    -8.6112297516250172E-02,
     2.5743378063862399E-01,
    -3.7291208444637503E-01,
    -3.6443231081836736E-01,
     1.2536935373971755E-01,
     1.2582134608408962E-01,
     1.4154675906757103E-01,
     1.4675383422761379E-01,
     1.2724714101345538E-01,
    -3.3726421111157517E-01,
     6.2059158659567015E-02,
    -2.6581662617585217E-01,
    -5.6693080042962563E-01,
     3.0552465259688660E-01,
    -7.6258836698367960E-01,
     2.7967369591479552E-01,
     2.8070762980355252E-01,
     2.7322470861109799E-01
  ],
  "coordination numbers": [
     5.6452933487323884E+00,
     3.0141523697179782E+00,
     3.0122721511048463E+00,
     3.0164300763593577E+00,
     3.0187123997664331E+00,
     3.0163278962930651E+00,
     3.0124552683608972E+00,
     3.8129222257230433E+00,
     1.9492873044165906E+00,
     1.9652994849303109E+00,
     9.9279402801684125E-01,
     9.9285539995065442E-01,
     9.9295616275512799E-01,
     9.9294264153475087E-01,
     9.9286475277905151E-01,
     1.9996649893244784E+00,
     2.0405295256178198E+00,
     1.0055222126419032E+00,
     1.9915124623227065E+00,
     1.0014925251027291E+00,
     3.9186040075827790E+00,
     9.9848098182170997E-01,
     1.0073684653038271E+00,
     9.9846584624018320E-01
  ]
}
