{
  "version":  "0.2.0",
  "energy":    -1.1582891914208708E+00,
  "charges": [
    -7.2762354852766964E-01,
     2.6122013093042060E-02,
    -1.2419995767023946E+00,
    -5.6498887862977659E-02
  ],
  "coordination numbers": [
     2.1837750259177984E+00,
     1.1297342464275886E+00,
     1.9418080511979863E+00,
     2.5939130465942162E+00
  ]
}
