{
  "version":  "0.2.0",
  "energy":     4.1227549855671225E-01,
  "charges": [
     6.6567391815713983E-01,
    -1.6240892178660626E-01,
     1.0956414935135594E-01,
    -7.1931598059451263E-02,
     1.0669859585398367E-01,
    -3.4384486584567608E-01,
    -1.6967882816367497E-01,
    -3.2657512148250289E-01,
     1.2471322360091175E-01,
     1.4144945519335206E-01,
     1.4209679280671128E-01,
     1.2300865086058813E-01,
     1.2359185988614185E-01,
     1.3017169542595872E-01,
     1.3583991733067499E-01,
    -1.1503880990959980E-01,
    -4.9501273385344602E-02,
    -1.2641183714030169E-01,
    -1.2893550692771572E-01,
    -4.5908995822003362E-02,
    -2.8259640578999995E-01,
     1.2491538434337869E-01,
     1.2666305898925756E-01,
     1.3033265054824969E-01,
     1.2715469768348570E-01,
     1.2487081918051382E-01,
     1.2810467817901150E-01,
     1.2848462342733455E-01,
     1.2949799349482674E-01
  ],
  "coordination numbers": [
     4.7658884593790436E+00,
     3.9606464254001255E+00,
     3.2546609422052235E+00,
     3.0184127278524056E+00,
     3.2677977617881995E+00,
     1.9941654902275578E+00,
     3.9608546046343340E+00,
     1.9934126413964615E+00,
     9.9238753968622451E-01,
     9.9141873563730609E-01,
     9.9158603488321262E-01,
     9.9327738263819576E-01,
     9.9237205955807628E-01,
     9.9151110602018022E-01,
     9.9146853590247463E-01,
     9.9572938359438901E-01,
     4.1498361796656811E+00,
     3.9856660808342594E+00,
     3.9814829792203454E+00,
     4.1233595975563873E+00,
     2.9351122661241034E+00,
     9.9176796116593557E-01,
     9.9176244767500599E-01,
     9.9158523571362256E-01,
     9.9198817450532051E-01,
     9.9196945184333618E-01,
     9.9148634696587212E-01,
     9.9138232229241652E-01,
     9.9290395815369070E-01
  ]
}
