{
  "version":  "0.2.0",
  "energy":    -8.5129402608417226E-02,
  "charges": [
     6.7373566369681370E-01,
    -1.1228934906175564E-01,
    -1.1228922408176600E-01,
    -1.1228926548181899E-01,
    -1.1228929258442241E-01,
    -1.1228925573744916E-01,
    -1.1228927674960142E-01
  ],
  "coordination numbers": [
     5.8665691163732294E+00,
     1.0018023726557184E+00,
     1.0018021169237370E+00,
     1.0018022048192963E+00,
     1.0018022790647771E+00,
     1.0018022416428503E+00,
     1.0018022325797862E+00
  ]
}
