{
  "version":  "0.2.0",
  "energy":    -1.0339739706497544E-01,
  "charges": [
     6.2249743464456397E-01,
    -3.1132382954172555E-01,
    -3.1117360510283842E-01
  ],
  "coordination numbers": [
     1.9967626324710546E+00,
     1.0203258789970420E+00,
     1.0203198052405105E+00
  ]
}
