{
  "version":  "0.2.0",
  "energy":     2.7443989317296830E-01,
  "charges": [
     7.0615356416678321E-01,
    -6.7542956445372870E-01,
     9.6927600028694549E-01
  ],
  "coordination numbers": [
     1.3369238169483504E+00,
     1.9869902100533618E+00,
     1.3263589512411107E+00
  ]
}
