{
  "version":  "0.2.0",
  "energy":    -1.3102443147351583E-01,
  "charges": [
     8.9502617125982686E-01,
    -2.2965933134963618E-01,
    -2.0583028762328145E-01,
    -2.2819898917819909E-01,
    -2.3133756310871012E-01
  ],
  "coordination numbers": [
     3.9777619873191341E+00,
     9.9822884067831019E-01,
     9.9825581210881698E-01,
     9.9836081245215436E-01,
     9.9835006779799684E-01
  ]
}
