{
  "version":  "0.2.0",
  "energy":    -1.8447466144471392E-01,
  "charges": [
    -2.8890482473955609E-01,
     4.2489998750182190E-01,
     4.2376311027408803E-01,
    -1.8267441417906621E-01,
    -1.9551222469036200E-01,
    -1.8157163416692568E-01
  ],
  "coordination numbers": [
     4.3252508793194657E+00,
     1.8912356475792382E+00,
     2.8563745271469649E+00,
     1.7223603672806016E+00,
     1.7955256924388454E+00,
     1.7300780658278949E+00
  ]
}
