{
  "version":  "0.2.0",
  "energy":    -9.6547463282074952E-01,
  "charges": [
     7.0783057912274994E-01,
    -3.4062856450660783E-01,
     1.6970984603264783E-01,
    -1.1997234264154000E-01,
    -1.2470939584848351E-01,
    -1.1897683877786713E-01,
     1.0893895155060962E-01,
     1.0165744502436458E-01,
    -1.2111995354141392E-01,
    -1.2896531296955782E-01,
    -1.3128480768935058E-01,
     5.1435438544333856E-03,
    -3.2661276733788258E-01,
     1.0916546256949389E-01,
     8.3674079378913357E-02,
     8.2042938766207663E-02,
     8.2635442184141261E-02,
     8.1882442036626008E-02,
     7.9677373904065679E-02,
     7.8334660141618162E-02,
     1.1135833161619721E-01,
    -1.3553112702879555E-01,
    -4.2171293224766804E-01,
     7.2589060155920870E-02,
     1.0163869812959880E-01,
     9.9189643668331662E-02,
     2.7024807173819243E-01,
    -9.5793097862264198E-02,
    -4.2895545675184421E-01,
     7.0721818931667180E-02,
     8.8536925396254851E-02,
     1.0261955789572012E-01,
    -3.8834403410307750E-01,
    -3.5054173153326218E-01,
     3.4076561184897092E-01,
    -3.8026391515862557E-01,
    -3.3494820594848040E-01
  ],
  "coordination numbers": [
     7.6617730075673558E+00,
     2.9740790153600987E+00,
     4.2703163755794860E+00,
     3.0029342868491735E+00,
     3.0113024389678271E+00,
     3.0111433415562319E+00,
     3.1745983710707026E+00,
     3.1646651479422561E+00,
     3.0136558195972896E+00,
     3.0206263854279474E+00,
     3.0098610326367643E+00,
     3.1792058354172266E+00,
     2.9471909805211753E+00,
     9.9371434989332919E-01,
     9.9287364006695800E-01,
     9.9248493630443946E-01,
     9.9336424924571087E-01,
     9.9331056777034377E-01,
     9.9271931354886078E-01,
     9.9302838250576109E-01,
     9.9340767187467893E-01,
     4.0169848803831893E+00,
     2.8527158844942084E+00,
     9.9058771829700376E-01,
     9.9099746343922401E-01,
     9.9166819470392387E-01,
     1.5277775558334321E+00,
     4.1155802752668826E+00,
     1.9857352070317589E+00,
     9.8950372554206290E-01,
     9.8941976467704684E-01,
     9.8988230491207752E-01,
     9.8020101566289330E-01,
     1.9300755448136053E+00,
     3.9114395018574735E+00,
     1.9560332441304462E+00,
     1.9742050862590066E+00
  ]
}
