{
  "version":  "0.2.0",
  "energy":    -1.9429087998522134E+00,
  "charges": [
    -3.2859772141218713E-02,
    -1.0665606725656811E+00,
    -8.9179756579149794E-01,
    -1.0087819895016024E+00
  ],
  "coordination numbers": [
     2.7358473297150869E+00,
     7.6328102769611661E-01,
     9.7847315332526552E-01,
     9.9742753639928328E-01
  ]
}
