{
  "version":  "0.2.0",
  "energy":    -1.0641088720391446E-01,
  "charges": [
     6.5725683320043582E-01,
    -1.7012455839501683E-01,
    -5.9186024577395913E-02,
    -5.9797220448932153E-02,
    -1.8420681499305419E-01,
    -1.8394221478603645E-01
  ],
  "coordination numbers": [
     4.9118034969760682E+00,
     1.0017315723115576E+00,
     1.6956800819824265E+00,
     1.6926126541558322E+00,
     9.9951939388078870E-01,
     9.9987189929959897E-01
  ]
}
