{
  "version":  "0.2.0",
  "energy":    -4.3495217209638126E-01,
  "charges": [
     8.0487631051333586E-01,
    -5.8019880821845282E-01,
    -3.7131156792207548E-02,
    -4.9831459081946555E-02,
    -4.2108203946345379E-01,
    -4.8182785705893273E-02,
    -4.3446936734395543E-02,
    -5.7657676207295561E-01,
     2.5489190466783929E-01,
     2.3996611317128200E-01,
     9.1426677373810133E-02,
     1.1013814201634972E-01,
     1.1192041106139244E-01,
     8.8263159117039303E-02,
     2.1189467455588323E-01,
     1.1897773586682434E-01,
     8.6908663038664166E-02,
     8.8621607566652355E-02,
     1.0317730332866781E-01,
     2.4547247356639881E-01,
     2.3144967493309665E-01,
    -8.0665578430929585E-03,
     2.8305713209974653E-01,
    -4.0333892863625798E-01,
    -3.5409421648637246E-01,
    -5.8808960410178246E-01,
     1.0885527279885510E-01,
     1.1881259226395979E-01,
     2.2996125797966568E-01,
     2.3388761745933814E-01,
    -3.3428155049491920E-01,
    -1.2090693463164562E-01,
    -4.2090656672676463E-01,
     1.0708006352909359E-01,
     1.1070400938722930E-01,
     1.1596277339950646E-01,
     2.3739883545613732E-01,
    -3.4757009816062778E-01
  ],
  "coordination numbers": [
     7.1918227361833260E+00,
     3.8641001036590090E+00,
     3.9941215437499711E+00,
     3.9965324927388224E+00,
     3.8260827301421614E+00,
     4.0224124437472355E+00,
     3.9819456117681264E+00,
     3.8351311058234296E+00,
     1.0015024459908579E+00,
     1.0024396439870769E+00,
     9.9059319593830875E-01,
     9.9163521301173585E-01,
     9.9143675646577734E-01,
     9.9048015703237713E-01,
     1.0081806125783341E+00,
     9.9167383559437283E-01,
     9.9036127090182724E-01,
     9.9069726544766379E-01,
     9.9157777666542479E-01,
     1.0568636143892425E+00,
     9.9644029520154120E-01,
     4.0282282829875768E+00,
     3.1333174344666848E+00,
     1.0003533987398221E+00,
     1.9741762476512372E+00,
     3.8446943785666958E+00,
     9.9143078731919498E-01,
     9.9136879245831189E-01,
     9.9724649560250445E-01,
     9.9746060300674788E-01,
     9.8662929542250843E-01,
     3.9938524082771671E+00,
     2.8172531975554316E+00,
     9.9135434455142857E-01,
     9.9141536411344600E-01,
     9.9194843080244510E-01,
     1.0743655320876320E+00,
     9.9366488769749850E-01
  ]
}
