{
  "version":  "0.2.0",
  "energy":    -2.6967743298792030E-01,
  "charges": [
     6.8139292389371398E-01,
     1.7467038964628445E-01,
    -2.3885553171664825E-01,
    -2.3784619076455238E-01,
    -2.6972175232986911E-01,
     7.1401622378548385E-02,
     5.4303540577589862E-02,
    -3.1135459202462973E-01,
     4.3947534690682646E-02,
     6.5393947281001508E-02,
    -3.5635239419029707E-01,
     1.3654764472367872E-01,
     1.5656602162202435E-01,
     1.3090649921310851E-01,
     1.3061173810024040E-01,
    -1.2988680544253819E-01,
     1.6337654929024700E-01,
    -3.7098224745086017E-01,
    -9.3598163318047947E-02,
    -3.8110147202031874E-01,
     1.3195848698434015E-01,
     1.2123811951886898E-01,
     1.5297646835128056E-01,
     2.4425170606398491E-01,
    -6.3267647376956629E-02,
    -3.6715110209978485E-01,
     1.2397148968141058E-01,
     1.2233953708510753E-01,
     1.1426367963239051E-01
  ],
  "coordination numbers": [
     6.6874384422675401E+00,
     3.5912949481065812E+00,
     1.9160895071111357E+00,
     1.9459947025436994E+00,
     1.0017098090676395E+00,
     3.0746376624415594E+00,
     3.1092002615765191E+00,
     2.9525303375534779E+00,
     3.1705069409273952E+00,
     3.0744428186783201E+00,
     2.0149558730055963E+00,
     9.9254820926288989E-01,
     9.9259886679767018E-01,
     9.9288071413979484E-01,
     9.9255764428136484E-01,
     1.0128344401559204E+00,
     2.3815371670063588E+00,
     1.9965909809254736E+00,
     3.9839127308374387E+00,
     2.9192092425639720E+00,
     9.9150780418455930E-01,
     9.9158803069602541E-01,
     9.9209297990733614E-01,
     1.0000237204027389E+00,
     4.0198699069875596E+00,
     1.9923248175706405E+00,
     9.9071456972805549E-01,
     9.9068551849197206E-01,
     9.9024037405372844E-01
  ]
}
