{
  "version":  "0.2.0",
  "energy":    -3.7685487104042736E-02,
  "charges": [
     3.4174944160356674E-01,
    -1.7087451853221539E-01,
    -1.7087492307135135E-01
  ],
  "coordination numbers": [
     1.9944581011106219E+00,
     9.9772039567518345E-01,
     9.9772055076731991E-01
  ]
}
