{
  "version":  "0.2.0",
  "energy":    -1.8050347088297292E+00,
  "charges": [
     7.2238689093780195E-01,
     2.1420632697395747E-01,
    -3.8564901360118409E-01,
    -4.3038086201312487E-01,
    -4.4881003703051608E-01,
     4.3981836324751622E-01,
    -3.1029164683824390E-01,
    -4.8443055205902208E-01,
    -1.0009954520239892E-01,
    -3.4687920494011165E-01,
     2.8434180239210516E-01,
    -2.4906097673169861E-01,
    -1.0273202220973723E-01,
    -3.4352778205970386E-01,
    -9.6072502154585987E-02,
     7.5070160516193668E-02,
     1.3698672423736136E-01,
     1.0408069217729089E-01,
     1.2138116710770569E-01,
     1.1371144394169456E-01,
     1.1638324670069762E-01,
     6.9657685748173742E-02,
     1.2938553664290980E-01,
     1.0664941120533046E-01,
    -5.9240251178496206E-01,
     2.6759645101277946E-01,
     2.4348169447998172E-01,
    -1.7237654151021176E-01,
     1.2557019823449547E-01,
    -5.1161600531643403E-01,
    -1.1650116180745050E-01,
    -4.2886845123502271E-01,
     7.7800943313307031E-02,
     1.1551256297968557E-01,
     1.2115947560763292E-01,
     2.7313389238580343E-01,
     1.9531865197258563E-01,
    -2.8341780631787766E-01,
    -2.7275082412012619E-01,
    -3.7776587488259705E-01
  ],
  "coordination numbers": [
     7.7564413936795678E+00,
     3.1682369462788547E+00,
     1.0118218862245820E+00,
     1.0097012926098268E+00,
     9.9916527508537101E-01,
     4.0785020949071367E+00,
     2.0235949812409819E+00,
     1.0012177034276064E+00,
     4.1708719484790553E+00,
     1.9891450492980089E+00,
     3.9282592435582169E+00,
     2.7177778766959264E+00,
     4.1315872110587435E+00,
     1.9899719261198854E+00,
     4.1761339107838147E+00,
     9.9148730398291818E-01,
     9.9112110529402475E-01,
     9.9127312627006425E-01,
     9.9178389886255403E-01,
     9.9175028013427546E-01,
     9.9218349369945535E-01,
     9.9119646270956974E-01,
     9.9129385966558292E-01,
     9.9142761274942437E-01,
     2.8481514540267936E+00,
     1.0085231196659574E+00,
     1.0412179611056267E+00,
     1.9372353886494098E+00,
     1.9989195536220246E+00,
     1.0064817636605294E+00,
     4.0439921579095355E+00,
     2.9260411861718074E+00,
     9.9092555499575674E-01,
     9.9112996007974807E-01,
     9.9181831509713181E-01,
     1.0094435800887913E+00,
     3.6196969371689178E+00,
     1.9201866776719383E+00,
     1.9577477404543462E+00,
     1.0015955016661220E+00
  ]
}
