{
  "version":  "0.2.0",
  "energy":    -7.9742154459172515E-02,
  "charges": [
     6.3583595056435271E-01,
    -1.0286759517962253E-01,
    -1.0344077689919334E-01,
    -2.2545723440502577E-01,
    -1.0235528885846402E-01,
    -1.0171505522204699E-01
  ],
  "coordination numbers": [
     4.8964817623856085E+00,
     1.6383416778927451E+00,
     1.6377570233723366E+00,
     9.9645242770918685E-01,
     1.6373941076873306E+00,
     1.6370548980827699E+00
  ]
}
