{
  "version":  "0.2.0",
  "energy":    -4.4409416086535175E-02,
  "charges": [
     4.2637770384507490E-01,
    -2.1317832095065234E-01,
    -2.1319938289442253E-01
  ],
  "coordination numbers": [
     1.9955362575919207E+00,
     1.0142056035540810E+00,
     1.0142082078401575E+00
  ]
}
