{
  "version":  "0.2.0",
  "energy":     1.1514140235605426E+00,
  "charges": [
     8.2426034992143604E-01,
     7.2118271340858287E-01,
     6.7995448138708503E-03,
     1.7869658725420740E-01,
     2.6906080460190274E-01
  ],
  "coordination numbers": [
     2.9726936783573574E+00,
     4.9059928031025102E-01,
     1.1896600989979911E+00,
     1.6555070557387879E+00,
     1.0300752714449679E+00
  ]
}
