{
  "version":  "0.2.0",
  "energy":     8.6740889605129523E-01,
  "charges": [
     7.1019520440797868E-01,
    -5.6847169193448055E-01,
    -1.0836843577712751E-02,
    -2.5244945133598429E-02,
    -4.2843447453487576E-01,
    -2.1670845688947060E-02,
    -1.3498016175606475E-02,
    -5.7156983915418014E-01,
     2.6988942732500781E-01,
     2.8252373570563699E-01,
     1.5532550309440193E-01,
     1.5660631269181130E-01,
     1.4654935280972847E-01,
     1.3676571416020106E-01,
     2.4624373680097436E-01,
     1.5579863989326143E-01,
     1.4758346962111094E-01,
     1.5517611314321550E-01,
     1.3518362189828195E-01,
     2.7929406932695511E-01,
     2.6175960172600793E-01,
    -7.1847112897244403E-01,
     2.9993469300279113E-01,
     3.1522659303725836E-01,
     3.1986701924135252E-01,
    -1.5143093183892023E-01,
    -3.7459589114146860E-02,
    -4.0236865743023553E-01,
     1.6888314360663034E-01,
     1.7385625937283322E-01,
     1.6075954359842509E-01,
     1.6386442246375138E-01,
     1.3978310314281062E-01,
     2.8189729260761132E-01,
     8.7251037987187141E-03,
    -1.5778187147826184E-01,
    -1.6445284144334651E-01
  ],
  "coordination numbers": [
     7.1535095383670377E+00,
     3.9072612963105566E+00,
     4.0364523895691011E+00,
     4.1077849698689173E+00,
     3.8893244465038368E+00,
     4.0280482376908360E+00,
     4.0602861809338888E+00,
     3.9245366643347595E+00,
     1.0012902006316029E+00,
     9.9678174429258526E-01,
     9.9137846997474544E-01,
     9.9156035784662322E-01,
     9.9116016869398660E-01,
     9.9091687892858271E-01,
     9.9705758223555030E-01,
     9.9131570829363103E-01,
     9.9120719120056400E-01,
     9.9147742417543938E-01,
     9.9124829632305733E-01,
     1.0011616647763688E+00,
     9.9848304621408968E-01,
     3.9124162181016642E+00,
     9.9617527971895381E-01,
     9.9811624513117536E-01,
     1.0015344460794777E+00,
     3.9552573872105139E+00,
     3.9646690771362891E+00,
     2.9344275996250850E+00,
     9.9174755915352630E-01,
     9.9153733326599625E-01,
     9.9161254289182121E-01,
     9.9163079304321666E-01,
     9.9152494942793101E-01,
     1.0151648276592740E+00,
     2.6362603753493099E+00,
     1.9670417416774661E+00,
     1.9492522922703195E+00
  ]
}
