{
  "version":  "0.2.0",
  "energy":    -9.9893877877176407E-01,
  "charges": [
     8.6256767300383763E-01,
     1.7076763180647520E-01,
    -3.1630095113466716E-01,
    -2.4636161741303197E-01,
    -2.5651320917781961E-01,
    -1.1636900479949258E-01,
    -1.1597663862638891E-01,
    -8.9953626457016114E-02,
     4.7001623139531212E-03,
    -9.2897028228277806E-02,
    -1.1689193559915877E-01,
     2.5483209374629784E-01,
    -3.7448759092407319E-01,
    -3.4634002111410678E-01,
     9.2609153276993539E-02,
     9.6547510651278853E-02,
     1.2879871601793405E-01,
     1.2511505220133307E-01,
     9.5865746891300202E-02,
    -9.3644843855042972E-02,
    -8.7167816865778236E-02,
    -6.6106790470681492E-02,
     1.3048877113317238E-02,
    -8.3859077927934109E-02,
    -9.3871060218945937E-02,
     2.4476306177636051E-01,
    -3.1104031134218685E-01,
    -4.5228426275162109E-01,
     1.0124155625783028E-01,
     1.1190893064957810E-01,
     1.5153474156775193E-01,
     1.1178072823621252E-01,
     1.0254910975381289E-01,
     2.3364127839679624E-01,
    -3.3673325289625944E-01,
     3.5603223925375116E-01,
    -3.2466576753771181E-01,
    -3.3683945557461953E-01
  ],
  "coordination numbers": [
     7.7918162221755702E+00,
     3.4621166003373602E+00,
     1.0017308479081750E+00,
     1.8577281105898837E+00,
     1.8871375706350033E+00,
     3.0133396703648430E+00,
     3.0124174555440622E+00,
     3.0162734070449835E+00,
     3.0174379579513584E+00,
     3.0159458060017856E+00,
     3.0122625101067735E+00,
     3.7113668941556988E+00,
     1.8991352892697675E+00,
     1.9085418779485597E+00,
     9.9269962506786502E-01,
     9.9274114511374023E-01,
     9.9287367252160408E-01,
     9.9286988567614642E-01,
     9.9273340056203807E-01,
     3.0142900457263258E+00,
     3.0138147291688355E+00,
     3.0179016418394689E+00,
     3.0190005523055792E+00,
     3.0149848912691635E+00,
     3.0127044129989713E+00,
     3.0381799345723639E+00,
     1.8451522615703659E+00,
     1.9914494611923095E+00,
     9.9282115266008208E-01,
     9.9289397843016225E-01,
     9.9233481526383471E-01,
     9.9253986636577540E-01,
     9.9290129202665778E-01,
     9.9387771498867306E-01,
     1.9589279123958407E+00,
     3.9617875678969137E+00,
     1.9347376192242969E+00,
     1.9346870589447756E+00
  ]
}
