{
  "version":  "0.2.0",
  "energy":    -3.1620245018921445E-01,
  "charges": [
     9.1114544931224595E-01,
    -1.9092507328698963E-01,
     9.1540856045092434E-02,
    -9.2895906433826614E-02,
     9.2476275668275099E-02,
    -3.2575950305749257E-01,
    -1.9009833543782950E-01,
    -3.6084576133251245E-01,
     9.5363501773014281E-02,
     1.1474088683875780E-01,
     1.1643217541837855E-01,
     1.0042178270333126E-01,
     9.5146994041786614E-02,
     1.1518544503378900E-01,
     1.1677725030473629E-01,
    -3.3028545840901813E-01,
     3.2741482718050760E-02,
    -9.2280412087502831E-02,
    -9.5554889939753973E-02,
    -9.5952195021259096E-02,
     1.1526845758080699E-01,
     1.1550794867470163E-01,
    -9.6491350553906896E-02,
    -9.6225205915539819E-02,
    -9.5134231804277200E-02,
     3.2623355119669115E-02,
    -3.2733082005762837E-01,
     1.4574566545320294E-01,
     1.1391869069424043E-01,
     1.1328839052726221E-01,
     1.0442430260987565E-01,
     1.0425128338897580E-01,
     1.1233951862909074E-01,
     1.1083772749606877E-01,
     1.2872649822010182E-01,
     3.0648638809472190E-02,
    -4.0870585423062933E-01,
    -3.1106757949275993E-01
  ],
  "coordination numbers": [
     6.1451313863734294E+00,
     3.9605255305567910E+00,
     3.1122806207933467E+00,
     2.9975712428587906E+00,
     3.0823882511884797E+00,
     1.9654501503460091E+00,
     3.9600469453673943E+00,
     1.9837770111650794E+00,
     9.9217994801456388E-01,
     9.9166426132866192E-01,
     9.9152212306085286E-01,
     9.9316781642938956E-01,
     9.9216418846445276E-01,
     9.9151291473808545E-01,
     9.9162182263246912E-01,
     2.9284974936111237E+00,
     3.1126994354877304E+00,
     3.0113201510491452E+00,
     3.0209054320675452E+00,
     3.0147245299897918E+00,
     3.1166200909608683E+00,
     3.1213934734285722E+00,
     3.0140580710799494E+00,
     3.0220177942786055E+00,
     3.0109075915572596E+00,
     3.1580716900056860E+00,
     2.9536106268924476E+00,
     9.9261701870424623E-01,
     9.9305844960648315E-01,
     9.9287300427274605E-01,
     9.9321697704889012E-01,
     9.9322448760382720E-01,
     9.9287503634440011E-01,
     9.9306379530172073E-01,
     9.9262205465637532E-01,
     1.0363795471433699E+00,
     1.9861935188889044E+00,
     9.9769060591221237E-01
  ]
}
