{
  "version":  "0.2.0",
  "energy":    -9.7027794850147620E-02,
  "charges": [
     6.2499923013285485E-01,
    -3.1255092898074316E-01,
    -3.1244830115211164E-01
  ],
  "coordination numbers": [
     1.9866901202921738E+00,
     9.9389826115072566E-01,
     9.9386359033587279E-01
  ]
}
