{
  "version":  "0.2.0",
  "energy":    -1.8775230566687795E-01,
  "charges": [
     8.7819427859184529E-01,
    -2.2334403913412637E-01,
    -2.1585988013618240E-01,
    -2.1558471074796182E-01,
    -2.2340564857357403E-01
  ],
  "coordination numbers": [
     3.9784851365892901E+00,
     9.9840891655740283E-01,
     9.9855836073480653E-01,
     9.9856612029544234E-01,
     9.9839780482890728E-01
  ]
}
