{
  "version":  "0.2.0",
  "energy":    -7.3265716367701406E-02,
  "charges": [
     5.9795838224202202E-01,
    -8.2532486105313815E-02,
    -8.2956765211950223E-02,
    -2.6659318671543036E-01,
    -7.9742174003658364E-02,
    -8.6133770205669175E-02
  ],
  "coordination numbers": [
     4.8876791125525001E+00,
     1.7549056636568068E+00,
     1.7441075620180175E+00,
     9.9596558992072026E-01,
     1.7572144030319290E+00,
     1.7403426362693590E+00
  ]
}
