{
  "version":  "0.2.0",
  "energy":     1.6880775887285782E+00,
  "charges": [
     8.6773020600126749E-01,
    -5.3083816386589755E-01,
     6.5930502263401136E-02,
     6.5439851040120622E-02,
    -5.3251511853207933E-01,
     3.7135674326659363E-01,
     3.5891414327854160E-01,
     2.5038799620692020E-01,
     2.3176863044309953E-01,
     2.3876774512178267E-01,
     2.5002619117837155E-01,
     3.7000155400002288E-01,
     3.5549956148608686E-01,
     3.6593656428358995E-01,
     5.8617349464748940E-02,
     1.9261286631223853E-01,
    -7.2430838392301980E-02,
    -3.2068372520870358E-02,
     1.2486258896436342E-01
  ],
  "coordination numbers": [
     6.0480153981371991E+00,
     3.9452017986805039E+00,
     4.2338607162754966E+00,
     4.1634709815979498E+00,
     3.9446123772828319E+00,
     1.0109132104212719E+00,
     1.0092613625155327E+00,
     9.9129862965669346E-01,
     9.9103076544145008E-01,
     9.9127328719749563E-01,
     9.9136352191357879E-01,
     1.0049038872511895E+00,
     1.0306719783599094E+00,
     1.8260633076021771E+00,
     9.9957709783439341E-01,
     3.8323725727413045E+00,
     1.9916977034818801E+00,
     1.9931043751605957E+00,
     1.0006814656588361E+00
  ]
}
