{
  "version":  "0.2.0",
  "energy":    -4.0914442510299104E-02,
  "charges": [
     3.9949905081842740E-01,
    -1.4658123904508852E-01,
    -1.0600673637740538E-01,
    -1.4691107539593351E-01
  ],
  "coordination numbers": [
     2.9812902221019311E+00,
     1.2783286989251961E+00,
     1.5581882384596124E+00,
     1.2755412827140864E+00
  ]
}
