{
  "version":  "0.2.0",
  "energy":    -2.2750189453144587E-01,
  "charges": [
     1.0880407447050926E+00,
    -2.1322226422502777E-01,
    -2.1317090034710762E-01,
    -2.2058807752339171E-01,
    -2.2049274407710681E-01,
    -2.2056675853245877E-01
  ],
  "coordination numbers": [
     4.9495843365734959E+00,
     9.9893941326811664E-01,
     9.9893894592639843E-01,
     9.9898836745401542E-01,
     9.9899440095590197E-01,
     9.9898931976001926E-01
  ]
}
