{
  "version":  "0.2.0",
  "energy":    -1.7506738288045116E+00,
  "charges": [
     7.7990356877528644E-01,
     1.8496588149298060E-01,
    -3.9678656696531722E-01,
    -3.2107060625992428E-01,
    -2.8294774650089516E-01,
    -4.6338491938531357E-01,
     3.7196420458711654E-01,
    -2.8695226119354661E-01,
    -4.2075824132349676E-01,
    -1.4581599673526036E-01,
    -1.4078706693891163E-01,
     1.5528174304487857E-02,
    -3.2681897317769204E-01,
     6.5064411743368661E-03,
    -1.3903958977434597E-01,
     5.6581094640459871E-02,
     6.0918985157691681E-02,
     1.3836805645643124E-01,
     1.2669774985634921E-01,
     6.3428858699713611E-02,
    -1.3773067800785890E-01,
    -4.5352164418125784E-01,
     6.2035827972663729E-02,
     1.3570328529110651E-01,
     8.8524654893669771E-02,
     2.6645166484068367E-01,
    -2.1345352604253678E-01,
    -1.2601962740763004E-01,
    -5.3353487346019179E-01,
     7.5611897054920066E-02,
     6.7276220710959497E-02,
     9.0002058924213812E-02,
     3.0478509336535498E-01,
    -5.7960621315016936E-01,
     2.7986782831045254E-01,
     2.2806439701892892E-01,
    -4.3495741302345908E-01
  ],
  "coordination numbers": [
     7.6206965642379823E+00,
     3.5048195764468115E+00,
     1.0017251628995876E+00,
     1.8264643542008949E+00,
     1.9263027409675519E+00,
     9.9914723344532330E-01,
     3.4146366951351972E+00,
     1.9852933656917884E+00,
     1.9366284743907158E+00,
     3.0195197003479723E+00,
     3.0115525380741692E+00,
     3.1296662456305242E+00,
     2.9150376826130815E+00,
     3.0974292361804796E+00,
     3.0115191860012498E+00,
     9.9248436089902192E-01,
     9.9277064450225261E-01,
     9.9172059166194870E-01,
     9.9236005636440350E-01,
     9.9281925320958475E-01,
     4.0282002569455511E+00,
     2.9050455141779352E+00,
     9.9034200239831005E-01,
     9.9116017218942698E-01,
     9.9158707414394609E-01,
     1.0948554114216060E+00,
     9.7664152985395791E-01,
     3.9512476227619757E+00,
     1.9939071059044311E+00,
     9.9037602608719233E-01,
     9.9100069562280968E-01,
     9.9094938230597496E-01,
     1.0051227222430477E+00,
     1.9853831637575512E+00,
     1.1590440248637917E+00,
     2.9570574112789156E+00,
     1.0023410721355770E+00
  ]
}
