{
  "version":  "0.2.0",
  "energy":     4.9895748414849861E-01,
  "charges": [
     5.5648829876301109E-01,
    -3.3046540012554987E-01,
     5.1396853377750268E-02,
    -5.1271338012825157E-02,
    -5.1119116919627200E-02,
    -6.2949092682556801E-02,
     1.2792342623902231E-01,
     1.2933252898598746E-01,
    -6.2988877390245113E-02,
    -5.0933694579688549E-02,
    -5.1042198075349890E-02,
     5.4816535178497695E-02,
    -3.3481463617590507E-01,
     1.4659568093374833E-01,
     1.5486261143911748E-01,
     1.5713638606099067E-01,
     1.3576230795053024E-01,
     1.3580173321339628E-01,
     1.5718716391139786E-01,
     1.5509780468398360E-01,
     1.4611734653279218E-01,
    -3.8184707443239568E-02,
    -7.4749615865238137E-02
  ],
  "coordination numbers": [
     4.4570791198855799E+00,
     2.9800233293747205E+00,
     3.1309888082889570E+00,
     3.0096142724938284E+00,
     3.0218764550066606E+00,
     3.0136177483285627E+00,
     3.1972633109071502E+00,
     3.2143573117078885E+00,
     3.0135715511491696E+00,
     3.0218684654955021E+00,
     3.0099071691523189E+00,
     3.1943917259094112E+00,
     2.9946539266307788E+00,
     9.9243953464393897E-01,
     9.9306046784313651E-01,
     9.9287268799049144E-01,
     9.9327408885280022E-01,
     9.9327328664575010E-01,
     9.9288310130090895E-01,
     9.9307396449849428E-01,
     9.9260952524869950E-01,
     9.9608426119446847E-01,
     9.9638215643155981E-01
  ]
}
