{
  "version":  "0.2.0",
  "energy":     1.0239888729394790E+00,
  "charges": [
     7.8635948493634800E-01,
     4.9275243546791234E-02,
    -2.0234979862065655E-01,
    -1.3745407780037228E-01,
    -9.1094248926189003E-03,
    -1.3513372611755448E-02,
     8.6292344682436573E-02,
    -3.6457488162662810E-01,
     8.4711245561050919E-02,
    -1.9294904635235671E-02,
     1.9717376419843208E-01,
     1.9126477178366941E-01,
     1.7446870266899389E-01,
     1.6336186633475430E-01,
     1.8838812137605654E-01,
    -1.5342738692794455E-02,
    -9.0166781869217838E-02,
    -9.4105896360768410E-02,
    -2.7112415066856937E-02,
    -2.9728776490070730E-01,
     1.6916014136236404E-01,
     1.7032872222496653E-01,
     1.7200955958078581E-01,
     1.7564243007820932E-01,
     1.7213423439343820E-01,
     1.6747133473487724E-01,
     1.6218202405460275E-01,
     1.4491076641744863E-01,
    -9.4671441898594041E-02,
     2.8932998300410007E-01,
    -8.8700668638635113E-02,
    -9.0780573324484290E-02
  ],
  "coordination numbers": [
     7.2277804819348734E+00,
     2.7948638187051493E+00,
     1.9916164826742309E+00,
     1.9875305371516427E+00,
     3.0224969171304501E+00,
     3.0085675304109172E+00,
     3.1788599319045723E+00,
     2.9963164174255503E+00,
     3.4044798109677821E+00,
     3.0078884482267370E+00,
     9.9274552892899415E-01,
     9.9295536670711559E-01,
     9.9262113171069810E-01,
     9.9881103360935697E-01,
     9.9295344608220937E-01,
     4.1330308455963447E+00,
     3.9840003484185909E+00,
     3.9817289661844528E+00,
     4.1369237022835179E+00,
     2.9489516471238675E+00,
     9.9152553649450859E-01,
     9.9190057051539160E-01,
     9.9161325804440725E-01,
     9.9193956061576838E-01,
     9.9193982042468321E-01,
     9.9157375659597058E-01,
     9.9165136832004297E-01,
     9.9165678492572162E-01,
     9.9917059111144546E-01,
     3.4870241937843494E+00,
     1.8759122590129511E+00,
     1.8897344211405152E+00
  ]
}
