{
  "version":  "0.2.0",
  "energy":     3.0650212756850398E-01,
  "charges": [
     7.7163744143602675E-01,
    -3.1379361439168396E-01,
     4.5738113432181038E-02,
    -7.4594725330932032E-02,
    -6.8012892735107355E-02,
    -7.4866521611022252E-02,
     1.2226482804706529E-01,
     1.2252755275927951E-01,
    -7.4137831255543962E-02,
    -6.5898330239942293E-02,
    -6.7438773155104048E-02,
     5.3021149038440352E-02,
    -3.1150636541075805E-01,
     1.3855344506220907E-01,
     1.3360281326511619E-01,
     1.4162065869555998E-01,
     1.2582102519659538E-01,
     1.2608622844654879E-01,
     1.4341960657453684E-01,
     1.4055591719218374E-01,
     1.4690686152817897E-01,
    -1.6596246680090587E-01,
     9.9224010017475939E-02,
    -8.3379223861423268E-02,
     9.8449171067380825E-02,
    -3.1118709511740966E-01,
    -1.6554086885611075E-01,
    -3.0761540357223810E-01,
     1.2031168958071337E-01,
     1.4181238656069328E-01,
     1.3616563237949603E-01,
     1.2011320186501151E-01,
     1.2053879872870671E-01,
     1.3673424410610807E-01,
     1.4310607809439296E-01,
    -1.4944241452709761E-01,
     9.9545216953379700E-02,
    -3.4298217241142237E-01,
     1.4093242235843406E-01,
     1.4041995586003761E-01,
     1.3700841230563585E-01,
    -8.9030262753419853E-02,
     1.8041783867169592E-01,
    -3.6114573719296278E-01
  ],
  "coordination numbers": [
     6.7068932108494197E+00,
     2.9501208594677291E+00,
     3.2193841661313929E+00,
     3.0101048034069038E+00,
     3.0215935650235908E+00,
     3.0137298804178556E+00,
     3.1402607529496676E+00,
     3.1374538990202856E+00,
     3.0138687178261607E+00,
     3.0212762582518353E+00,
     3.0102065401792624E+00,
     3.1970392760307629E+00,
     2.9423822774911157E+00,
     9.9476300207226931E-01,
     9.9306387431712295E-01,
     9.9288117820094701E-01,
     9.9325282030516782E-01,
     9.9324015729213233E-01,
     9.9288683539189204E-01,
     9.9305228073371143E-01,
     9.9334644675111328E-01,
     3.9604951532183579E+00,
     3.1965896330199817E+00,
     3.0084657010132609E+00,
     3.2001247533506536E+00,
     1.9887871434471220E+00,
     3.9605760263170264E+00,
     1.9882060262887640E+00,
     9.9231155391567150E-01,
     9.9154177843587110E-01,
     9.9155705910879721E-01,
     9.9322291400784035E-01,
     9.9231165438630420E-01,
     9.9161724012253583E-01,
     9.9146696134107604E-01,
     3.9581596274963120E+00,
     2.0214634048618834E+00,
     1.9325052796029825E+00,
     9.9183569214615197E-01,
     9.9155824913130708E-01,
     9.9183976480014913E-01,
     1.0110639362418015E+00,
     2.3215128062012660E+00,
     1.9994668681936654E+00
  ]
}
