{
  "version":  "0.2.0",
  "energy":    -5.0103807142458145E-01,
  "charges": [
     8.3674469405270813E-01,
    -3.4859980609674479E-01,
    -7.6271585466994363E-01,
     2.7397218724787903E-01,
     2.8336959127268108E-01,
     2.6514459462888829E-01,
    -3.7147844431279370E-01,
     3.7987042630495754E-01,
    -3.4763490848076301E-01,
    -3.6504558493151051E-01,
    -8.2554898038999236E-01,
     2.7827506738889879E-01,
     3.0171531693178943E-01,
     3.0365612322828800E-01,
    -1.7052831556217346E-01,
     9.9187322715973789E-02,
    -3.8398477018232657E-01,
     1.2325057497789686E-01,
     1.1179330150109955E-01,
     1.5668724439578299E-01,
    -8.1884450102009301E-02,
    -3.2774736417462930E-01,
     2.8311964462166395E-01,
    -2.7077629719211838E-01,
    -9.3318186262692171E-02,
    -3.3368234089230331E-01,
    -8.6876859801249234E-02,
     1.0907015227433081E-01,
     1.1706498576620653E-01,
     1.0464138906477997E-01,
     1.3494259720041984E-01,
     1.3020579244798841E-01,
     1.2204242597977273E-01,
     1.1252812408565653E-01,
     1.3487440638125162E-01,
     1.0766620058233550E-01
  ],
  "coordination numbers": [
     7.5504530337099771E+00,
     9.9749871505904331E-01,
     3.9292238684367087E+00,
     9.9926920029602684E-01,
     1.0774010588877490E+00,
     9.9765432451896441E-01,
     1.9762156126946744E+00,
     3.9648487342172913E+00,
     1.9193360137459541E+00,
     1.9647256615211166E+00,
     2.9853191807191353E+00,
     9.9633534649111066E-01,
     9.9603552438650311E-01,
     9.9582082979172171E-01,
     3.9554236273895436E+00,
     2.2642598340416411E+00,
     1.9283218193077545E+00,
     9.9190698384188636E-01,
     9.9201171070766225E-01,
     9.8837941737003554E-01,
     4.1902679213415119E+00,
     1.9901328866871015E+00,
     4.0688512809567454E+00,
     2.9037268103454688E+00,
     4.1308350596824752E+00,
     1.9883986906699933E+00,
     4.1614124414968430E+00,
     9.9202324210003034E-01,
     9.9145528223307888E-01,
     9.9087225334230222E-01,
     9.9218746445269357E-01,
     9.9193144226938212E-01,
     9.9200324735169776E-01,
     9.9190529295474228E-01,
     9.9154574536102924E-01,
     9.9157238898856992E-01
  ]
}
