{
  "version":  "0.2.0",
  "energy":    -1.3263928934578406E+00,
  "charges": [
     1.8521493921070942E-03,
    -2.9341671916048168E-01,
    -6.2542543301326958E-01,
    -1.0830099972183560E+00
  ],
  "coordination numbers": [
     2.9094689867548054E+00,
     9.1885116036535663E-01,
     9.9545986242747908E-01,
     9.9934034206556710E-01
  ]
}
