{
  "version":  "0.2.0",
  "energy":    -3.7026978539760530E-02,
  "charges": [
     3.9070146222173185E-01,
    -1.9538610193974926E-01,
    -1.9531536028198257E-01
  ],
  "coordination numbers": [
     1.9919789068572449E+00,
     9.9649020750657868E-01,
     9.9646865568433896E-01
  ]
}
