{
  "version":  "0.2.0",
  "energy":    -1.6353718509477616E-01,
  "charges": [
    -5.0142091228717156E-02,
     3.7631269291689845E-01,
     3.8260526589880212E-01,
    -2.3118015619562035E-01,
    -2.4760215282538867E-01,
    -2.2999355856597439E-01
  ],
  "coordination numbers": [
     4.5447767649398916E+00,
     1.8178246888355236E+00,
     2.8724833447233662E+00,
     1.8444277615007660E+00,
     1.8376826881841675E+00,
     1.8451404485626419E+00
  ]
}
