{
  "version":  "0.2.0",
  "energy":     8.9616436707544911E-01,
  "charges": [
     8.5150705052983744E-01,
    -3.4778199400618620E-01,
     6.8821008318731947E-02,
    -2.6895431052337826E-02,
    -2.3600658412370967E-02,
    -4.2081460000752302E-02,
     1.3507100773795619E-01,
     1.3605928718116758E-01,
    -4.1901523198766111E-02,
    -2.3467840985560651E-02,
    -2.7513544393846345E-02,
     6.4915888727571314E-02,
    -3.5132424638702753E-01,
     1.6142084100767154E-01,
     1.8054904483130652E-01,
     1.8574115001507108E-01,
     1.5619130413897186E-01,
     1.5602506470542984E-01,
     1.8562441937739529E-01,
     1.7945441065353310E-01,
     1.5047602606425323E-01,
    -5.4423847908183309E-01,
     3.0385184954823397E-01,
     3.1064487122806028E-01,
    -5.6874575360901414E-01,
     3.0033144997470079E-01,
     3.1541368137254494E-01,
     1.0075158188119215E-04,
    -7.5633180997346450E-01,
     3.0611561747056348E-01,
     3.1048733041598353E-01,
     2.9508068622029471E-01
  ],
  "coordination numbers": [
     6.1025385749343855E+00,
     2.9838322953906031E+00,
     3.1709516015146901E+00,
     3.0090986956700272E+00,
     3.0218554382560230E+00,
     3.0129615369365768E+00,
     3.1927191749817219E+00,
     3.1974219661898404E+00,
     3.0132564004389870E+00,
     3.0220470992238484E+00,
     3.0092460578949325E+00,
     3.1733870764561267E+00,
     2.9837339794838584E+00,
     9.9266199490935403E-01,
     9.9301678742338417E-01,
     9.9284181050083031E-01,
     9.9323248462488678E-01,
     9.9324569174687038E-01,
     9.9285014529945315E-01,
     9.9301936964606696E-01,
     9.9269672844003853E-01,
     2.8890242931426924E+00,
     9.9427051131748012E-01,
     9.9322953756297849E-01,
     2.9183259728982627E+00,
     1.0025908057325328E+00,
     9.9331992631094845E-01,
     9.9609541176426486E-01,
     3.9043834147117629E+00,
     9.9621648058119749E-01,
     9.9809680281730628E-01,
     1.0003021131185701E+00
  ]
}
