{
  "version":  "0.2.0",
  "energy":    -9.2808009060772423E-01,
  "charges": [
     8.4766228544727373E-01,
     1.7714386555497841E-01,
    -3.1275481280684136E-01,
    -2.5954417748980052E-01,
    -2.6988043141997808E-01,
    -1.8292001443704486E-01,
     1.4608172039427603E-01,
    -4.1336727473947577E-01,
    -1.8473146036277277E-01,
     1.4449957267983737E-01,
    -4.1644975792219424E-01,
    -5.5582367008225508E-01,
     2.8008415518399887E-01
  ],
  "coordination numbers": [
     5.3589023716558088E+00,
     3.5474713978317816E+00,
     1.0017098735806886E+00,
     1.9045391377237051E+00,
     1.9260544554209904E+00,
     1.0113981906685368E+00,
     2.0309597706292815E+00,
     1.9959783244646783E+00,
     1.0113833857331027E+00,
     2.0284527581527323E+00,
     1.9954778660223820E+00,
     1.9910076729750745E+00,
     1.0019503609861946E+00
  ]
}
