{
  "version":  "0.2.0",
  "energy":    -2.3696621541761706E-02,
  "charges": [
     3.1986674177720709E-01,
    -2.3761797557347328E-01,
    -8.2248766203733809E-02
  ],
  "coordination numbers": [
     1.9923924482596771E+00,
     9.9807180400308049E-01,
     9.9882632587290576E-01
  ]
}
