{
  "version":  "0.2.0",
  "energy":    -6.0086431126224832E-02,
  "charges": [
     3.8040526356914128E-01,
    -3.8040526356914128E-01
  ],
  "coordination numbers": [
     9.9919308776455829E-01,
     9.9919308776455829E-01
  ]
}
