{
  "version":  "0.2.0",
  "energy":    -1.7009879148449323E+00,
  "charges": [
     7.4862915003514185E-01,
     1.7372217667956344E-01,
    -3.6875653709977629E-01,
    -2.6435573835651016E-01,
    -2.7427986237709501E-01,
    -2.4083598284073471E-02,
     2.7704269321672115E-01,
    -4.7463294854920879E-01,
    -3.3563164213516494E-01,
    -5.7161075647991000E-01,
     8.0848292680602146E-02,
     9.9720504997053261E-02,
     2.5087038345482765E-01,
     2.3888413857844015E-01,
    -2.9349850950780998E-01,
     1.1394931674323625E-01,
    -3.9823235860895378E-01,
    -2.3956186599592222E-01,
     1.3644428010978471E-01,
    -5.0788552862399683E-01,
    -7.1705906916574591E-01,
     2.5261744058358138E-01,
     2.7318060691651441E-01,
     2.5061943192162867E-01,
    -5.3627234093581194E-02,
    -3.7331276663934615E-01
  ],
  "coordination numbers": [
     7.0366833442108456E+00,
     3.5197662960660425E+00,
     1.0016513140241612E+00,
     1.9256176693010429E+00,
     1.8765761642342182E+00,
     4.0401959426887757E+00,
     3.1827613013976448E+00,
     1.0003662791070624E+00,
     1.9853163464602606E+00,
     3.8554364016437779E+00,
     9.9107859963498690E-01,
     9.9119194557017032E-01,
     1.0006622574519826E+00,
     9.9628882434152466E-01,
     1.0099461047803846E+00,
     2.0864588541077653E+00,
     1.9879405954491363E+00,
     1.0064049490909364E+00,
     1.9970028958815398E+00,
     1.0066283304888346E+00,
     3.9162464142416678E+00,
     1.0029157001459117E+00,
     9.9487069764385705E-01,
     9.9998475572504741E-01,
     1.0223609670933271E+00,
     1.9802212290764603E+00
  ]
}
