{
  "version":  "0.2.0",
  "energy":     3.4060628008803162E-01,
  "charges": [
     7.9523812688391016E-01,
    -5.9186654244680859E-01,
    -2.1350826215168706E-02,
    -2.4899707399778287E-02,
    -5.9590171588712837E-01,
     2.5217457026857137E-01,
     2.5108732159746883E-01,
     1.2291442519465562E-01,
     1.3126362518853391E-01,
     1.3312778915810397E-01,
     1.2370346373651539E-01,
     2.5192391054008217E-01,
     2.4852186786512193E-01,
    -3.9677376835876688E-02,
    -4.1204851008955584E-01,
     1.3851826055099567E-01,
     1.3868685447346407E-01,
     1.4120431209264278E-01,
    -4.2313645768800492E-02,
    -4.1349223120500478E-01,
     1.3991568026243392E-01,
     1.3482034395768114E-01,
     1.3845000407794078E-01
  ],
  "coordination numbers": [
     4.3635305623435086E+00,
     3.9454414379805725E+00,
     4.1297364891462927E+00,
     4.0665985984914084E+00,
     3.8901571390512348E+00,
     1.0169958067842062E+00,
     1.0085615616130674E+00,
     9.9140330429843182E-01,
     9.9135694462974566E-01,
     9.9130803036331816E-01,
     9.9136285260298962E-01,
     9.9659815243292993E-01,
     1.0008366613702435E+00,
     4.0421140585470576E+00,
     1.9921458166165937E+00,
     9.9116541229087574E-01,
     9.9119111524039827E-01,
     9.9116722166895777E-01,
     4.0424824382692908E+00,
     1.9921808100296277E+00,
     9.9117130478659465E-01,
     9.9106604107971474E-01,
     9.9122794416518367E-01
  ]
}
