{
  "version":  "0.2.0",
  "energy":    -1.5975289615810431E-01,
  "charges": [
    -2.7543984806675492E-01,
     2.7882939176191229E-01,
     3.0557501275187282E-01,
     2.2782536875470985E-01,
    -2.8573728863254755E-01,
    -2.5105263656919241E-01
  ],
  "coordination numbers": [
     4.2908130686085224E+00,
     2.5767028609347316E+00,
     2.5544010360599572E+00,
     3.3556783585488352E+00,
     2.5862919631442907E+00,
     1.8608837886259781E+00
  ]
}
