{
  "version":  "0.2.0",
  "energy":    -1.0122639575184660E+00,
  "charges": [
     9.5181242696722612E-01,
    -1.2004592550145742E-01,
    -1.2080214795815702E-01,
    -9.5681246194649350E-02,
     3.0193826799885803E-03,
    -9.3894949109884412E-02,
    -1.1990931414079997E-01,
     2.4624591970911330E-01,
    -3.7873159778934484E-01,
    -3.8436149933683128E-01,
     8.9118929197677527E-02,
     9.2004470259540089E-02,
     1.2231887052270891E-01,
     1.2554155924149762E-01,
     9.3105510862991001E-02,
    -5.7521146951911528E-01,
     2.8183191237501781E-01,
     2.9636122235166729E-01,
    -3.4535050374756687E-01,
     3.0358520870679861E-02,
    -3.8578574942793753E-01,
    -3.6646791695024589E-01,
    -3.4547640536211832E-01
  ],
  "coordination numbers": [
     6.7432351567963318E+00,
     3.0133126185719545E+00,
     3.0124290094677297E+00,
     3.0160260961660148E+00,
     3.0176772296941383E+00,
     3.0161482795929304E+00,
     3.0124089581142801E+00,
     3.7936866422434399E+00,
     1.9482766867539798E+00,
     1.9375374815241306E+00,
     9.9270814019464737E-01,
     9.9274226366658702E-01,
     9.9287281317656806E-01,
     9.9287230439463592E-01,
     9.9273713366152005E-01,
     2.8291984482991612E+00,
     1.3034523350929961E+00,
     9.9407228091385047E-01,
     1.9876351074070735E+00,
     2.2361989739848394E+00,
     1.0049597597713511E+00,
     9.9619752975598530E-01,
     9.9805104401935996E-01
  ]
}
