{
  "version":  "0.2.0",
  "energy":     3.3508850380226074E-01,
  "charges": [
     6.9795388667826264E-01,
    -5.8071641269493535E-01,
    -1.9515317333103077E-02,
    -4.1556948638570651E-02,
    -4.3009216835721292E-01,
    -3.9995388294752576E-02,
    -2.4605020287652407E-02,
    -5.7964507907573948E-01,
     2.5534591467524104E-01,
     2.6173706509217626E-01,
     1.2986903865506963E-01,
     1.2356162058369757E-01,
     1.1710942799987253E-01,
     1.2605785951016102E-01,
     2.2831989243991949E-01,
     1.1815961797419183E-01,
     1.2843864959345763E-01,
     1.2822392446511335E-01,
     1.2438317268294043E-01,
     2.6071840781031347E-01,
     2.5343624665176617E-01,
    -8.2158847357411934E-03,
     1.7558684750247067E-01,
    -4.1053874383444183E-01,
    -4.0803608508810402E-02,
    -3.7996231694348875E-01,
     1.4146416756270622E-01,
     1.4163369873555051E-01,
     1.4364745009153809E-01
  ],
  "coordination numbers": [
     5.4500103791856738E+00,
     3.9234791263193411E+00,
     4.2388396225349165E+00,
     4.0420154203910634E+00,
     3.8807165854422188E+00,
     4.0416360386445627E+00,
     4.1023668780340756E+00,
     3.9245684030671244E+00,
     9.9644437301822908E-01,
     1.0049128934226328E+00,
     9.9214869328280564E-01,
     9.9127453898723328E-01,
     9.9139193253426239E-01,
     9.9136626909944958E-01,
     9.9953437978280757E-01,
     9.9120583357778091E-01,
     9.9136515849446472E-01,
     9.9127924440239124E-01,
     9.9134992913346398E-01,
     1.0042865724127497E+00,
     9.9765906646620373E-01,
     1.0137209603408817E+00,
     2.0515594287724808E+00,
     2.0077033094586767E+00,
     4.0095071370156585E+00,
     1.9914358292951171E+00,
     9.9116175184439737E-01,
     9.9114239281810335E-01,
     9.9112375112878048E-01
  ]
}
