{
  "version":  "0.2.0",
  "energy":    -5.5924608432945361E-02,
  "charges": [
     4.4615400378745007E-02,
    -3.4804895654125717E-01,
    -1.1684098723310668E-01,
     4.2027454339561887E-01
  ],
  "coordination numbers": [
     1.5056846451415282E+00,
     1.9894336749074188E+00,
     9.8001771327818687E-01,
     2.4862378551823259E+00
  ]
}
