{
  "version":  "0.2.0",
  "energy":    -7.8440371561344202E-02,
  "charges": [
     5.7348139998935344E-01,
    -1.4070729574946228E-01,
    -7.3564697959974362E-02,
    -1.4269914501268272E-01,
    -7.4108464520509301E-02,
    -1.4240179674672479E-01
  ],
  "coordination numbers": [
     4.9059927666359489E+00,
     9.9625517254194573E-01,
     1.4830273630350037E+00,
     9.9636622115332329E-01,
     1.4851937181214190E+00,
     9.9632214231119143E-01
  ]
}
