{
  "version":  "0.2.0",
  "energy":     4.0514672842325350E-02,
  "charges": [
     7.9496301165297001E-01,
    -5.8454920056608373E-01,
    -3.2444506191221523E-02,
    -4.4247118561261234E-02,
    -4.3403789991707697E-01,
    -3.1233203667137638E-02,
    -1.8482434416850380E-02,
    -5.8318063351133997E-01,
     2.3995273575939044E-01,
     2.3747654080590186E-01,
     1.1656161528703163E-01,
     1.1546380785455007E-01,
     1.1776484392227275E-01,
     1.1283099084561067E-01,
     2.2268594686268295E-01,
     1.4023829735656457E-01,
     1.1309793050091142E-01,
     1.2374013321492229E-01,
     1.2077583636697940E-01,
     2.7564205050847063E-01,
     2.6120207730797940E-01,
    -5.9698958061979135E-01,
    -2.4014114422853838E-02,
    -2.2938405189026644E-02,
    -6.0027282386594250E-01,
     2.5803471055419680E-01,
     2.5510111359051774E-01,
     1.3235973308474058E-01,
     1.2110165505731180E-01,
     1.2109016915289988E-01,
     1.4871928330380577E-01,
     2.4034405495353744E-01,
     2.6472675976199833E-01,
     8.3729748330466119E-02,
    -3.1280257794145216E-01,
    -2.5398480876842094E-01,
     3.6467237455230400E-01,
    -2.0519979032163774E-01,
    -2.1949273574062714E-01,
    -1.6175752305754995E-01,
     7.8567080491472319E-02,
     3.2688081457845936E-02,
    -3.6417797561077841E-01,
     4.2879228452418650E-02,
     8.0369529398491832E-02,
    -3.3479441787437197E-01,
     1.4604363622494509E-01,
     1.1984074426521762E-01,
     1.4277964415886973E-01,
     1.4665388618804209E-01,
    -3.9769253703003993E-02,
    -3.4749719435870247E-01,
     1.3038040496488798E-01,
     1.6079768575257555E-01,
     1.4859085636234717E-01
  ],
  "coordination numbers": [
     7.4982804260022302E+00,
     3.8452208359950779E+00,
     3.9809360708887684E+00,
     4.0433651629758334E+00,
     3.8532098371628969E+00,
     4.0044813367966894E+00,
     3.9936791361994031E+00,
     3.8566510251535737E+00,
     9.9625422527992757E-01,
     1.0450000879819790E+00,
     9.9121937721828157E-01,
     9.9187432939599063E-01,
     9.9166730988800555E-01,
     9.9075367748012599E-01,
     9.9880655143202102E-01,
     9.9149479414269326E-01,
     9.9072736960572527E-01,
     9.9116845170992018E-01,
     9.9221448771760112E-01,
     9.9679863908216504E-01,
     9.9920887735108899E-01,
     3.8938262993467934E+00,
     4.0341604258320451E+00,
     4.0211085263109645E+00,
     3.9009083967831595E+00,
     9.9837193217611464E-01,
     1.0005133353994982E+00,
     9.9157415163949558E-01,
     9.9118030266116630E-01,
     9.9135100048490976E-01,
     9.9166007190920968E-01,
     9.9828797383841916E-01,
     1.0037185584424426E+00,
     1.6944828197440849E+00,
     9.9941172692427838E-01,
     1.0178585949694652E+00,
     4.9926310310544073E+00,
     9.9875572710545235E-01,
     9.9891010196282171E-01,
     9.7944708843022443E-01,
     3.0757042289650878E+00,
     3.0841997351858854E+00,
     2.8706188517487261E+00,
     3.0932946095670397E+00,
     3.0754804486986158E+00,
     2.0149541982433394E+00,
     9.9251966376959455E-01,
     9.9270705658490854E-01,
     9.9204800130026527E-01,
     9.9251225249028074E-01,
     4.0423329455673880E+00,
     1.9920186332738705E+00,
     9.9172162867367231E-01,
     9.9147383236754205E-01,
     9.9159018573918267E-01
  ]
}
