{
  "version":  "0.2.0",
  "energy":    -9.5876924172287703E-01,
  "charges": [
     7.9481518034915899E-01,
    -1.2792329486874368E-01,
    -1.2934159803382805E-01,
    -1.0417918967381162E-01,
    -3.2253120192209939E-03,
    -1.0030983094120599E-01,
    -1.2761386635146815E-01,
     2.5311389481348967E-01,
    -3.6684610053278188E-01,
    -3.6769328555666125E-01,
     8.1040926867017166E-02,
     8.3252794453845633E-02,
     1.1198269640933434E-01,
     1.1883005579565452E-01,
     8.5182732255095289E-02,
    -1.2893124925371102E-01,
    -1.3052019355322855E-01,
    -1.0534477818936394E-01,
    -6.1612689340534987E-03,
    -1.0288820223184436E-01,
    -1.2863943855965176E-01,
     2.5237589217032419E-01,
    -3.7933466786667169E-01,
    -3.4821961849128630E-01,
     8.0597828941141009E-02,
     8.2645621974833286E-02,
     1.1097619747225927E-01,
     1.1857541872438922E-01,
     8.5053358949456384E-02,
    -2.0357730862235607E-01,
    -2.6346788745275362E-01,
     7.0492118960436445E-02,
    -2.6095683300115136E-01,
    -2.5001727057068218E-01,
     7.4504813544351234E-02,
     9.8952757565641841E-02,
     9.2690289945139281E-02,
     7.2786847258138665E-02,
     9.1725149083332097E-02,
     9.6390615426283369E-02,
     7.3077738896452249E-02,
     1.0446414048523014E-01,
     1.0375994647255465E-01,
    -2.2166179425363902E-01,
    -2.1644520776737876E-02,
    -3.9830595217571341E-01,
     6.6524755957291862E-02,
     1.2590372832153801E-01,
     1.0352338657538428E-01,
     1.0328998736363600E-01,
     7.9629330832587664E-02,
    -3.3935474395343040E-01
  ],
  "coordination numbers": [
     7.8035293101356880E+00,
     3.0134019458126478E+00,
     3.0124615349987307E+00,
     3.0161666166464549E+00,
     3.0182344354359367E+00,
     3.0160456945520595E+00,
     3.0125598646841985E+00,
     3.7976303031091145E+00,
     1.9410081630182230E+00,
     1.9563522389716361E+00,
     9.9270204421550279E-01,
     9.9274308128707389E-01,
     9.9285642280244168E-01,
     9.9285471262940650E-01,
     9.9275303001139914E-01,
     3.0133535993137821E+00,
     3.0123776295255791E+00,
     3.0161784459101408E+00,
     3.0176362380437673E+00,
     3.0161726496587908E+00,
     3.0124416313867810E+00,
     3.7973099908522210E+00,
     1.9350185302950162E+00,
     1.9557762754114254E+00,
     9.9270135290804085E-01,
     9.9274307688126751E-01,
     9.9287653674560872E-01,
     9.9285870620863292E-01,
     9.9275189391833241E-01,
     1.0190552199960781E+00,
     3.9562604330013817E+00,
     4.0201569096296428E+00,
     3.9563269318847700E+00,
     3.9561800604322981E+00,
     9.9201654362593938E-01,
     9.9387394777427307E-01,
     9.9399295609707927E-01,
     9.9180522660529391E-01,
     9.9387526583544261E-01,
     9.9330995968812630E-01,
     9.9192408619780892E-01,
     9.9350349898964563E-01,
     9.9383019620896285E-01,
     3.9543864209780883E+00,
     4.1303594523065472E+00,
     1.9931415840458282E+00,
     9.9127730444338802E-01,
     9.9163693234690786E-01,
     9.9137024731615497E-01,
     9.9051625794963627E-01,
     9.8992242216913340E-01,
     1.0274401564306057E+00
  ]
}
