{
  "version":  "0.2.0",
  "energy":     4.2542643602849678E-01,
  "charges": [
     6.5595736115901238E-01,
    -3.1503431754980438E-01,
     7.0913367629179158E-02,
    -3.9235057612423935E-02,
    -4.1828234433178291E-02,
    -5.5225766882520205E-02,
     1.3508412167592945E-01,
     1.3604510903136824E-01,
    -5.5627190397679743E-02,
    -4.2464006725342979E-02,
    -4.1581219603049738E-02,
     6.7204119102236975E-02,
    -3.2448224183091928E-01,
     1.6651631673958836E-01,
     1.6527285702828612E-01,
     1.6512710857779508E-01,
     1.4184728530867449E-01,
     1.4184939648959100E-01,
     1.6467876771748993E-01,
     1.6359159003488510E-01,
     1.5717813370019346E-01,
    -1.4383648409594493E-01,
     2.6559233625747336E-01,
    -1.0284144363796724E-01,
    -1.2536105393122740E-01,
     1.3557803206621344E-01,
    -2.7917781177680823E-01,
     1.7731748907890349E-01,
    -3.4305856311995375E-01
  ],
  "coordination numbers": [
     5.6402098225744890E+00,
     2.9801749311228001E+00,
     3.1392609438288348E+00,
     3.0097304079813050E+00,
     3.0221817663969475E+00,
     3.0133661844109607E+00,
     3.1835486630386063E+00,
     3.1962743181334323E+00,
     3.0131369186102228E+00,
     3.0221827595368689E+00,
     3.0097325580480581E+00,
     3.1995876927062765E+00,
     2.9937455984073980E+00,
     9.9259621294012046E-01,
     9.9307049673752079E-01,
     9.9289235444984669E-01,
     9.9325390254977197E-01,
     9.9325086437942023E-01,
     9.9287945547050160E-01,
     9.9307126119584854E-01,
     9.9261395427757293E-01,
     1.0060289418609729E+00,
     3.2161836758540101E+00,
     1.9473001318251670E+00,
     9.9906960082554708E-01,
     1.9847459688329545E+00,
     1.0364409430488886E+00,
     1.0726885152426888E+00,
     1.9941841363393111E+00
  ]
}
