{
  "version":  "0.2.0",
  "energy":     9.7740493830636577E-01,
  "charges": [
     9.1854781339919356E-01,
     9.5826379516743651E-02,
    -2.6785786518240595E-01,
     9.4933190197397876E-02,
    -1.9157814964186892E-02,
    -2.5537392298990880E-02,
    -2.4897220371755402E-02,
     4.2692255558285208E-02,
    -2.1984260572604303E-02,
    -2.3543957298745588E-02,
     2.7182266560090362E-01,
    -3.2819245088900806E-01,
    -3.3481946737707685E-01,
     1.9101737233298077E-01,
     1.8831509850676825E-01,
     1.8690885546212213E-01,
     1.9094560756290199E-01,
     1.9067037625068983E-01,
    -1.9596762998654871E-02,
    -2.5674912523856813E-02,
    -2.8378884862643311E-02,
     3.2705828459181102E-02,
    -3.7856639715398155E-02,
    -2.3360831198131524E-02,
     2.7521786318608721E-01,
    -3.4888367261104819E-01,
    -3.4701158686885808E-01,
     1.9025528558990129E-01,
     1.8857890337432756E-01,
     1.7794660254778913E-01,
     1.6504368696198268E-01,
     1.8951030582881165E-01,
     2.8581562939729749E-01
  ],
  "coordination numbers": [
     5.9015337266595624E+00,
     1.9919827310745388E+00,
     1.0389480662198611E+00,
     9.9754562068375652E-01,
     3.0160799348618941E+00,
     3.0087630657495854E+00,
     3.0164000850675139E+00,
     3.0206766792918636E+00,
     3.0169668743069726E+00,
     3.0086920073215211E+00,
     3.9292051823592740E+00,
     1.9937192034833178E+00,
     1.9938325227220428E+00,
     9.9272138202738081E-01,
     9.9297785819101669E-01,
     9.9291878199754802E-01,
     9.9288546060176408E-01,
     9.9297709281347757E-01,
     3.0157798978422461E+00,
     3.0086023728230051E+00,
     3.0163804427415881E+00,
     3.0168229205408199E+00,
     3.0150713085475687E+00,
     3.0083845513019547E+00,
     3.0861213171117452E+00,
     1.9958871761020909E+00,
     1.9920272088973938E+00,
     9.9274869770812391E-01,
     9.9295474813515394E-01,
     9.9304263487208200E-01,
     9.9247591791517742E-01,
     9.9296326548836245E-01,
     9.9264836143710866E-01
  ]
}
