{
  "version":  "0.2.0",
  "energy":    -2.2280312938521165E+00,
  "charges": [
     6.6838609168028551E-01,
    -2.4815178669683299E-01,
    -5.8693249224811339E-02,
    -3.9640726800685633E-01,
     4.0171403415771634E-02,
     1.0129002283734578E-01,
     1.0220754668367743E-01,
     9.3680791434848365E-02,
     1.1266331065446200E-01,
     2.6242668730738622E-01,
    -4.2234007927412054E-01,
     8.3709582536102056E-02,
    -4.1894819267326938E-01,
    -8.6868752275695960E-01,
    -3.8537927900536739E-01,
     3.4323304716615133E-01,
    -3.7505949756984580E-01,
    -5.1598891329101548E-01,
    -4.7671879477910206E-01,
    -6.4139390043784972E-01
  ],
  "coordination numbers": [
     6.5249947936489452E+00,
     3.9536134921766140E+00,
     4.0648638666886328E+00,
     2.8887015230773327E+00,
     9.9099675255230490E-01,
     9.9139028368190818E-01,
     9.9148887199209312E-01,
     9.9108381134187251E-01,
     9.9298450975220387E-01,
     9.9782303772176562E-01,
     1.0084325568134247E+00,
     2.0054395487822880E+00,
     1.9627840640690382E+00,
     9.0311239292200085E-03,
     1.9827277710757398E+00,
     3.8705696051094689E+00,
     1.9796449261298275E+00,
     9.9910838948648628E-01,
     9.7824391476975237E-01,
     9.5238971130722749E-01
  ]
}
