{
  "version":  "0.2.0",
  "energy":    -3.3556732216727825E-01,
  "charges": [
     8.5702443456886979E-01,
    -1.9353921374498745E-01,
     8.8983227174318169E-02,
    -9.1380602861221683E-02,
     9.2571761321409887E-02,
    -3.4323705503114266E-01,
    -1.8990589753720255E-01,
    -3.4556256084023546E-01,
     9.5405442086431994E-02,
     1.1414041127944166E-01,
     1.1061217777056255E-01,
     1.0056739593390347E-01,
     9.5827594139366340E-02,
     1.1705274849873511E-01,
     1.1660311393339462E-01,
     3.0362388424012315E-02,
    -3.8975857152848681E-01,
    -7.5063294690950566E-01,
     2.6854004913737939E-01,
     2.6443714506376348E-01,
     2.6864428602548829E-01,
    -9.6193875796652978E-02,
    -9.9173178909475745E-02,
    -8.1849572494628375E-02,
     9.2304337168569381E-03,
    -7.9759413966163234E-02,
    -9.8187705587393453E-02,
     2.5151047040185626E-01,
    -3.6620587562530332E-01,
    -3.6992411424017951E-01,
     1.1373886716818735E-01,
     1.1440127395039372E-01,
     1.3319941619139264E-01,
     1.3701224086776290E-01,
     1.1544570741905195E-01
  ],
  "coordination numbers": [
     6.5387076937890596E+00,
     3.9604494843431493E+00,
     3.0899206646771225E+00,
     2.9973788878692842E+00,
     3.0973196878038118E+00,
     1.9794971848007803E+00,
     3.9604413576390574E+00,
     1.9739620857545956E+00,
     9.9224722924250663E-01,
     9.9160033136560344E-01,
     9.9153674023607685E-01,
     9.9322728128471205E-01,
     9.9225680456768739E-01,
     9.9157555938861908E-01,
     9.9163388060592084E-01,
     1.0409616028377595E+00,
     1.9848956277711842E+00,
     3.8956478721933081E+00,
     9.9782205542216751E-01,
     9.9813331947696327E-01,
     1.0007970706833147E+00,
     3.0142462898166542E+00,
     3.0123006750560624E+00,
     3.0165216670013937E+00,
     3.0189976458981542E+00,
     3.0162082234761947E+00,
     3.0124881271497594E+00,
     3.7826317510337857E+00,
     1.9567367852902668E+00,
     1.9366139751468436E+00,
     9.9280534464515391E-01,
     9.9285454388980288E-01,
     9.9294016901651361E-01,
     9.9293623810276266E-01,
     9.9286438818578127E-01
  ]
}
