{
  "version":  "0.2.0",
  "energy":     2.8785784579867596E-01,
  "charges": [
     9.1635776352053266E-01,
     1.9093831393701474E-01,
    -2.0220166985334159E-01,
    -2.2158124307135210E-01,
    -2.0447274495473294E-01,
    -4.1671663832325505E-02,
    -1.6844699059638304E-01,
    -1.9245711703079915E-01,
    -5.2221209741050878E-02,
    -5.6606275406575535E-02,
    -6.5075635976425544E-02,
     9.4676279033283350E-03,
    -4.2465286707461608E-02,
    -5.3718330344351903E-02,
     3.1008281799849613E-01,
    -3.2239832454052608E-01,
    -3.8802304508052776E-01,
     1.5778534707668473E-01,
     1.5588564896600260E-01,
     1.5088651239800199E-01,
     1.7247439800610903E-01,
     1.5900160132439209E-01,
     2.6720143795344609E-01,
    -3.3312333532725047E-01,
     2.5736177929434911E-01,
    -1.9763601682361442E-01,
     2.0830395276480199E-01,
    -3.4566169652705636E-01,
    -1.9289744234403250E-01,
    -1.9452156688740307E-01,
     1.3335637245568388E-01,
     1.5750167347484673E-01,
     1.4524608274288828E-01,
     1.3345449627551639E-01,
     1.5240261980922010E-01,
     1.5962234766285191E-01,
     1.3325416135508095E-01,
     1.5105107701601317E-01,
     1.5354356310994952E-01
  ],
  "coordination numbers": [
     7.9075085649341386E+00,
     3.7576732963577859E+00,
     1.0015389583198742E+00,
     1.9722677958317556E+00,
     1.9829713478963189E+00,
     2.6858725727692283E+00,
     1.9822684170542120E+00,
     1.9455153942632677E+00,
     3.0136538688955774E+00,
     3.0132277559747047E+00,
     3.0145240528683530E+00,
     3.0187413374781542E+00,
     3.0155341963574616E+00,
     3.0139077995988828E+00,
     4.8613702499494771E+00,
     1.9941774926238303E+00,
     2.9078259560427453E+00,
     9.9287498781818240E-01,
     9.9292293640930929E-01,
     9.9264842958547295E-01,
     9.9295543748543214E-01,
     9.9291920079799567E-01,
     1.0037760496477484E+00,
     2.7829441844462792E+00,
     9.9300851655752354E-01,
     3.9576042322827272E+00,
     4.3048522552219293E+00,
     1.9920327520308811E+00,
     3.9575338406032303E+00,
     3.9577611466936107E+00,
     9.9365598199765781E-01,
     9.9480748004330444E-01,
     9.9428617201487945E-01,
     9.9375443924151075E-01,
     9.9421621553203110E-01,
     9.9388989101747693E-01,
     9.9369890381712711E-01,
     9.9442168595102665E-01,
     9.9445855416797002E-01
  ]
}
