{
  "version":  "0.2.0",
  "energy":     1.1340000151129810E+00,
  "charges": [
     1.2297953404495905E+00,
     3.8509176162812686E-01,
     3.8511289792228265E-01
  ],
  "coordination numbers": [
     1.9670978489765902E+00,
     9.8402953546722483E-01,
     9.8400926352054530E-01
  ]
}
