{
  "version":  "0.2.0",
  "energy":    -3.2056466014651797E-01,
  "charges": [
     7.6114090697116188E-01,
    -1.3636224364462701E-01,
    -8.4176714228195129E-02,
     1.6496857637535703E-01,
    -4.1243785143064826E-01,
    -3.1688613603898869E-01,
     6.5707969495488697E-02,
    -2.4181718833432109E-01,
     1.3448106011091038E-01,
    -2.8835390606821859E-01,
    -6.5578025595804959E-02,
    -3.0384360619123985E-01,
     2.9618306855756749E-01,
    -3.0738472917769655E-01,
    -7.2244874570902173E-02,
    -2.9600921808805652E-01,
    -8.1994025355703493E-02,
     1.3297998705926897E-01,
     1.2930923677392750E-01,
     1.2868552747513029E-01,
     1.3013664162744276E-01,
     1.2960225337702896E-01,
     1.2129403307865297E-01,
     1.3571670725230420E-01,
     1.3771411996550706E-01,
     1.3916843060465378E-01
  ],
  "coordination numbers": [
     5.5366862430238086E+00,
     9.9104536154403711E-01,
     1.0126381974500731E+00,
     2.0471486118735713E+00,
     2.0026344987937597E+00,
     1.9993376630491762E+00,
     2.0422227992285853E+00,
     1.0053972814706764E+00,
     1.8707317680493754E+00,
     9.9955802778397729E-01,
     4.2033259865222510E+00,
     1.9886688122576679E+00,
     4.2989407198714673E+00,
     1.9884675582207914E+00,
     4.1910226660271181E+00,
     2.9205189485827079E+00,
     4.0723367238694621E+00,
     9.9221374821530617E-01,
     9.9144303523639188E-01,
     9.9138018358877034E-01,
     9.9210749613280313E-01,
     9.9172379609388628E-01,
     9.9137811762907280E-01,
     9.9210918450662522E-01,
     9.9194143885658814E-01,
     9.9193806168980103E-01
  ]
}
