{
  "version":  "0.2.0",
  "energy":    -4.5954808160761723E-01,
  "charges": [
     3.4450773820739738E-01,
    -6.4503547298418584E-01,
     4.1857860983783007E-01,
     6.9102096697744919E-01,
    -8.0907184203849081E-01
  ],
  "coordination numbers": [
     3.2930799466336955E+00,
     9.9938740793762726E-01,
     1.6747646496287532E+00,
     2.2878033877111781E+00,
     1.9584797092882926E+00
  ]
}
