{
  "version":  "0.2.0",
  "energy":    -8.0379170819858436E-01,
  "charges": [
    -5.8455609289368216E-02,
     2.7801654821292771E-01,
     2.8548494831896132E-01,
    -9.1954016391892290E-01,
    -5.8550572332359796E-01
  ],
  "coordination numbers": [
     3.4841103695012317E+00,
     2.6671450425987260E+00,
     1.3117368492378709E+00,
     1.9891440089686219E+00,
     9.9447340342979285E-01
  ]
}
