{
  "version":  "0.2.0",
  "energy":     9.0149330484310974E-01,
  "charges": [
     7.5772013350731315E-01,
    -1.6282931724173993E-01,
     1.2417734232079036E-02,
    -3.8138591439920311E-01,
     1.5906752369567118E-01,
     1.4882166761002755E-01,
     1.5199038287205324E-01,
     1.5452389583522719E-01,
     1.6223530778366804E-01,
    -3.2577117172877923E-02,
    -3.5112390333502830E-02,
    -4.6980277267048454E-02,
     2.5409941607059727E-02,
    -4.4900180763777831E-02,
    -4.3596364317339431E-02,
     2.6194762170661118E-01,
    -3.2159575871299412E-01,
    -3.8538824827566120E-01,
     1.7788255926291069E-01,
     1.7817692349822178E-01,
     1.5735346649787751E-01,
     1.6074129696644340E-01,
     1.7028539899312661E-01,
     2.8040331201880497E-01,
    -5.1670036553126031E-01,
     2.7005107339460355E-01,
     3.0261054677567589E-01,
     1.2167058439035362E-01,
    -2.9312736618947932E-01,
    -3.7688237580409151E-02,
    -1.0749741187101938E-01,
    -1.0669046553401765E-01,
    -3.6243783826461762E-02,
    -2.8779665054496284E-01,
     1.4025155816177648E-01,
     1.4140875809646503E-01,
     1.5406130282071509E-01,
     1.5217847657007402E-01,
     1.5418642927678308E-01,
     1.5189605429153674E-01,
     1.4513811427873546E-01,
     1.4767978541794100E-01
  ],
  "coordination numbers": [
     5.4858364254975429E+00,
     3.9543978262365691E+00,
     4.0719288040272676E+00,
     1.9888047238921693E+00,
     9.9174382089904700E-01,
     9.9109793602488061E-01,
     9.9119269838025126E-01,
     9.9165710740121060E-01,
     9.9170957624596490E-01,
     3.0157089735204190E+00,
     3.0097863841201509E+00,
     3.0150179154593841E+00,
     3.0180273130154278E+00,
     3.0178200396820491E+00,
     3.0101371529582170E+00,
     3.1782520575930038E+00,
     1.9866777667905051E+00,
     1.9967135357777419E+00,
     9.9281542874610196E-01,
     9.9298258107325665E-01,
     9.9244704989165644E-01,
     9.9298499946675367E-01,
     9.9296547165694005E-01,
     9.9277859654911715E-01,
     2.9361537711758334E+00,
     1.0058643563072218E+00,
     9.9511996341828812E-01,
     1.9889248615371100E+00,
     1.0488074679681114E+00,
     4.1806463428730485E+00,
     3.9808076166488862E+00,
     3.9844256875732320E+00,
     4.0631895673214400E+00,
     2.9400875822077301E+00,
     9.9160177033468688E-01,
     9.9311117305140950E-01,
     9.9157158329738948E-01,
     9.9195032355437185E-01,
     9.9194588480668688E-01,
     9.9161951755849209E-01,
     9.9169432209409436E-01,
     9.9192436571127107E-01
  ]
}
