{
  "version":  "0.2.0",
  "energy":    -2.7426417635314643E-03,
  "charges": [
     6.7893740529646890E-02,
    -6.7893740529646890E-02
  ],
  "coordination numbers": [
     9.7260893481546251E-01,
     9.7260893481546251E-01
  ]
}
