{
  "version":  "0.2.0",
  "energy":     6.2711126918635851E-01,
  "charges": [
     5.1007527844050515E-01,
     9.0463357068358863E-01,
    -2.4779972170215148E-01,
     8.3309087257805681E-01
  ],
  "coordination numbers": [
     1.0828469340630953E+00,
     9.1017168046368369E-01,
     1.9020538677813903E+00,
     9.0169840857801553E-02
  ]
}
