{
  "version":  "0.2.0",
  "energy":    -3.7079993094371655E-01,
  "charges": [
     6.9294472676316943E-01,
    -1.0023385375793392E-01,
    -1.0512001719170705E-01,
     1.8898670609320822E-02,
    -3.3613771930154646E-01,
     3.2928621156846694E-02,
    -1.0003565320599328E-01,
     1.0545534783726196E-01,
     1.0079052799942506E-01,
     1.1785616178034974E-01,
     1.4414075446938873E-01,
     1.0573387311046178E-01,
    -7.6294648857639680E-01,
     2.8820865472637647E-01,
     2.4667148002030523E-01,
     2.5171321489522497E-01,
    -2.2490747763100161E-01,
    -3.1795345362023553E-02,
    -4.1148566586896806E-01,
     8.5000619222917739E-02,
     1.0149710608166573E-01,
     1.0571120219825272E-01,
     9.5506897271398300E-02,
     9.5474408180390880E-02,
    -2.3874868800453286E-01,
     5.3060138669618673E-02,
    -2.4387713737001859E-01,
    -2.5502042828485505E-01,
     9.3909228592407384E-02,
     1.0179536342811740E-01,
     1.2334666914005304E-01,
     9.3423257597689019E-02,
     1.2288699784759780E-01,
     9.5560321573449875E-02,
     9.2688070875025480E-02,
     9.3429875215501626E-02,
     9.4907631272983642E-02,
    -3.5853991677082231E-01,
     3.6388758013372580E-01,
    -3.7417804684735267E-01,
    -3.7440096249577376E-01
  ],
  "coordination numbers": [
     7.3523777836950179E+00,
     3.0216527092820700E+00,
     3.0102117018801193E+00,
     3.1666718271039445E+00,
     2.9429213329668196E+00,
     3.1708882849884414E+00,
     3.0106045518281199E+00,
     9.9278086101102669E-01,
     9.9300374802912383E-01,
     9.9292543698264790E-01,
     9.9289899497915091E-01,
     9.9300172604310433E-01,
     3.9021378548762824E+00,
     1.2200292825206782E+00,
     9.9657321810112975E-01,
     1.0100542709933755E+00,
     3.9537274607204056E+00,
     4.0341090301153226E+00,
     1.9913544108692482E+00,
     9.9141394204977296E-01,
     9.9138289006481806E-01,
     9.9143667348902831E-01,
     9.8959061758681344E-01,
     9.8912404981263791E-01,
     3.9569943081923329E+00,
     3.8888142194190474E+00,
     3.9562478664384599E+00,
     3.9556822181690867E+00,
     9.9217075360988805E-01,
     9.9300415349895044E-01,
     9.9370007862501453E-01,
     9.9214513274536653E-01,
     9.9386305770935390E-01,
     9.9270248790636550E-01,
     9.9204879322887685E-01,
     9.9275733958896861E-01,
     9.9279567021957238E-01,
     1.9665314872546293E+00,
     3.9540648346671556E+00,
     1.9418808673628325E+00,
     1.8736702593446140E+00
  ]
}
