{
  "version":  "0.2.0",
  "energy":    -1.9383214041176748E+00,
  "charges": [
     1.6085931705751122E-01,
    -4.6608658179017637E-01,
    -1.3961155962555645E+00,
    -2.2549753831972061E-01,
    -1.0731596006920499E+00
  ],
  "coordination numbers": [
     3.5676436242046581E+00,
     8.7069325756708427E-01,
     9.2483424255078983E-01,
     7.9202577350516989E-01,
     9.8975956081978911E-01
  ]
}
