{
  "version":  "0.2.0",
  "energy":    -2.1228445032510668E-01,
  "charges": [
     1.0174108253066421E+00,
    -2.5381120506189447E-01,
    -2.5426500169831445E-01,
    -2.5429122077128952E-01,
    -2.5504339777514357E-01
  ],
  "coordination numbers": [
     3.9800019488010498E+00,
     9.9886172742016655E-01,
     9.9886542569431658E-01,
     9.9887148095241329E-01,
     9.9887567278356659E-01
  ]
}
