{
  "version":  "0.2.0",
  "energy":    -1.7783105207723207E+00,
  "charges": [
     7.3623845382103514E-01,
    -2.0763005262330585E-02,
     2.7066724072439441E-01,
    -5.0400981605124473E-01,
    -3.5486096266525624E-01,
    -5.8915621528034656E-01,
     6.9687978353655478E-02,
     9.7450947810771155E-02,
     2.1754062963640536E-01,
     2.7432550110702880E-01,
    -2.3192337764407100E-02,
     2.6950125980927730E-01,
    -5.0533128816103601E-01,
    -3.5517104437148950E-01,
    -5.9332337353978204E-01,
     7.0304717143628209E-02,
     8.8075609175885083E-02,
     2.3053339010696669E-01,
     2.5665242077787098E-01,
    -3.1289771374418596E-01,
     2.6428854138770475E-01,
    -2.7441537786927955E-01,
    -2.9923376370273186E-01,
    -2.5085615311354664E-01,
    -3.1036265932915669E-02,
    -3.9392609048915073E-01,
     5.1833770717576333E-02,
     7.6458263804947094E-02,
     9.5137205572620190E-02,
     6.8307196261891023E-02,
     9.8185765618514748E-02,
    -2.4076776707645436E-01,
     3.8144337358060421E-01,
    -3.8268708623791664E-01,
    -4.8500400414870304E-01
  ],
  "coordination numbers": [
     7.6631497173517431E+00,
     4.1436707985470456E+00,
     3.3047921641837137E+00,
     1.0003383541985507E+00,
     1.9896794572629091E+00,
     3.9324296244557591E+00,
     9.9075564823571760E-01,
     9.9117845277704486E-01,
     1.0267414247697850E+00,
     1.0170699621147339E+00,
     4.1894897134957265E+00,
     3.3130151843530058E+00,
     1.0003104998194985E+00,
     1.9874169530937600E+00,
     3.9401761595242988E+00,
     9.9059556344675048E-01,
     9.9117870029580235E-01,
     1.0589125419573389E+00,
     1.0104435315609095E+00,
     9.9721230009995931E-01,
     4.0088456828797732E+00,
     9.9962681353652005E-01,
     9.9835410414408088E-01,
     3.9525748419369453E+00,
     4.1076096823384187E+00,
     1.9937896903036574E+00,
     9.9092626290352204E-01,
     9.9121803896025273E-01,
     9.9136823624565817E-01,
     9.8810160500439270E-01,
     9.8821757946863009E-01,
     2.8115303810533083E+00,
     3.8178346060793151E+00,
     1.9832696504275029E+00,
     9.9919848423926538E-01
  ]
}
