{
  "version":  "0.2.0",
  "energy":    -9.8791999731199828E-02,
  "charges": [
    -2.0408791589290254E-01,
     2.4954167291568807E-01,
     2.4739823367390146E-01,
    -2.9285199069668638E-01
  ],
  "coordination numbers": [
     2.3959718889514479E+00,
     1.4413902956894091E+00,
     2.6657319315079091E+00,
     1.8676141090372740E+00
  ]
}
