{
  "version":  "0.2.0",
  "energy":     2.8809529425367530E-01,
  "charges": [
     9.8670002151096980E-01,
    -1.4934005128813435E-01,
     1.1823242802801483E-01,
    -6.4611733872038557E-02,
     1.1933449217479740E-01,
    -3.5065698435010878E-01,
    -1.4781644531064092E-01,
    -3.4798011226415876E-01,
     1.3225645209085327E-01,
     1.4904468284537042E-01,
     1.5314257082736146E-01,
     1.3093099952805767E-01,
     1.3270548865303000E-01,
     1.5439948570805842E-01,
     1.5167353895145713E-01,
     1.8757873127215288E-01,
    -1.8992436409941205E-01,
    -2.3109558522083243E-01,
    -2.2673471367529124E-01,
    -5.2751737816569083E-02,
    -5.7102114433213100E-02,
    -4.6666874744099307E-02,
     1.9681328411710206E-02,
    -6.3172348607383397E-02,
    -5.6337481511854776E-02,
     2.4173320844991289E-01,
    -3.3571871319389929E-01,
    -3.8829953995171540E-01,
     1.5665610995348442E-01,
     1.5599691136898147E-01,
     1.6400869485050062E-01,
     1.4080970752801769E-01,
     1.5593050231459957E-01,
     2.5739344587202118E-01
  ],
  "coordination numbers": [
     6.8511193192029083E+00,
     3.9608669794566298E+00,
     3.2308641751908320E+00,
     3.0115670009760898E+00,
     3.2378809418423602E+00,
     1.9950431640187229E+00,
     3.9607854700924037E+00,
     1.9944600896966760E+00,
     9.9239759638047520E-01,
     9.9148399120947861E-01,
     9.9151964240451829E-01,
     9.9328588778463356E-01,
     9.9241083444490830E-01,
     9.9143578243411579E-01,
     9.9156173312932872E-01,
     3.7444179204700392E+00,
     1.0014607596351324E+00,
     1.9793676423528730E+00,
     1.9713729519969849E+00,
     3.0154417607039079E+00,
     3.0112962729506902E+00,
     3.0195549885381894E+00,
     3.0187187225404983E+00,
     3.0142542141300170E+00,
     3.0109755824216737E+00,
     3.4779447601285112E+00,
     1.9624048797791351E+00,
     2.5749918010637884E+00,
     9.9285595397510384E-01,
     9.9297826681101764E-01,
     9.9296474322122119E-01,
     9.9249493121968158E-01,
     9.9298375064233557E-01,
     9.9300380090846208E-01
  ]
}
