{
  "version":  "0.2.0",
  "energy":     2.9969914766177641E-01,
  "charges": [
     5.5037660247494224E-01,
    -4.4686375957695851E-01,
    -9.3335131698796897E-02,
     1.3340683018758601E-01,
     9.1060130249128701E-01,
    -5.4185843878059872E-02
  ],
  "coordination numbers": [
     3.7999786027688911E+00,
     1.9353950870253991E+00,
     8.7473885349577696E-01,
     6.1907385149831562E-01,
     2.2371641698051441E+00,
     1.9398881631336264E+00
  ]
}
