{
  "version":  "0.2.0",
  "energy":     2.2677575418193624E-01,
  "charges": [
     9.1068045744433046E-01,
    -5.8464955333219093E-01,
    -2.4273258170932815E-02,
    -3.9655236891975226E-02,
    -4.3784672762284788E-01,
    -3.7498821182247177E-02,
    -2.9011523301591624E-02,
    -5.8966634441856747E-01,
     2.5350298577426189E-01,
     2.6747213343970971E-01,
     1.4514577541006185E-01,
     1.2513003212543747E-01,
     1.1964467370541802E-01,
     1.2348498675092778E-01,
     2.4535466727248986E-01,
     1.3244050616958034E-01,
     1.1926339671938702E-01,
     1.2283142173003858E-01,
     1.2569606184144849E-01,
     2.5420904755766999E-01,
     2.5265266160790961E-01,
    -1.6095874127400872E-01,
     1.0685628983133511E-01,
    -6.9327486578581024E-02,
     1.0947134222755890E-01,
    -3.4351797354221136E-01,
    -1.5591398745026802E-01,
    -3.6019664234028492E-01,
     1.2660082682125839E-01,
     1.3815038992038814E-01,
     1.4130500310610883E-01,
     1.2612014880406142E-01,
     1.2737090177139004E-01,
     1.4985453869692464E-01,
     1.4192756661123276E-01,
     1.8246322906639836E-01,
    -2.3522621440072258E-01,
    -2.6455345699726929E-01,
    -2.1533307690162870E-01
  ],
  "coordination numbers": [
     7.2943669287348012E+00,
     3.9100650697940011E+00,
     4.0371997407073934E+00,
     4.0427176372326894E+00,
     3.8747991156100676E+00,
     4.0164908265141666E+00,
     4.0198064345378821E+00,
     3.8989197992380138E+00,
     1.0026542261059994E+00,
     1.0004899518164043E+00,
     9.9137960456158147E-01,
     9.9132364077309454E-01,
     9.9085353209734350E-01,
     9.9098841662627457E-01,
     1.0061343400286304E+00,
     9.9132363471788931E-01,
     9.9099516248989339E-01,
     9.9126335042244484E-01,
     9.9137034257673928E-01,
     1.0005845828817268E+00,
     9.9933227424982807E-01,
     3.9610384819379441E+00,
     3.1679689823867987E+00,
     3.0045307037138942E+00,
     3.1675200889236832E+00,
     1.9878576516559097E+00,
     3.9607432839121852E+00,
     1.9875835799139452E+00,
     9.9233803436442614E-01,
     9.9162920512917641E-01,
     9.9144649394665230E-01,
     9.9325688327851847E-01,
     9.9238028683486057E-01,
     9.9146483256643503E-01,
     9.9167355148542935E-01,
     3.6558136842032773E+00,
     1.9560231238838544E+00,
     1.9573824080211919E+00,
     1.0015133643516325E+00
  ]
}
