{
  "version":  "0.2.0",
  "energy":    -1.9631359463086770E+00,
  "charges": [
    -2.2540053057775467E-01,
    -1.5454275947658562E+00,
    -1.2291718746563891E+00
  ],
  "coordination numbers": [
     1.9941352499162210E+00,
     9.9643935063914313E-01,
     9.9867824032051544E-01
  ]
}
