{
  "version":  "0.2.0",
  "energy":    -7.5402859939024514E-02,
  "charges": [
     5.4817108184773300E-01,
    -1.8263580225086856E-01,
    -1.8278561793991657E-01,
    -1.8274966165694784E-01
  ],
  "coordination numbers": [
     2.9871577116778960E+00,
     9.9726194672705581E-01,
     9.9724064485297070E-01,
     9.9726941295242444E-01
  ]
}
