{
  "version":  "0.2.0",
  "energy":    -1.8024827443188762E-01,
  "charges": [
     8.0944884654471028E-02,
    -5.3391977268246493E-01,
    -3.0052754451027464E-01,
     5.8377882546175486E-01,
     1.6972360707651368E-01
  ],
  "coordination numbers": [
     3.7449755846498727E+00,
     1.9229009044752292E+00,
     2.7753705641052671E+00,
     3.0607775618550965E+00,
     2.3619837387640104E+00
  ]
}
