{
  "version":  "0.2.0",
  "energy":     3.0929170227210512E-01,
  "charges": [
     9.3987396438016912E-01,
    -7.2013744364909024E-02,
    -4.3845309459688986E-01,
     1.5020544976151881E-01,
     1.5396636709756170E-01,
     1.6361411255678354E-01,
     2.6435707026527688E-01,
    -4.0275720716630201E-02,
    -1.1546092946181517E-01,
    -1.1476948832107370E-01,
    -3.8034314814965796E-02,
    -3.1613737840136891E-01,
     1.4412595943231335E-01,
     1.3384563021605592E-01,
     1.4029121364035915E-01,
     1.4081772688138178E-01,
     1.3971093896829140E-01,
     1.4374692770084274E-01,
     1.3799919693529794E-01,
     1.4091262507587343E-01,
    -5.6743859122876539E-01,
     3.3841216767647547E-01,
    -6.2270409794836223E-02,
    -1.4578211195198343E-01,
    -2.2124356693496358E-01
  ],
  "coordination numbers": [
     5.1564859813183679E+00,
     4.0202588868452205E+00,
     2.9447157134750599E+00,
     9.9202110773675312E-01,
     9.9196005169208323E-01,
     9.9241617646668079E-01,
     1.0038131241432229E+00,
     4.0945001896713507E+00,
     3.9835825559085958E+00,
     3.9846671501803614E+00,
     4.0852970647407574E+00,
     2.9438485313123186E+00,
     9.9141270046196084E-01,
     9.9170114924527830E-01,
     9.9152732012115941E-01,
     9.9200513401938295E-01,
     9.9200322965000431E-01,
     9.9156022556386514E-01,
     9.9152396874989801E-01,
     9.9192622818469989E-01,
     1.9920272407398425E+00,
     1.0088679344611799E+00,
     2.9755102665492235E+00,
     1.0065230250568913E+00,
     1.9844889528212191E+00
  ]
}
