{
  "version":  "0.2.0",
  "energy":    -8.0905691800213753E-01,
  "charges": [
    -2.4440107946322720E-01,
    -1.1246016955750933E+00,
     3.6900277503832046E-01
  ],
  "coordination numbers": [
     1.9209215408378890E+00,
     1.9847925041832806E+00,
     1.9080315660539524E+00
  ]
}
