{
  "version":  "0.2.0",
  "energy":    -1.6419384955053293E+00,
  "charges": [
     8.5192009924600720E-01,
     1.8492158258632146E-01,
    -4.0364670277916603E-01,
    -3.1143380773717988E-01,
    -3.2344918043656795E-01,
    -1.4754365201359759E-01,
    -1.3321623941096331E-01,
    -9.3015930457899410E-02,
     4.4035639895433909E-03,
    -1.1341664754029179E-01,
    -1.5005910730999611E-01,
     2.8041111484123304E-01,
    -4.6966922633718972E-01,
    -3.7166726170380032E-01,
     6.0666517583129465E-02,
     7.9777617003122483E-02,
     1.5144791601684343E-01,
     1.0571323460356789E-01,
     6.1827496524811884E-02,
    -3.7069799199790898E-01,
    -2.0261385723083220E-01,
     1.1004077507126836E-01,
    -5.2190943762736397E-01,
    -9.3561428614600248E-02,
    -4.1938672349167910E-01,
     5.9823686921494229E-02,
     1.0127825050109350E-01,
     7.3055339800600055E-02
  ],
  "coordination numbers": [
     6.1191562012552794E+00,
     3.4784120128014377E+00,
     1.0017868390310634E+00,
     1.8453271477146638E+00,
     1.9002359176105736E+00,
     3.0116783382882071E+00,
     3.0124758774578169E+00,
     3.0134209474408147E+00,
     3.0130579702077673E+00,
     3.0170577596479848E+00,
     3.0111746469451388E+00,
     3.0229356283298383E+00,
     1.0008149806072151E+00,
     1.9756626216403159E+00,
     9.9250936356011810E-01,
     9.9263415619180062E-01,
     9.9258940232558679E-01,
     9.9276358758696670E-01,
     9.9250150260475145E-01,
     9.9730396765303286E-01,
     1.9419399651697971E+00,
     2.0004386634826616E+00,
     1.0063803826236430E+00,
     4.0496175656396893E+00,
     1.9906720474001789E+00,
     9.8806326731569172E-01,
     9.8855471539366224E-01,
     9.8845180570663693E-01
  ]
}
