{
  "version":  "0.2.0",
  "energy":     2.8070142066062070E-01,
  "charges": [
     7.6553807959272124E-01,
    -3.0322461048060018E-01,
     8.3866664649295763E-02,
    -3.2876052470420580E-02,
    -3.6770779962976091E-02,
    -4.9854677354297466E-02,
     1.4404023956116907E-01,
     1.4008459348318403E-01,
    -5.4068590598849997E-02,
    -4.2472867454878757E-02,
    -4.2327053412248281E-02,
     7.3002774226436001E-02,
    -3.0112900389886027E-01,
     1.6955283046433917E-01,
     1.6551618379279881E-01,
     1.6569191729898461E-01,
     1.4198794325688649E-01,
     1.4183813989487370E-01,
     1.6459588908868894E-01,
     1.6329975855117959E-01,
     1.7362251460917161E-01,
    -2.9551152179292306E-01,
     5.2517194354929020E-01,
    -3.0640005180481239E-01,
    -3.1477309972196099E-01,
     1.7719573673856492E-01,
    -1.8361489115938504E-01,
    -2.1687786112888083E-01,
    -1.7223870540855540E-01,
     1.9000280304648737E-01,
    -2.4319161134353443E-01,
    -7.0288555177393075E-01,
     2.9939193122774621E-01,
     2.9796301168287126E-01,
     3.1585397505242535E-01
  ],
  "coordination numbers": [
     7.8136597857209180E+00,
     2.9663659340432078E+00,
     3.1619374180338671E+00,
     3.0107359249263315E+00,
     3.0226158502669476E+00,
     3.0144545437502606E+00,
     3.1736034459375384E+00,
     3.1747988542658385E+00,
     3.0143771153381200E+00,
     3.0214411663382075E+00,
     3.0105065126119035E+00,
     3.1603840619325485E+00,
     2.9666069610885408E+00,
     9.9282295116167241E-01,
     9.9309856744744884E-01,
     9.9292002289614079E-01,
     9.9328574608148834E-01,
     9.9327811553387413E-01,
     9.9289682611660890E-01,
     9.9306585363694300E-01,
     9.9280948722261009E-01,
     1.9895378815105280E+00,
     3.9032165570829047E+00,
     1.9890315665398370E+00,
     1.0002990335412987E+00,
     3.6401383494599813E+00,
     1.9607694031938969E+00,
     1.9456808440662723E+00,
     1.0014909793652702E+00,
     1.7879939493633055E+00,
     9.9946479113299880E-01,
     3.9030658145224715E+00,
     9.9853990502259116E-01,
     1.0029374695520383E+00,
     9.9732174155135223E-01
  ]
}
