{
  "version":  "0.2.0",
  "energy":    -2.1942421093458807E-02,
  "charges": [
     3.4988706903218514E-01,
    -5.9245511089307722E-02,
    -5.9245718265006186E-02,
    -5.7851143292445548E-02,
    -5.7846652152808653E-02,
    -5.7846832939120699E-02,
    -5.7851211293496352E-02
  ],
  "coordination numbers": [
     5.6853732128131167E+00,
     9.7137555326273972E-01,
     9.7135958995539973E-01,
     9.6075989486327096E-01,
     9.6075350491118172E-01,
     9.6075518761179080E-01,
     9.6076120571255696E-01
  ]
}
