{
  "version":  "0.2.0",
  "energy":    -3.6036640120099861E-01,
  "charges": [
     8.7380070743045823E-01,
     1.7744127424425230E-01,
    -2.3315946913439561E-01,
    -2.3171912715228885E-01,
    -2.1094190161122692E-01,
    -7.3035509929908349E-01,
     2.9755920887797022E-01,
     2.9146998913954131E-01,
     2.9597167709044575E-01,
    -7.3840167224199915E-01,
     2.9033630924009829E-01,
     2.9670315403516101E-01,
     2.9672869448904099E-01,
     9.6331123266336943E-02,
    -2.5369174517543336E-01,
    -3.0766094255478560E-01,
     4.2443627658105504E-01,
    -3.2014082281782291E-01,
    -3.1470763440732435E-01
  ],
  "coordination numbers": [
     7.7166874668451371E+00,
     3.6670693893648121E+00,
     1.0017207695758437E+00,
     1.9624642785742203E+00,
     1.9433824674248479E+00,
     3.9157387616582584E+00,
     9.9710248329519935E-01,
     9.9922884715497418E-01,
     1.0203984048151282E+00,
     3.9288212327586045E+00,
     1.0069981789359295E+00,
     9.9674282075000953E-01,
     1.0629007073294510E+00,
     1.0034106109980749E+00,
     1.6177395534892245E+00,
     1.9482508218148427E+00,
     3.9682613134133993E+00,
     1.9809083399725615E+00,
     1.9687536318786218E+00
  ]
}
