{
  "version":  "0.2.0",
  "energy":    -1.1945121006826119E-02,
  "charges": [
     2.0475021621353817E-01,
    -6.8250123763729728E-02,
    -6.8249689284325898E-02,
    -6.8250403165482518E-02
  ],
  "coordination numbers": [
     2.9270515027441846E+00,
     9.7711029121114379E-01,
     9.7710759506419098E-01,
     9.7711190701060069E-01
  ]
}
