{
  "version":  "0.2.0",
  "energy":     4.3398851963984664E-01,
  "charges": [
     3.9252974681148256E-01,
    -7.6918260440392613E-02,
     6.8438851362891007E-01
  ],
  "coordination numbers": [
     1.9260589544480116E+00,
     1.8141911398279289E+00,
     1.7714024962601824E+00
  ]
}
