{
  "version":  "0.2.0",
  "energy":     3.2381889777245948E-01,
  "charges": [
     7.5148280205385476E-01,
     1.7553503783300992E-03,
     2.6932491087091331E-01,
    -3.2739507996867734E-01,
    -3.6275165328483794E-01,
    -5.8324319332235963E-01,
     1.4087541716181351E-01,
     1.3201429327718472E-01,
     2.6674978214364931E-01,
     2.5110413526241721E-01,
    -2.1248937035228460E-01,
     5.4207539290160089E-02,
    -2.1124132460502831E-01,
    -2.1443878419852691E-01,
     1.3057806141615286E-01,
     1.3191771164945620E-01,
     1.3835552450874744E-01,
     1.3018666678881266E-01,
     1.4182672597947651E-01,
     1.3017676339735881E-01,
     1.2993965789157766E-01,
     1.2907791528796597E-01,
     1.3486240090364549E-01,
    -7.4551336926107575E-02,
     1.6003300838807466E-01,
    -4.1864122015096777E-01,
    -8.5982715342895547E-02,
    -4.2729566407575714E-01,
     1.4432522719024160E-01,
     1.3916012812107093E-01,
     1.5328157673219389E-01,
     2.5679474353434528E-01
  ],
  "coordination numbers": [
     6.7205831837760224E+00,
     4.0688946384374525E+00,
     3.9814464218912082E+00,
     1.9513240804778897E+00,
     1.9422305015924293E+00,
     3.8559111373796586E+00,
     9.9223646824957967E-01,
     9.9223910024790385E-01,
     9.9646681474111976E-01,
     9.9625764512097081E-01,
     3.9565667185811142E+00,
     3.9413744594256288E+00,
     3.9566746137329822E+00,
     3.9580698815171118E+00,
     9.9264835329338652E-01,
     9.9294979773814518E-01,
     9.9323605265960246E-01,
     9.9267580609176687E-01,
     9.9350742540044568E-01,
     9.9297938881300851E-01,
     9.9260379937275278E-01,
     9.9249821328203591E-01,
     9.9341566420356830E-01,
     1.0122157188599052E+00,
     2.2996734528968625E+00,
     2.0041841154251587E+00,
     4.0017608389877211E+00,
     2.9202601634703536E+00,
     9.9196749965751696E-01,
     9.9195888785914743E-01,
     9.9227435589811730E-01,
     9.9559717472673981E-01
  ]
}
