{
  "version":  "0.2.0",
  "energy":    -1.1060449929431145E-01,
  "charges": [
     1.6422026548907404E-01,
     4.0883314333620224E-01,
    -1.7158826521310114E-01,
    -2.3056957252600202E-01,
    -1.7089557108617312E-01
  ],
  "coordination numbers": [
     3.8069699971098592E+00,
     1.8713649065632296E+00,
     9.7514151757947154E-01,
     1.8489893945816558E+00,
     9.7342789698354348E-01
  ]
}
