{
  "version":  "0.2.0",
  "energy":    -5.7857883743488346E-02,
  "charges": [
     5.3296935209262020E-01,
    -8.6079795684176133E-02,
    -9.2345950457835446E-02,
    -8.7507561233534675E-02,
    -8.8382799053683528E-02,
    -8.8417575183525943E-02,
    -9.0235670479864388E-02
  ],
  "coordination numbers": [
     5.8025735749884610E+00,
     1.7816203572890492E+00,
     1.7538808766235032E+00,
     1.7720062419568219E+00,
     1.7754304228228266E+00,
     1.7670672816378623E+00,
     1.7548101156814386E+00
  ]
}
