{
  "version":  "0.2.0",
  "energy":     3.7835890936111516E-01,
  "charges": [
     8.9226269246921941E-01,
    -3.5999170046086665E-01,
     5.8955869872505673E-02,
    -4.3764285628538430E-02,
    -4.4277333758621112E-02,
    -5.6993228422482708E-02,
     1.3218704378567223E-01,
     1.3149263114548487E-01,
    -5.7174948640414835E-02,
    -4.3929312014921118E-02,
    -4.2121376535469483E-02,
     7.0736817939601959E-02,
    -3.5140872698290154E-01,
     1.4877268672396260E-01,
     1.6137547793820592E-01,
     1.6316704774724214E-01,
     1.4031998463952136E-01,
     1.4050345308779982E-01,
     1.6380885351689609E-01,
     1.6364599506730401E-01,
     1.6790150362522141E-01,
    -8.7042919880386718E-02,
     1.9602387210208566E-01,
    -1.6708712350261978E-01,
    -2.4923211572482426E-01,
    -2.2813085810867639E-01
  ],
  "coordination numbers": [
     6.1464512268881535E+00,
     2.9862430720127140E+00,
     3.1877916323028757E+00,
     3.0094442803865507E+00,
     3.0221302678008950E+00,
     3.0132134368649695E+00,
     3.2107630595763030E+00,
     3.2166254440252064E+00,
     3.0134748878000828E+00,
     3.0216066859933015E+00,
     3.0100628427377192E+00,
     3.2130170870242285E+00,
     2.9910389206018042E+00,
     9.9245548820871665E-01,
     9.9306367246936222E-01,
     9.9287414449641709E-01,
     9.9325277587074012E-01,
     9.9325053216116466E-01,
     9.9289170089168977E-01,
     9.9306052342922246E-01,
     9.9286821136669978E-01,
     9.9724561780006482E-01,
     3.7630712233764392E+00,
     1.0014326778018230E+00,
     1.9782993056303031E+00,
     1.9800200674421111E+00
  ]
}
