{
  "version":  "0.2.0",
  "energy":    -9.4683488004731609E-01,
  "charges": [
     9.3898536104720809E-01,
     1.8739579818652435E-01,
    -2.6088472758479508E-01,
    -2.4417366745055941E-01,
    -2.9029426786713231E-01,
    -2.6278582756795732E-01,
    -1.3181280414170682E-01,
     1.8009977539449823E-01,
    -4.0364122536852975E-01,
    -1.4355318335193532E-01,
    -1.0387890928230897E-01,
    -1.0576027668272162E-01,
    -8.0720871476297057E-02,
     1.6508525631936430E-02,
    -7.7221497615289070E-02,
    -9.9706966066349045E-02,
     3.0692060294621609E-01,
    -3.8076514710607312E-01,
    -3.9525100872433205E-01,
     1.0444648420606316E-01,
     1.0635023295813968E-01,
     1.3680005644762877E-01,
     1.3655227514610177E-01,
     1.1241441249249830E-01,
     1.2657919688973074E-01,
    -3.7260234106055895E-01
  ],
  "coordination numbers": [
     7.1334101751772510E+00,
     3.6190961191303055E+00,
     1.9538027429664133E+00,
     1.9432840653607997E+00,
     1.0015124106494220E+00,
     9.9027387290496272E-01,
     1.0139537808500201E+00,
     2.0829113292796047E+00,
     2.0089899924859154E+00,
     9.9443307067288345E-01,
     3.0135328510025676E+00,
     3.0122727220833765E+00,
     3.0184765468827131E+00,
     3.0176109927186667E+00,
     3.0141860152992273E+00,
     3.0128538352638516E+00,
     3.0857318376734462E+00,
     1.0005912971167419E+00,
     1.9955528858271228E+00,
     9.9273757358775949E-01,
     9.9278681333830399E-01,
     9.9288971779618063E-01,
     9.9297078381606685E-01,
     9.9284202374205499E-01,
     1.9789972383019210E+00,
     1.0119674517820574E+00
  ]
}
