{
  "version":  "0.2.0",
  "energy":    -9.1576764448614900E-02,
  "charges": [
     5.3615692128421144E-01,
    -2.6808686792510961E-01,
    -2.6807005335910189E-01
  ],
  "coordination numbers": [
     1.9905702905140688E+00,
     9.9577782861124309E-01,
     9.9576926342479322E-01
  ]
}
