{
  "version":  "0.2.0",
  "energy":    -3.0598400232848255E-01,
  "charges": [
     7.1154960309927717E-01,
    -7.9511310354561493E-02,
    -8.1233869793877700E-02,
    -6.5921056320455973E-02,
     1.5625248173921857E-02,
    -6.8486505052708702E-02,
    -8.2302457651264538E-02,
     2.6328294294424981E-01,
    -3.3559487377121766E-01,
    -3.3695235890277020E-01,
     1.3002968272544457E-01,
     1.3184482731330105E-01,
     1.4980242743257371E-01,
     1.4548892425797377E-01,
     1.3057785782292464E-01,
     1.8683613056721304E-01,
    -2.4658261360983669E-01,
    -2.2982319641254512E-01,
    -2.2265474885702841E-01,
     9.4108704966180401E-02,
    -3.7093113612388018E-01,
     7.5003953170588611E-02,
     4.8552233490285313E-02,
    -3.1957555336306187E-01,
     6.2719130160452163E-02,
     7.0660817571459589E-02,
    -3.5226875102280725E-01,
     1.4037420780802709E-01,
     1.5319617025899546E-01,
     1.4517727335234995E-01,
     1.3700829612079696E-01
  ],
  "coordination numbers": [
     7.1127015909422173E+00,
     3.0142481281586351E+00,
     3.0123176260086071E+00,
     3.0164490903259793E+00,
     3.0191070093964161E+00,
     3.0160980889892146E+00,
     3.0123467643203048E+00,
     3.8639012927395484E+00,
     1.9770506138648853E+00,
     1.9718049274275486E+00,
     9.9281185617925338E-01,
     9.9288503407967976E-01,
     9.9295845086896595E-01,
     9.9294476641320895E-01,
     9.9288526769807017E-01,
     3.6977055816947431E+00,
     1.0017332051952970E+00,
     1.9575076123543189E+00,
     1.9647039675181519E+00,
     1.9726363858345204E+00,
     1.0215847854777564E+00,
     3.0752123716009496E+00,
     3.1291677983123947E+00,
     2.9492768749525409E+00,
     3.2283449975708765E+00,
     3.0749830923619736E+00,
     2.0148985619155475E+00,
     9.9256693919983618E-01,
     9.9249017259676897E-01,
     9.9452150803249406E-01,
     9.9256875457204252E-01
  ]
}
