{
  "version":  "0.2.0",
  "energy":    -5.2545091945927169E-01,
  "charges": [
     7.7498596108695139E-01,
    -3.3661041034488542E-01,
     1.8189335710369681E-02,
    -9.5428758293821886E-02,
    -9.7006351002836749E-02,
    -9.4160892893475942E-02,
     1.1585714763129458E-01,
     1.1409809679640001E-01,
    -9.4920991866041610E-02,
    -9.6606659736124145E-02,
    -9.6784738970211392E-02,
     3.2220586278458543E-02,
    -3.1450826722507580E-01,
     1.2158878294642812E-01,
     1.1007564896285006E-01,
     1.1135021799153587E-01,
     1.0488375827738251E-01,
     1.0423736634099132E-01,
     1.1191954512807951E-01,
     1.1061445194793032E-01,
     1.3829297302141702E-01,
    -5.7032030055956029E-01,
    -3.8388531624132832E-02,
    -3.0805440220652340E-02,
    -5.6986810471539839E-01,
     2.6097609752525391E-01,
     2.3125652541571409E-01,
     1.1855824537134720E-01,
     9.1936758965078025E-02,
     9.1969743457972722E-02,
     1.2758956631629700E-01,
     2.5383639178797190E-01,
     2.4518896883424468E-01,
    -2.7932069553845917E-01,
    -3.0670263982779933E-01,
    -7.6157888705459231E-01,
     2.6893516607073648E-01,
     2.6108468370524918E-01,
     2.8735381202588700E-01,
    -8.7686821956891065E-02,
    -3.4710661949669042E-01,
     3.5104738710391714E-01,
    -3.6026639389303294E-01,
    -7.9399208822152650E-02,
    -3.6371475842455031E-01,
    -7.2672922012351260E-02,
     1.0949803786375481E-01,
     1.1970340200924821E-01,
     1.2316775851382809E-01,
     1.0302407567730813E-01,
     1.1204392747831726E-01,
     1.2098219819301417E-01,
     1.0493186590735713E-01,
     1.1763432967603206E-01,
     1.1431916915973750E-01,
    -2.0151670722971010E-01,
     1.1119139178295454E-01,
    -3.9916827325286380E-01
  ],
  "coordination numbers": [
     7.5994850065547341E+00,
     2.8619554895908026E+00,
     3.0959565597223211E+00,
     3.0121221304787262E+00,
     3.0213372787419397E+00,
     3.0166973214537220E+00,
     3.1087280000855477E+00,
     3.1043384341999891E+00,
     3.0165934120076185E+00,
     3.0214554280459263E+00,
     3.0122333311546221E+00,
     3.0983828730227891E+00,
     2.8803934719417885E+00,
     1.0051166781438905E+00,
     9.9304228003134210E-01,
     9.9286242492096299E-01,
     9.9329752361730339E-01,
     9.9329333542898812E-01,
     9.9287764697391445E-01,
     9.9304056497543503E-01,
     9.9296505078372910E-01,
     3.9086656494405387E+00,
     4.0311201606990270E+00,
     4.0280134669288605E+00,
     3.9087392356608710E+00,
     1.0211140130050547E+00,
     9.9847507926224743E-01,
     9.9204436303269805E-01,
     9.9084647320743802E-01,
     9.9103301255408560E-01,
     9.9172552072971509E-01,
     1.0017149323364913E+00,
     1.0010547317711165E+00,
     1.0948682850130496E+00,
     1.3389919738012699E+00,
     3.9129641776721487E+00,
     9.9685221467739193E-01,
     1.0070445689011853E+00,
     9.9849310928139445E-01,
     4.0830735339964193E+00,
     1.9895887799839169E+00,
     4.7682059342645697E+00,
     1.9893365025152860E+00,
     4.0851481487138557E+00,
     1.9895720924508185E+00,
     4.1134615497926870E+00,
     9.9183387883363672E-01,
     9.9178737177862430E-01,
     9.9174400490956671E-01,
     9.9184156930272227E-01,
     9.9161249569313004E-01,
     9.9151461763244431E-01,
     9.9197775441006630E-01,
     9.9159872697239049E-01,
     9.9136907221963000E-01,
     1.0105979079413547E+00,
     2.1441271409061606E+00,
     1.9699397580454869E+00
  ]
}
