{
  "version":  "0.2.0",
  "energy":    -7.8614690159302586E-02,
  "charges": [
     5.9311604968446130E-01,
    -1.9747556370516833E-01,
    -1.9782767613131247E-01,
    -1.9781280984798053E-01
  ],
  "coordination numbers": [
     2.9905805526840732E+00,
     9.9838893874632628E-01,
     9.9841205382196918E-01,
     9.9841366558945666E-01
  ]
}
