{
  "version":  "0.2.0",
  "energy":     2.6322401148095842E-01,
  "charges": [
     9.1033401943430703E-01,
     2.3045625188118733E-02,
     2.7770268037303436E-01,
    -3.1115611018566069E-01,
    -2.9976457307361309E-01,
    -5.7887053834744007E-01,
     1.6070894566351340E-01,
     1.5977910014008276E-01,
     2.8805922563281383E-01,
     2.8547810344664104E-01,
     1.8405971271198041E-01,
    -1.6301471516657143E-01,
    -2.2281547385362810E-01,
    -2.3035654208574274E-01,
    -5.4004497966540749E-02,
    -4.1131606351481909E-01,
     1.6478435344137693E-01,
     1.6342560771514497E-01,
     1.7714347979149739E-01,
     2.8367368010850830E-01,
    -7.4164510943085915E-01,
     3.1306299440989283E-01,
     3.1210020098658575E-01,
     3.0958589458137759E-01
  ],
  "coordination numbers": [
     7.5319056646726867E+00,
     4.0840156337081481E+00,
     3.9938075427873416E+00,
     1.9549129058149282E+00,
     1.9610934685399659E+00,
     3.8823551239540794E+00,
     9.9223810262857359E-01,
     9.9228052610220185E-01,
     9.9670588930903836E-01,
     9.9642107738989072E-01,
     3.6930089137175193E+00,
     1.0014537823112626E+00,
     1.9730338294983572E+00,
     1.9579513154341885E+00,
     3.9816756392816606E+00,
     2.9487568365731205E+00,
     9.9192100183980436E-01,
     9.9193197968345626E-01,
     9.9232456740905661E-01,
     1.0289222269216713E+00,
     3.9294233787551747E+00,
     1.0049942360576773E+00,
     9.9933251243249721E-01,
     9.9853974631817710E-01
  ]
}
