{
  "version":  "0.2.0",
  "energy":    -3.5519962842683273E-01,
  "charges": [
     8.8589108816526774E-01,
    -5.7452631575779189E-01,
    -3.5965942029666714E-02,
    -3.6766096195795989E-02,
    -5.6511283933501266E-01,
     2.4949176182950472E-01,
     2.5283014377051155E-01,
     9.5728851623088404E-02,
     1.1351602506507985E-01,
     1.1545227217356993E-01,
     9.3884532022201928E-02,
     2.4415144655082610E-01,
     2.4250315395020136E-01,
    -1.2633995455317915E-01,
     1.5345900180429409E-01,
    -4.2110370276358633E-01,
    -2.0555018482351278E-01,
    -9.3178234685918765E-03,
    -3.9907234355396176E-01,
     1.0039202737564656E-01,
     1.3617699284800888E-01,
     1.1128512301784835E-01,
     1.2430708062813120E-01,
     1.1359418455508638E-01,
    -3.4429494667651728E-01,
     3.8663006212839957E-01,
    -3.6166966606493983E-01,
    -3.3957393228511029E-01
  ],
  "coordination numbers": [
     7.4261666983868588E+00,
     3.9245472577937264E+00,
     4.0169160138881255E+00,
     4.0601747256044121E+00,
     3.9013679558443251E+00,
     1.0114454905311376E+00,
     1.0700703491988737E+00,
     9.9116419095843700E-01,
     9.9127985957353992E-01,
     9.9131882040194164E-01,
     9.9100535821153013E-01,
     1.0138434705759973E+00,
     9.9882659929355899E-01,
     1.0128151204437330E+00,
     2.0779950182789673E+00,
     2.0059776776115319E+00,
     3.9549444670105398E+00,
     4.1446432607417583E+00,
     1.9916788838852071E+00,
     9.9160132789365996E-01,
     9.9168287779705455E-01,
     9.9136602710805111E-01,
     9.9090743392481517E-01,
     9.9082411367191714E-01,
     1.9643155294633621E+00,
     3.9647339832863286E+00,
     1.9002457212512462E+00,
     1.9875873571232061E+00
  ]
}
