{
  "version":  "0.2.0",
  "energy":    -7.0650020626052279E-01,
  "charges": [
     3.4677749433704852E-01,
     1.0390007746846208E-02,
    -1.2262682546180548E-01,
    -4.2854587711877035E-01,
    -8.0599479950331887E-01
  ],
  "coordination numbers": [
     3.7835979978264840E+00,
     8.7453863099486284E-01,
     9.3693374324114131E-01,
     9.9791533191017567E-01,
     9.8662808185523510E-01
  ]
}
