{
  "version":  "0.2.0",
  "energy":    -2.8390699603340233E+00,
  "charges": [
    -1.4759016592904306E-01,
    -1.2397238437305469E+00,
    -1.7012981963559499E+00,
     3.2849694715611877E-01,
    -1.2398847411405787E+00
  ],
  "coordination numbers": [
     3.9273282056633816E+00,
     1.9303776053619588E+00,
     1.9289687872294143E+00,
     3.7480665351364175E+00,
     1.9313424414294591E+00
  ]
}
