{
  "version":  "0.2.0",
  "energy":    -4.4486835536751151E-01,
  "charges": [
     8.6060155819208695E-01,
     1.8184843604091577E-01,
    -2.2823681738429760E-01,
    -1.8284560022855506E-01,
    -2.3194112732820518E-01,
    -2.9238947493673018E-01,
     7.8695263687026951E-02,
    -2.7455904288655675E-01,
    -4.5440163916765267E-02,
    -3.2127938567004749E-01,
     1.2801110240978048E-01,
     1.4369324378424136E-01,
     1.5998702879451354E-01,
    -6.6470988510704127E-02,
    -6.1935524193221389E-02,
    -3.7731338389381933E-02,
     2.8700238179942002E-02,
    -6.5158741852209073E-02,
    -6.7934141148664473E-02,
     2.7185755210180618E-01,
    -2.4484986822560662E-01,
    -3.7245984871008209E-01,
     1.4077580438196535E-01,
     1.4944018752631266E-01,
     1.8824941463553471E-01,
     1.3807348781866385E-01,
     1.4136057825937270E-01,
     2.7513573483825410E-01,
    -1.5029394211065819E-01,
     2.4441036968256818E-01,
    -1.5562763501787871E-01,
    -6.7430468987183911E-02,
    -2.3080272874437435E-01,
     7.8167177040387475E-02,
    -2.4693971617146213E-01,
    -8.2188161373478189E-02,
    -3.5580184827557959E-01,
     1.2835161787157731E-01,
     1.3850733998017686E-01,
     1.5155192962863284E-01,
     2.7819176137665080E-01,
    -1.4653759666548738E-01,
     3.2098735162631853E-01,
    -1.6784527721415826E-01,
    -1.2989773991544065E-01
  ],
  "coordination numbers": [
     7.8801700811287958E+00,
     3.6257169030338847E+00,
     1.0015489128678583E+00,
     1.9594794910505549E+00,
     1.9295938803412236E+00,
     1.9932440208084587E+00,
     2.1578628315266988E+00,
     1.0051910990825741E+00,
     4.0759021560142923E+00,
     2.1768934161507447E+00,
     9.9072152294052440E-01,
     9.9115938614153354E-01,
     9.9118173806643384E-01,
     3.0145421869133839E+00,
     3.0127052937392218E+00,
     3.0178152713526645E+00,
     3.0184245828176444E+00,
     3.0149506300478848E+00,
     3.0119502124539483E+00,
     3.0772094447686404E+00,
     1.9316743085921813E+00,
     1.9931656685129546E+00,
     9.9283194886461956E-01,
     9.9292637067788547E-01,
     9.9278258388313478E-01,
     9.9258496256102013E-01,
     9.9294773534319880E-01,
     9.9340212986869503E-01,
     9.9923031679733665E-01,
     3.5200829602150128E+00,
     9.9893396060994721E-01,
     1.8383258128748521E+00,
     2.0684671732977273E+00,
     2.1144522866112991E+00,
     1.0053617343841603E+00,
     3.9842066355202261E+00,
     2.9106919878386703E+00,
     9.9140039415869907E-01,
     9.9159213508430621E-01,
     9.9218195774534834E-01,
     1.0870492087817389E+00,
     9.9898195192185124E-01,
     3.9458976851257956E+00,
     9.9914045837257248E-01,
     9.9901879598602150E-01
  ]
}
