{
  "version":  "0.2.0",
  "energy":    -1.0092025259876933E+00,
  "charges": [
     8.3103194712138273E-01,
    -3.5256423670757508E-01,
     4.3294926098399722E-01,
    -4.0191415033307409E-01,
    -3.5476500573709369E-01,
    -3.9191719630897376E-01,
     4.3082158740398380E-01,
    -3.2840991775621198E-01,
    -3.3951079692013963E-01,
    -1.0672214736487778E-01,
    -1.0908591981789444E-01,
    -8.7980451808704951E-02,
     1.7457527266676629E-02,
    -6.5511535705504359E-02,
    -9.5258339788500249E-02,
     2.6567933017428097E-01,
    -3.0271585686555935E-01,
    -4.3298340602669383E-01,
     9.9131956555630937E-02,
     9.9404239550464887E-02,
     1.1663640697080244E-01,
     1.5480510314942134E-01,
     1.1487135136174058E-01,
     2.4078642512110146E-01,
    -1.8540351895827806E-01,
     1.4586796396116858E-01,
    -3.9470061952157015E-01
  ],
  "coordination numbers": [
     7.2817818060065411E+00,
     1.9888813171594411E+00,
     3.8941130589106674E+00,
     9.9969073684125487E-01,
     1.9868944777558886E+00,
     1.0013262557722715E+00,
     3.8907466646982227E+00,
     1.9859374220267929E+00,
     1.9863222554690410E+00,
     3.0142384880796866E+00,
     3.0127767294821224E+00,
     3.0154918279308971E+00,
     3.0203381593726810E+00,
     3.0193107330374236E+00,
     3.0136303057729616E+00,
     3.1558663396343665E+00,
     1.9574517737528021E+00,
     1.9920103799745155E+00,
     9.9278194298010103E-01,
     9.9285727701334547E-01,
     9.9258571864632739E-01,
     9.9274871169783108E-01,
     9.9292653822614252E-01,
     9.9395629474678771E-01,
     1.0117590276356898E+00,
     2.0402029792686616E+00,
     1.9966827174530479E+00
  ]
}
