{
  "version":  "0.2.0",
  "energy":    -1.2205298851292073E-01,
  "charges": [
     7.2999341811320750E-01,
    -2.4060455720561472E-01,
    -2.4543451979943925E-01,
    -2.4395434110815351E-01
  ],
  "coordination numbers": [
     2.9821476938419940E+00,
     9.9475713104989527E-01,
     9.9586150453480293E-01,
     9.9611447078773185E-01
  ]
}
