{
  "version":  "0.2.0",
  "energy":    -2.5925949761120892E-01,
  "charges": [
     1.9351223269998230E-01,
     7.2018616878052499E-01,
    -5.2366680480547734E-01,
    -3.9003159667502985E-01
  ],
  "coordination numbers": [
     2.0901738022277945E+00,
     2.0458632059070272E+00,
     1.9798405635753156E+00,
     1.9381744624670665E+00
  ]
}
