{
  "version":  "0.2.0",
  "energy":    -1.0912702159582763E+00,
  "charges": [
    -6.6297036761585781E-01,
    -9.5600429055205260E-01,
    -3.8102534183208953E-01
  ],
  "coordination numbers": [
     1.9611923469388088E+00,
     1.9437342164830440E+00,
     1.9502952661534989E+00
  ]
}
