{
  "version":  "0.2.0",
  "energy":    -4.8349835176911229E-02,
  "charges": [
     4.5254789351807173E-01,
    -1.1324996938587520E-01,
    -1.1319309710633463E-01,
    -1.1311446441354689E-01,
    -1.1299036261231502E-01
  ],
  "coordination numbers": [
     3.9286833553502465E+00,
     1.1781332969740674E+00,
     1.1788196709179024E+00,
     1.1782127068854136E+00,
     1.1791445651312724E+00
  ]
}
