{
  "version":  "0.2.0",
  "energy":    -7.0488427916586743E-02,
  "charges": [
     5.9018151619705161E-01,
    -1.9668737606392628E-01,
    -1.9674941129545304E-01,
    -1.9674472883767236E-01
  ],
  "coordination numbers": [
     2.9763213187525421E+00,
     9.9363266328629063E-01,
     9.9362295858311445E-01,
     9.9361773458428804E-01
  ]
}
