{
  "version":  "0.2.0",
  "energy":     9.4308866751689724E-01,
  "charges": [
     7.0854829318630519E-01,
    -1.6413956477488759E-01,
    -4.6224292106576970E-02,
    -4.4792530635241962E-01,
     1.5781429966713906E-01,
     1.5235527855823086E-01,
     1.5635320711008663E-01,
     1.4481134005769497E-01,
     1.3975881665678827E-01,
     2.5266764996386043E-01,
    -2.0507786558708174E-01,
     3.5651830984963495E-02,
    -2.0540535514635430E-01,
    -2.1024013709919193E-01,
     1.4877313277858595E-01,
     1.4220148980973624E-01,
     1.3779912082055809E-01,
     1.4977289622612222E-01,
     1.3901190796758256E-01,
     1.4290209548865140E-01,
     1.4773257343947183E-01,
     1.2936542262045411E-01,
     1.3594483111855615E-01,
    -1.6979769250796187E-01,
     6.2748606586920802E-03,
    -4.2735539145743795E-01,
     1.5343511964855996E-01,
     1.4645928464796118E-01,
     1.3521390299902880E-01,
     1.5658854638417619E-01,
     1.4628213401740423E-01,
    -7.6138606439768397E-01,
     2.9090670133354340E-01,
     2.9432683972901069E-01,
     2.8660009355643212E-01
  ],
  "coordination numbers": [
     4.0937959300361637E+00,
     3.9555049457745568E+00,
     4.0001105712926286E+00,
     2.9515741823491464E+00,
     9.9171981663930708E-01,
     9.9147702361524459E-01,
     9.9180761336230727E-01,
     9.9169449677671562E-01,
     9.9156163320440349E-01,
     1.0156837490533928E+00,
     3.9569501160713729E+00,
     3.9544637004110328E+00,
     3.9565354970101749E+00,
     3.9572043678754563E+00,
     9.9286182195212636E-01,
     9.9275481972732482E-01,
     9.9286828344708766E-01,
     9.9284214606886856E-01,
     9.9279551643938380E-01,
     9.9276989866724197E-01,
     9.9286214789820537E-01,
     9.9296629580902618E-01,
     9.9281975362932240E-01,
     3.9551790491620693E+00,
     4.0600785846818273E+00,
     1.9902113309308680E+00,
     9.9177974185789530E-01,
     9.9158474369621441E-01,
     9.9159469889054375E-01,
     9.9137294143204446E-01,
     9.9136290099020385E-01,
     3.9335343570914096E+00,
     9.9775262980858681E-01,
     1.0023809088878375E+00,
     1.0028902623922624E+00
  ]
}
