{
  "version":  "0.2.0",
  "energy":     1.9495330931840649E-01,
  "charges": [
     8.7257769225425963E-01,
    -1.8274597612724616E-01,
     5.9278995394707878E-03,
    -4.2786968519202734E-01,
     1.2799420537238176E-01,
     1.3627398480880132E-01,
     1.3920507648202515E-01,
     1.4024260009654399E-01,
     1.3557731781380533E-01,
    -4.1933710955521203E-02,
    -3.0267769519509180E-01,
     3.4933545948009576E-01,
    -3.2821205415491173E-01,
    -5.8096544960543284E-02,
    -3.1995592110846716E-01,
    -4.3823610354873754E-02,
     1.4540264380980711E-01,
     1.5209843921325300E-01,
     1.4804642003330773E-01,
     1.3808716551576983E-01,
     1.5309897714362103E-01,
     1.2579676739063175E-01,
     1.5039823452437620E-01,
     1.4100037826193493E-01,
     1.3760848513468560E-01,
    -1.8498791062862491E-01,
    -3.9792131623152732E-02,
    -4.2651262706563953E-01,
     1.3426856093000411E-01,
     1.3758822682091437E-01,
     1.4875804171044937E-01,
     1.4028321746948630E-01,
     1.3807564642880826E-01,
     2.5239146346105934E-01,
    -3.3269945233220299E-02,
     1.3996197539777788E-01,
    -4.0613298737721187E-01,
    -3.0662217058305719E-01,
     9.9888796526435758E-02,
    -2.8725470506011758E-01
  ],
  "coordination numbers": [
     7.2667927886302399E+00,
     3.9553247701595922E+00,
     4.0903182506821629E+00,
     1.9912498984002882E+00,
     9.9176874626190514E-01,
     9.9174526431204768E-01,
     9.9162885937332668E-01,
     9.9129271494845472E-01,
     9.9116120098249905E-01,
     4.1115944412761483E+00,
     1.9894454841436469E+00,
     4.4973958880219147E+00,
     1.9895271136888084E+00,
     4.1119130518428619E+00,
     1.9907895454202587E+00,
     4.1491264301255999E+00,
     9.9221529553000032E-01,
     9.9190088898740303E-01,
     9.9183451177982906E-01,
     9.9210231908908764E-01,
     9.9194032575844027E-01,
     9.9125778095554207E-01,
     9.9200499777286932E-01,
     9.9174523633228873E-01,
     9.9234349547094869E-01,
     3.9554575370653495E+00,
     4.0906426683295596E+00,
     2.9450179571381883E+00,
     9.9177370675498189E-01,
     9.9149122601088191E-01,
     9.9174354036920320E-01,
     9.9159608527343668E-01,
     9.9283250868072326E-01,
     1.0065133226762484E+00,
     1.9273506233079987E+00,
     2.9414376423944146E+00,
     1.9572863106024441E+00,
     9.9895855965574842E-01,
     1.8824388342647813E+00,
     9.9972278109684964E-01
  ]
}
