{
  "version":  "0.2.0",
  "energy":     3.3239050897780242E-01,
  "charges": [
     7.4440111223391325E-01,
     1.9381286279743926E-01,
    -1.7958549430536397E-01,
    -1.9943782511433358E-01,
    -2.1285439741018367E-01,
    -5.6784034496953917E-01,
    -8.2763419295607266E-03,
    -8.3296889133719909E-03,
    -5.6876964792933626E-01,
     2.6191561126494733E-01,
     2.7465509061455495E-01,
     1.4788793982221324E-01,
     1.3106000625612024E-01,
     1.3080116519529827E-01,
     1.3987777512459493E-01,
     2.6764775511641747E-01,
     2.6770495635388036E-01,
    -4.9833888053342018E-02,
    -5.4547196524574515E-02,
    -4.9671702459805726E-02,
     2.4335938716143958E-02,
    -4.7201934963176109E-02,
    -5.3409170845218040E-02,
     2.6484166129709052E-01,
    -3.3560656151577467E-01,
    -3.2649501595368824E-01,
     1.6083219387235470E-01,
     1.5948820608879302E-01,
     1.6378812593251107E-01,
     1.6800771062323361E-01,
     1.6080109957776245E-01
  ],
  "coordination numbers": [
     7.4807628663970780E+00,
     3.8338771785885637E+00,
     1.0015834087373250E+00,
     1.9894996746094886E+00,
     1.9872074201577865E+00,
     3.9547454044999775E+00,
     4.1954233189121588E+00,
     4.2577156087086703E+00,
     3.9506907138773482E+00,
     1.0410528144445168E+00,
     1.0255530816508687E+00,
     9.9139060864696127E-01,
     9.9150606296334587E-01,
     9.9146723597617381E-01,
     9.9144294365928154E-01,
     1.0080895561210603E+00,
     1.0273474343768303E+00,
     3.0149301989904842E+00,
     3.0118315678151202E+00,
     3.0161199797165077E+00,
     3.0204980140610838E+00,
     3.0165118526454044E+00,
     3.0117473735979541E+00,
     3.9352561398856079E+00,
     1.9909894088803171E+00,
     1.9930661503376426E+00,
     9.9283304569186637E-01,
     9.9295039453029510E-01,
     9.9295801593320565E-01,
     9.9295053885958939E-01,
     9.9294288068767234E-01
  ]
}
