{
  "version":  "0.2.0",
  "energy":    -1.1105912149190610E-01,
  "charges": [
     1.7132609218796385E-01,
     4.0900725936733678E-01,
    -1.7332069399431610E-01,
    -1.7329703920799627E-01,
    -2.3371561835298826E-01
  ],
  "coordination numbers": [
     3.7929234509475265E+00,
     1.8941012719866750E+00,
     9.7170023148970763E-01,
     9.7290250866878392E-01,
     1.8416130313397758E+00
  ]
}
