{
  "version":  "0.2.0",
  "energy":    -1.1107851348439401E+00,
  "charges": [
    -3.9687966582334355E-01,
    -1.1983175688605532E-02,
    -1.3361542503890793E+00,
    -2.5498290809897156E-01
  ],
  "coordination numbers": [
     2.4099232133599839E+00,
     1.5082614601761488E+00,
     9.9225292758415407E-01,
     1.5404071638314418E+00
  ]
}
