{
  "version":  "0.2.0",
  "energy":     5.5621376519054277E-01,
  "charges": [
     7.9808830392527308E-01,
     3.9247916440355474E-01,
    -1.9056746832882787E-01
  ],
  "coordination numbers": [
     1.9948479145385338E+00,
     9.9643181996788055E-01,
     9.9939954553335486E-01
  ]
}
