{
  "version":  "0.2.0",
  "energy":    -3.0598481720699067E-01,
  "charges": [
     7.0703533648232830E-01,
    -1.6604865619270592E-01,
     8.8915615780116086E-02,
    -3.7560435230492006E-01,
     1.5939525014079631E-01,
     1.1821091134641959E-01,
     1.1746793876478162E-01,
    -5.8127594829364659E-01,
     2.8620052928470485E-01,
    -1.1426831449570196E-01,
    -3.9458980747864114E-01,
     1.1065363258847000E-01,
     1.0832844709464887E-01,
     1.2081465648444306E-01,
     2.8477997295540974E-01,
     8.9501640173268671E-02,
    -4.2301947035530818E-01,
    -7.1870969822157793E-02,
    -3.9434346643620810E-01,
     1.0647341061226942E-01,
     1.1087230508224513E-01,
     1.1237133858938961E-01
  ],
  "coordination numbers": [
     5.4800046330396359E+00,
     3.9570784280312479E+00,
     2.0999981895219877E+00,
     1.9052916888361358E+00,
     9.9020352883581175E-01,
     9.9194692553559971E-01,
     9.9194675234647267E-01,
     1.9892609367876828E+00,
     1.0106027128382653E+00,
     4.0012986057053759E+00,
     2.8751659194995742E+00,
     9.9123372339375138E-01,
     9.9097070681539190E-01,
     9.9188681561673331E-01,
     1.4897398636476211E+00,
     1.9505550888055652E+00,
     1.0143143427907928E+00,
     4.0705810815091850E+00,
     1.9922697568644008E+00,
     9.9045924521734818E-01,
     9.9056711797715646E-01,
     9.9054271498247459E-01
  ]
}
