{
  "version":  "0.2.0",
  "energy":    -1.0987023553469581E-01,
  "charges": [
     8.4076874398960144E-01,
    -1.3988294310910368E-01,
    -1.3988267652191994E-01,
    -1.4062978589421460E-01,
    -1.4062977635473656E-01,
    -1.3987176174695420E-01,
    -1.3987180036267249E-01
  ],
  "coordination numbers": [
     5.8694378091324317E+00,
     9.9865596502540832E-01,
     9.9865597560340014E-01,
     9.9871005151354630E-01,
     9.9871005080283126E-01,
     9.9865504864365828E-01,
     9.9865504860950693E-01
  ]
}
