{
  "version":  "0.2.0",
  "energy":    -1.1688481334112943E-01,
  "charges": [
     1.8086619552178917E-01,
     4.3349152484759790E-01,
    -9.6762356148308346E-02,
    -1.6908084831876788E-01,
    -2.1559883316608480E-01,
    -1.3291568273622603E-01
  ],
  "coordination numbers": [
     4.1949657802565028E+00,
     1.9151182704009333E+00,
     1.3396075595278454E+00,
     9.6962876628649930E-01,
     1.8564185205287131E+00,
     1.2622767975015874E+00
  ]
}
