{
  "version":  "0.2.0",
  "energy":     2.2949736778628138E-01,
  "charges": [
     7.2967260396838873E-01,
    -7.5517618477258699E-02,
    -8.2678812499651977E-02,
     2.9762464681033218E-02,
    -3.2856310703226210E-01,
     3.2969568129369825E-02,
    -8.1957153510575004E-02,
     1.3200029107069922E-01,
     1.2375081790877630E-01,
     1.2650441718724340E-01,
     1.4037357253509980E-01,
     1.2520672270251759E-01,
    -2.2262849365376530E-01,
     2.0749808602430658E-01,
    -3.8208069719082038E-01,
    -2.3142474934815013E-01,
    -2.2328624697659746E-01,
     1.1346736351228288E-01,
     1.2052618972667752E-01,
     1.4347029120576874E-01,
     1.1360546042310682E-01,
     1.1716225820572559E-01,
     1.2084104015662089E-01,
     1.1291098874278280E-01,
     1.4171185748122250E-01,
     1.2043761971556724E-01,
    -5.4561242907022622E-01,
     2.8132995830284374E-01,
    -2.0471068901474487E-01,
    -1.9470847808324823E-02,
    -3.9502698684583315E-01,
     1.1379021404304718E-01,
     1.1840822336820608E-01,
     1.1733069940908235E-01,
     1.2227210855940618E-01,
     1.1305850770861456E-01,
    -7.4472961471169496E-01,
     2.6270377568022912E-01,
     2.6312640135705206E-01,
     2.6751883154297895E-01,
    -7.6170892709680138E-02,
    -8.3794891754956552E-02,
     3.1907280975130646E-02,
    -3.3467756814345273E-01,
     3.1233917726368438E-02,
    -8.2601293519991112E-02,
     1.3158113479332337E-01,
     1.2354425522359991E-01,
     1.3355578457688563E-01,
     1.2707510191797489E-01,
     1.2462428370605323E-01
  ],
  "coordination numbers": [
     6.1584259715682306E+00,
     3.0218523175622130E+00,
     3.0102995494025988E+00,
     3.1170196019620313E+00,
     2.9047188216350825E+00,
     3.0803715674674148E+00,
     3.0104356408335651E+00,
     9.9283191733580445E-01,
     9.9299722135826407E-01,
     9.9254819927606519E-01,
     9.9256573801114101E-01,
     9.9298259947456557E-01,
     3.9571965049194713E+00,
     4.3431197988179768E+00,
     1.9450998920281872E+00,
     3.9575108641828978E+00,
     3.9573752111689329E+00,
     9.9327545997509237E-01,
     9.9393492471754996E-01,
     9.9741263311100514E-01,
     9.9321415212733566E-01,
     9.9385698363584574E-01,
     9.9397226733571742E-01,
     9.9325068377898162E-01,
     9.9687264657794028E-01,
     9.9376757088308754E-01,
     1.9873955994635306E+00,
     1.0057176577462608E+00,
     3.9537945509019785E+00,
     3.9881813795227625E+00,
     1.9909111880888553E+00,
     9.9159187919053693E-01,
     9.9136652526405111E-01,
     9.9132868303926802E-01,
     9.9016839397980760E-01,
     9.8951900477033661E-01,
     3.9064335725252493E+00,
     1.0012519356841132E+00,
     9.9715193527759016E-01,
     9.9711251998958961E-01,
     3.0221612784433116E+00,
     3.0104540347155773E+00,
     3.1040782060968199E+00,
     2.9438014284110263E+00,
     3.1412019986204207E+00,
     3.0105118103846058E+00,
     9.9282884024977669E-01,
     9.9298624960677540E-01,
     9.9257281883659942E-01,
     9.9273745632766897E-01,
     9.9301381655671417E-01
  ]
}
