{
  "version":  "0.2.0",
  "energy":    -3.1520897558830752E-01,
  "charges": [
     6.5218712372195520E-01,
    -1.0031950022051962E-01,
    -3.9914358375707126E-01,
     1.4629933416056468E-01,
     1.1159571658820597E-01,
     1.3438215068022497E-01,
     2.4880739237327609E-01,
    -2.9628509910833895E-01,
    -2.1171793397157279E-01,
    -4.7918465748806073E-02,
    -4.1688691125356281E-01,
     1.0692975301317684E-01,
     1.1187622496055079E-01,
     1.1747238660177596E-01,
     1.2413285333138296E-01,
     1.5929382102765674E-01,
     2.3426233632625362E-01,
    -3.5890907575121556E-01,
     4.4162516030242344E-01,
    -3.4820750445111553E-01,
    -4.1840511082280812E-01,
     6.1915014743348012E-02,
     3.2370158368164884E-02,
    -3.3793478209808442E-01,
     3.8362224646359327E-02,
     5.9698907280851275E-02,
    -3.6763302477966198E-01,
     1.2597759138538736E-01,
     1.2985114122987343E-01,
     1.4138475852113011E-01,
     1.2493694270019545E-01
  ],
  "coordination numbers": [
     6.6732309331397692E+00,
     3.9996934193818507E+00,
     2.9310743101561121E+00,
     9.9179190530259920E-01,
     9.9170268772036518E-01,
     9.9240166674120012E-01,
     1.0625356275299040E+00,
     9.8032019501672085E-01,
     3.9550231220087753E+00,
     3.9824243031129702E+00,
     2.8897102122473237E+00,
     9.9171253947004967E-01,
     9.9140221887295787E-01,
     9.9166250864667482E-01,
     9.9141592548204471E-01,
     9.9185915531015301E-01,
     1.0127421457161230E+00,
     1.9823850335871107E+00,
     3.9196751416760183E+00,
     1.9880920051813948E+00,
     1.0140881547810547E+00,
     3.0771985282918868E+00,
     3.0892251537303972E+00,
     2.9368495299597255E+00,
     3.1343685193385742E+00,
     3.0772020020841309E+00,
     2.0142975181915901E+00,
     9.9255863614806383E-01,
     9.9293049673755984E-01,
     9.9251142045135499E-01,
     9.9254295428603267E-01
  ]
}
