{
  "version":  "0.2.0",
  "energy":    -1.8528359845432735E-01,
  "charges": [
     9.6322496775100053E-01,
    -2.6027439508097139E-01,
    -2.3050230914772502E-01,
    -2.2075117440748077E-01,
    -2.5169708911482336E-01
  ],
  "coordination numbers": [
     3.9761885457626924E+00,
     9.9901873888727710E-01,
     9.9640566497754257E-01,
     9.9718889451555448E-01,
     9.9898158231899181E-01
  ]
}
