{
  "version":  "0.2.0",
  "energy":     9.5470990746412177E-01,
  "charges": [
     8.9581346287435792E-01,
     4.0146488952956735E-02,
     2.9347185418972904E-01,
    -2.5746873244651369E-01,
    -2.5975488921371181E-01,
    -5.6441823429817817E-01,
     1.8145350656836437E-01,
     1.7912073414722887E-01,
     2.9849231582640778E-01,
     2.9364102428070193E-01,
    -1.5039269047671389E-02,
    -2.0845137091798638E-02,
    -3.8323002843101528E-02,
     3.1533188142538748E-02,
    -1.9561702623026700E-02,
    -2.0558933983209932E-02,
     2.5115937455145920E-01,
    -2.8586617525100821E-01,
    -3.5757826523367292E-01,
     1.9506420574235808E-01,
     1.9203652662651291E-01,
     1.6346126223185084E-01,
     1.9114276447707554E-01,
     1.9338562804007950E-01,
     2.6653113866695333E-01,
     5.3370663810820840E-03,
    -3.6971876218515781E-01,
     1.7961078460199356E-01,
     1.8199898584462085E-01,
     1.7573279207077958E-01
  ],
  "coordination numbers": [
     6.9797387178501662E+00,
     4.0985272043046450E+00,
     4.0344446707140680E+00,
     1.9903095691940313E+00,
     1.9901572978389455E+00,
     3.8794079290824754E+00,
     9.9226219537752414E-01,
     9.9222956447075816E-01,
     9.9613955845329727E-01,
     9.9660861911060294E-01,
     3.0159098231637591E+00,
     3.0089857712777235E+00,
     3.0132343965175048E+00,
     3.0181206288324010E+00,
     3.0201944919946611E+00,
     3.0089574608445755E+00,
     3.6095107235906676E+00,
     1.9865894189906186E+00,
     2.7477344269046071E+00,
     9.9275806616874185E-01,
     9.9297362949894641E-01,
     9.9241097332534078E-01,
     9.9293607017626684E-01,
     9.9295551537685256E-01,
     9.9245830313168160E-01,
     4.0836038643026669E+00,
     1.9892611749891405E+00,
     9.9196240058879415E-01,
     9.9197724566805157E-01,
     9.9199111471726731E-01
  ]
}
