{
  "version":  "0.2.0",
  "energy":     9.3050754663660651E-01,
  "charges": [
     9.9708092887979927E-01,
    -1.1264778771329861E-01,
     1.3983884332593322E-01,
    -3.6037354503864027E-02,
     1.3876559159012150E-01,
    -3.2830655897380590E-01,
    -1.1511381907764201E-01,
    -3.1918137336561536E-01,
     1.6516729027647159E-01,
     1.8229823892804120E-01,
     1.8481730564414534E-01,
     1.5822370105453423E-01,
     1.6469498805379340E-01,
     1.8259577621763651E-01,
     1.7781250762785966E-01,
     1.9191844264134808E-01,
    -1.8359767110187689E-01,
    -1.8770043480478601E-01,
    -1.1180581426008392E-01,
    -1.6325062520819444E-02,
    -2.2949407898475188E-02,
    -2.1589852687060429E-02,
     3.2835568392707098E-02,
    -3.6399077323722551E-02,
    -2.0846031461755649E-02,
     2.5261939048168724E-01,
    -3.0984671296324590E-01,
    -3.4686907428390967E-01,
     1.9349569128734831E-01,
     1.9048348699133549E-01,
     1.8712815107460182E-01,
     1.6623781509372859E-01,
     1.9187664009299202E-01,
     2.7132567528587687E-01
  ],
  "coordination numbers": [
     7.2546168107817568E+00,
     3.9602751519838213E+00,
     3.2949976485843964E+00,
     3.0195804286620636E+00,
     3.3072818467255596E+00,
     1.9981981405102953E+00,
     3.9601177874611313E+00,
     1.9976723918315917E+00,
     9.9245223764681967E-01,
     9.9128635311152813E-01,
     9.9106127219432860E-01,
     9.9322019644475379E-01,
     9.9242969939190662E-01,
     9.9113642516925182E-01,
     9.9129605694911582E-01,
     3.8143989585939888E+00,
     1.9892542663826598E+00,
     1.9896932230243651E+00,
     1.0011781216172668E+00,
     3.0159139718844479E+00,
     3.0090228783599189E+00,
     3.0200769105809560E+00,
     3.0181949756975248E+00,
     3.0134585153501696E+00,
     3.0090646213555026E+00,
     3.6476908264592520E+00,
     1.9885606422129163E+00,
     2.7999888196831391E+00,
     9.9276243882576587E-01,
     9.9296939229875925E-01,
     9.9294806153118209E-01,
     9.9245717538248712E-01,
     9.9297425201500467E-01,
     9.9249461419718976E-01
  ]
}
