{
  "version":  "0.2.0",
  "energy":     3.3763032876649240E-01,
  "charges": [
     8.5625980041565009E-01,
    -2.6253907142350132E-02,
    -2.7356764745001261E-02,
     8.2794675019649266E-02,
    -3.1878376062646990E-01,
     8.5122758098300916E-02,
    -2.7135822289100081E-02,
     1.7788656639072828E-01,
     1.7480026986623548E-01,
     1.7484033157588114E-01,
     1.8126840287981061E-01,
     1.7549698776736106E-01,
     5.0500776967471739E-03,
    -1.4366142499493464E-01,
    -1.7805531069783764E-01,
    -1.2906827165156373E-01,
     2.4845398955082468E-01,
    -8.9233968169606270E-02,
    -9.9702471369542120E-02,
    -8.4715476007600876E-02,
     2.6899830741626585E-01,
    -7.6912149721075698E-02,
    -8.1980261425539963E-02,
    -7.2555845582432787E-01,
     3.2011647161469259E-01,
     3.1576498371927758E-01,
     3.1649533906080540E-01,
     1.6907530787501190E-01,
    -2.0716726717463818E-01,
    -1.8771753340245406E-01,
    -1.4912142370519954E-01
  ],
  "coordination numbers": [
     7.6995986418946885E+00,
     3.0224506365688084E+00,
     3.0101352324079942E+00,
     3.1231815808209760E+00,
     2.9505392598763045E+00,
     3.1402286875198921E+00,
     3.0101847489090998E+00,
     9.9284503533859780E-01,
     9.9301564712757528E-01,
     9.9269732911258313E-01,
     9.9264884662530317E-01,
     9.9302422380688249E-01,
     2.6086563394065214E+00,
     1.9580755503690357E+00,
     1.9370862093395980E+00,
     9.9905639794866108E-01,
     3.0972722529618961E+00,
     9.9909548249590152E-01,
     1.9008260216021284E+00,
     9.9904744749506236E-01,
     3.1172082119478493E+00,
     1.8932538727899058E+00,
     9.9909144212971857E-01,
     3.8899497775469145E+00,
     9.9647847752144614E-01,
     9.9704053130087456E-01,
     1.0010871414568800E+00,
     3.5911198875376913E+00,
     1.9407435823815442E+00,
     1.9437416056027796E+00,
     1.0015638787942667E+00
  ]
}
