{
  "version":  "0.2.0",
  "energy":    -1.0912095045832642E+00,
  "charges": [
     8.5445129454971869E-01,
    -5.6930384838894355E-01,
    -4.3275259862340931E-02,
    -6.0871753109709492E-02,
    -4.1678895469572685E-01,
    -6.3948089208739817E-02,
    -4.7785873665684930E-02,
    -5.9492535406356506E-01,
     2.3657005547063820E-01,
     2.7726144139949271E-01,
     6.9795054964829475E-02,
     1.2238493965820907E-01,
     1.1143882571705954E-01,
     6.7763078898934598E-02,
     2.4570890120834757E-01,
     7.0814555329807849E-02,
     8.1558930193063650E-02,
     6.4231217941791374E-02,
     1.2561944731313129E-01,
     2.1708377268879472E-01,
     2.5579115944366826E-01,
     1.7514699536455819E-01,
    -3.6805128670756387E-01,
    -3.0070124617474836E-01,
    -2.9993248223510283E-01,
    -5.8643461968495325E-01,
     2.6771694692093501E-01,
    -4.8103515692800636E-01,
     3.8687989191003991E-01,
    -3.8724384758618935E-01,
    -4.0991873666174561E-01
  ],
  "coordination numbers": [
     7.6707398338353538E+00,
     3.8404282317891809E+00,
     3.9966305693776665E+00,
     3.9940047163518324E+00,
     3.8211979022685600E+00,
     3.9841746883709712E+00,
     4.0729955748361304E+00,
     3.8480534678505611E+00,
     9.9694309157077043E-01,
     1.0064863274188127E+00,
     9.8986976231741686E-01,
     9.9105430334038669E-01,
     9.9109490169752146E-01,
     9.9066791839245383E-01,
     1.1730025533187378E+00,
     9.8954732869308337E-01,
     9.9130905654106893E-01,
     9.9002292509595247E-01,
     9.9170570812096148E-01,
     9.9656769281256707E-01,
     1.0692763675099384E+00,
     3.4115220812544083E+00,
     1.0018165439112261E+00,
     1.8442481334335659E+00,
     1.8336185840887449E+00,
     1.9811458721370769E+00,
     1.0224626914454351E+00,
     1.0001400201290460E+00,
     3.8361218832001924E+00,
     1.9708945894245060E+00,
     1.9444333414525161E+00
  ]
}
