{
  "version":  "0.2.0",
  "energy":    -9.7080584059047004E-01,
  "charges": [
     9.0594016443370728E-01,
    -3.3728263607938375E-01,
     3.5050743507634685E-01,
    -3.8238378904007120E-01,
    -3.6254917760180116E-01,
    -3.6279747451544114E-01,
     3.9672458099340613E-02,
    -3.4790812048267905E-01,
     4.6993473599075047E-02,
     4.5472393309842499E-02,
    -3.4410512616099886E-01,
     3.5299465719444895E-02,
     4.3688471555326444E-02,
    -3.9766445263312694E-01,
     1.0804600094391413E-01,
     1.4488112603819722E-01,
     1.2140203239472006E-01,
     1.0329472989704672E-01,
    -4.1050697455345986E-01
  ],
  "coordination numbers": [
     6.7488512379019596E+00,
     1.9527390745362263E+00,
     3.9677408636103131E+00,
     1.9776492774435095E+00,
     1.9533945287631216E+00,
     1.9980706318390133E+00,
     2.0648529266390065E+00,
     1.0054122983398672E+00,
     3.0776717903746817E+00,
     3.1491305835140082E+00,
     2.9666233508861746E+00,
     3.1736526793721467E+00,
     3.0777767066533830E+00,
     2.0143165187358578E+00,
     9.9250145831683412E-01,
     9.9269188658500251E-01,
     9.9275301845990427E-01,
     9.9250575465917645E-01,
     9.8343878960155529E-01
  ]
}
