{
  "version":  "0.2.0",
  "energy":    -2.5315933460726434E+00,
  "charges": [
    -4.9272841838462922E-01,
    -1.8214917094694509E+00,
    -1.6857798721459198E+00
  ],
  "coordination numbers": [
     1.9350293340291396E+00,
     9.9202089631518309E-01,
     9.4390163312543418E-01
  ]
}
