{
  "version":  "0.2.0",
  "energy":    -1.4323542327479544E-01,
  "charges": [
     1.0606591673119403E-01,
     5.0693758024031177E-01,
     1.7332012009242004E-01,
    -7.8632361706392584E-01
  ],
  "coordination numbers": [
     2.2394426315104541E+00,
     1.3320796753779485E+00,
     9.0930367452700622E-01,
     1.9966584415044624E+00
  ]
}
