{
  "version":  "0.2.0",
  "energy":    -1.0126287016849602E+00,
  "charges": [
     6.9374746597825121E-01,
    -2.9309695806256053E-01,
     2.8412957092014413E-02,
    -3.3435165608275097E-01,
    -5.2517784801168310E-01,
     2.5657127732839635E-01,
     2.7947065936578930E-01,
    -1.0419666066567684E-01,
    -1.0191588650552046E-01,
     4.0482890581774705E-02,
    -2.9621767260164861E-01,
     4.4205016125940591E-02,
    -9.9941727786843668E-02,
     9.7422419631072052E-02,
     9.9058365644903390E-02,
     1.4586211128916793E-01,
     1.4189575473866459E-01,
     1.0115610210595845E-01,
     4.6350378809115883E-02,
     4.3643531818542747E-02,
    -2.9489334139433193E-01,
     4.6893822970051117E-02,
     4.8296831967270540E-02,
    -3.9500968354661120E-01,
     1.0780404411044929E-01,
     1.3860591560821295E-01,
     1.6662066809637366E-01,
     1.0971806398212423E-01,
    -3.4284400910117874E-01,
     4.1092354300913564E-01,
    -3.7979214301453307E-01,
    -4.2022433689120064E-01,
    -9.6754395878438371E-02,
    -1.7314548215410563E-01,
    -1.8958001855612522E-01
  ],
  "coordination numbers": [
     7.7788887725162441E+00,
     1.9940129820399992E+00,
     2.0327378596955494E+00,
     1.0053600487286287E+00,
     2.8127158757690314E+00,
     1.0245682583079141E+00,
     1.2952193538201016E+00,
     3.0220065408583725E+00,
     3.0111562985512226E+00,
     3.1402815766955676E+00,
     2.9404643831843345E+00,
     3.1256486383467763E+00,
     3.0109084405791338E+00,
     9.9272094548012912E-01,
     9.9296196529957026E-01,
     9.9225942395664735E-01,
     9.9252254389171224E-01,
     9.9298001617143328E-01,
     3.0780384283135431E+00,
     3.1154262394789480E+00,
     2.9371805031771858E+00,
     3.1222375436966665E+00,
     3.0788907381419977E+00,
     2.0133948177039693E+00,
     9.9242563969545294E-01,
     9.9262235177759983E-01,
     9.9135890167785412E-01,
     9.9246566119826074E-01,
     1.9787774735341292E+00,
     3.8439473713502332E+00,
     1.9514589981086443E+00,
     1.0008420374428502E+00,
     2.4641182882587369E+00,
     1.9012229029151673E+00,
     1.8820704162470498E+00
  ]
}
