{
  "version":  "0.2.0",
  "energy":     1.5275941969632791E+00,
  "charges": [
     9.1054323602144160E-01,
     3.1239446663532972E-03,
    -3.6060571002205499E-04,
    -7.0141864799041498E-03,
     4.8468564823734517E-02,
    -1.4350789700611100E-02,
    -4.0557254990310487E-03,
     2.8372694332053633E-01,
    -2.8872291088364233E-01,
    -3.2479435033177340E-01,
     2.1627758574784134E-01,
     2.1287358467748965E-01,
     2.0452680547688856E-01,
     1.9350098661960247E-01,
     2.0849399656609491E-01,
    -1.3774501340317830E-01,
     3.0065575288752122E-01,
    -8.3614396223001750E-02,
    -7.1685641359961833E-02,
    -1.5934739755564986E-01,
     2.0422780077202352E-01,
    -3.8095846610427997E-01,
    -1.6160190599423274E-01,
    -1.5274049198856787E-01,
     1.7899152252505152E-01,
     1.7290029263836837E-01,
     1.8309898828926482E-01,
     1.7754136092618419E-01,
     1.7791177573745368E-01,
     1.7262940033191335E-01,
     1.7933764383932663E-01,
     1.8866711756619098E-01,
     1.8207022225105329E-01,
    -4.0020535754944020E-02,
    -4.1430559123124389E-01,
     1.9268692526481096E-01,
     1.8351277698378987E-01,
     1.6538166206585711E-01,
     3.0016911822125181E-01
  ],
  "coordination numbers": [
     6.9711531046698649E+00,
     2.9987455537812640E+00,
     3.0084936329955871E+00,
     3.0118319125916999E+00,
     3.0032150669574218E+00,
     3.0102423033520260E+00,
     3.0094362950581299E+00,
     3.8689980423448587E+00,
     1.9721227765737179E+00,
     1.9805306928258872E+00,
     9.9276113706351854E-01,
     9.9252855563474895E-01,
     9.9249230351532791E-01,
     9.9256828124330987E-01,
     9.9249559409680632E-01,
     9.9948876057794767E-01,
     3.4840739581268041E+00,
     1.8693768564832860E+00,
     1.8480836769794386E+00,
     3.9574185935639257E+00,
     4.2547269110160029E+00,
     1.9944366891552763E+00,
     3.9574827273713291E+00,
     3.9575645944771836E+00,
     9.9385104796179036E-01,
     9.9387633550902432E-01,
     9.9400761142344507E-01,
     9.9406759016351476E-01,
     9.9402781086881919E-01,
     9.9394116352608464E-01,
     9.9403907107802247E-01,
     9.9426906388945646E-01,
     9.9399955212297542E-01,
     4.0546874504119543E+00,
     2.9488622045049571E+00,
     9.9203136920386203E-01,
     9.9206054936152288E-01,
     9.9243317186751057E-01,
     1.0027449377601663E+00
  ]
}
