{
  "version":  "0.2.0",
  "energy":    -5.5942428348660700E-02,
  "charges": [
     4.4799728089095675E-01,
    -4.4799728089095675E-01
  ],
  "coordination numbers": [
     9.9579858743126159E-01,
     9.9579858743126159E-01
  ]
}
