{
  "version":  "0.2.0",
  "energy":     2.8657148344952776E-01,
  "charges": [
     7.7316325910008887E-01,
     1.7034118690470954E-01,
    -2.3959211048410584E-01,
    -2.6563808569308145E-01,
    -2.6533963451933096E-01,
    -7.5779663091115923E-01,
     2.7801888838074384E-01,
     2.8841515237096271E-01,
     2.9026933117466486E-01,
     9.4620303319761095E-02,
     6.1769558058063778E-02,
    -3.3210647016361305E-01,
     6.8151425763532059E-02,
     9.7088716050780982E-02,
    -3.1703729786691082E-01,
     1.6267400652782896E-01,
     1.5678850098373692E-01,
     1.6224745593589290E-01,
     1.6478779829608833E-01,
    -2.1269237985172820E-01,
     5.5670715484141181E-02,
    -1.9863621551118488E-01,
    -2.0191544288589247E-01,
     1.3411395698611070E-01,
     1.3696318907603566E-01,
     1.3279375201661164E-01,
     1.3446153994923207E-01,
     1.3853709995990043E-01,
     1.6087928695819920E-01,
     1.3544357060561080E-01,
     1.5425243014664700E-01,
     1.3805277904480368E-01,
    -2.9874963520714032E-01
  ],
  "coordination numbers": [
     6.4944400450174404E+00,
     3.7053895995495765E+00,
     1.0015834621505935E+00,
     1.9584243044566145E+00,
     1.9711164939097321E+00,
     3.9291577543225227E+00,
     9.9879298297865304E-01,
     1.0010920923533702E+00,
     1.0031348475919506E+00,
     3.0713329502409579E+00,
     3.1850662941305883E+00,
     2.9699118210399771E+00,
     3.1307873639370811E+00,
     3.0713141969210627E+00,
     2.0155869686591883E+00,
     9.9255553496058102E-01,
     9.9280571865296796E-01,
     9.9259844039903466E-01,
     9.9255241354917523E-01,
     3.9564457332225462E+00,
     3.9363998336994541E+00,
     3.9564708020917081E+00,
     3.9570314309333305E+00,
     9.9258844340101327E-01,
     9.9303292668174858E-01,
     9.9287626457764500E-01,
     9.9260390930644515E-01,
     9.9281562227047626E-01,
     9.9278025781374968E-01,
     9.9262076297570712E-01,
     9.9340143695729122E-01,
     9.9290972861784432E-01,
     9.9849678399395714E-01
  ]
}
