{
  "version":  "0.2.0",
  "energy":    -2.9607833061095951E-01,
  "charges": [
     2.2196756799318418E-01,
     7.9310916026264078E-01,
     3.5169707650374860E-03,
    -2.5337660611321011E-01,
    -5.7476674032383035E-01,
    -1.9045035258382204E-01
  ],
  "coordination numbers": [
     4.6740411354674434E+00,
     2.6765607542383316E+00,
     1.8127968359974700E+00,
     1.7661325768058500E+00,
     1.9681088465948582E+00,
     1.8552718994664126E+00
  ]
}
