{
  "version":  "0.2.0",
  "energy":     4.9345332506248524E-01,
  "charges": [
     6.7660844482857518E-01,
     5.5321720508458072E-01,
    -1.9520738970020046E-02,
     2.8851732757549842E-01,
    -3.8549774489843758E-02,
    -1.6062706855322861E-01,
    -2.9964539547556074E-01
  ],
  "coordination numbers": [
     5.4017980095655922E+00,
     3.5736282686182017E+00,
     9.9397080665619253E-01,
     2.7287154775281781E+00,
     8.1501762472070549E-01,
     1.9461481291137428E+00,
     2.9020008709838274E+00
  ]
}
