{
  "version":  "0.2.0",
  "energy":    -5.3550328950196513E-02,
  "charges": [
     4.4228618465710362E-01,
     1.7904447303495701E-02,
    -1.3785606747761339E-01,
    -3.2233456448298592E-01
  ],
  "coordination numbers": [
     2.9494175165275474E+00,
     9.7413066955473671E-01,
     9.8379136150633961E-01,
     9.9589607262570912E-01
  ]
}
