{
  "version":  "0.2.0",
  "energy":    -3.7507545680443254E-03,
  "charges": [
     1.1910325387790445E-01,
    -3.9701225681475626E-02,
    -3.9702561590843732E-02,
    -3.9699466605585085E-02
  ],
  "coordination numbers": [
     2.8934492853579963E+00,
     9.6586018156157571E-01,
     9.6590608685128299E-01,
     9.6578306439049388E-01
  ]
}
