{
  "version":  "0.2.0",
  "energy":    -9.7627450358787810E-02,
  "charges": [
    -1.1709529692842335E-01,
     4.3701051038566979E-01,
    -1.2241367377394238E-01,
    -1.9750153968330408E-01
  ],
  "coordination numbers": [
     2.8424444322556672E+00,
     1.9323555150322651E+00,
     9.7529542788009937E-01,
     1.8597086514852652E+00
  ]
}
