{
  "version":  "0.2.0",
  "energy":     2.3545009117752536E-02,
  "charges": [
     7.4498238931758110E-01,
    -1.8507293991595186E-01,
     1.0059706223765863E-01,
    -7.7029734531915972E-02,
     9.8563103196876112E-02,
    -3.6421472244172182E-01,
    -1.8170825919395672E-01,
    -3.8231782935211378E-01,
     1.0901841260714518E-01,
     1.1235784159889006E-01,
     1.2087471038262701E-01,
     1.1204452584149077E-01,
     1.1202099927795378E-01,
     1.2040842064214763E-01,
     1.1974574159389889E-01,
    -8.2441866507223738E-02,
    -1.0519737321755662E-01,
    -8.5477485093188310E-02,
     1.0769535264451124E-02,
    -7.6974608775378650E-02,
    -8.7578661183041973E-02,
     3.0779608245238932E-01,
    -3.8582400200222344E-01,
    -3.7924722488867579E-01,
     1.2789680392802930E-01,
     1.2107670836759371E-01,
     1.3395687529734729E-01,
     1.5212384572538268E-01,
     1.2877123026428022E-01,
    -7.4603355600480703E-02,
    -3.1393810553105339E-01,
     3.3429694657167897E-01,
    -3.0906903878491776E-01,
    -6.8625471734415355E-02,
    -3.4959453029835441E-01,
    -5.3270739734749051E-02,
     1.2400312740782912E-01,
     1.1934100743642839E-01,
     1.1493457649459335E-01,
     1.2654349067772791E-01,
     1.2314231763149988E-01,
     1.4199565188108379E-01,
     1.2486027015333190E-01,
     1.3268797698160967E-01,
     1.3854137778322528E-01,
    -7.8916248761061514E-02,
    -3.3339037951420741E-01,
     3.3490293286709394E-01,
    -3.0882817240610394E-01,
    -6.1774577409689724E-02,
    -3.1923852178395012E-01,
    -5.8584175482168710E-02,
     1.1670611738111511E-01,
     1.1688443182430779E-01,
     1.1008384379258745E-01,
     1.3502425365940701E-01,
     1.2392909613271885E-01,
     1.4003921178781026E-01,
     1.1852493884795560E-01,
     1.3160357335999834E-01,
     1.3716766975583830E-01,
    -8.4759061398224977E-02,
    -9.4149631446597049E-02,
    -7.6008660657784721E-02,
     1.4269717581599561E-02,
    -6.9844467613246974E-02,
    -8.0707298073167899E-02,
     2.5451763776236308E-01,
    -3.3669913134605689E-01,
    -4.3317760650269688E-01,
     1.3128719594447888E-01,
     1.2378903185557219E-01,
     1.4523368871230616E-01,
     1.5084299904309428E-01,
     1.3605759487663485E-01,
     2.6404891498224481E-01
  ],
  "coordination numbers": [
     7.0846836484118345E+00,
     3.9605858551579880E+00,
     3.1182535213635489E+00,
     2.9993279832391533E+00,
     3.1253955339928039E+00,
     1.9849929720474648E+00,
     3.9606001054140805E+00,
     1.9830146849668724E+00,
     9.9230463874882169E-01,
     9.9159035748001934E-01,
     9.9140811384492089E-01,
     9.9324901867745030E-01,
     9.9232645070457881E-01,
     9.9146583585045267E-01,
     9.9149918542445548E-01,
     3.0122532649260823E+00,
     3.0124515013600304E+00,
     3.6122650110302521E+00,
     3.4406057111015311E+00,
     3.0142146554085301E+00,
     3.0120843315137114E+00,
     3.4679783270255866E+00,
     1.0003868218393688E+00,
     1.9833488719476327E+00,
     9.9284912579294815E-01,
     9.9276517046722645E-01,
     1.0207751272935202E+00,
     9.9280675085095282E-01,
     9.9281437589970256E-01,
     4.2088175345392207E+00,
     1.9896516210709319E+00,
     4.5365648537706251E+00,
     1.9890151170658070E+00,
     4.1507614276798481E+00,
     1.9885021963604634E+00,
     4.1397241603883561E+00,
     9.9208178936899571E-01,
     9.9139075529850018E-01,
     9.9091231906102895E-01,
     9.9213513743287240E-01,
     9.9129217481839227E-01,
     9.9181334443009206E-01,
     9.9223676240525815E-01,
     9.9163187449918855E-01,
     9.9188468294913879E-01,
     4.1825616763021873E+00,
     1.9895832920010230E+00,
     4.4990478762626189E+00,
     1.9896842429504824E+00,
     4.1533064442751781E+00,
     1.9889344367315482E+00,
     4.1483433783259507E+00,
     9.9199200389813669E-01,
     9.9140278090109213E-01,
     9.9109235140430307E-01,
     9.9215818019578705E-01,
     9.9154667443148981E-01,
     9.9151094544958251E-01,
     9.9214307879205954E-01,
     9.9162773337745591E-01,
     9.9192483939302711E-01,
     3.0138579495988749E+00,
     3.0125899074668032E+00,
     3.0173118592746180E+00,
     3.0202484971117105E+00,
     3.0139183350771486E+00,
     3.0127153276341581E+00,
     3.0919033102662938E+00,
     1.9403286005455351E+00,
     1.9916939162501643E+00,
     9.9283470422590003E-01,
     9.9285786655043839E-01,
     9.9291666676403256E-01,
     9.9266319464680297E-01,
     9.9293870209540103E-01,
     9.9333138082752814E-01
  ]
}
