{
  "version":  "0.2.0",
  "energy":     1.5558303038920409E+00,
  "charges": [
     9.1562955071185570E-01,
    -8.3744533755089043E-02,
     1.4841702825127223E-01,
    -1.8490596538024318E-02,
     1.4786034802813386E-01,
    -3.0247574085796475E-01,
    -8.7226836891273418E-02,
    -2.9400106872113640E-01,
     1.9997057205035837E-01,
     1.9354721810021550E-01,
     2.1463827339750213E-01,
     1.8081205918816920E-01,
     1.9920307096027826E-01,
     2.0941986460609008E-01,
     1.9175589896792700E-01,
    -9.7792591637727577E-03,
    -7.3099745513905912E-02,
    -7.3382061431413348E-02,
    -9.7404982793287409E-03,
    -3.1007149145986812E-01,
     1.7650130211067094E-01,
     1.7365795828140645E-01,
     1.9236673464849588E-01,
     2.0074878458901449E-01,
     2.0137981516139014E-01,
     1.8928333807616837E-01,
     1.7852724408368648E-01,
     1.7789576456650291E-01,
    -5.1907952032168692E-01,
     3.4642426074657190E-01,
     3.4305226640775399E-01
  ],
  "coordination numbers": [
     4.6479759772116385E+00,
     3.9579489456573587E+00,
     3.1543602847822223E+00,
     2.9971582443330265E+00,
     3.1714828796262777E+00,
     1.9929969188693208E+00,
     3.9580424100710783E+00,
     1.9907822009450893E+00,
     9.9015399910245527E-01,
     9.9019747058021323E-01,
     9.9227742570017696E-01,
     9.9234695745649404E-01,
     9.8996710375401431E-01,
     9.9230558705225480E-01,
     9.9030732885729655E-01,
     4.1868594707780966E+00,
     3.9797298957404994E+00,
     3.9828648310586630E+00,
     4.1187494062039338E+00,
     2.9375184069583540E+00,
     9.9174559993498956E-01,
     9.9180607817560595E-01,
     9.9156037497427718E-01,
     9.9176181239036598E-01,
     9.9175695396852515E-01,
     9.9163288854208886E-01,
     9.9163249554789168E-01,
     9.9183531133972558E-01,
     2.9415499714587598E+00,
     9.9566276560302036E-01,
     9.9618901923811976E-01
  ]
}
