{
  "version":  "0.2.0",
  "energy":     1.0248482224909397E+00,
  "charges": [
     7.7541551081766991E-01,
     6.0451243368432744E-02,
     3.5154593953254726E-01,
    -1.7888242747931674E-01,
    -2.7541376447808541E-01,
    -5.4247162330323628E-01,
     2.0302665977048173E-01,
     2.0135792741824959E-01,
     3.1296060198419273E-01,
     3.1903636001570301E-01,
     1.6101003853335510E-01,
     1.1996245387018234E-01,
    -3.1291911060088923E-01,
     1.1746921997967846E-01,
     1.5921866535281770E-01,
    -2.2947162136834656E-01,
     2.3072597684798540E-01,
     2.0414138014524436E-01,
     1.8925379027701367E-01,
     2.3078364212696820E-01,
     8.7698544600803410E-02,
    -8.1740748647592329E-02,
    -1.0315865876385896E-01
  ],
  "coordination numbers": [
     6.3512664157600174E+00,
     4.0780797703811293E+00,
     3.2904619857911426E+00,
     9.9979797491086497E-01,
     1.9897560961645055E+00,
     3.9076751976015878E+00,
     9.9163532134125099E-01,
     9.9117208794248235E-01,
     9.9965167709738445E-01,
     9.9773251760218429E-01,
     3.0610824452676280E+00,
     3.1631349168486995E+00,
     2.9966247481931072E+00,
     3.3524639057580190E+00,
     3.0598178464612911E+00,
     2.0170992838174513E+00,
     9.9243344995523586E-01,
     9.9271012436646622E-01,
     9.9520148602384761E-01,
     9.9244624792938829E-01,
     2.7839134868005821E+00,
     1.9898432915837532E+00,
     1.9866343873983734E+00
  ]
}
