{
  "version":  "0.2.0",
  "energy":    -6.9166052455099025E-01,
  "charges": [
    -1.7336946089004290E-01,
    -5.7501355881808536E-01,
     3.4806575852896726E-01,
    -5.9968273882083900E-01
  ],
  "coordination numbers": [
     2.7393000498103568E+00,
     2.8925080250063404E+00,
     1.7441918483827736E+00,
     1.9550786406264740E+00
  ]
}
