{
  "version":  "0.2.0",
  "energy":     1.0136376501846658E+00,
  "charges": [
     8.6619504964313743E-01,
     1.9443814629622311E-01,
    -2.8313124133352519E-02,
    -1.2529920304420272E-01,
    -1.4033553415860273E-01,
    -5.3237154012916177E-03,
    -3.5396631695922454E-01,
     2.1314356212981850E-01,
     2.1881218845892464E-01,
     2.0238911630731068E-01,
     3.1945212453139299E-01,
    -4.5606359631170579E-01,
     3.5640602943853589E-01,
     3.5559975934932725E-01,
     4.8450936313205406E-02,
    -3.1438149279407934E-01,
     2.1517258791007435E-01,
     2.1462769157448131E-01,
     2.1899579085002743E-01
  ],
  "coordination numbers": [
     5.8002787343372937E+00,
     3.7733712071962966E+00,
     1.0010478146487110E+00,
     1.9854097238065709E+00,
     1.9849847958258930E+00,
     3.9876511013885017E+00,
     2.9427593279015039E+00,
     9.9213372917548259E-01,
     9.9212222119976623E-01,
     9.9212235842333119E-01,
     1.0266568184245406E+00,
     2.9327087472412297E+00,
     9.9369795757071344E-01,
     1.0044474467828994E+00,
     4.0868886375763038E+00,
     1.9874893508774463E+00,
     9.9214940438486021E-01,
     9.9215551687771075E-01,
     9.9217063017120566E-01
  ]
}
