{
  "version":  "0.2.0",
  "energy":     4.7305436720287947E-01,
  "charges": [
     7.0535819392840304E-01,
    -2.8577895176539272E-02,
    -3.1702167469551179E-02,
    -2.6848682572314209E-02,
     4.0779629127806721E-02,
    -2.6062131067925876E-02,
    -3.1402272306546214E-02,
     2.7825699588404762E-01,
    -2.8219731744112453E-01,
    -2.8740655786714880E-01,
     1.8104922056222461E-01,
     1.8114210293081989E-01,
     1.8677108255298000E-01,
     1.8772172803636614E-01,
     1.8150676037510674E-01,
     1.8393357092523538E-01,
    -1.1868721673305313E-01,
    -1.5556800617425426E-01,
    -1.4853829537042715E-01,
     2.0039245724109767E-01,
    -1.8992119938520333E-01
  ],
  "coordination numbers": [
     6.2662826256846085E+00,
     3.0152978115936540E+00,
     3.0114070052114910E+00,
     3.0170767758089454E+00,
     3.0209503126773480E+00,
     3.0158547763135060E+00,
     3.0114518324199890E+00,
     3.9084559131393215E+00,
     1.9843812796879616E+00,
     1.9910296531156684E+00,
     9.9282499025699078E-01,
     9.9297141886255513E-01,
     9.9297212476193941E-01,
     9.9295592414555855E-01,
     9.9296861569076711E-01,
     3.7497282751167580E+00,
     1.0012828534440104E+00,
     1.9844431318477413E+00,
     1.9700164181958613E+00,
     1.8414477272886067E+00,
     9.9948219679796146E-01
  ]
}
