{
  "version":  "0.2.0",
  "energy":     1.6155143759714450E+00,
  "charges": [
     7.4745912865004893E-01,
    -5.5028282894657399E-01,
     3.9840469527493649E-02,
     4.8410741307179594E-02,
    -5.6357264749160008E-01,
     3.4250858069472245E-01,
     3.3098409474607854E-01,
     1.9872305960065428E-01,
     2.2896704264422324E-01,
     2.2382014409904280E-01,
     2.2064838672486722E-01,
     2.9946581390255866E-01,
     3.3066909163973995E-01,
     6.8049926531673155E-01,
    -6.8264814136668495E-01,
     3.4951775127383089E-01,
     3.8052888146286501E-01,
     3.7446116621482228E-01
  ],
  "coordination numbers": [
     4.3243386304778957E+00,
     3.9375848546577012E+00,
     4.1148233395973524E+00,
     4.1365680033487662E+00,
     3.9459249348628020E+00,
     1.0077733837379519E+00,
     1.0085262083266704E+00,
     9.9136948781833567E-01,
     9.9142299656743393E-01,
     9.9139189854569576E-01,
     9.9118481037287864E-01,
     1.0308351263004507E+00,
     1.0077390099075965E+00,
     9.9810740192041703E-01,
     3.9322142562918438E+00,
     1.0026548991549831E+00,
     9.9862330772091834E-01,
     1.0063041672337567E+00
  ]
}
