{
  "version":  "0.2.0",
  "energy":     1.1918791460332936E+00,
  "charges": [
     1.4264757554152703E+00,
     5.7352424458472984E-01
  ],
  "coordination numbers": [
     9.9864656880876090E-01,
     9.9864656880876090E-01
  ]
}
