{
  "version":  "0.2.0",
  "energy":    -4.9434047076861803E-02,
  "charges": [
     3.5475735774245076E-01,
    -1.0159906749408946E-02,
    -3.4459745099304190E-01
  ],
  "coordination numbers": [
     1.9490447347845850E+00,
     9.6225941542507432E-01,
     9.8770021658967533E-01
  ]
}
