{
  "version":  "0.2.0",
  "energy":     1.6212192483312511E+00,
  "charges": [
     9.0910654690889592E-01,
     2.0270325702806477E-01,
     5.7291882119451798E-02,
    -1.3384749284948450E-01,
    -9.9486634951309827E-02,
    -6.8776679094460891E-01,
     3.8503956728549887E-01,
     3.7406267957403377E-01,
     3.7298383727052081E-01,
     6.0012976102021387E-02,
     4.3468739056459371E-02,
     1.3837876327634141E-01,
    -3.4181929393943694E-01,
     1.5245948454487468E-01,
     5.5668612898183423E-02,
     2.6422273335643970E-01,
     2.5166032350920908E-01,
     1.8770655062877223E-01,
     2.3455502067850709E-01,
     2.5762985919152775E-01,
    -4.5521605224820327E-01,
     3.8804295248295800E-01,
     3.8314247902128362E-01
  ],
  "coordination numbers": [
     6.6309890761691594E+00,
     3.8182211341008889E+00,
     1.0006225868427316E+00,
     1.9939324171509556E+00,
     1.9911123633279910E+00,
     3.9423310475253492E+00,
     1.0047290178006820E+00,
     1.0056405382587377E+00,
     1.0009855656297333E+00,
     3.0221194753390828E+00,
     3.0030291490334031E+00,
     3.7705529171510319E+00,
     3.0038699924264831E+00,
     3.1629385339236711E+00,
     3.0054555474629892E+00,
     9.9233471937270679E-01,
     9.9269416361304330E-01,
     1.2166053710152518E+00,
     9.9245171459904391E-01,
     9.9257873481772485E-01,
     2.9554491432662422E+00,
     1.0062200722767898E+00,
     9.9597437270002231E-01
  ]
}
