{
  "version":  "0.2.0",
  "energy":    -1.6890597479655800E-01,
  "charges": [
     1.0345086590710229E+00,
    -1.7241748699733750E-01,
    -1.7241870321865230E-01,
    -1.7241831230982901E-01,
    -1.7241796935317277E-01,
    -1.7241792745717621E-01,
    -1.7241825973485506E-01
  ],
  "coordination numbers": [
     5.8717677416570391E+00,
     9.9911401464594451E-01,
     9.9911397966194304E-01,
     9.9911399370730347E-01,
     9.9911400277232421E-01,
     9.9911399999669470E-01,
     9.9911399424045833E-01
  ]
}
