{
  "version":  "0.2.0",
  "energy":    -4.2770918522420154E-02,
  "charges": [
     2.8281280710577961E-01,
     1.2724651686000377E-01,
    -4.1005932396578343E-01
  ],
  "coordination numbers": [
     1.9641647094612606E+00,
     1.8024401534277494E+00,
     1.8311366301688770E+00
  ]
}
