{
  "version":  "0.2.0",
  "energy":     3.2724153359202346E-01,
  "charges": [
     8.8707453254825064E-01,
    -2.9104757190200836E-02,
    -1.1164738698910109E-01,
    -1.2056221047011578E-01,
    -3.2168356988442254E-02,
    -2.7211754795093690E-01,
     1.6289961404450443E-01,
     1.4417421902420424E-01,
     1.4351587704997268E-01,
     1.5168617723424765E-01,
     1.3480988042144185E-01,
     1.4188555029189945E-01,
     1.3222731332971424E-01,
     1.5666600104346182E-01,
    -2.9764513636018081E-01,
     9.5089346234393468E-02,
    -1.7252149711077622E-01,
    -4.7421721768560660E-02,
    -4.8746239995830901E-02,
    -3.9632398471811298E-02,
     3.5782572087715139E-02,
    -5.3972641143174682E-02,
    -5.7919104941139436E-02,
     2.8337832216522202E-01,
    -2.8465531805140504E-01,
    -3.6655573132719033E-01,
     1.6275643199055562E-01,
     1.6512908413855365E-01,
     1.7523101547590850E-01,
     1.4556643876992761E-01,
     1.5433600686385465E-01,
    -1.2951497379076204E-01,
     3.1842444640561207E-01,
    -8.4757034348497129E-02,
    -7.8439731379054453E-02,
    -2.9400856898985972E-01,
     9.6773688546684916E-02,
    -1.6601616039908507E-01
  ],
  "coordination numbers": [
     6.8054861528807074E+00,
     4.0780602184896164E+00,
     3.9846069351791851E+00,
     3.9833109912804074E+00,
     4.1735691993316015E+00,
     2.9503654178506462E+00,
     9.9205119216590898E-01,
     9.9151393167908886E-01,
     9.9200219780128318E-01,
     9.9156074186738419E-01,
     9.9152579928678364E-01,
     9.9198533406218736E-01,
     9.9190728133126171E-01,
     9.9157824522848248E-01,
     2.0024835148935516E+00,
     2.1161239308954087E+00,
     1.0050899092376895E+00,
     3.0148642099844478E+00,
     3.0118933436699473E+00,
     3.0177805447941637E+00,
     3.0194448736208876E+00,
     3.0156027144639310E+00,
     3.0118305851576279E+00,
     3.2259020707619284E+00,
     1.6283621493801173E+00,
     1.9938971283499907E+00,
     9.9286286228272225E-01,
     9.9293881883879820E-01,
     9.9297328745158087E-01,
     9.9299305058758414E-01,
     9.9293179908007012E-01,
     9.9933345701551168E-01,
     4.2106580148753174E+00,
     1.8868693485069183E+00,
     1.9440125035814191E+00,
     2.0022174350472364E+00,
     2.1101921109430188E+00,
     1.0049975203387067E+00
  ]
}
