{
  "version":  "0.2.0",
  "energy":    -1.5322494642566529E+00,
  "charges": [
     6.5414260440481264E-01,
    -3.1695822775717108E-01,
     1.0340489748788939E-01,
    -4.1741646384117048E-01,
    -3.8281805790171919E-01,
    -3.0109287222624914E-01,
     1.6759531865310207E-02,
    -4.1316797568947838E-01,
    -3.1718822217797704E-01,
     1.1004939149589338E-01,
    -4.1743006957081363E-01,
    -2.2849838121070373E-01,
    -5.8545489499568004E-01,
     2.3089369440999707E-01,
     2.6477504570705968E-01
  ],
  "coordination numbers": [
     5.8916897519976210E+00,
     1.0097173681148410E+00,
     2.0076194534881164E+00,
     1.9730083146112278E+00,
     9.8477099711774141E-01,
     1.9946692540547906E+00,
     2.0245963641807903E+00,
     1.0056185849711454E+00,
     1.0103911556951184E+00,
     2.0237984086181271E+00,
     1.9948989277811435E+00,
     9.8016171781911421E-01,
     2.8223121328411045E+00,
     1.1328806038643693E+00,
     1.0704211932778804E+00
  ]
}
