{
  "version":  "0.2.0",
  "energy":    -1.1438766477673409E-01,
  "charges": [
     7.2418452991823401E-01,
    -2.4184684925066446E-01,
    -2.4029890711358165E-01,
    -2.4203877355398792E-01
  ],
  "coordination numbers": [
     2.9856036673565658E+00,
     9.9666688470398146E-01,
     9.9687708580119505E-01,
     9.9667019992551431E-01
  ]
}
