{
  "version":  "0.2.0",
  "energy":     9.4163589788330548E-01,
  "charges": [
     8.5887325580274720E-01,
     1.8478437345800500E-01,
    -3.6925519405306528E-02,
    -1.3412650207197596E-01,
    -1.5563199174161882E-01,
     3.0210943566032489E-03,
    -3.5431156625322563E-01,
     2.1886265466031862E-01,
     2.1487143070682874E-01,
     2.1946153030305077E-01,
     3.1874349980959377E-01,
    -6.8630184389157217E-03,
    -3.5274381228050933E-04,
    -1.0912785234605564E-01,
    -6.8045732508065981E-01,
     3.5423685867603477E-01,
     3.5597283286478176E-01,
     3.5386888437358299E-01,
    -6.7682691164873654E-01,
     3.5802371764697877E-01,
     3.5358987129678471E-01,
     3.6031342684346490E-01
  ],
  "coordination numbers": [
     7.1635395346179642E+00,
     3.7416514694622780E+00,
     1.0011109202098289E+00,
     1.9810097712666304E+00,
     1.9789838552426104E+00,
     3.9937434594068657E+00,
     2.9503894014799847E+00,
     9.9218250896434856E-01,
     9.9249840877847184E-01,
     9.9216640918285748E-01,
     1.0506101355157416E+00,
     2.9693868572386677E+00,
     1.0071860754522586E+00,
     1.9886523409566346E+00,
     3.9224206302993485E+00,
     1.0002612193828808E+00,
     1.0016512455078139E+00,
     1.0008259267231994E+00,
     3.9274268974708546E+00,
     9.9985631042502554E-01,
     1.0041641836573429E+00,
     1.0039194736126413E+00
  ]
}
