{
  "version":  "0.2.0",
  "energy":    -5.9114716504034874E-02,
  "charges": [
     5.6445444083424334E-01,
    -8.9814614725002934E-02,
    -8.9497457697000238E-02,
    -2.0702140384687812E-01,
    -8.9248730435060541E-02,
    -8.8872234130301528E-02
  ],
  "coordination numbers": [
     4.8792566623428417E+00,
     1.6403537169439337E+00,
     1.6398899756219718E+00,
     9.9524892488721139E-01,
     1.6395057637776027E+00,
     1.6402397732645220E+00
  ]
}
