{
  "version":  "0.2.0",
  "energy":    -6.9546639523082043E-01,
  "charges": [
     3.0532803049536583E-01,
    -3.5550092691495777E-01,
    -9.4982710358040812E-01
  ],
  "coordination numbers": [
     1.9738057531335560E+00,
     9.9285987324433744E-01,
     9.8189693713587900E-01
  ]
}
