{
  "version":  "0.2.0",
  "energy":    -4.8200145313861198E-01,
  "charges": [
     7.6872837007835826E-01,
    -5.7357946989009534E-03,
     2.8839540023055021E-01,
    -4.1259559537846724E-01,
    -3.5168030080607338E-01,
    -5.9732888907095183E-01,
     1.1025506558712289E-01,
     1.1601431424430866E-01,
     2.3712536009180821E-01,
     2.4341091439109042E-01,
    -3.4537618567832107E-01,
    -9.6126444038083347E-02,
    -9.8980055139612722E-02,
    -8.2349887683314749E-02,
     8.6899233802147924E-03,
    -7.9950740326246383E-02,
    -9.8315341150039925E-02,
     2.5375786389364774E-01,
    -3.5497082617145315E-01,
    -3.7444036410528847E-01,
     1.1390040277616442E-01,
     1.1467370573701385E-01,
     1.3290206697313572E-01,
     1.3601458551553974E-01,
     1.1517916800459418E-01,
    -8.4184606226643033E-02,
    -3.2306791864587014E-01,
     3.3551049324130844E-01,
    -3.2041130787774952E-01,
    -5.6699540286656580E-02,
    -3.1714176528562693E-01,
    -7.6960551628419027E-02,
     1.1114266529065350E-01,
     1.1596744444750555E-01,
     1.2042242743597301E-01,
     1.1434443231738117E-01,
     1.5881050931622598E-01,
     1.2717742767532192E-01,
     1.1687929196794308E-01,
     1.1339208080290698E-01,
     1.1668194886777380E-01,
    -9.5221898042475717E-02,
    -9.7785642754285695E-02,
     1.7052562659933712E-02,
    -3.5627455404169667E-01,
     3.9106063062106317E-02,
    -9.1737793620588592E-02,
     1.1238082006106651E-01,
     1.0975526762053384E-01,
     1.2019068243720635E-01,
     1.3689122164002684E-01,
     1.1258352290934945E-01
  ],
  "coordination numbers": [
     7.1705547967917909E+00,
     4.0293731720360029E+00,
     3.1848325260343140E+00,
     1.0002581821566876E+00,
     1.9969446981417800E+00,
     3.8858357953478420E+00,
     9.9154856676638126E-01,
     9.9143470530944811E-01,
     1.0036688284016382E+00,
     9.9877395314248574E-01,
     9.8291228578732603E-01,
     3.0139727362886424E+00,
     3.0124209737141650E+00,
     3.0159504498979999E+00,
     3.0184634216844088E+00,
     3.0166050293910844E+00,
     3.0123451553130351E+00,
     3.7712919869498602E+00,
     1.9365755937423357E+00,
     1.9457228042609787E+00,
     9.9278901870584590E-01,
     9.9285752678409356E-01,
     9.9292272949040239E-01,
     9.9294001307963686E-01,
     9.9283847553863769E-01,
     4.1527607990543789E+00,
     1.9897956054685375E+00,
     4.5076191891785768E+00,
     1.9889358582658394E+00,
     4.1126704826310174E+00,
     1.9899900283562779E+00,
     4.1923995906608127E+00,
     9.9182597779340931E-01,
     9.9118328560825564E-01,
     9.9113955756879069E-01,
     9.9202330187229038E-01,
     9.9162389588212996E-01,
     9.9177459947017343E-01,
     9.9199650151508489E-01,
     9.9092720127663636E-01,
     9.9136957270301895E-01,
     3.0223559808315406E+00,
     3.0105698375168872E+00,
     3.1084038795654223E+00,
     2.9098340198028785E+00,
     3.1017616406435184E+00,
     3.0108228709083003E+00,
     9.9281073065854120E-01,
     9.9300008302109255E-01,
     9.9232105777028057E-01,
     9.9251089165211415E-01,
     9.9302054100912418E-01
  ]
}
