{
  "version":  "0.2.0",
  "energy":    -5.9218372160194724E-03,
  "charges": [
     1.3383099114381009E-01,
    -6.6911274912878224E-02,
    -6.6919716230931875E-02
  ],
  "coordination numbers": [
     1.9289000626829225E+00,
     9.6474847369434702E-01,
     9.6503648923861718E-01
  ]
}
