{
  "version":  "0.2.0",
  "energy":    -1.1342256746376886E-01,
  "charges": [
     1.1352990368221805E-01,
     4.5397704181942650E-01,
    -1.2072529761430792E-01,
    -1.2088897157247749E-01,
    -1.9200145546948111E-01,
    -1.3389122084537808E-01
  ],
  "coordination numbers": [
     4.7362439686829489E+00,
     1.8652841075491295E+00,
     9.7005043611566855E-01,
     9.7019322917251660E-01,
     1.8501439228701164E+00,
     9.7471881651907744E-01
  ]
}
