{
  "version":  "0.2.0",
  "energy":    -3.9430660817497065E-01,
  "charges": [
     8.1155477351932104E-01,
    -2.0201988252216921E-01,
     8.4180667728739084E-02,
    -9.1931633505172250E-02,
     9.0838280801474575E-02,
    -3.5584956845720428E-01,
    -1.9643432765053434E-01,
    -3.7818981494488035E-01,
     9.2390915812370328E-02,
     1.0684183656573953E-01,
     1.0044719955693177E-01,
     9.7676228696030154E-02,
     9.3051532547835755E-02,
     1.0885932450894746E-01,
     1.1280397369918524E-01,
    -5.5834329495571766E-01,
     2.5633938010491025E-01,
     2.6286691910710969E-01,
    -2.2234913355707506E-01,
    -5.6335008510694937E-02,
    -4.3459683018188067E-01,
     9.2978092577116520E-02,
     1.0324184502964863E-01,
     1.2439006053331228E-01,
     1.0276922765261107E-01,
     1.3205599700586398E-01,
     2.2776203389164626E-01,
    -1.7794097769885131E-01,
     7.2828605948440372E-03,
    -3.9678244168277621E-01,
    -5.6893857495743894E-01,
     2.6486103499497227E-01,
     2.8791404587039193E-01,
    -1.1159651199368401E-01,
    -4.0226453334877255E-01,
     1.1126653224043065E-01,
     1.0326961160048706E-01,
     1.3211163119005118E-01,
     2.4581852813688088E-01
  ],
  "coordination numbers": [
     7.3729123664826206E+00,
     3.9605772884166699E+00,
     3.0737441211190664E+00,
     2.9971605863706641E+00,
     3.0787605077464848E+00,
     1.9652536840948134E+00,
     3.9604240308332965E+00,
     1.9637118747080331E+00,
     9.9221840548057383E-01,
     9.9157430403003932E-01,
     9.9143675051409819E-01,
     9.9321460407591733E-01,
     9.9223278381642466E-01,
     9.9149352556273929E-01,
     9.9162252051957545E-01,
     2.8386751167045450E+00,
     1.0119490486394236E+00,
     1.0421631849057027E+00,
     3.9546213090065070E+00,
     3.9589537076883641E+00,
     2.7486105709789630E+00,
     9.9164541770712145E-01,
     9.9145671159621873E-01,
     9.9158052196991342E-01,
     9.9098232772508332E-01,
     9.9180383858065113E-01,
     1.0471341908200245E+00,
     9.9068276369677122E-01,
     1.3708144981451840E+00,
     1.9167043901070873E+00,
     2.8591365819148935E+00,
     1.0344155685643015E+00,
     1.1222759096495230E+00,
     3.9658655153641007E+00,
     2.8934018774563475E+00,
     9.9147357710439721E-01,
     9.9150093362220293E-01,
     9.9219079574463365E-01,
     1.0285493828490564E+00
  ]
}
