{
  "version":  "0.2.0",
  "energy":    -2.5499259712845239E+00,
  "charges": [
     7.6481245156878730E-01,
    -3.4926793247974652E-02,
     2.4554356809315259E-01,
    -5.7685751506959038E-01,
    -4.0658189978742820E-01,
    -5.9824634363981066E-01,
     1.0748815316216181E-01,
     4.6709261825682302E-02,
     2.5286453005762566E-01,
     2.1111890969150165E-01,
    -1.3846206582695597E-01,
    -4.5538318662079519E-01,
     3.9976201162506497E-02,
     7.1795030092939582E-02,
     5.5008003090754820E-02,
     2.8159646473204869E-01,
    -1.3861322656380826E-01,
    -4.5223722714623937E-01,
     3.3339993911020493E-02,
     7.3742319941253964E-02,
     1.9053279107494298E-02,
    -6.3251532766645613E-01,
     2.4614784064156831E-01,
    -4.2711763061084707E-02,
    -6.1249536740771349E-01,
    -5.3314633741204065E-01,
     3.3838859383300501E-01,
    -5.2331346225591091E-01,
    -4.8259267344945123E-01,
    -7.7614819967485782E-01,
     3.1069004731110400E-01,
     3.0595674060751143E-01
  ],
  "coordination numbers": [
     5.8978273338655001E+00,
     4.0148283416691442E+00,
     3.0756370524382257E+00,
     1.0001247916546907E+00,
     1.9214502832065810E+00,
     3.8587552166358332E+00,
     9.9094588039251885E-01,
     9.8991975243803942E-01,
     9.9622182292424633E-01,
     1.0142168663551594E+00,
     4.0293657531209046E+00,
     1.9753326603966856E+00,
     9.8800027328125051E-01,
     9.8900402821191857E-01,
     9.8883316302576230E-01,
     9.9508538225951604E-01,
     4.0608774631777411E+00,
     1.9803776072794381E+00,
     9.8733284053218551E-01,
     9.8832059263035443E-01,
     9.8605164303444148E-01,
     1.9759875583682600E+00,
     1.0742979767589507E+00,
     1.8175750025746193E+00,
     9.9963885167347932E-01,
     9.9903447400929490E-01,
     2.9951222219327258E+00,
     9.9890565781501017E-01,
     1.9766705890162228E+00,
     1.9764227324152230E+00,
     9.8925581364334558E-01,
     9.8815483404442972E-01
  ]
}
