{
  "version":  "0.2.0",
  "energy":    -1.6106412504669163E+00,
  "charges": [
     7.6022393247184494E-01,
    -3.7479008873895436E-02,
     2.6208580432589490E-01,
    -5.2739573300287734E-01,
    -3.8955713195168640E-01,
    -6.0599364731873429E-01,
     5.8127919166580444E-02,
     8.4340882922593702E-02,
     2.1376622514133964E-01,
     2.1669128871018165E-01,
    -1.2740003875203265E-01,
    -4.4166595076589421E-01,
    -4.5817495752890558E-01,
    -3.7975128546207015E-01,
     8.2493398050577205E-02,
    -4.5639795363577546E-01,
    -2.5391374349714141E-01
  ],
  "coordination numbers": [
     5.9546743977420995E+00,
     4.0391362633737042E+00,
     3.1571347043424414E+00,
     1.0003076454006719E+00,
     1.9774985960795206E+00,
     3.8888944537746930E+00,
     9.9073670133467395E-01,
     9.9125660105603508E-01,
     1.0334243381927388E+00,
     9.9811724316190276E-01,
     1.0160640077360803E+00,
     1.9690093907419195E+00,
     9.7181635181774517E-01,
     1.0092694276345568E+00,
     2.0101736296968120E+00,
     1.9686208877748834E+00,
     9.7420559167825171E-01
  ]
}
