{
  "version":  "0.2.0",
  "energy":     1.5484455879017833E+00,
  "charges": [
     6.7780037352179434E-01,
    -5.6180221152524878E-01,
     1.1736516261217078E-02,
     1.4589835151466612E-02,
    -5.7102132683193529E-01,
     2.9167950762563100E-01,
     2.9252540616959227E-01,
     1.8317701878922449E-01,
     1.6792336955648238E-01,
     1.7549304886701941E-01,
     1.8231660331046701E-01,
     2.8840967140413148E-01,
     2.8227211089179749E-01,
    -1.3093075284834432E-01,
    -1.3883612655012367E-03,
    -3.9483740802749956E-01,
     1.8855146016260105E-01,
     1.4562958062136172E-01,
     1.4545021327489091E-01,
     1.9280034478408989E-01,
     1.9015882264401482E-01,
     3.0230423376536025E-01,
    -2.1079364018949276E-02,
    -8.0559000169598161E-02,
    -7.9134789744996659E-02,
    -1.7641752007402589E-02,
    -2.8990913295587661E-01,
     1.6323881211727881E-01,
     1.6077853562574018E-01,
     1.8377718600944939E-01,
     1.9286092186180046E-01,
     1.9433101351439858E-01,
     1.8432883311110093E-01,
     1.6748957066886397E-01,
     1.6868110968557759E-01
  ],
  "coordination numbers": [
     5.8161517149225723E+00,
     3.9280072120998542E+00,
     4.1513526545727588E+00,
     4.1577620935473174E+00,
     3.9247743656969574E+00,
     1.0051903137426024E+00,
     1.0130140889665142E+00,
     9.9147042989999878E-01,
     9.9118840880728154E-01,
     9.9114898581707234E-01,
     9.9145144622904535E-01,
     1.0037327841250328E+00,
     1.0098996335800789E+00,
     4.5535327114633510E+00,
     4.2174276635580696E+00,
     2.9475550726616708E+00,
     9.9126595622853930E-01,
     1.1593913044974657E+00,
     1.1278303134751644E+00,
     9.9178330548766880E-01,
     9.9178000117554355E-01,
     1.0011995145764629E+00,
     4.1760967039906820E+00,
     3.9825847927192779E+00,
     3.9821526222025394E+00,
     4.1566269074845614E+00,
     2.9384039401966398E+00,
     9.9152025099607144E-01,
     9.9171936729997512E-01,
     9.9157813139351170E-01,
     9.9178737951509000E-01,
     9.9177713509642462E-01,
     9.9155334944908802E-01,
     9.9160432645982333E-01,
     9.9178098043917551E-01
  ]
}
