{
  "version":  "0.2.0",
  "energy":    -9.6867001911941186E-01,
  "charges": [
     7.8124031234188873E-01,
    -1.7527000456603686E-01,
     1.4890914459172599E-01,
    -3.8685212705727390E-01,
    -1.9036544479402739E-01,
     1.4808275310716426E-01,
    -3.8808198203304056E-01,
    -1.7703571150375177E-01,
     1.4380202111184232E-01,
    -3.8216511542010745E-01,
     5.3613105859023277E-02,
     4.8519628310634812E-02,
    -3.0624421155813475E-01,
     3.5565238583656136E-02,
     4.6089725840155249E-02,
    -3.8944507736997092E-01,
     1.1445060116525245E-01,
     1.3686647127182433E-01,
     1.3887573685646692E-01,
     1.0919117954103813E-01,
    -1.9199877785867131E-01,
     1.4724729735290559E-01,
    -3.7733323569345290E-01,
    -1.8078638968359129E-01,
     8.9043671967080809E-02,
    -3.4165159844141441E-01,
     1.2051213337839095E-01,
     1.0133788866249023E-01,
     1.2388276603793338E-01
  ],
  "coordination numbers": [
     6.2044555535208685E+00,
     1.0108840223468691E+00,
     2.1409115646575101E+00,
     1.9972729825274751E+00,
     1.0102992118802749E+00,
     2.1171605891412426E+00,
     1.9912457749349652E+00,
     1.0110493684452884E+00,
     2.1039659614323787E+00,
     1.9976331540101002E+00,
     3.0782323633112725E+00,
     3.1404394655955974E+00,
     2.8903643943244743E+00,
     3.1094732446802418E+00,
     3.0783094210404531E+00,
     2.0143208832500150E+00,
     9.9262034621970852E-01,
     9.9295561917664088E-01,
     9.9259474066422460E-01,
     9.9247277985684690E-01,
     1.0102191180430582E+00,
     2.0830290609206559E+00,
     1.9921954311957037E+00,
     3.9571116735986189E+00,
     2.0899056241822462E+00,
     1.8898654444637710E+00,
     9.9137552491796033E-01,
     9.9194379220809115E-01,
     9.9089934743886943E-01
  ]
}
