{
  "version":  "0.2.0",
  "energy":    -6.2489467817769873E-02,
  "charges": [
     5.4771275037298228E-01,
    -1.3780182955739068E-01,
    -1.3665868879946724E-01,
    -1.3671272391494188E-01,
    -1.3653950810118246E-01
  ],
  "coordination numbers": [
     3.9714978140366233E+00,
     9.9637612218110405E-01,
     9.9685435847059534E-01,
     9.9683304393484118E-01,
     9.9687678153603976E-01
  ]
}
