{
  "version":  "0.2.0",
  "energy":    -6.7374436074083199E-01,
  "charges": [
     7.0088516145405011E-02,
    -1.0011218078779320E-01,
    -4.5129448049644805E-01,
     9.7255825029737120E-02,
    -6.1593767989090076E-01
  ],
  "coordination numbers": [
     3.5806963041878559E+00,
     2.4683242012095237E+00,
     9.9174359060145090E-01,
     1.8172183342785857E+00,
     1.9275067812932845E+00
  ]
}
