{
  "version":  "0.2.0",
  "energy":    -1.3274483660243430E-01,
  "charges": [
    -1.0749239501593499E-01,
     2.7972165319660364E-01,
     2.7978940778897837E-01,
    -2.2600224044744444E-01,
    -2.2601642552220241E-01
  ],
  "coordination numbers": [
     3.4223485674280187E+00,
     1.3157977110083747E+00,
     1.3160894002884334E+00,
     9.6232805224455564E-01,
     9.6219112699065956E-01
  ]
}
