{
  "version":  "0.2.0",
  "energy":    -1.5793361545838491E-01,
  "charges": [
     9.0323692729909899E-01,
    -2.2300688355918841E-01,
    -2.2264275150837437E-01,
    -2.2701141334552011E-01,
    -2.3057587888601611E-01
  ],
  "coordination numbers": [
     3.9802643804771547E+00,
     9.9892521266132039E-01,
     9.9892180093643379E-01,
     9.9895515309241834E-01,
     9.9893912507373717E-01
  ]
}
