{
  "version":  "0.2.0",
  "energy":    -2.1791405984557727E-01,
  "charges": [
     1.0404158182625753E+00,
    -2.1078049889611331E-01,
    -2.1070654550283496E-01,
    -1.9764107360755803E-01,
    -2.1059784495099415E-01,
    -2.1068985530507500E-01
  ],
  "coordination numbers": [
     4.9501934926803344E+00,
     9.9911010250970378E-01,
     9.9910738662241361E-01,
     9.9905145265251960E-01,
     9.9911101502377875E-01,
     9.9910933326580764E-01
  ]
}
