{
  "version":  "0.2.0",
  "energy":    -1.3338069986705658E-01,
  "charges": [
     8.4008603442664054E-01,
    -1.6808075589392080E-01,
    -1.6763949650725185E-01,
    -1.6856948748243897E-01,
    -1.6750689148593101E-01,
    -1.6828940305709786E-01
  ],
  "coordination numbers": [
     4.9503165701674057E+00,
     9.9908517306673783E-01,
     9.9910368099248359E-01,
     9.9924479811947808E-01,
     9.9908642780332535E-01,
     9.9909828796391409E-01
  ]
}
