{
  "version":  "0.2.0",
  "energy":     2.7282739490043884E-01,
  "charges": [
     7.6223184592338900E-01,
     1.7679825910295099E-01,
    -2.7075994767064238E-01,
    -3.0363133770200845E-01,
    -2.3475347516463180E-01,
    -2.9309331364048519E-01,
     5.3624339572704793E-02,
    -6.8681334066244382E-02,
    -6.8206885605234718E-02,
    -7.4234669646492113E-02,
     1.3129954205727334E-01,
     1.3037731119644178E-01,
    -7.5098485012287663E-02,
    -7.0309897527692650E-02,
    -7.2117769831382225E-02,
     3.5354192046115500E-02,
    -3.2047433519033047E-01,
     1.3673754030130703E-01,
     1.3406057037503066E-01,
     1.3888260541230768E-01,
     1.2325027138858903E-01,
     1.2373635730028160E-01,
     1.3832341621862554E-01,
     1.3369206055901484E-01,
     1.3047400907007153E-01,
    -3.7004804593455037E-02,
    -1.3549952464937748E-01,
    -1.3089692052906815E-01,
    -5.1906383416392143E-02,
    -2.8268852700787195E-01,
     1.4673751483692490E-01,
     1.3161197812430139E-01,
     1.1414076266076999E-01,
     1.2158456600280262E-01,
     1.2169434367753065E-01,
     1.2036436975466838E-01,
     1.2368739257619250E-01,
     1.2645970588788730E-01,
    -1.6296771805365678E-01,
     8.3868737712156208E-02,
    -3.8066179788993099E-01,
     1.2298477017963712E-01,
     1.3129161798046426E-01,
     1.3193056118168625E-01,
    -2.8148652473028385E-01,
    -2.2071715072571130E-01,
     6.1574757298419630E-02,
    -2.1781087049973152E-01,
    -2.2821827355578750E-01,
     1.1844996829012137E-01,
     1.1865967510409238E-01,
     1.3384480748572436E-01,
     1.1730048719415032E-01,
     1.2924282329320516E-01,
     1.2552831296151637E-01,
     1.1749831282606442E-01,
     1.1257461079455076E-01,
     1.2134755036172892E-01
  ],
  "coordination numbers": [
     7.4574855953096790E+00,
     3.5835014384391846E+00,
     1.0016747536321384E+00,
     1.9445764122700053E+00,
     1.9163706733998689E+00,
     2.9231619087652021E+00,
     3.1080408024247621E+00,
     3.0108332696447713E+00,
     3.0215430398998855E+00,
     3.0146158437927877E+00,
     3.1140865400908675E+00,
     3.1219804353967868E+00,
     3.0144148264228212E+00,
     3.0213962475641916E+00,
     3.0104909557428217E+00,
     3.1356971441822408E+00,
     2.9445598549083103E+00,
     9.9260005581629596E-01,
     9.9305569815051697E-01,
     9.9289465261847720E-01,
     9.9324259179191898E-01,
     9.9324496072015389E-01,
     9.9288681669955370E-01,
     9.9306481733772234E-01,
     9.9235451809360953E-01,
     4.0590422455367223E+00,
     3.9697235957433881E+00,
     3.9701382245071688E+00,
     4.0655621599581728E+00,
     2.8741432384254662E+00,
     9.9090567855946077E-01,
     9.9220861151469908E-01,
     9.9182251224114992E-01,
     9.9196854800522605E-01,
     9.9191525914052825E-01,
     9.9196513538118047E-01,
     9.9248770756855365E-01,
     9.9084509273217147E-01,
     3.9581951977493945E+00,
     2.0043677529728576E+00,
     1.9085634127877764E+00,
     9.9185793952682388E-01,
     9.9154516322088782E-01,
     9.9189117815669992E-01,
     9.8604470960685742E-01,
     3.9560488294959875E+00,
     3.9208390163644156E+00,
     3.9562983256674205E+00,
     3.9564507443478947E+00,
     9.9227826603162317E-01,
     9.9284871744258663E-01,
     9.9311858884576498E-01,
     9.9245231112390542E-01,
     9.9332291819432150E-01,
     9.9307322515932217E-01,
     9.9238756307856058E-01,
     9.9304010857212877E-01,
     9.9313423298191328E-01
  ]
}
