{
  "version":  "0.2.0",
  "energy":    -8.8686114709120578E-02,
  "charges": [
     5.1942659445313522E-01,
    -2.5986409033483371E-01,
    -2.5956250411830151E-01
  ],
  "coordination numbers": [
     1.9914088697149666E+00,
     9.9626438293625075E-01,
     9.9612259041219264E-01
  ]
}
