{
  "version":  "0.2.0",
  "energy":     1.0655071604439057E+00,
  "charges": [
     8.6744389873076844E-01,
    -4.5124309617210159E-02,
     3.2096440124148379E-01,
    -4.1114036020330896E-02,
    -4.2287017505973745E-02,
     2.3890401886218660E-02,
    -6.1364720853994692E-02,
     1.9292175279058726E-01,
    -3.0607309033194330E-01,
     2.0718541106225077E-01,
     2.0656139325325751E-01,
     2.0897670792445078E-01,
     2.9398397152345779E-01,
    -3.3820116409695100E-01,
    -1.3021771494532541E-02,
    -3.8440386756374489E-01,
     2.0285808751416728E-01,
     2.0680411284900743E-01,
     1.9553801030728374E-01,
     3.0446182840174785E-01
  ],
  "coordination numbers": [
     6.4811824413401968E+00,
     9.9929949800643936E-01,
     3.5501664890587019E+00,
     1.9334626600031495E+00,
     1.9105644868948968E+00,
     9.9788067564996474E-01,
     3.9572259583120628E+00,
     2.0571910206601016E+00,
     1.9882574156621473E+00,
     9.9133644325434300E-01,
     9.9134145570119792E-01,
     9.9130358966906140E-01,
     1.1525033012127235E+00,
     1.9965101667525937E+00,
     4.0270561976080996E+00,
     2.9567540406391686E+00,
     9.9218224937478450E-01,
     9.9215668597797535E-01,
     9.9247005852135217E-01,
     1.0326122270679958E+00
  ]
}
