{
  "version":  "0.2.0",
  "energy":     1.2150679518607470E+00,
  "charges": [
     8.5563140573187146E-01,
     1.1443685942681285E+00
  ],
  "coordination numbers": [
     9.9798028865064659E-01,
     9.9798028865064659E-01
  ]
}
