{
  "version":  "0.2.0",
  "energy":     3.2074472571341051E-01,
  "charges": [
     7.7241837791855172E-01,
    -7.0908863132558808E-01,
     3.2029762612768897E-01,
     3.1509564118923550E-01,
     3.1794291996505170E-01,
    -2.7335785562056503E-01,
     9.6512646335838295E-02,
    -1.5843058412937200E-01,
     1.9996948157322059E-01,
    -1.7322155889511237E-01,
    -1.8610993219092362E-01,
    -2.4086986874518054E-01,
    -1.8877194301439015E-01,
     2.2203944311629967E-01,
    -3.3896972370435358E-01,
    -1.8450510796773484E-01,
    -1.8617276917103939E-01,
     1.6109474315819436E-01,
     1.5803701543251675E-01,
     1.4625968899585293E-01,
     1.4846600802478277E-01,
     1.7362592771055749E-01,
     1.6623408214126353E-01,
     1.4787415877010773E-01,
     1.5951204136130859E-01,
     1.7142579495465451E-01,
    -1.2328531432195108E-01,
     2.5372499731975712E-01,
    -8.8654437862274157E-02,
    -7.9092867146397447E-02
  ],
  "coordination numbers": [
     7.6394837122645916E+00,
     3.9445830765284962E+00,
     1.0227267223214600E+00,
     1.0004156541295774E+00,
     1.0183221355115606E+00,
     2.0031418319152836E+00,
     2.1626586355778601E+00,
     1.0053815243947000E+00,
     3.8029714450567393E+00,
     1.0015504726000310E+00,
     1.9837584186054622E+00,
     1.9862957323776236E+00,
     3.9577134583889748E+00,
     4.5216253633447439E+00,
     2.0041020100069895E+00,
     3.9590882305800257E+00,
     3.9576041096751844E+00,
     9.9431007817705019E-01,
     9.9411385228607596E-01,
     9.9357379104254218E-01,
     9.9369738321050871E-01,
     9.9431306903512073E-01,
     9.9407293461508761E-01,
     9.9346623983957372E-01,
     9.9402556356546867E-01,
     9.9483910583430735E-01,
     9.9909370962214794E-01,
     3.6477526751415237E+00,
     1.7804613082613585E+00,
     1.8842513459412960E+00
  ]
}
