{
  "version":  "0.2.0",
  "energy":     3.3063600977074226E-01,
  "charges": [
     7.5213630486643823E-01,
    -3.1633325198521428E-01,
     5.3733723787091958E-02,
    -5.7845117568814219E-02,
    -5.7465233520490849E-02,
    -6.6445962169237635E-02,
     1.2959342904984392E-01,
     1.2811899133694404E-01,
    -6.6597723965751018E-02,
    -5.7306664830598278E-02,
    -5.7580373493314865E-02,
     6.5369050973509035E-02,
    -3.0310322740298729E-01,
     1.4286237486991707E-01,
     1.4710693232645161E-01,
     1.5013549260892781E-01,
     1.3150860896427674E-01,
     1.3168550302274770E-01,
     1.5062696336448655E-01,
     1.4847987877608412E-01,
     1.6168189298400526E-01,
     1.7670585275089967E-01,
    -2.5150765568513905E-01,
    -2.3502923984980970E-01,
    -2.4644280346651462E-01,
    -2.0860705926658857E-01,
     7.2146873701904549E-02,
    -1.9520317230042750E-01,
    -2.0640973979364829E-01,
     1.2977457195777520E-01,
     1.3962171921067795E-01,
     1.3756435955721116E-01,
     1.2985823064179772E-01,
     1.5869272785430755E-01,
     1.4265382928502607E-01,
     1.3102900592382394E-01,
     1.3413191274267702E-01,
     1.4824368481088396E-01,
    -4.5693471613225907E-02,
     1.6137712854146619E-01,
    -4.2105130912587030E-01,
    -1.6221703787154268E-01
  ],
  "coordination numbers": [
     7.3138448323424470E+00,
     2.9550769214823696E+00,
     3.1786764125743616E+00,
     3.0100539476794923E+00,
     3.0219240590368255E+00,
     3.0137028594161173E+00,
     3.1350296328178002E+00,
     3.1370407580592401E+00,
     3.0138387963254409E+00,
     3.0216218457564734E+00,
     3.0102523769271654E+00,
     3.1845478763375183E+00,
     2.9576421777462825E+00,
     9.9306682303348204E-01,
     9.9307311539363674E-01,
     9.9289065347017313E-01,
     9.9325976566901097E-01,
     9.9325428563532103E-01,
     9.9289083714449333E-01,
     9.9307355322458690E-01,
     9.9336942659495708E-01,
     3.6923894324261672E+00,
     1.9693970439925383E+00,
     1.9595796710237732E+00,
     1.0015174326648877E+00,
     3.9567723589270001E+00,
     3.9357502260534751E+00,
     3.9565152929006295E+00,
     3.9567049628491011E+00,
     9.9271271433562625E-01,
     9.9297597317889963E-01,
     9.9324384987788417E-01,
     9.9258561821119251E-01,
     9.9272127736176419E-01,
     9.9305629262663953E-01,
     9.9254211260834513E-01,
     9.9322022022049516E-01,
     9.9312029399853419E-01,
     1.0141108573845852E+00,
     2.1224808530767421E+00,
     2.0097228221581043E+00,
     9.9663765164373341E-01
  ]
}
