{
  "version":  "0.2.0",
  "energy":     4.8049140296914594E-01,
  "charges": [
     1.0766130560956757E+00,
    -7.6613056095675702E-02
  ],
  "coordination numbers": [
     9.9937878099208355E-01,
     9.9937878099208355E-01
  ]
}
