{
  "version":  "0.2.0",
  "energy":    -6.0075646402241301E-01,
  "charges": [
    -6.1392067890848923E-01,
    -3.6885064193049993E-01,
     2.7042658189705199E-01,
    -2.8765526105806283E-01
  ],
  "coordination numbers": [
     2.5832567757833420E+00,
     9.5173945052151421E-01,
     1.4135208296205350E+00,
     1.6784329289334359E+00
  ]
}
