{
  "version":  "0.2.0",
  "energy":     9.2842355022538792E-01,
  "charges": [
     8.0941077756523017E-01,
    -5.3523428418641106E-01,
     3.2222792911713094E-01,
     3.3543256505885499E-01,
     1.3918896542666337E-01,
     7.9152384910200935E-02,
    -3.3110651255796753E-01,
     1.0476236133112016E-01,
     1.4680379929037779E-01,
    -2.4999640998477146E-01,
     2.0973803915116213E-01,
     1.5279209385283282E-01,
     1.9787993359209466E-01,
     2.1694804337955081E-01,
    -1.0762158914255338E-01,
     2.9302712565483824E-01,
    -1.0695472677137330E-01,
    -7.8391228831548643E-02,
    -1.4115678583639102E-01,
    -5.7252921761175024E-04,
    -3.8325484399833865E-01,
     1.8389124641427840E-01,
     1.4592472976277360E-01,
     1.5160894323306384E-01,
     1.8793439587375915E-01,
     1.9566737837136922E-01,
     3.1341380786316686E-01,
     1.8638813020255030E-01,
    -8.1223980091180703E-02,
    -1.8522230576105153E-01,
    -1.7145745367181908E-01
  ],
  "coordination numbers": [
     6.7793376758688630E+00,
     2.9202500529762210E+00,
     9.9327920627910427E-01,
     9.9918605033656060E-01,
     3.0658592899578618E+00,
     3.1823899176428752E+00,
     2.9643853217230305E+00,
     3.1084807256088700E+00,
     3.0667634637571171E+00,
     2.0166207889014842E+00,
     9.9248512714339387E-01,
     9.9218235254484011E-01,
     9.9271375908021664E-01,
     9.9248684606420046E-01,
     9.9905442993072135E-01,
     3.0311885560036940E+00,
     9.9906095294914632E-01,
     1.9166675548286696E+00,
     4.2525243756641391E+00,
     4.0532060485817087E+00,
     2.9300007230872431E+00,
     9.9169543030887120E-01,
     1.0076054319628636E+00,
     1.0080029822755137E+00,
     9.9172931008111309E-01,
     9.9175587046712899E-01,
     9.9471764613526048E-01,
     3.7090097584311188E+00,
     1.0012016898111602E+00,
     1.9745360555307956E+00,
     1.9740984626136910E+00
  ]
}
