{
  "version":  "0.2.0",
  "energy":    -4.4947307148860527E-02,
  "charges": [
     4.5372770865599910E-01,
    -4.9324588197673318E-02,
    -5.0546605016683122E-02,
    -2.2605135481417940E-01,
    -6.3064373573252425E-02,
    -6.4740787054210769E-02
  ],
  "coordination numbers": [
     4.9178891472066475E+00,
     1.7539437408669212E+00,
     1.7549298002181022E+00,
     1.0053910321139643E+00,
     1.7477353050478506E+00,
     1.7515768629277009E+00
  ]
}
