{
  "version":  "0.2.0",
  "energy":    -8.1233594843095211E-02,
  "charges": [
     6.1876216101607606E-01,
    -1.9565334251566657E-01,
    -1.5425401220448243E-01,
    -1.5253100490055432E-01,
    -1.1632380139537274E-01
  ],
  "coordination numbers": [
     3.9553951604436159E+00,
     9.9417499965642797E-01,
     1.1728893005612502E+00,
     1.1733506906621347E+00,
     1.3589965377653721E+00
  ]
}
