{
  "version":  "0.2.0",
  "energy":    -3.2618762994057038E-01,
  "charges": [
     6.7038011910368411E-01,
    -1.2859537501918603E-01,
    -7.2608627143431193E-01,
     2.8283078315744414E-01,
     2.9213002347563022E-01,
     2.8117420671721505E-01,
     8.9516240522262286E-02,
    -3.8914177518635784E-01,
    -1.5089033137013672E-01,
     1.1354029704852878E-01,
    -3.4261903187793119E-01,
     1.2932841686033722E-01,
     1.2502207899522205E-01,
     1.5679761597764363E-01,
    -2.9052789178976252E-01,
     8.2311867592796073E-02,
    -3.0090620605422186E-01,
     7.0366053676157017E-02,
     4.3811559110657483E-02,
    -3.2966186276847942E-01,
     4.9367461912182373E-02,
     6.8211166393808961E-02,
    -3.5431971255987865E-01,
     1.3782517362830538E-01,
     1.4774910629081389E-01,
     1.3734565081141745E-01,
     1.3504063678616005E-01
  ],
  "coordination numbers": [
     6.3542276313779160E+00,
     9.9643567569795088E-01,
     3.9415421522510998E+00,
     1.0325202218871130E+00,
     1.0233840591697021E+00,
     9.9963119910846210E-01,
     1.9876119603755251E+00,
     1.0537265390230752E+00,
     3.9583115348395532E+00,
     2.0461702199432894E+00,
     1.9662051198577357E+00,
     9.9183845126113379E-01,
     9.9191306695114179E-01,
     9.9172465909298424E-01,
     2.0014046341029594E+00,
     2.2801314690923729E+00,
     1.0053722311588684E+00,
     3.0763858865903666E+00,
     3.1529439546193743E+00,
     2.9691444690097537E+00,
     3.1982615923535480E+00,
     3.0762805495543635E+00,
     2.0146677441182472E+00,
     9.9253414511793991E-01,
     9.9244474825253270E-01,
     9.9298500839054338E-01,
     9.9253128154931680E-01
  ]
}
