{
  "version":  "0.2.0",
  "energy":     1.0423756465186329E+00,
  "charges": [
     8.3834000862956892E-01,
     1.0289558498600582E-01,
    -8.8619047140217289E-02,
     1.6428388342876105E-01,
    -3.2806036188485044E-01,
     1.8753666160012386E-01,
     1.8637279510885990E-01,
     1.8375384538057232E-01,
     1.5838547746231468E-01,
     2.5200806096020806E-01,
    -3.7832945661293593E-01,
    -1.6044304741521243E-02,
    -2.4660764066205682E-02,
    -2.7493885284336744E-02,
     3.4194455818636199E-02,
    -3.5854962892060638E-02,
    -1.9783620081234854E-02,
     2.7576595693545897E-01,
    -3.1701464965215664E-01,
    -3.5013374681694864E-01,
     1.9370744845625015E-01,
     1.8827386256540612E-01,
     1.7419983959996976E-01,
     1.6704058213712406E-01,
     1.9281283297589893E-01,
     2.8642350312730919E-01
  ],
  "coordination numbers": [
     4.3141785009404270E+00,
     9.9797474980599343E-01,
     3.9575144678006522E+00,
     2.0389703130164420E+00,
     1.9812470158010997E+00,
     9.9145042421911800E-01,
     9.9147706604712837E-01,
     9.9140680823814176E-01,
     1.0152672864300003E+00,
     2.1967750585125065E+00,
     2.0132411453012971E+00,
     3.0157370292109276E+00,
     3.0096169069576630E+00,
     3.0170916621166173E+00,
     3.0173748027664216E+00,
     3.0151089966909019E+00,
     3.0091622816032251E+00,
     3.1232767661475975E+00,
     1.9943826804426434E+00,
     1.9922515004825616E+00,
     9.9278731057582892E-01,
     9.9297538807531271E-01,
     9.9299707398529424E-01,
     9.9244696424925483E-01,
     9.9296629666596203E-01,
     9.9280293117150897E-01
  ]
}
