{
  "version":  "0.2.0",
  "energy":    -6.1848867302819771E-02,
  "charges": [
     4.0764345201253804E-01,
    -4.0764345201253843E-01
  ],
  "coordination numbers": [
     9.9605604011927440E-01,
     9.9605604011927440E-01
  ]
}
