{
  "version":  "0.2.0",
  "energy":    -9.7571592055721124E-01,
  "charges": [
     6.8710829218220182E-01,
    -2.4963575609803534E-01,
     2.0773968562180545E-01,
    -3.7397682313438474E-01,
    -2.4078896221149282E-01,
    -2.4891631690093496E-01,
     1.1847819498072160E-01,
     1.0135279503433625E-01,
     8.3549549246125093E-02,
     8.6280931771720165E-02,
     1.2278604077286542E-01,
     1.1936586795079385E-01,
     8.3293093044024713E-02,
     1.0063547460367236E-01,
     1.1898205165134748E-01,
    -2.2902015128904929E-01,
     1.3289473268030061E-01,
    -3.9218638540844908E-01,
    -3.7315552967431831E-01,
    -2.3225733556145944E-01,
     2.7482442956785719E-01,
    -2.1530318263259762E-01,
    -2.1897369345915046E-01,
    -1.4908473264785005E-01,
    -1.1005324668289695E-01,
    -1.1214672298744655E-01,
    -8.3864625509658342E-02,
     2.0735248515673099E-02,
    -7.0462394431149905E-02,
    -1.0155625308787991E-01,
     3.0378578660528793E-01,
    -4.0182771059391875E-01,
    -3.4487103532430369E-01,
     9.7748710500260377E-02,
     9.9205245483762305E-02,
     1.3235212888931336E-01,
     1.4698977851422163E-01,
     1.0997282001868450E-01
  ],
  "coordination numbers": [
     6.1873939116893570E+00,
     3.9570964855132136E+00,
     4.3243245978877169E+00,
     1.9755133634300428E+00,
     3.9567633660913177E+00,
     3.9568710031631129E+00,
     9.9475553072769252E-01,
     9.9415739808636250E-01,
     9.9299118962349375E-01,
     9.9343743980836230E-01,
     9.9376499719410205E-01,
     9.9422455248415087E-01,
     9.9309431726024577E-01,
     9.9415538251695512E-01,
     9.9464081274727967E-01,
     1.0096198984888902E+00,
     2.1194197572859697E+00,
     1.9885989848412606E+00,
     1.0041142875301787E+00,
     9.9893744347910829E-01,
     3.9346776526159992E+00,
     9.9908534462517462E-01,
     9.9901054224296892E-01,
     1.0028990550117012E+00,
     3.0130052717754641E+00,
     3.0118993033890717E+00,
     3.0175012453264074E+00,
     3.0155106942993202E+00,
     3.0148333424672957E+00,
     3.0123339694821194E+00,
     3.0880891013123088E+00,
     1.0006960210400111E+00,
     1.9956161101532395E+00,
     9.9268254924484722E-01,
     9.9270642707624468E-01,
     9.9285311160812206E-01,
     9.9286985978490883E-01,
     9.9275826340104523E-01
  ]
}
