{
  "version":  "0.2.0",
  "energy":    -3.1262245814794554E-01,
  "charges": [
     5.6268113499527161E-01,
     3.1413986950056455E-01,
    -6.8846763710411851E-01,
    -4.5523825983436017E-01,
     6.7976196521531773E-01,
    -4.1287707277267532E-01
  ],
  "coordination numbers": [
     4.7954640258213104E+00,
     2.8857221489732350E+00,
     1.9713913095659628E+00,
     2.0000124329491582E+00,
     2.8001787619668281E+00,
     9.9873888368781127E-01
  ]
}
