{
  "version":  "0.2.0",
  "energy":    -7.0350866359596964E-01,
  "charges": [
     2.2768361145219940E-01,
    -1.9431754186619665E-01,
    -7.8279386810632665E-02,
    -1.7134380606269906E-01,
    -7.8374287671267129E-01
  ],
  "coordination numbers": [
     3.6591211061382749E+00,
     8.8060198064086670E-01,
     1.8294032580333210E+00,
     9.2449953872015644E-01,
     1.9623997092565393E+00
  ]
}
