{
  "version":  "0.2.0",
  "energy":    -1.5307522672426379E+00,
  "charges": [
     6.0354896315630668E-01,
    -2.6061129582716919E-01,
     6.0776394432371816E-02,
    -1.3972303467900871E-01,
     6.0566841463321031E-02,
    -3.5833206306003973E-01,
    -2.6092872845000109E-01,
    -3.4774024583435736E-01,
     3.3790747012238165E-02,
     5.8299150865516625E-02,
     5.7123087187657240E-02,
     5.0949361487613122E-02,
     3.3253188352385207E-02,
     5.6801596293874074E-02,
     5.6659322518146982E-02,
    -2.6064783246869705E-01,
    -3.8432890167316214E-02,
    -3.8504831489251301E-01,
     3.2021062810378233E-02,
     1.0720958499884461E-01,
     6.2561233284002260E-02,
     8.5553060550187687E-02,
     4.4879075406605302E-02,
    -3.6786002863900746E-01,
    -1.6215511343334821E-01,
    -1.5889607808789191E-01,
    -8.4784680738609480E-03,
    -3.2282985268236580E-01,
    -7.7191906895950763E-03,
    -1.5842789571033919E-01,
     4.0938494330665848E-02,
     4.4687444098540030E-02,
     1.1741974163924525E-01,
     1.2141118625470332E-01,
     4.5128592637138136E-02,
    -1.3782030239378432E-01,
    -3.9792679369044648E-01
  ],
  "coordination numbers": [
     6.0970210261287097E+00,
     3.9575110136899578E+00,
     3.0557016283166831E+00,
     2.9951705811623173E+00,
     3.0754658288865686E+00,
     1.9512432527919099E+00,
     3.9578154589996286E+00,
     1.9209354147339432E+00,
     9.9157871059557667E-01,
     9.9153086000041046E-01,
     9.9131371681327884E-01,
     9.9271574867082890E-01,
     9.9159066730959911E-01,
     9.9143983659153445E-01,
     9.9149219113225229E-01,
     3.9504029357094881E+00,
     4.1222757726739765E+00,
     1.9778436827944645E+00,
     9.9012785963465078E-01,
     9.9133851732501466E-01,
     9.9085600906520988E-01,
     9.8625947627229849E-01,
     9.8455135302930508E-01,
     9.9477800880241141E-01,
     3.0183816493427953E+00,
     3.0104209070989816E+00,
     3.1081719338506160E+00,
     2.9219137588047719E+00,
     3.1499675532233304E+00,
     3.0105037462968500E+00,
     9.9238904001260408E-01,
     9.9266968610022133E-01,
     9.9114752569678810E-01,
     9.9206293529068379E-01,
     9.9266173167419769E-01,
     1.0266721442357882E+00,
     1.9720236058191736E+00
  ]
}
