{
  "version":  "0.2.0",
  "energy":    -3.5957207954144393E-02,
  "charges": [
     3.4167526479841881E-01,
    -3.4167526479841881E-01
  ],
  "coordination numbers": [
     9.9666446115941376E-01,
     9.9666446115941376E-01
  ]
}
