{
  "version":  "0.2.0",
  "energy":    -7.5030781331875018E-02,
  "charges": [
     5.7946221499978745E-01,
    -2.8979784897827793E-01,
    -2.8966436602150947E-01
  ],
  "coordination numbers": [
     1.9834144778512002E+00,
     9.9222529068224397E-01,
     9.9215928143807641E-01
  ]
}
