{
  "version":  "0.2.0",
  "energy":     2.0969438680487813E+00,
  "charges": [
     9.9970801499502882E-01,
    -5.8873747938315346E-01,
     3.2180804669957874E-02,
     2.8500199811372973E-02,
    -5.7281582759425986E-01,
     3.0412793849537167E-01,
     2.9261318046844587E-01,
     2.1022005908909625E-01,
     1.9887804301098516E-01,
     1.8610328441338483E-01,
     2.1193980682473712E-01,
     3.0911844714541814E-01,
     3.1226079133690848E-01,
     3.2590598158461626E-01,
     2.7172364879512090E-01,
    -4.2339840677647028E-01,
    -1.3405116074549284E-01,
     1.9111239902354266E-01,
    -4.1589455979572798E-01,
    -1.3086133582496468E-01,
    -1.3754423234439439E-01,
     2.0044880168967089E-01,
     1.9147152418137670E-01,
     2.0882519257256679E-01,
     2.0864524988635891E-01,
     1.9538661045455474E-01,
     2.0018561407703564E-01,
     2.0878086543102414E-01,
     1.9007045017315460E-01,
     1.9529223710068319E-01,
    -1.2993159869205972E-01,
     1.6096115761258856E-02,
    -4.0982857636160097E-01,
     2.0497176383031634E-01,
     1.3968147920770482E-01,
     1.4609038876768529E-01,
     2.1521543919128638E-01,
     2.1806894860429649E-01,
     3.2943989692516379E-01
  ],
  "coordination numbers": [
     6.3380002783365725E+00,
     3.9136717844290541E+00,
     4.0541618862215447E+00,
     4.0525367910141856E+00,
     3.9343232804328840E+00,
     9.9811514777776189E-01,
     9.9983353847398515E-01,
     9.9131888671609936E-01,
     9.9119323176274410E-01,
     9.9135039050803364E-01,
     9.9136874291892063E-01,
     1.0024262502647634E+00,
     1.0097585170810950E+00,
     1.0133052936814106E+00,
     2.1804274830705470E+00,
     2.0113572998668143E+00,
     3.9564979262799778E+00,
     4.2162914169294492E+00,
     1.9939079169090510E+00,
     3.9565172995386986E+00,
     3.9565277395833478E+00,
     9.9343667851553086E-01,
     9.9339644694096130E-01,
     9.9537569840254925E-01,
     9.9550043321491444E-01,
     9.9344812627032386E-01,
     9.9343785537183216E-01,
     9.9538622533928400E-01,
     9.9339463268901351E-01,
     9.9344818326402251E-01,
     4.5381104335937668E+00,
     4.1581048275043742E+00,
     2.9430117520304435E+00,
     9.9082293287677636E-01,
     1.0815370273447167E+00,
     1.1104629606660747E+00,
     9.9165895052332598E-01,
     9.9164683655037500E-01,
     9.9451397155328625E-01
  ]
}
