{
  "version":  "0.2.0",
  "energy":    -2.3638798903289432E-01,
  "charges": [
     6.0150914984998327E-01,
     6.5945398555164714E-01,
    -7.0919166255816180E-01,
    -5.5177147284346861E-01
  ],
  "coordination numbers": [
     2.2674193772603930E+00,
     1.2705714847056342E+00,
     1.9957976249102547E+00,
     9.9938314118374549E-01
  ]
}
