{
  "version":  "0.2.0",
  "energy":     1.6351008721843794E+00,
  "charges": [
     7.8374456188732822E-01,
    -7.0548251523791239E-02,
     1.7413509465246002E-01,
    -3.4404301566920326E-01,
     2.0209922683764131E-01,
     2.0123229557884897E-01,
     2.0030527104548726E-01,
     4.2314635641288456E-03,
    -8.6809271392068177E-03,
    -1.7639765293728848E-02,
     4.1665058407431343E-02,
    -2.1089436705063414E-02,
     2.9064269242720653E-04,
     2.8016887468161406E-01,
    -3.2833834034771331E-01,
    -3.4958358813223972E-01,
     2.1484911888789365E-01,
     2.0499665469866615E-01,
     1.8250652615052540E-01,
     1.8160934296197376E-01,
     2.1406984388110820E-01,
     3.0147821711989553E-01,
     1.6895666568248222E-01,
     6.7570570337253111E-03,
     1.0552694785663785E-03,
     9.5209207203165225E-02,
    -3.6930440626159861E-01,
     9.8933409113246773E-02,
    -7.8349191081520386E-03,
     2.1322126938587291E-01,
     2.0560084081323568E-01,
     1.7976720535292995E-01,
     1.5860851885850571E-01,
     2.0157101421153695E-01
  ],
  "coordination numbers": [
     4.9359362728693155E+00,
     3.9565052706480746E+00,
     2.0534361021282921E+00,
     1.9875656927029572E+00,
     9.9101400230926995E-01,
     9.9105852258805882E-01,
     9.9110199117104880E-01,
     3.0156238255192642E+00,
     3.0071102861098771E+00,
     3.0157946735058623E+00,
     3.0154269739293049E+00,
     3.0146354000381850E+00,
     3.0068433424917682E+00,
     3.1605974152981018E+00,
     1.9968160418493444E+00,
     1.9925856892227207E+00,
     9.9264680427467678E-01,
     9.9293351774500227E-01,
     9.9304668247337879E-01,
     9.9247984873987694E-01,
     9.9289412542838651E-01,
     9.9236469585843778E-01,
     9.9847468790810279E-01,
     3.0231411244553072E+00,
     3.0071363713899206E+00,
     3.1837914526503859E+00,
     3.0022345009841667E+00,
     3.6084590184493956E+00,
     3.0054041592273295E+00,
     9.9258287165143066E-01,
     9.9279679346530969E-01,
     9.9262461009946179E-01,
     1.0543211956466640E+00,
     9.9288036918115452E-01
  ]
}
