{
  "version":  "0.2.0",
  "energy":     4.9504451429293461E-01,
  "charges": [
     1.1299078912911615E+00,
    -2.5425791491538230E-01,
    -9.3078888344508892E-02,
     2.1742891196872965E-01
  ],
  "coordination numbers": [
     2.9900868864445087E+00,
     9.9940455629294966E-01,
     9.9883603379948482E-01,
     9.9647974725303623E-01
  ]
}
