{
  "version":  "0.2.0",
  "energy":    -7.3686244953568325E-01,
  "charges": [
     3.5572729642582823E-01,
    -8.2408643283683136E-02,
    -6.0004501919915443E-01,
    -3.3646547931989063E-01,
    -3.3680815462310010E-01
  ],
  "coordination numbers": [
     3.8992860894613477E+00,
     9.3260766481681046E-01,
     9.9503526682822496E-01,
     9.9288956215562241E-01,
     9.9288262812643246E-01
  ]
}
