{
  "version":  "0.2.0",
  "energy":     2.0840160048642828E+00,
  "charges": [
     1.0098623224845586E+00,
    -5.5299416164497317E-01,
     3.7658392941152030E-02,
     7.8113802543915867E-02,
    -4.1281648317841813E-01,
     7.8161565025799074E-02,
     3.7529586813128679E-02,
    -5.5294962607155873E-01,
     3.5928093128822058E-01,
     3.5068894264884420E-01,
     2.4452912652719416E-01,
     1.9209438890726807E-01,
     2.5314557002789750E-01,
     2.5540066804946432E-01,
     3.8792662291539720E-01,
     2.5300104087120201E-01,
     2.5546125085904636E-01,
     2.4459886602190906E-01,
     1.9290132170328644E-01,
     3.5072474777519430E-01,
     3.5861959364430002E-01,
    -6.6399360453099199E-01,
     3.9732484889580899E-01,
     4.2394735037139442E-01,
     4.2178293511096004E-01
  ],
  "coordination numbers": [
     3.1349666231163527E+00,
     3.9354965531044330E+00,
     3.9920998992091548E+00,
     3.9534022331994150E+00,
     2.9835892526577243E+00,
     3.9533874138616376E+00,
     3.9896447309116443E+00,
     3.9351127064227605E+00,
     1.0305740796003251E+00,
     1.0121875948469983E+00,
     9.9129164047069818E-01,
     9.9189216569975258E-01,
     9.9017216135810759E-01,
     9.8739660927797779E-01,
     9.9474268111826980E-01,
     9.9015492901488944E-01,
     9.8739211056118581E-01,
     9.9128324559595526E-01,
     9.9189314208181578E-01,
     1.0119708714866427E+00,
     1.0316009323284199E+00,
     3.9469536483314851E+00,
     1.0011312568532604E+00,
     1.0085636017463839E+00,
     1.0075548954463800E+00
  ]
}
