{
  "version":  "0.2.0",
  "energy":    -8.1697457380891625E-02,
  "charges": [
     1.2204073362284684E-01,
     5.2760326194218998E-01,
    -2.4175295236266930E-01,
    -4.0789104320236758E-01
  ],
  "coordination numbers": [
     2.8765316198670234E+00,
     2.8673924384990697E+00,
     1.9063313724564361E+00,
     1.9460204647589974E+00
  ]
}
