{
  "version":  "0.2.0",
  "energy":    -3.1864605130818213E-01,
  "charges": [
     7.2355708131493690E-01,
    -5.1539799907336326E-01,
     2.7521093263900426E-01,
     2.8630341874766319E-01,
    -6.8906602394875838E-02,
    -1.8064249540347688E-01,
    -1.9288279252907964E-01,
     6.6366600313485305E-02,
     4.8416436348775252E-02,
    -3.0164528516907130E-01,
     5.0876470448109237E-02,
     6.6219858934420187E-02,
    -3.6015982023533738E-01,
     1.3228542300711948E-01,
     1.5104177688699144E-01,
     1.5170468184282876E-01,
     1.3254897693277798E-01,
    -7.1638811366408095E-02,
    -1.8881850555906465E-01,
    -2.2857902756446630E-01,
    -5.0712709192153482E-01,
     2.9226338686541975E-01,
    -7.9090027914043848E-02,
    -7.8836656329004912E-02,
     5.0974513088267559E-02,
    -3.0130100614006244E-01,
     4.9618509655429868E-02,
    -8.0766817700291954E-02,
     1.2517750045564827E-01,
     1.2445322613905964E-01,
     1.5410558256182319E-01,
     1.5159593254867790E-01,
     1.2307263056964314E-01
  ],
  "coordination numbers": [
     7.5312764974286184E+00,
     2.8342868159980341E+00,
     9.9463771899658315E-01,
     1.0279545274082027E+00,
     2.5570341951986988E+00,
     1.9380760694398882E+00,
     1.9208451787785341E+00,
     3.0775876663389869E+00,
     3.0985224596145882E+00,
     2.9239533680029837E+00,
     3.1314685407247120E+00,
     3.0776257373209663E+00,
     2.0143010776653059E+00,
     9.9250119758549982E-01,
     9.9261563657134566E-01,
     9.9262250838584443E-01,
     9.9251790367216941E-01,
     2.3940969249496069E+00,
     1.8908923882081101E+00,
     1.8193711508450656E+00,
     1.9912342322206449E+00,
     1.0035449482281269E+00,
     3.0219266662854256E+00,
     3.0112045026176704E+00,
     3.0977576739492854E+00,
     2.9325602443819410E+00,
     3.1626514467091713E+00,
     3.0112005308512169E+00,
     9.9281294556538935E-01,
     9.9300422430286073E-01,
     9.9271190738343407E-01,
     9.9304742416443847E-01,
     9.9300488961506161E-01
  ]
}
