{
  "version":  "0.2.0",
  "energy":     1.7580617300588837E+00,
  "charges": [
     7.3924825143016237E-01,
    -1.1584466009349679E-02,
     2.3761761552868044E-01,
    -2.5531458114898842E-01,
     2.4546511040410346E-01,
     2.4562452030474474E-01,
     2.4929272840111777E-01,
     3.3129035308752552E-02,
     3.6974138778126925E-01,
    -4.8713140667754895E-03,
     6.9892852111007875E-03,
    -1.1763280794874209E-02,
     2.3657837448004088E-01,
    -2.6082522586190582E-01,
     2.5004820287706819E-01,
     2.4575230083935690E-01,
     2.4440939312240872E-01,
     4.4046266219308738E-01
  ],
  "coordination numbers": [
     5.4741308250469558E+00,
     3.9553560630295106E+00,
     2.0602375254494527E+00,
     1.9901130258934927E+00,
     9.9057589902196330E-01,
     9.9066369688273337E-01,
     9.9061294032701053E-01,
     9.9929178207373681E-01,
     3.5243555375994520E+00,
     1.9470754259723790E+00,
     1.9426155386567832E+00,
     3.9553145955907150E+00,
     2.0633674543815070E+00,
     1.9906193403036747E+00,
     9.9060317502568562E-01,
     9.9058882025341255E-01,
     9.9059057725943855E-01,
     9.9855992636948798E-01
  ]
}
