{
  "version":  "0.2.0",
  "energy":    -1.3201773960693559E-02,
  "charges": [
     2.2294836002998325E-01,
    -7.4337582221979157E-02,
    -7.4284984998479645E-02,
    -7.4325792809524463E-02
  ],
  "coordination numbers": [
     2.9350339946637982E+00,
     9.7982418817934036E-01,
     9.7961529487357790E-01,
     9.7991613806760380E-01
  ]
}
