{
  "version":  "0.2.0",
  "energy":    -9.9699741217976778E-01,
  "charges": [
     7.7622341295193542E-01,
    -3.7711197247195993E-01,
    -7.7962965890431424E-01,
     2.5187932609912522E-01,
     2.3731883110925084E-01,
     2.7105102434416056E-01,
    -1.2457431131846231E-01,
    -1.2703266554130588E-01,
    -9.8131246505144182E-02,
     5.8809726113848992E-03,
    -8.9564275618163061E-02,
    -1.1695638137136538E-01,
     2.8264358852709892E-01,
    -4.3876752912159700E-01,
    -3.9091251388491655E-01,
     8.5188743773864206E-02,
     8.6416423362638189E-02,
     1.2097852031724912E-01,
     1.4799349496949232E-01,
     9.7000667060480217E-02,
    -3.9035973960038034E-01,
     3.3199607243104345E-01,
    -3.8001939608108615E-01,
    -3.8151138713902893E-01
  ],
  "coordination numbers": [
     6.5152738182346219E+00,
     9.8448082205658505E-01,
     3.8979999071439106E+00,
     1.0009618381622163E+00,
     9.9650803568361113E-01,
     1.0783694978646707E+00,
     3.0122148247427498E+00,
     3.0117366850355429E+00,
     3.0173517712250622E+00,
     3.0150528374863796E+00,
     3.0125674110580851E+00,
     3.0130036821688062E+00,
     3.0308411528361328E+00,
     1.0006930796557452E+00,
     1.9889318385596733E+00,
     9.9263797423374722E-01,
     9.9266641869178951E-01,
     9.9283397015956343E-01,
     9.9261754531247615E-01,
     9.9272430962557490E-01,
     1.8861679971912446E+00,
     3.9540557170383597E+00,
     1.9547624545223750E+00,
     1.9201973301812565E+00
  ]
}
