{
  "version":  "0.2.0",
  "energy":    -1.4915189944668511E-01,
  "charges": [
    -1.6156846894902199E-01,
     6.2038667506143841E-01,
    -4.5881820611241642E-01
  ],
  "coordination numbers": [
     1.9695989086561339E+00,
     1.9595321068755043E+00,
     1.9802985168285208E+00
  ]
}
