{
  "version":  "0.2.0",
  "energy":     2.2333055226362514E-01,
  "charges": [
     9.8997488839794945E-01,
     1.9187345323736796E-01,
    -3.8837997745175584E-01,
    -7.4536210456503027E-01,
     3.1142459476306988E-01,
     3.1657296214823716E-01,
     3.0848998918920956E-01,
    -7.5651278977066050E-01,
     3.0086102906700568E-01,
     3.0402721912894831E-01,
     3.0400498241101331E-01,
     2.5445519275233308E-02,
    -1.7496393253565520E-01,
    -1.7848459208366618E-01,
    -7.4158737413641718E-01,
     3.1282421609703098E-01,
     3.0917997600107278E-01,
     3.1061194082704663E-01
  ],
  "coordination numbers": [
     6.4129686796227654E+00,
     1.0945693664002372E+00,
     1.9945379428882388E+00,
     3.9219736306819710E+00,
     1.0157744087110387E+00,
     1.0054552499556451E+00,
     9.9639870209315262E-01,
     3.9142405798039777E+00,
     9.9838433381704839E-01,
     9.9823252979304478E-01,
     9.9902897165486948E-01,
     2.7036336923111168E+00,
     1.9722307855173078E+00,
     1.9746962949950415E+00,
     3.9220244642284889E+00,
     1.0124847000645723E+00,
     9.9915966888531216E-01,
     9.9700685391204580E-01
  ]
}
