{
  "version":  "0.2.0",
  "energy":    -2.2611214732282753E-02,
  "charges": [
     2.4971083970078065E-01,
    -2.4370008042131960E-02,
    -2.2534083165864868E-01
  ],
  "coordination numbers": [
     1.9039961665827905E+00,
     1.8114226336715191E+00,
     1.8630975524450477E+00
  ]
}
