{
  "version":  "0.2.0",
  "energy":    -5.9518836685776261E-02,
  "charges": [
     5.0624284446662471E-01,
    -2.5313725394720193E-01,
    -2.5310559051942272E-01
  ],
  "coordination numbers": [
     1.9956312022239793E+00,
     1.0363084643707507E+00,
     1.0363052945768638E+00
  ]
}
