{
  "version":  "0.2.0",
  "energy":    -1.7929554011083987E-01,
  "charges": [
     9.0390101023603986E-01,
    -4.5241430819355444E-01,
    -4.5148670204248542E-01
  ],
  "coordination numbers": [
     1.9976012394333127E+00,
     9.9929798753760490E-01,
     9.9929100592797226E-01
  ]
}
