{
  "version":  "0.2.0",
  "energy":    -8.0701392584174372E-03,
  "charges": [
     1.7793323554103674E-01,
    -5.9310725341568754E-02,
    -5.9310952190837124E-02,
    -5.9311558008630846E-02
  ],
  "coordination numbers": [
     2.8905983656034957E+00,
     9.6490498729663443E-01,
     9.6490940478618636E-01,
     9.6486920428864753E-01
  ]
}
