{
  "version":  "0.2.0",
  "energy":    -1.3886965665059395E-01,
  "charges": [
    -2.0598727516693752E-01,
     2.4759643921100871E-01,
     2.4757524287055913E-01,
     2.2616474231580272E-01,
    -2.5773645697241854E-01,
    -2.5761269225801448E-01
  ],
  "coordination numbers": [
     4.7934893526372662E+00,
     3.1758378296409848E+00,
     3.1764834951650549E+00,
     2.4281603830299696E+00,
     1.8458453169156535E+00,
     1.8440612736931064E+00
  ]
}
