{
  "version":  "0.2.0",
  "energy":     9.0013978016375806E-01,
  "charges": [
     7.5673881126358822E-01,
     1.8679024997862914E-01,
    -1.8049927349373895E-01,
    -1.8919728912923572E-01,
    -2.3734909334611931E-01,
    -3.1927508888635048E-02,
    -3.7097355597483395E-02,
    -5.0362744194113684E-02,
     2.3602470231319339E-02,
    -3.4701154003361379E-02,
    -3.7800402961415291E-02,
     2.5087375310678739E-01,
    -2.8806481509467363E-01,
    -3.4155243662958473E-01,
     1.7781111840388042E-01,
     1.7509314198077391E-01,
     1.5228593388643644E-01,
     1.7165215931636207E-01,
     1.7503388393583733E-01,
     2.5400645259014593E-01,
    -1.5670325636489046E-01,
    -2.5456238479724447E-02,
    -3.8237024685600690E-01,
     1.4865589725598999E-01,
     1.3754049027152337E-01,
     1.4351496342651038E-01,
     1.5669898546062888E-01,
     1.5803860520972857E-01,
     2.7283859076327771E-01,
    -1.2164374667584688E-01,
     1.1923067115314068E-01,
    -3.4383215080259005E-01,
     1.6162100118525161E-01,
     1.5959059984563140E-01,
     1.6385630568149695E-01,
    -3.3021581596831107E-02,
    -3.8279744609685307E-02,
     6.5131106181409992E-02,
    -3.3438774428643436E-01,
     6.2453573241785576E-02,
    -4.2425551236888182E-02,
     1.7495659348229325E-01,
     1.7034995882691040E-01,
     1.6736115345597968E-01,
     1.5622662433642007E-01,
     1.6471923977551980E-01
  ],
  "coordination numbers": [
     7.5638870677738108E+00,
     3.7484932633804311E+00,
     1.0016231308805263E+00,
     1.9774472460044068E+00,
     1.9717254958074291E+00,
     3.0155721021495285E+00,
     3.0103377731852285E+00,
     3.0141179055703606E+00,
     3.0180378769560274E+00,
     3.0196857229592053E+00,
     3.0105137332725089E+00,
     3.5591804287308122E+00,
     1.9512469314393082E+00,
     2.7301135625936732E+00,
     9.9283109240700362E-01,
     9.9298833309811307E-01,
     9.9247092978751095E-01,
     9.9299729106917933E-01,
     9.9297124328715114E-01,
     9.9279546047805223E-01,
     4.2320438222810264E+00,
     4.0909723476859181E+00,
     2.9458626000425090E+00,
     9.9180941629407737E-01,
     1.0041886344378836E+00,
     1.0335188480931796E+00,
     9.9167962020467915E-01,
     9.9168419262521024E-01,
     1.0168250862975299E+00,
     3.9579688713137298E+00,
     2.0104325081394787E+00,
     1.9254312549063473E+00,
     9.9167176893930531E-01,
     9.9166941591115609E-01,
     9.9167393033804796E-01,
     3.0223438377570799E+00,
     3.0095976763298848E+00,
     3.1878742058291518E+00,
     2.9558026026468989E+00,
     3.1830745938600415E+00,
     3.0094381656472322E+00,
     9.9281542365122544E-01,
     9.9299323697226516E-01,
     9.9308048039463959E-01,
     9.9284996481784127E-01,
     9.9300959815860779E-01
  ]
}
