{
  "version":  "0.2.0",
  "energy":    -1.0610912724744630E+00,
  "charges": [
     8.7525346763593381E-01,
    -1.3070584947183242E-01,
    -1.3115848489760895E-01,
    -1.0406066832412697E-01,
    -3.4952436860294367E-03,
    -1.0527140710547644E-01,
    -1.3176677651451379E-01,
     2.4228652297978642E-01,
    -4.0005803475940899E-01,
    -3.9288474086935399E-01,
     7.8653211143842577E-02,
     8.2053036546313324E-02,
     1.1483166977933616E-01,
     1.1308839116051672E-01,
     8.1502889939366857E-02,
    -6.0248379479470948E-01,
     2.5203106937951703E-01,
     2.7805911275521528E-01,
    -5.8679730560078774E-02,
    -1.6652964616283045E-01,
    -1.5400358856886981E-01,
    -6.0640163028622296E-02,
    -3.0615381740635939E-01,
     1.3279358569706029E-01,
     9.0218247623890024E-02,
     7.6607616371118611E-02,
     7.0958230234463515E-02,
     6.5855478344620286E-02,
     1.3052340920503705E-01,
     8.0782329024599919E-02,
     1.2986272089568213E-01,
    -2.3770581326658091E-01,
    -3.0520663003144141E-02,
    -4.5409927709823872E-01,
     6.4604445057196744E-02,
     1.1783057568454096E-01,
     8.3269883223633337E-02,
     9.9625437084881668E-02,
     7.9535421256475863E-02,
    -3.9982873213637948E-01,
     3.9724542516621164E-01,
    -4.0244556898324657E-01,
    -4.6498017555182908E-01
  ],
  "coordination numbers": [
     7.5797627434650074E+00,
     3.0133013730794405E+00,
     3.0123674423363314E+00,
     3.0160318608011423E+00,
     3.0174163256376128E+00,
     3.0161299690185182E+00,
     3.0123471108008602E+00,
     3.7675544946479915E+00,
     1.9443144266117818E+00,
     1.9173221363010633E+00,
     9.9269961705125809E-01,
     9.9273612334942296E-01,
     9.9288455682076382E-01,
     9.9287882532042904E-01,
     9.9274242730997742E-01,
     2.7883991498612746E+00,
     1.0566556282278317E+00,
     1.2875647907159022E+00,
     4.0695168300430122E+00,
     3.9782063090401172E+00,
     3.9889717160565112E+00,
     4.0146095370253576E+00,
     2.7671567015223131E+00,
     9.9145236952503613E-01,
     9.9184895332609280E-01,
     9.9096671830371008E-01,
     9.9168522983715679E-01,
     9.9164337293407723E-01,
     9.9162788200269247E-01,
     9.9087901038445025E-01,
     9.9166767882880791E-01,
     3.9533260582518475E+00,
     4.0713008620815749E+00,
     1.9838110469362880E+00,
     9.9112759293229402E-01,
     9.9143411841644991E-01,
     9.9123956712652728E-01,
     9.8930889096722385E-01,
     9.8921076252308371E-01,
     1.9779807853251796E+00,
     3.8625036347301798E+00,
     1.9832497442953176E+00,
     9.9911209888694330E-01
  ]
}
