{
  "version":  "0.2.0",
  "energy":    -3.4035834567665940E-01,
  "charges": [
     1.3813003129202372E-01,
     4.1924785049222790E-01,
     8.3671429616245296E-01,
    -9.6855786555449774E-01,
    -4.2553431239220685E-01
  ],
  "coordination numbers": [
     3.8168596634097556E+00,
     2.6924488165059941E+00,
     3.7493068910739584E+00,
     1.9479692634424906E+00,
     2.9451811947117923E+00
  ]
}
