{
  "version":  "0.2.0",
  "energy":    -1.0871946530728249E-01,
  "charges": [
     9.8619859694186351E-02,
     4.7020924550149695E-01,
    -7.8322350836551174E-03,
    -2.4853355051531084E-01,
    -3.1246331959671736E-01
  ],
  "coordination numbers": [
     3.8372520318815457E+00,
     3.0146739732663610E+00,
     2.8270272118012532E+00,
     2.7690930652886765E+00,
     2.7487145833464517E+00
  ]
}
