{
  "version":  "0.2.0",
  "energy":    -8.1210054826056338E-02,
  "charges": [
     6.5401131506162824E-01,
    -2.1816489062511973E-01,
    -2.1783484691640226E-01,
    -2.1801157752010625E-01
  ],
  "coordination numbers": [
     2.9748018868479766E+00,
     9.9317506688210866E-01,
     9.9316149083842653E-01,
     9.9316812519499020E-01
  ]
}
