{
  "version":  "0.2.0",
  "energy":    -3.0826497764240579E-01,
  "charges": [
     9.7522309236126181E-01,
     5.2916653247457246E-01,
    -5.0528435740522859E-01,
    -5.0378318798687249E-01,
    -4.9532207944373319E-01
  ],
  "coordination numbers": [
     3.8034857942881164E+00,
     8.1842953156815135E-01,
     9.9924185485881889E-01,
     9.9924142895282841E-01,
     9.9924197548229898E-01
  ]
}
