{
  "version":  "0.2.0",
  "energy":    -1.3609220724852811E-01,
  "charges": [
     3.9683794890550295E-01,
     1.4244981515309202E-01,
     1.4203325979522222E-01,
    -6.8132102385381721E-01
  ],
  "coordination numbers": [
     2.9600836148745566E+00,
     1.9225937768080241E+00,
     1.9225150615723816E+00,
     9.9938589900849095E-01
  ]
}
