{
  "version":  "0.2.0",
  "energy":    -1.7368396289396506E+00,
  "charges": [
     8.6349457352381709E-01,
    -1.3272612942833445E-01,
    -1.2850460872414904E-01,
    -9.3678730345127526E-02,
     3.6014334877904064E-03,
    -9.7865345783965496E-02,
    -1.3060548604357086E-01,
     2.6529819338321309E-01,
    -3.1921269988005124E-01,
    -3.1643841353634794E-01,
     7.4254470402586661E-02,
     8.2307815977157500E-02,
     1.2851437303904839E-01,
     1.2159725065050681E-01,
     7.9994510615770356E-02,
     2.0559901755377741E-01,
    -3.9383417997960957E-01,
    -2.2792487592902005E-01,
    -3.2320908929259246E-01,
    -2.1296976438336118E-01,
    -5.4943350926855206E-02,
    -3.6367063169625746E-01,
     7.3068252027251923E-02,
     1.1502810385728994E-01,
     1.3752259566577124E-01,
     8.8725840118696844E-02,
     1.2688925556678332E-01,
     2.9829877063001220E-01,
    -2.6463894917993652E-01,
     1.2420953415198707E-01,
    -3.7163859538312605E-01,
    -4.2815386752225759E-01,
     4.3386826706932674E-01,
    -3.2352602356332283E-01,
    -3.3587534548027598E-01,
     1.3353228186562260E-01,
    -3.9387067983441909E-01,
    -2.3806184641580552E-01,
     1.4223455427291282E-01,
    -3.4669048053093660E-01
  ],
  "coordination numbers": [
     7.8929396415984225E+00,
     3.0130161648402689E+00,
     3.0124508867855440E+00,
     3.0158212831398465E+00,
     3.0177545545864124E+00,
     3.0162121051259030E+00,
     3.0124404776600455E+00,
     3.7652051232722066E+00,
     1.9328463335018586E+00,
     1.9293361676136138E+00,
     9.9262880544423915E-01,
     9.9267812552987689E-01,
     9.9285293379371620E-01,
     9.9283237614034370E-01,
     9.9268482689219528E-01,
     3.0244528542335498E+00,
     1.0043034701215330E+00,
     1.9475930940598838E+00,
     1.0025233800857354E+00,
     3.9544518108267859E+00,
     3.9751726738161901E+00,
     2.9060123747665347E+00,
     9.9137586614300321E-01,
     9.9148814410850772E-01,
     9.9187837127697165E-01,
     9.9037669242262272E-01,
     9.9176321943596513E-01,
     1.0260107307750497E+00,
     1.0106374101189353E+00,
     2.0410131885107061E+00,
     1.9940109896320308E+00,
     9.9919138531797991E-01,
     3.8783139864178064E+00,
     1.9844205564233750E+00,
     1.9857890505374947E+00,
     1.6668873519038101E+00,
     9.9941890435767533E-01,
     1.0101170893154299E+00,
     2.0217708954713656E+00,
     1.9794031188552843E+00
  ]
}
