{
  "version":  "0.2.0",
  "energy":    -1.3652113208672934E-01,
  "charges": [
     6.1180485131305962E-01,
    -6.1180485131305962E-01
  ],
  "coordination numbers": [
     9.9939730509558888E-01,
     9.9939730509558888E-01
  ]
}
