{
  "version":  "0.2.0",
  "energy":    -1.2552833197806124E-01,
  "charges": [
     7.3040219765106895E-01,
    -1.8248937566753753E-01,
    -1.8254706457568409E-01,
    -1.8257862685340379E-01,
    -1.8278713055444357E-01
  ],
  "coordination numbers": [
     3.9759652053039281E+00,
     9.9782555067126477E-01,
     9.9784154018230886E-01,
     9.9784126631087844E-01,
     9.9786067351996799E-01
  ]
}
