{
  "version":  "0.2.0",
  "energy":    -1.2528194470734046E+00,
  "charges": [
    -2.0731656576282820E-01,
    -6.3215284898968049E-01,
    -1.1605305852474914E+00
  ],
  "coordination numbers": [
     1.8545414175077237E+00,
     8.5752317439276471E-01,
     9.9779759889976560E-01
  ]
}
