{
  "version":  "0.2.0",
  "energy":    -2.8656871064753342E-02,
  "charges": [
     3.1147144817515815E-01,
    -3.1147144817515815E-01
  ],
  "coordination numbers": [
     9.9523256313733377E-01,
     9.9523256313733377E-01
  ]
}
