{
  "version":  "0.2.0",
  "energy":     1.4803659008584141E-01,
  "charges": [
     7.5525372607046493E-01,
     1.8988176383326522E-01,
    -2.6077708228669705E-01,
    -2.9766888364509325E-01,
    -2.7385280739615614E-01,
    -2.2506028191459526E-01,
     3.7668190878138302E-02,
    -2.2497307950467588E-01,
    -2.2535532326765170E-01,
     1.2147805160082994E-01,
     1.3604329827870140E-01,
     1.1957163820966250E-01,
     1.2075018366544832E-01,
     1.2978350233771896E-01,
     1.2586560280675319E-01,
     1.2089851167453677E-01,
     1.2224698351957279E-01,
     1.3608520478713712E-01,
    -5.9575562910328861E-01,
     3.0985735529748182E-01,
    -5.9288879240766507E-02,
    -3.5656843390508441E-01,
     3.1849803216769723E-01,
    -3.5391133378311423E-01,
    -5.6667206276588999E-02,
    -3.1229733679719218E-01,
    -5.4965124439157076E-02,
     1.2881646984800604E-01,
     1.3381502800260348E-01,
     1.2663455539321813E-01,
     1.3893698050888675E-01,
     1.5355534218022227E-01,
     1.2025394562166142E-01,
     1.4557525530023144E-01,
     1.2775180575190045E-01,
     1.5296928881818869E-01,
    -5.0955448222711267E-02,
    -3.2065437908726602E-01,
     3.2497619535106115E-01,
    -3.2894572943612044E-01,
    -7.3147717697610831E-02,
    -3.3499297093617963E-01,
    -7.3249870253159655E-02,
     1.3718236197282646E-01,
     1.4119101052990277E-01,
     1.3555513245572945E-01,
     1.3012284623738402E-01,
     1.1660964093203159E-01,
     1.3862045814113785E-01,
     1.2759850754595528E-01,
     1.3262571521006972E-01,
     1.2241493226468367E-01
  ],
  "coordination numbers": [
     6.2291651925564002E+00,
     3.6452391912298037E+00,
     1.0015193779044660E+00,
     1.9471203890704345E+00,
     1.9597733134674655E+00,
     3.9564951933187791E+00,
     3.9401302455985956E+00,
     3.9563487977116187E+00,
     3.9564993554921131E+00,
     9.9267667347742172E-01,
     9.9304518128803831E-01,
     9.9309467705297205E-01,
     9.9256067408731052E-01,
     9.9299790121389364E-01,
     9.9335288977899960E-01,
     9.9259570392373764E-01,
     9.9304636724661322E-01,
     9.9319187268695597E-01,
     1.9915396050070946E+00,
     1.0022122114949585E+00,
     4.1427481222125042E+00,
     1.9881359482496386E+00,
     4.4382040772699511E+00,
     1.9888152180515055E+00,
     4.0909460825805786E+00,
     1.9882710064889091E+00,
     4.1381399317796568E+00,
     9.9228256932642545E-01,
     9.9173098621494393E-01,
     9.9181212676733477E-01,
     9.9199985645230715E-01,
     9.9176330426335113E-01,
     9.9214239844123231E-01,
     9.9228528394842730E-01,
     9.9160003923225393E-01,
     9.9167848544105563E-01,
     4.1368292979390819E+00,
     1.9881602286204991E+00,
     4.6241975617529105E+00,
     1.9886497714546927E+00,
     4.2020134606595683E+00,
     1.9885303496147202E+00,
     4.2006538752657683E+00,
     9.9218217185680491E-01,
     9.9174657863953453E-01,
     9.9189683575008925E-01,
     9.9224872129706387E-01,
     9.9126133931927107E-01,
     9.9153895924137814E-01,
     9.9220862328886650E-01,
     9.9162759790532995E-01,
     9.9119352164255670E-01
  ]
}
