{
  "version":  "0.2.0",
  "energy":    -1.6561189207711149E-01,
  "charges": [
    -1.5107196923752519E-01,
     3.9037513301178522E-01,
     3.8894066165648022E-01,
    -1.9951786599360338E-01,
    -2.2780207585363943E-01,
    -2.0092388358349741E-01
  ],
  "coordination numbers": [
     4.7962278177254039E+00,
     1.8811136791150513E+00,
     2.7958782649290113E+00,
     1.8909851371171014E+00,
     1.8810168181663975E+00,
     1.8530120096837441E+00
  ]
}
