{
  "version":  "0.2.0",
  "energy":    -8.3720846586888775E-02,
  "charges": [
    -4.6723324463715499E-01,
     1.6968432078922413E-01,
     1.6787926842871345E-01,
     1.2966965541921735E-01
  ],
  "coordination numbers": [
     1.0896296696716137E+00,
     1.6271634801735573E+00,
     1.7014302442318598E+00,
     2.6378518689481192E+00
  ]
}
