{
  "version":  "0.2.0",
  "energy":    -2.3109629777927254E-01,
  "charges": [
     1.1008228719746762E+00,
    -1.8563335670407294E-01,
    -1.8563378268662079E-01,
    -1.8239739683611558E-01,
    -1.8239719730917017E-01,
    -1.8238048306429450E-01,
    -1.8238065537440215E-01
  ],
  "coordination numbers": [
     5.8721055900108805E+00,
     9.9921328070163895E-01,
     9.9921327426886553E-01,
     9.9916029114521532E-01,
     9.9916029316251276E-01,
     9.9915999684233636E-01,
     9.9915999468286465E-01
  ]
}
