{
  "version":  "0.2.0",
  "energy":    -1.7336566250290226E+00,
  "charges": [
     8.4872355492492169E-01,
     2.0341937294112838E-01,
    -3.9446652098792934E-01,
    -3.0105918834545176E-01,
    -4.3377576818482771E-01,
    -1.3759826711044038E-01,
    -4.2037607349914791E-01,
     6.2994827254342939E-02,
     9.5890439040974551E-02,
     1.1771365701522347E-01,
     2.9016454966204175E-01,
    -3.8597313203530154E-01,
     3.8120883821702611E-01,
    -4.7933643918647889E-01,
    -3.8225905089132844E-01,
    -2.8759622466976792E-01,
     2.1546640391582061E-01,
    -3.9012772147427266E-01,
    -2.7262178500286416E-01,
    -2.5935545578666480E-01,
     8.5788110417546332E-02,
     4.9915980434783763E-02,
     6.8657638689813671E-02,
     5.2712596746731309E-02,
     1.4618517615949495E-01,
     7.2321507393783555E-02,
     5.5919195273998801E-02,
     1.2197305732973368E-01,
     1.3603323208680879E-01,
    -4.9216457274332032E-01,
     3.7889329508149644E-01,
    -3.5839121784648975E-01,
    -3.8888001482138523E-01
  ],
  "coordination numbers": [
     7.5914070285534470E+00,
     3.0077574387494623E+00,
     1.0024992145055265E+00,
     1.8990069350002932E+00,
     1.0025782398544631E+00,
     3.9869797778538416E+00,
     2.8301793628366845E+00,
     9.9010337264775039E-01,
     9.9092384663645028E-01,
     9.9162362595745179E-01,
     1.0143347270739396E+00,
     1.9600755892879134E+00,
     3.8048875176621504E+00,
     9.9910547874592393E-01,
     1.9533940421992302E+00,
     3.9560642708749016E+00,
     4.4076595812303125E+00,
     1.9544684865712139E+00,
     3.9543785151997417E+00,
     3.9575747522766056E+00,
     9.9541210107297928E-01,
     9.9234569498559289E-01,
     9.9356394929059988E-01,
     9.9263975411284999E-01,
     9.9799723152551412E-01,
     9.9389264290492729E-01,
     9.9343717066887294E-01,
     9.9527029115556065E-01,
     9.9564161214722180E-01,
     9.9895076284718876E-01,
     3.7989258754213475E+00,
     1.9528070606348278E+00,
     1.9605656184425637E+00
  ]
}
