{
  "version":  "0.2.0",
  "energy":    -1.3778906686557651E-01,
  "charges": [
     2.8129136945887229E-01,
     1.9654748906808461E-01,
     1.9660638038522321E-01,
    -6.7444523891218011E-01
  ],
  "coordination numbers": [
     2.9182089722534936E+00,
     9.6146133121187916E-01,
     9.6159146317941957E-01,
     9.9938648559769483E-01
  ]
}
