{
  "version":  "0.2.0",
  "energy":    -9.1511390847236262E-01,
  "charges": [
     7.2153824564069224E-01,
    -1.2000801398608751E-01,
    -1.1994030407781109E-01,
    -9.4624859433152686E-02,
     1.7052566051689588E-04,
    -9.5495620002509107E-02,
    -1.2055275770367369E-01,
     2.5265384187668805E-01,
    -3.6213946325653978E-01,
    -3.4976078422334200E-01,
     8.8892188037481723E-02,
     9.2756019854920047E-02,
     1.2409145612939132E-01,
     1.2225784183145308E-01,
     9.2035949940421413E-02,
    -2.1200931324734973E-01,
     1.3806287709861764E-01,
    -3.9712224919516714E-01,
    -2.3538357517278730E-02,
    -3.7597889135577744E-01,
    -1.0799123865355686E-01,
    -1.0953628457559528E-01,
     2.6800233754438740E-02,
    -3.2138204424321953E-01,
     3.5588023890682829E-02,
    -1.0297985731986919E-01,
     9.2628812312118447E-02,
     9.2055928704847190E-02,
     1.3301613307375129E-01,
     1.2396957158688159E-01,
     9.6426877260290256E-02,
    -3.1988448786226020E-01
  ],
  "coordination numbers": [
     6.6145428542381026E+00,
     3.0134439549712173E+00,
     3.0123472766269579E+00,
     3.0158957078624393E+00,
     3.0176717560592055E+00,
     3.0160581845764165E+00,
     3.0123609753944764E+00,
     3.8112396466465928E+00,
     1.9484822659913323E+00,
     1.9548019200552273E+00,
     9.9271810062387011E-01,
     9.9276936196962140E-01,
     9.9288255256886426E-01,
     9.9289837389622893E-01,
     9.9276882281889911E-01,
     1.0106336750762468E+00,
     2.0873412998175294E+00,
     1.9953685441063609E+00,
     1.0545352283434921E+00,
     1.9817655709623532E+00,
     3.0222845113695822E+00,
     3.0113063358775465E+00,
     3.1073543459141311E+00,
     2.8950724635622498E+00,
     3.1913383242147786E+00,
     3.0111458385034595E+00,
     9.9277052706464097E-01,
     9.9297762066574347E-01,
     9.9255059801266476E-01,
     9.9384892826487015E-01,
     9.9306232616100587E-01,
     9.8660023127324692E-01
  ]
}
