{
  "version":  "0.2.0",
  "energy":    -9.6248763296338513E-01,
  "charges": [
     7.1792280013547471E-01,
    -3.2896407628629987E-01,
    -2.5376274621714529E-01,
     8.3603253994923354E-02,
    -2.5019575324928423E-01,
    -2.4686886403695632E-01,
     7.5600644853169821E-02,
     1.0007978038432969E-01,
     9.7439521773823812E-02,
     7.4612529691038099E-02,
     1.0329728421925014E-01,
     1.0097234333148374E-01,
     7.4344208517981722E-02,
     1.1289701306198099E-01,
     1.0542432181454878E-01,
    -1.2951039887677629E-01,
    -1.2963833509674044E-01,
    -1.0457944536092306E-01,
    -9.4467300468637494E-03,
    -1.0824740128493904E-01,
    -1.3118545413011640E-01,
     2.4409268572996023E-01,
    -3.8727494206799090E-01,
    -3.6652946088129157E-01,
     8.0263254478913887E-02,
     8.3903513262908486E-02,
     1.1585420284116073E-01,
     1.1049321733331381E-01,
     8.2431048989914629E-02,
    -5.5494372945739556E-01,
     2.6702320525420370E-01,
    -1.2928330160428431E-01,
    -1.3046361268321222E-01,
    -1.0664517183862891E-01,
    -8.7897171427607640E-03,
    -1.0479154515629413E-01,
    -1.2969707995755259E-01,
     2.4250154384734818E-01,
    -3.6603106504682092E-01,
    -3.7219609112638541E-01,
     8.0425014422956229E-02,
     8.3083852374157913E-02,
     1.1318812330158830E-01,
     1.1570750937210869E-01,
     8.3884048562122296E-02
  ],
  "coordination numbers": [
     7.5899941643909337E+00,
     9.9871517659636222E-01,
     3.9552216288120592E+00,
     3.9542325828103468E+00,
     3.9566120599916905E+00,
     3.9577506527397013E+00,
     9.9161377628944880E-01,
     9.9296170168698161E-01,
     9.9306391738857691E-01,
     9.9177572733670250E-01,
     9.9274995953166467E-01,
     9.9457172829805796E-01,
     9.9174970226201431E-01,
     9.9508408709088325E-01,
     9.9319182489775137E-01,
     3.0130098691735228E+00,
     3.0121756191521110E+00,
     3.0158526665456451E+00,
     3.0163731299376124E+00,
     3.0158470022628174E+00,
     3.0120149085277550E+00,
     3.8206273866866658E+00,
     1.9533959168930650E+00,
     1.9495213325014893E+00,
     9.9268959877072138E-01,
     9.9270963567621973E-01,
     9.9284079233245937E-01,
     9.9282388511893949E-01,
     9.9269507355456366E-01,
     1.9908330007590198E+00,
     1.2241696299969149E+00,
     3.0131026183804615E+00,
     3.0121394197551981E+00,
     3.0157176410701281E+00,
     3.0167679729413139E+00,
     3.0159302315248402E+00,
     3.0121691673268494E+00,
     3.8239419323268296E+00,
     1.9361578481619564E+00,
     1.9647227494602539E+00,
     9.9269136317785200E-01,
     9.9271202791252566E-01,
     9.9280811195228313E-01,
     9.9282962114927908E-01,
     9.9271161167700583E-01
  ]
}
