{
  "version":  "0.2.0",
  "energy":    -1.0901512131418561E-01,
  "charges": [
     5.6453102932011312E-01,
     3.4008885990307859E-02,
     1.4890107129793539E-01,
     2.5657698652316985E-02,
    -5.1887050590200878E-01,
    -2.5422817935866449E-01
  ],
  "coordination numbers": [
     4.5352767545013748E+00,
     1.5730769601885690E+00,
     2.8461063338168877E+00,
     2.8443466581487868E+00,
     9.9937146124371079E-01,
     1.9513425072267783E+00
  ]
}
