{
  "version":  "0.2.0",
  "energy":     2.5273247123692211E-01,
  "charges": [
     3.1465597229791920E-01,
     9.2730836151307805E-01,
    -2.4196433381099725E-01
  ],
  "coordination numbers": [
     9.9941584927401728E-01,
     9.9344284886700329E-01,
     1.9800687062248024E+00
  ]
}
