{
  "version":  "0.2.0",
  "energy":     4.2508893933164282E-01,
  "charges": [
     8.5258539013380430E-01,
     1.8539237304323461E-01,
    -1.3478388258584201E-01,
    -1.6208602754143214E-01,
    -1.6135466968620224E-01,
    -3.4887695340704183E-02,
    -3.8216398743757346E-02,
    -3.2376397206810292E-02,
     3.6816234765622055E-02,
    -3.2206390481974684E-02,
    -3.8169892292521893E-02,
     2.7550572332132572E-01,
    -2.9495190287953366E-01,
    -2.9513529341540151E-01,
     1.7481528852161354E-01,
     1.7496634884731596E-01,
     1.8156465742369185E-01,
     1.8181686476432971E-01,
     1.7504118133340640E-01,
     1.0721511727029290E-01,
     2.3878649066527136E-01,
    -3.6033711991572825E-01
  ],
  "coordination numbers": [
     6.5214106349838179E+00,
     3.7498219515264113E+00,
     1.0013181126930473E+00,
     1.9791305882786636E+00,
     1.9786702064865986E+00,
     3.0155015268674346E+00,
     3.0112459293836027E+00,
     3.0164952879345801E+00,
     3.0215032665507762E+00,
     3.0166889009302977E+00,
     3.0112013157144126E+00,
     3.9133294990667942E+00,
     1.9901637800429004E+00,
     1.9899662645488654E+00,
     9.9282551285411902E-01,
     9.9297970089254406E-01,
     9.9294880565228283E-01,
     9.9294355747887497E-01,
     9.9298122655057330E-01,
     1.0151758552855732E+00,
     2.1497338722655703E+00,
     2.0124029765188203E+00
  ]
}
