{
  "version":  "0.2.0",
  "energy":    -5.6594620145404589E-02,
  "charges": [
     5.1845735593617404E-01,
    -9.7473848998288717E-02,
    -9.8137923864050236E-02,
    -1.2492981249496188E-01,
    -9.8878050806502249E-02,
    -9.9037719772371025E-02
  ],
  "coordination numbers": [
     4.9355767883719075E+00,
     1.1829921787807356E+00,
     1.1802853646009535E+00,
     1.0547341378973298E+00,
     1.1781513144785691E+00,
     1.1793912733406593E+00
  ]
}
