{
  "version":  "0.2.0",
  "energy":    -2.3558920984551437E-02,
  "charges": [
     2.4102754202270038E-01,
    -1.2051383623660050E-01,
    -1.2051370578609955E-01
  ],
  "coordination numbers": [
     1.8575010924442958E+00,
     9.2914673639592404E-01,
     9.2914173552916512E-01
  ]
}
