{
  "version":  "0.2.0",
  "energy":     8.9375418221430447E-01,
  "charges": [
     8.4528070878250561E-01,
    -3.3381574890307286E-01,
     7.2229416226166854E-02,
    -3.3059091657037132E-02,
    -3.1583071224049852E-02,
    -4.8128203710314899E-02,
     1.3537545233304829E-01,
     1.3674555255939874E-01,
    -4.8171971805017255E-02,
    -3.2785501996620170E-02,
    -3.6727543481588354E-02,
     6.9599348473745049E-02,
    -3.4219240005358448E-01,
     1.7027963599141990E-01,
     1.7418927798626566E-01,
     1.7746741855341755E-01,
     1.5045048726298352E-01,
     1.5022008955260047E-01,
     1.7595534865210777E-01,
     1.6956402695139097E-01,
     1.6392134528687696E-01,
    -7.4140297317113213E-01,
     2.9743123388672149E-01,
     2.9835553451386798E-01,
     3.0010789997346426E-01,
    -2.9327104185574632E-02,
    -3.6761663067238853E-02,
    -3.5106654205922780E-02,
     2.9370447740045935E-02,
    -4.8169389029620771E-02,
    -3.4105102632080525E-02,
     2.6660809717639589E-01,
    -3.2286280411850488E-01,
    -4.1591296800795918E-01,
     1.8060604486209525E-01,
     1.7620414126615161E-01,
     1.6815662680829413E-01,
     1.5403856030280000E-01,
     1.7849699968072438E-01,
     2.8021119467160799E-01,
     8.5771818633703922E-03,
    -1.6157313108708060E-01,
    -1.9775674902106735E-01
  ],
  "coordination numbers": [
     7.0095277295663383E+00,
     2.9869488311476582E+00,
     3.1844300360588429E+00,
     3.0094747749159287E+00,
     3.0210552376543918E+00,
     3.0129524468809450E+00,
     3.2005034050934356E+00,
     3.2085790767492881E+00,
     3.0127898625847189E+00,
     3.0217734101468450E+00,
     3.0091142928534138E+00,
     3.2209906499787975E+00,
     2.9930699349877417E+00,
     9.9269813639943383E-01,
     9.9302010561887144E-01,
     9.9280413442660187E-01,
     9.9321567815830392E-01,
     9.9321904711154474E-01,
     9.9283884636154518E-01,
     9.9303895111217777E-01,
     9.9273862914107180E-01,
     3.9331125137666092E+00,
     9.9938291616343644E-01,
     1.0071064149362421E+00,
     9.9886095719223711E-01,
     3.0155472948570452E+00,
     3.0104526527838082E+00,
     3.0184923538168738E+00,
     3.0175475038990767E+00,
     3.0147839710301119E+00,
     3.0101787709055561E+00,
     3.2238306889454407E+00,
     1.9827453383101217E+00,
     2.0067642449316088E+00,
     9.9281732462124328E-01,
     9.9296349032531772E-01,
     9.9305021431046647E-01,
     9.9245058980576673E-01,
     9.9297044089956454E-01,
     9.9290922895539691E-01,
     2.7409234972976577E+00,
     1.9809586589551609E+00,
     1.9787798411017752E+00
  ]
}
