{
  "version":  "0.2.0",
  "energy":    -3.7561254939838334E-02,
  "charges": [
     4.2213862901118004E-01,
    -5.0025239024945711E-02,
    -4.9712233904973757E-02,
    -2.2247532898553968E-01,
    -4.9534597860171961E-02,
    -5.0391229235548965E-02
  ],
  "coordination numbers": [
     4.8838632620083171E+00,
     1.7475000697390559E+00,
     1.7469106106883938E+00,
     9.9587082111771874E-01,
     1.7470022648404893E+00,
     1.7474124716309110E+00
  ]
}
