{
  "version":  "0.2.0",
  "energy":    -1.1820850868986661E+00,
  "charges": [
     6.2070745727303134E-01,
    -3.0148085569529731E-01,
     2.4949395659826012E-02,
    -1.1363518833938230E-01,
    -1.1600683276799528E-01,
    -1.0968549581854209E-01,
     1.2253215374852630E-01,
     1.2523983534306099E-01,
    -1.0704359019143128E-01,
    -1.1317004757554813E-01,
    -1.0555367837815524E-01,
     2.8260843436159394E-02,
    -3.0564448439475173E-01,
     1.1914399557064259E-01,
     8.8573560974409132E-02,
     8.9286040927917074E-02,
     8.9650873813987800E-02,
     9.1441352697325617E-02,
     9.2008217861317076E-02,
     1.0163200626929780E-01,
     1.3550629078764170E-01,
    -1.2268538636622955E-01,
    -1.2570094379141272E-01,
    -9.7366702192509910E-02,
     6.4120281826680892E-03,
    -9.1909568216586496E-02,
    -1.1794542699988772E-01,
     2.7436928641272940E-01,
    -4.9642563211640117E-01,
    -3.4917486822960231E-01,
     8.7496593209804713E-02,
     8.9136737416564277E-02,
     1.2252140968520009E-01,
     1.3572801327354295E-01,
     9.5596931951150516E-02,
    -4.7553628399806952E-02,
    -3.5656603283660526E-01,
     3.3683038990124314E-02,
     2.3902603140773346E-02,
    -3.2294719517321213E-01,
     2.2347720963911945E-02,
     3.2767536460647173E-02,
    -4.0889701345579937E-01,
     9.6759714346386513E-02,
     1.4056303466375913E-01,
     1.1834138428329843E-01,
     9.5207967115624959E-02,
    -1.1880282386095035E-01,
    -3.9284539713361666E-01,
     9.1828929749169300E-02,
     1.0291264801243383E-01,
     1.3416040554177305E-01,
     2.9561395780540739E-01,
    -1.5988983351539446E-01,
     1.3489985839309762E-01,
    -4.5863573050344097E-01,
    -8.3552682746813578E-01,
     2.5255366798124662E-01,
     2.8628327987530677E-01,
     2.9926751744477947E-01,
    -5.9999018556646612E-02,
    -1.6337446686619214E-01,
    -1.6420553804779447E-01,
    -5.8461185945089422E-02,
    -2.4971710498780555E-01,
     1.1635790961490747E-01,
     9.5156052228387925E-02,
     7.4930397809598898E-02,
     9.3783527568521971E-02,
     7.4724737589994858E-02,
     9.0126136049983985E-02,
     9.5774597960901542E-02,
     1.2871084973938346E-01
  ],
  "coordination numbers": [
     7.4938656554566538E+00,
     2.9446714649707850E+00,
     3.1479554038697568E+00,
     3.0115557962201445E+00,
     3.0212328126870602E+00,
     3.0151548750300110E+00,
     3.1750076667915836E+00,
     3.2056824724439466E+00,
     3.0147801381457233E+00,
     3.0222034819209318E+00,
     3.0109829532118830E+00,
     3.1785000565807122E+00,
     2.9291077798852871E+00,
     9.9235879922521253E-01,
     9.9295645912677521E-01,
     9.9277267169523675E-01,
     9.9311828236561794E-01,
     9.9315485553899308E-01,
     9.9279543544422566E-01,
     9.9295472717474542E-01,
     9.9261067861868035E-01,
     3.0125752019896179E+00,
     3.0116793556061587E+00,
     3.0153206457134631E+00,
     3.0165527560166732E+00,
     3.0144961451706900E+00,
     3.0122466444086351E+00,
     3.1384294086238667E+00,
     1.0035166425885320E+00,
     1.9629807195335918E+00,
     9.9264605150965490E-01,
     9.9267627436385109E-01,
     9.9282241155124318E-01,
     9.9262003501626506E-01,
     9.9274255074764284E-01,
     1.0234909781279828E+00,
     1.9676513356597800E+00,
     3.0808329262261784E+00,
     3.1179913650249995E+00,
     2.9120682513313962E+00,
     3.1329547565443825E+00,
     3.0805594716872040E+00,
     2.0130981523711773E+00,
     9.9237700516816041E-01,
     9.9153178724457902E-01,
     9.9263016675861060E-01,
     9.9238038930491435E-01,
     4.0042684141496014E+00,
     2.9202660215257970E+00,
     9.9058165302828804E-01,
     9.9055709079089027E-01,
     9.9175999514527113E-01,
     1.0287462386798500E+00,
     1.9112395944977338E+00,
     2.0269850707372514E+00,
     1.0065704472160633E+00,
     2.9847474016571329E+00,
     9.9622995474073672E-01,
     9.9594918661357124E-01,
     9.9573974311008673E-01,
     4.1031076799832231E+00,
     3.9693335784427948E+00,
     3.9706326618940775E+00,
     4.0975456994735309E+00,
     2.9005341194781087E+00,
     9.9223324152088388E-01,
     9.9020200584847640E-01,
     9.9169863494285515E-01,
     9.9160682418534396E-01,
     9.9167183551966342E-01,
     9.9168990815910885E-01,
     9.9058649520356745E-01,
     9.9224112070692794E-01
  ]
}
