{
  "version":  "0.2.0",
  "energy":     9.7789579250720704E-01,
  "charges": [
     4.7357406532618418E-01,
     1.2515104287640564E+00,
     1.7618586847183626E-01,
    -7.6451797667699717E-02,
     1.7518143510562290E-01
  ],
  "coordination numbers": [
     3.0877556963149759E+00,
     2.1547874979128068E+00,
     1.8469402585466677E+00,
     1.9425723470196967E+00,
     9.7375077237382524E-01
  ]
}
