{
  "version":  "0.2.0",
  "energy":    -1.8589185038548095E-01,
  "charges": [
     8.9307980922982155E-01,
    -2.9656960260771276E-01,
    -2.9898940433619309E-01,
    -2.9752080228591571E-01
  ],
  "coordination numbers": [
     2.9911981357245248E+00,
     9.9865431515432057E-01,
     9.9857487669356271E-01,
     9.9860662728651306E-01
  ]
}
