{
  "version":  "0.2.0",
  "energy":     3.9983662382749896E-01,
  "charges": [
     3.8173118587623600E-01,
    -2.9999364799077277E-01,
     9.1826246211453677E-01
  ],
  "coordination numbers": [
     1.9260588383396966E+00,
     1.9764445015456547E+00,
     1.9121888338198980E+00
  ]
}
