{
  "version":  "0.2.0",
  "energy":     2.0793310663317022E-02,
  "charges": [
     8.0096001801115679E-01,
    -3.0397230114415646E-01,
     4.9039616846134532E-02,
    -7.3929660701993000E-02,
    -6.8653523146541467E-02,
    -7.3166131635603454E-02,
     1.2776302429457403E-01,
     1.2596361121597283E-01,
    -7.3767297731449299E-02,
    -6.7284630828375214E-02,
    -6.9598849920684311E-02,
     5.3418331076586500E-02,
    -3.0120410435100509E-01,
     1.4798701580567380E-01,
     1.3201669390677812E-01,
     1.4011727132752455E-01,
     1.2492044364721001E-01,
     1.2472769227698502E-01,
     1.4125546132581870E-01,
     1.3646042181103346E-01,
     1.5032854082171429E-01,
     1.8752476072808871E-01,
    -2.7284569336540088E-01,
    -2.3967529723662512E-01,
    -2.4134349862397625E-01,
    -9.2142297138339893E-02,
    -4.0214940576418612E-01,
     1.2434356320364179E-01,
     1.3843299927331615E-01,
     1.4675941221632685E-01,
     2.3698907673981401E-01,
    -5.9862808033033968E-02,
    -3.4622110605238549E-01,
     3.4930445101710172E-01,
    -2.8878286566362421E-01,
    -4.4738333453672174E-02,
    -3.2677801860150402E-01,
    -5.6876320796663465E-02,
     1.2747867899412496E-01,
     1.4443660303497213E-01,
     1.4329489363161513E-01,
     1.4928408212425587E-01,
     1.3824424046387690E-01,
     1.3613920808999888E-01,
     1.3398171278256293E-01,
     1.4738402157950853E-01,
     1.3830029336655336E-01,
     1.1623698619370723E-01,
    -3.1924759399304564E-01,
    -5.9705414929222794E-02,
    -5.9150407002715247E-02,
    -5.1281248528054928E-02,
     3.4521951714544211E-02,
    -5.5887642801600856E-02,
    -6.7414991630196958E-02,
     2.9918618638786337E-01,
    -4.2856861713490280E-01,
    -3.3205580327095230E-01,
     1.4537714296365800E-01,
     1.5029056336572794E-01,
     1.7082527396377717E-01,
     1.5372668694580272E-01,
     1.4244346166902894E-01,
    -7.3048470452257774E-01,
     2.9927013151694087E-01,
     3.2395888552466384E-01,
     2.7316853106546934E-01,
    -6.2017396846431663E-02,
     1.6221342212677026E-01,
    -3.9926939820195345E-01
  ],
  "coordination numbers": [
     7.9587854933909377E+00,
     2.9152666171033506E+00,
     3.1364709663875727E+00,
     3.0116460919659680E+00,
     3.0213608725700478E+00,
     3.0159395827527629E+00,
     3.1137523065347610E+00,
     3.1142830460777553E+00,
     3.0156450913272845E+00,
     3.0214415734356370E+00,
     3.0114618422738149E+00,
     3.1417553275878323E+00,
     2.9202785033725087E+00,
     9.9302815065184191E-01,
     9.9305348046437381E-01,
     9.9290639272361680E-01,
     9.9329810225672510E-01,
     9.9330343540514221E-01,
     9.9290801547205465E-01,
     9.9305942531843883E-01,
     9.9322538378329650E-01,
     3.6567213573725432E+00,
     1.0016567643094092E+00,
     1.9667550653998767E+00,
     1.9361780659158834E+00,
     4.0090495074251731E+00,
     2.9197822595086542E+00,
     9.9187441846901958E-01,
     9.9177751121194913E-01,
     9.9233329883204391E-01,
     1.0119425895950203E+00,
     4.1737494789270828E+00,
     1.9884038593779776E+00,
     4.4476902501487867E+00,
     1.9888581988219389E+00,
     4.1398471973839861E+00,
     1.9885204934108023E+00,
     4.0914087575287628E+00,
     9.9204710656628148E-01,
     9.9118232162405651E-01,
     9.9163901951728306E-01,
     9.9214842766182709E-01,
     9.9191044604185308E-01,
     9.9157810754577635E-01,
     9.9216194892867549E-01,
     9.9184146919860439E-01,
     9.9200371321006653E-01,
     9.9940272728731738E-01,
     9.9940272451241619E-01,
     3.0139248706496335E+00,
     3.0121031367909561E+00,
     3.0152572205989125E+00,
     3.0185059182555118E+00,
     3.0173578610705496E+00,
     3.0123160615313038E+00,
     3.1213889663151981E+00,
     1.0008037274828663E+00,
     1.9945826223223992E+00,
     9.9283576451461286E-01,
     9.9287174953193791E-01,
     9.9300004578696921E-01,
     9.9287120238592408E-01,
     9.9287809716525288E-01,
     3.9032599206965672E+00,
     1.0039010192802245E+00,
     1.0029567873875944E+00,
     9.9793564233512377E-01,
     1.8871256714339566E+00,
     2.8596773994955607E+00,
     1.7690545437189540E+00
  ]
}
