{
  "version":  "0.2.0",
  "energy":     1.7275301934069658E+00,
  "charges": [
     2.0806457235862466E+00,
     9.1935427641375345E-01
  ],
  "coordination numbers": [
     9.9935700849033271E-01,
     9.9935700849033271E-01
  ]
}
