{
  "version":  "0.2.0",
  "energy":    -5.3591169918418363E-02,
  "charges": [
     3.7637494180737674E-01,
    -3.6816660010038804E-02,
     1.6004425360091626E-01,
    -2.7534059638117664E-01,
    -2.2426193901707758E-01
  ],
  "coordination numbers": [
     3.8437038318871632E+00,
     9.7104539478345586E-01,
     2.9322391668333587E+00,
     1.9782892540389199E+00,
     1.9497747439068647E+00
  ]
}
