{
  "version":  "0.2.0",
  "energy":     3.4096024186524737E-01,
  "charges": [
     8.1120322292537250E-01,
    -3.4315441250945031E-02,
    -4.0545165830084506E-01,
     1.4613712512684424E-01,
     1.4987555890232790E-01,
     1.4263678641075028E-01,
    -5.7231387184125071E-01,
     2.9535285198959632E-01,
     3.0559804561907400E-01,
    -2.0613491911502752E-01,
     5.7205700927690409E-02,
    -2.0335457646165983E-01,
    -2.1090650767227695E-01,
     1.3450883989383122E-01,
     1.3579988598765258E-01,
     1.4782642073574032E-01,
     1.3459572567562886E-01,
     1.4963828879386820E-01,
     1.3824445630729232E-01,
     1.3400394421790607E-01,
     1.3592987168824783E-01,
     1.3377237846952103E-01,
    -2.9388325125502390E-01,
     4.6088293503736782E-01,
    -3.4438176312708990E-01,
    -3.4247004968459288E-01
  ],
  "coordination numbers": [
     6.7356560031355075E+00,
     4.0802590795312703E+00,
     1.9908417673536043E+00,
     9.9174179124429518E-01,
     9.9155980509187991E-01,
     9.9165614728960438E-01,
     2.9491218084770665E+00,
     9.9431561310268179E-01,
     1.1623063104815410E+00,
     3.9578307527591630E+00,
     3.9505080633019709E+00,
     3.9576932646171734E+00,
     3.9567342277974040E+00,
     9.9272047743707947E-01,
     9.9297171484912816E-01,
     9.9333068769764932E-01,
     9.9267991656899568E-01,
     9.9336469180712683E-01,
     9.9319919785676003E-01,
     9.9269408460008712E-01,
     9.9307803487306145E-01,
     9.9316736630865243E-01,
     1.9880995003044424E+00,
     3.9658853964510037E+00,
     1.9902788968858047E+00,
     1.8478508962455020E+00
  ]
}
