{
  "version":  "0.2.0",
  "energy":    -1.0092578176241334E+00,
  "charges": [
    -1.4990892810377334E+00,
    -5.0091071896226658E-01
  ],
  "coordination numbers": [
     5.5570568707635370E-01,
     5.5570568707635370E-01
  ]
}
