{
  "version":  "0.2.0",
  "energy":     2.4081084587715756E-01,
  "charges": [
     8.6060063591472780E-01,
     1.1482125787749988E-02,
     2.6821758901261794E-01,
    -3.2766444760786251E-01,
    -3.0367219232921161E-01,
    -5.7689259403290116E-01,
     1.4445314920755800E-01,
     1.4562112272556718E-01,
     2.7028419299687856E-01,
     2.6908346065710109E-01,
    -5.7579530754972474E-01,
    -1.5984504552387258E-02,
    -1.3496847811752116E-02,
    -5.7885194465317946E-01,
     2.6651238147302891E-01,
     2.6275851100004294E-01,
     1.2935238854520567E-01,
     1.4379191622069579E-01,
     1.4120939556845166E-01,
     1.3061335475030517E-01,
     2.6920284079728835E-01,
     2.7127984371984570E-01,
    -3.2674946656872830E-02,
     1.9230381238271860E-01,
    -4.0276969700092752E-01,
    -1.3873543787743542E-01,
     1.0964504378106801E-01,
    -3.6301621272765716E-01,
     1.4647789257081781E-01,
     1.4908721240899445E-01,
     1.4757726327924831E-01
  ],
  "coordination numbers": [
     7.4315744049706121E+00,
     4.0916305663531913E+00,
     3.9968569584617306E+00,
     1.9676135495645815E+00,
     1.9599870055964361E+00,
     3.8580077209873371E+00,
     9.9221578128245547E-01,
     9.9225243411892183E-01,
     9.9680525193000769E-01,
     9.9643296242022217E-01,
     3.9253326781878695E+00,
     4.0915800645024758E+00,
     4.0831758707588968E+00,
     3.9394411398214810E+00,
     1.0041376349277860E+00,
     1.0015194955415545E+00,
     9.9138938895889872E-01,
     9.9137689257647565E-01,
     9.9131322939291611E-01,
     9.9135423153309610E-01,
     1.0065958634772683E+00,
     1.0231315553207390E+00,
     1.0122980848577745E+00,
     2.1929154436553953E+00,
     2.0063118847584027E+00,
     3.9581455683899236E+00,
     2.0205347338122799E+00,
     1.9572467295768590E+00,
     9.9159132853473686E-01,
     9.9181871982541914E-01,
     9.9180995539124872E-01
  ]
}
