{
  "version":  "0.2.0",
  "energy":     5.5338656200794278E-01,
  "charges": [
     5.8737078240050178E-01,
     4.0511798166899177E-02,
     4.0169436637900813E-01,
    -2.9576946946409138E-02
  ],
  "coordination numbers": [
     2.8804487197812714E+00,
     1.5754658296563973E+00,
     2.4798409020867780E+00,
     1.8376176618903131E+00
  ]
}
