{
  "version":  "0.2.0",
  "energy":    -2.7137952403850224E-03,
  "charges": [
     8.9013268439128795E-02,
    -4.4506590374636300E-02,
    -4.4506678064492489E-02
  ],
  "coordination numbers": [
     1.9213630314819650E+00,
     9.6111305302279426E-01,
     9.6112414609060703E-01
  ]
}
