{
  "version":  "0.2.0",
  "energy":    -6.5841281126271312E-01,
  "charges": [
     1.6941639338143166E-01,
    -2.5892660470224438E-01,
    -9.1048978867918728E-01
  ],
  "coordination numbers": [
     1.9892940162109785E+00,
     9.9611503035442794E-01,
     9.9416844248361258E-01
  ]
}
