{
  "version":  "0.2.0",
  "energy":     2.3200369907974500E-01,
  "charges": [
     7.0049772865665216E-01,
    -1.3125159526177299E-03,
     2.8162443051382224E-01,
    -3.8820803440241425E-01,
    -3.5740347825789798E-01,
    -5.7407784242390014E-01,
     1.2568742984384645E-01,
     1.2007704670071224E-01,
     2.5064925382406766E-01,
     2.4376966440453118E-01,
    -1.7992897940633237E-01,
     9.3042957589386688E-02,
    -8.3153552006456147E-02,
     9.2379566908046690E-02,
    -3.1685382374377774E-01,
    -1.7641547129439381E-01,
    -3.5102105724662014E-01,
     1.1382215267160414E-01,
     1.2181243399716141E-01,
     1.2477271516291154E-01,
     1.1443093396428947E-01,
     1.1408129251946110E-01,
     1.3025974926591363E-01,
     1.2533655594506979E-01,
    -2.1601035557486883E-01,
     7.3458233328348471E-02,
    -2.2187355856513033E-01,
    -2.1802695935790456E-01,
     1.1912349903753136E-01,
     1.4058795371040392E-01,
     1.2125330847391300E-01,
     1.1585902342087358E-01,
     1.2263973004069789E-01,
     1.2195340016575859E-01,
     1.1843789974413904E-01,
     1.2126442109346529E-01,
     1.4239579645736108E-01,
    -1.7014752360081267E-01,
     7.0437003391080485E-02,
    -3.8955795941547394E-01,
     1.2217006175457640E-01,
     1.2761207604845393E-01,
     1.2130430907578864E-01,
    -1.9547632891806077E-01,
    -5.1085314275176499E-02,
    -3.9122127009466046E-01,
     1.1877659984788547E-01,
     1.2432810074749752E-01,
     1.3211409185948625E-01,
     1.2264332546512804E-01,
     1.4594084040253585E-01,
     2.4723043850409701E-01
  ],
  "coordination numbers": [
     6.9691096672158350E+00,
     4.0839691131137901E+00,
     3.2571999554410391E+00,
     1.0004053817289966E+00,
     1.9869959476815557E+00,
     3.9058475231729437E+00,
     9.9147265262112327E-01,
     9.9147012628426978E-01,
     1.0036133365782289E+00,
     9.9683686649103631E-01,
     3.9606884720796609E+00,
     3.1330997294355960E+00,
     3.0000375477064702E+00,
     3.1065738978502440E+00,
     1.9721752308584897E+00,
     3.9606193506410756E+00,
     1.9853948294668049E+00,
     9.9231893396596771E-01,
     9.9151443096285785E-01,
     9.9152649076842447E-01,
     9.9321394026109555E-01,
     9.9229986178482665E-01,
     9.9153398070100529E-01,
     9.9153895234254019E-01,
     3.9563996709208311E+00,
     3.9319310078304737E+00,
     3.9561662649312472E+00,
     3.9564094742388445E+00,
     9.9242226876048978E-01,
     9.9400418044440642E-01,
     9.9279667135022009E-01,
     9.9233476228557560E-01,
     9.9280980481176417E-01,
     9.9304832719979785E-01,
     9.9249425984664974E-01,
     9.9299213364492989E-01,
     9.9279427896401984E-01,
     3.9582788916912772E+00,
     2.0021702492389926E+00,
     1.9288309324089781E+00,
     9.9180209815513365E-01,
     9.9180530158219149E-01,
     9.9180786949164279E-01,
     3.9549007363257402E+00,
     3.9769059597059453E+00,
     2.9215537387850592E+00,
     9.9175386425567158E-01,
     9.9143462923252468E-01,
     9.9164283171420742E-01,
     9.9140317382083332E-01,
     9.9183584252978996E-01,
     1.0028392775174932E+00
  ]
}
