{
  "version":  "0.2.0",
  "energy":    -2.3637621194992615E+00,
  "charges": [
     8.0751512282704607E-01,
    -1.7619018499002426E-01,
    -1.7937448976017545E-01,
    -1.3592467253756169E-01,
    -9.4953121511175409E-03,
    -1.1351615086980538E-01,
    -1.5753530287364198E-01,
     2.6442321455576678E-01,
    -3.7861864070943552E-01,
    -5.1771879302590196E-01,
     3.2488380689713714E-02,
     3.2967816430633845E-02,
     8.5846274492609342E-02,
     1.4780765293642509E-01,
     5.6650449635461314E-02,
    -3.8129892467201087E-01,
    -3.7215122652376353E-01,
    -1.7501764850869206E-01,
    -1.5560489932839794E-01,
    -1.1269630335802683E-01,
    -9.6380535053619543E-03,
    -1.3660554882584752E-01,
    -1.7929402551159773E-01,
     2.6377089079824556E-01,
    -5.1776432672403994E-01,
    -3.7745373777683883E-01,
     3.3531122663111701E-02,
     6.0934104421866170E-02,
     1.3771198258598824E-01,
     8.5042406673642379E-02,
     3.3056508004065344E-02,
    -4.0178301408236761E-01,
     3.5644689322541645E-01,
    -5.1007977333174293E-01,
    -4.0043179087363800E-01
  ],
  "coordination numbers": [
     6.3047311717613415E+00,
     3.0095398614556714E+00,
     3.0098607131189263E+00,
     3.0154348948537590E+00,
     3.0108451333981954E+00,
     3.0080968790865015E+00,
     3.0129167783049615E+00,
     2.9931367408893781E+00,
     1.8952637562072860E+00,
     1.0006921406703295E+00,
     9.9220772433879212E-01,
     9.9217724968075505E-01,
     9.9263229286126009E-01,
     9.9053106873648211E-01,
     9.9240362756099554E-01,
     9.9074568392389750E-01,
     9.9441310265920713E-01,
     3.0102377913879081E+00,
     3.0128495090312351E+00,
     3.0094955381265498E+00,
     3.0124500513547510E+00,
     3.0155683764401369E+00,
     3.0099115675225505E+00,
     2.9966920930094689E+00,
     1.0006535498662954E+00,
     1.9224233275922371E+00,
     9.9226251587456815E-01,
     9.9253649325750892E-01,
     9.9120934501289248E-01,
     9.9259394981909654E-01,
     9.9218079049494357E-01,
     1.9392012986935150E+00,
     3.7719561442211109E+00,
     9.9904133694237629E-01,
     1.9530349662757267E+00
  ]
}
