{
  "version":  "0.2.0",
  "energy":     9.0494583627119085E-01,
  "charges": [
     7.7109776857747825E-01,
    -1.4383921604360267E-01,
    -2.5530458778816878E-02,
    -4.0710563388728177E-01,
     1.6925385236917362E-01,
     1.6809904696894051E-01,
     1.8111942260157726E-01,
     1.6046865591189466E-01,
     1.5879506692170864E-01,
     2.6790047564642283E-01,
     1.0920873967836950E-01,
     6.2581513930064406E-02,
    -3.6009054186873729E-01,
     6.8949940313348723E-02,
     1.1420677406883856E-01,
    -2.8770720388806170E-01,
     1.8182248843762888E-01,
     1.3991767394727650E-01,
     1.4994764442085948E-01,
     1.8504971047357688E-01,
    -2.4260605155454140E-02,
    -3.0758103454925895E-01,
     3.1609619378996168E-01,
    -2.8543158314287315E-01,
    -6.2191914979411733E-02,
    -2.9228798639764780E-01,
    -2.4236179414082404E-02,
     1.7123939110793868E-01,
     1.7743761359985338E-01,
     1.6261596019153898E-01,
     1.5568975868149620E-01,
     1.6537891188170306E-01,
     1.6672975705670953E-01,
     1.7656097308196769E-01,
     1.7163391872265474E-01,
     1.5720706901044457E-01,
     1.8268740246388029E-01,
    -2.0969752750545584E-01,
    -2.6300729620515051E-01,
    -1.8561213021794040E-01,
    -1.3116411821532472E-02
  ],
  "coordination numbers": [
     7.3813211056054167E+00,
     3.9554344710969396E+00,
     4.0170846704528387E+00,
     2.9527497514557801E+00,
     9.9165334120966264E-01,
     9.9155680570586657E-01,
     9.9172935169408571E-01,
     9.9174474942012125E-01,
     9.9185081744081494E-01,
     1.0293765675748574E+00,
     3.0656619057195087E+00,
     3.2424003752028421E+00,
     2.9890950100387785E+00,
     3.1876481457374117E+00,
     3.0660495707601871E+00,
     2.0166441727947326E+00,
     9.9247742201439682E-01,
     9.9270245708352611E-01,
     9.9271069106062448E-01,
     9.9248660228814778E-01,
     4.1140003497916613E+00,
     1.9865021342063196E+00,
     4.2525068831827770E+00,
     2.9617791037562657E+00,
     4.0409311399904144E+00,
     1.9858375191643010E+00,
     4.0719972869151917E+00,
     9.9209479807162371E-01,
     9.9231205012323720E-01,
     9.9168015099906892E-01,
     9.9209025529246109E-01,
     9.9203165565132689E-01,
     9.9223715792224976E-01,
     9.9241554097069518E-01,
     9.9221849458275191E-01,
     9.9203714598818227E-01,
     3.7792300591778938E+00,
     1.9825491283513976E+00,
     1.9846617451394328E+00,
     1.0012394658799728E+00,
     9.9736359527773732E-01
  ]
}
