{
  "version":  "0.2.0",
  "energy":    -2.5629146882006397E+00,
  "charges": [
     5.3312313268850886E-02,
    -7.0791632488079803E-01,
    -9.6626238158978328E-01,
    -1.2353364203438182E+00,
    -1.1437971864544509E+00
  ],
  "coordination numbers": [
     3.7064543452615615E+00,
     9.6625128556989903E-01,
     8.6054648313439142E-01,
     9.8527473184568670E-01,
     9.0573048913454013E-01
  ]
}
