{
  "version":  "0.2.0",
  "energy":     9.7798773185521870E-01,
  "charges": [
     6.9825240009677936E-01,
    -5.8673851211766707E-02,
    -3.9849724825820443E-01,
     1.6710543462087302E-01,
     1.7053310696177026E-01,
     1.6184576026206149E-01,
     2.7119790041421449E-01,
    -1.8542348751509286E-01,
     2.0098848926782709E-01,
    -3.7398917763957995E-01,
    -1.8409342624902120E-01,
    -1.8400255572362514E-01,
     1.5463298461310848E-01,
     1.5693716479590317E-01,
     1.5446559615753438E-01,
     1.5374597462564163E-01,
     1.5693307091487135E-01,
     1.5701205236044999E-01,
     1.5538762057004610E-01,
     1.5761410348835736E-01,
     1.5913292521676256E-01,
     1.6082494236373451E-02,
    -1.5532951257391581E-01,
    -2.4732921735173580E-02,
    -4.0395449930940630E-01,
     1.5482042558129211E-01,
     1.3791633239849319E-01,
     1.3581678958093002E-01,
     1.6301187328256758E-01,
     1.5844665328138610E-01,
     2.7253986962883925E-01,
     6.8850799820984049E-02,
     1.8938120048652063E-01,
    -4.0395434244780115E-01
  ],
  "coordination numbers": [
     5.7977888398496180E+00,
     4.0029115683203091E+00,
     2.9407791490718225E+00,
     9.9207413076641160E-01,
     9.9204778774055224E-01,
     9.9234006534739727E-01,
     1.0090524667246319E+00,
     3.9576228429127474E+00,
     4.2989453777155298E+00,
     1.9939391437882819E+00,
     3.9574635469516108E+00,
     3.9575319648609293E+00,
     9.9404613723542745E-01,
     9.9418517155936925E-01,
     9.9413589071984543E-01,
     9.9394480323335888E-01,
     9.9407131177085439E-01,
     9.9397028400308418E-01,
     9.9402295814110264E-01,
     9.9410239107389042E-01,
     9.9421053640413248E-01,
     9.9678234780283415E-01,
     4.2664641500129807E+00,
     4.0611927815050066E+00,
     2.9327794766385269E+00,
     9.9175545817322064E-01,
     1.0075177602115657E+00,
     1.0246549302261263E+00,
     9.9172123594333872E-01,
     9.9170529621162817E-01,
     9.9611205733063279E-01,
     1.0149224045930314E+00,
     2.1328128965104156E+00,
     2.0121551695550224E+00
  ]
}
