{
  "version":  "0.2.0",
  "energy":    -1.0608843488092587E-01,
  "charges": [
     7.5261571923072301E-01,
    -1.2354743845609079E-01,
    -1.2353638299151332E-01,
    -1.2637533670828377E-01,
    -1.2636984013924485E-01,
    -1.2639023083401590E-01,
    -1.2639649010157444E-01
  ],
  "coordination numbers": [
     5.8493581251368028E+00,
     9.9420239559043555E-01,
     9.9419943659434917E-01,
     9.9581709274420938E-01,
     9.9581626856571948E-01,
     9.9582593098013117E-01,
     9.9582713708425707E-01
  ]
}
