{
  "version":  "0.2.0",
  "energy":    -1.2936012253696813E-01,
  "charges": [
     7.9234384033641314E-01,
    -2.6406130613707701E-01,
    -2.6411623609081358E-01,
    -2.6416629810852260E-01
  ],
  "coordination numbers": [
     2.9834418779550580E+00,
     9.9601297304517278E-01,
     9.9601741178425751E-01,
     9.9600434421365858E-01
  ]
}
