{
  "version":  "0.2.0",
  "energy":    -1.6325654764655684E+00,
  "charges": [
     6.1741210486418030E-01,
    -1.4654093208777252E-01,
    -1.3752233723734775E-01,
    -9.4801459611262406E-02,
     9.5779183943635049E-03,
    -1.1474192220247598E-01,
    -1.4959648552810820E-01,
     2.2465567452549418E-01,
    -3.3430525337010364E-01,
    -5.0144258242049156E-01,
     6.1776576243857143E-02,
     7.5684952214367024E-02,
     1.4240873169031898E-01,
     1.0029062881342585E-01,
     6.3081949480310484E-02,
     2.5780815390727707E-01,
     1.7668775461740671E-01,
    -4.1449581512046030E-01,
    -2.8543916443202583E-01,
    -2.6625336161842494E-01,
    -1.4946857994418017E-01,
    -1.4873600122238878E-01,
    -1.1785614788294414E-01,
    -1.1956978553157555E-02,
    -1.1395460178260330E-01,
    -1.4708504362395855E-01,
     2.5115395779803401E-01,
    -3.6407107409392592E-01,
    -3.8119325423923384E-01,
     5.9114498467272687E-02,
     6.3572379119349112E-02,
     1.0218269081054712E-01,
     1.0812770891929473E-01,
     6.5251683861295220E-02,
    -1.7292868829438768E-01,
    -5.9142564276421235E-02,
    -1.5849607611634009E-01,
    -1.5737255802378070E-01,
    -5.9374434705562869E-02,
    -2.2341907264477068E-01,
     1.2615277721678647E-01,
     7.5026765330100539E-02,
     5.2347316854741505E-02,
     1.2486457979004111E-01,
     5.2497895949805452E-02,
     1.2551781679715762E-01,
     7.2726886853491726E-02,
     1.2709229364848851E-01,
    -7.4855701273378067E-02,
    -3.4996360586190067E-01
  ],
  "coordination numbers": [
     7.6229832591666931E+00,
     3.0124370873315565E+00,
     3.0132239595406105E+00,
     3.0158332288971366E+00,
     3.0193245887462643E+00,
     3.0140445514359975E+00,
     3.0121372602605518E+00,
     3.0688177867037529E+00,
     1.9067147586801703E+00,
     1.9681956481894165E+00,
     9.9256321581514673E-01,
     9.9276238757471980E-01,
     9.9240059966618421E-01,
     9.9287878526273854E-01,
     9.9261507202077492E-01,
     1.2766266936800648E+00,
     3.5296583683048928E+00,
     1.0016215075137112E+00,
     1.9001749354039834E+00,
     1.8684927905267674E+00,
     3.0121887285070690E+00,
     3.0115580839258618E+00,
     3.0157325925722382E+00,
     3.0143364050749542E+00,
     3.0157429347391922E+00,
     3.0116634187063189E+00,
     3.7462325698104770E+00,
     1.9346397502761352E+00,
     1.8619219139684002E+00,
     9.9254884561033219E-01,
     9.9254225952502306E-01,
     9.9276465808763348E-01,
     9.9276324934432747E-01,
     9.9255092219827734E-01,
     1.2666760849437200E+00,
     4.0864210611817100E+00,
     3.9677538974704296E+00,
     3.9681351899460635E+00,
     4.1020784289449033E+00,
     2.8621056878994260E+00,
     9.9223490470884190E-01,
     9.8967686695907187E-01,
     9.9133685803161686E-01,
     9.9179428856415086E-01,
     9.9137129932115808E-01,
     9.9183636981675782E-01,
     9.8992020441554640E-01,
     9.9241469985471031E-01,
     1.0252814797492071E+00,
     1.9703551490362914E+00
  ]
}
