{
  "version":  "0.2.0",
  "energy":    -9.7743256370949472E-01,
  "charges": [
     8.7558472803614973E-01,
     1.7715414075775551E-01,
    -3.0170850660331217E-01,
    -2.4238055285188392E-01,
    -2.5122909698498608E-01,
    -1.9377644214072404E-01,
     2.5021642638066754E-01,
    -2.0880834762305089E-01,
    -1.5297955903955207E-01,
    -2.1456312928534865E-01,
    -1.5843180945079360E-02,
    -3.8743210798527750E-01,
     8.3310799779052563E-02,
     1.2079208032490756E-01,
     1.1567070165786461E-01,
     1.0769483793673540E-01,
     1.0622371550714717E-01,
    -1.0741136185256277E-01,
    -1.0278812339822124E-01,
    -7.3997279021192269E-02,
     1.3479768194823022E-02,
    -8.4901593738316516E-02,
    -1.0900981432713530E-01,
     2.6241250410575395E-01,
    -3.5613291644292761E-01,
    -3.0084286551648626E-01,
     1.0083797179274671E-01,
     1.0950941138995340E-01,
     1.5399827605948518E-01,
     1.3003666928302138E-01,
     1.0236112497894083E-01,
     1.7071030009723903E-01,
    -2.9390789477085816E-01,
    -2.3184499737136888E-01,
    -2.5043568638395997E-01
  ],
  "coordination numbers": [
     7.5073902452580237E+00,
     3.5499121982324908E+00,
     1.0017555136150715E+00,
     1.9158686171938548E+00,
     1.9125317710591014E+00,
     9.9883651384058947E-01,
     3.1556862094342053E+00,
     9.9883216012800613E-01,
     1.0763714383517744E+00,
     3.9538104578361208E+00,
     3.9983683359243596E+00,
     1.9919364224857414E+00,
     9.9127470068000001E-01,
     9.9148766615618378E-01,
     9.9150708257233067E-01,
     9.8958170059634298E-01,
     9.8964309754114499E-01,
     3.0133367587286504E+00,
     3.0125577665102767E+00,
     3.0156957643657343E+00,
     3.0182308586211040E+00,
     3.0159683405102840E+00,
     3.0124247504796218E+00,
     3.7133327825147298E+00,
     1.9357242291113597E+00,
     1.9474630724584765E+00,
     9.9271029013042433E-01,
     9.9276861626572277E-01,
     9.9280819053675451E-01,
     9.9289449074010694E-01,
     9.9275215321212773E-01,
     3.5041468838817966E+00,
     1.0017694888846549E+00,
     1.9156504034821813E+00,
     1.8755631596582587E+00
  ]
}
