{
  "version":  "0.2.0",
  "energy":     2.1060650476134404E-01,
  "charges": [
     8.4181504671754304E-01,
     1.5323243070477789E-04,
     2.6459386235340865E-01,
    -3.3694083483550091E-01,
    -3.4335296537426041E-01,
    -5.8094986969312634E-01,
     1.3282489503436906E-01,
     1.3042262336345317E-01,
     2.5746200647901485E-01,
     2.6164018043503190E-01,
    -3.2711789960232390E-01,
     4.0871171099607861E-02,
    -7.3698905518553709E-02,
    -7.0155747126788959E-02,
    -7.5944097137606054E-02,
     1.1870381693106899E-01,
     1.1851549994416360E-01,
    -7.5789019052252798E-02,
    -6.8811596347661499E-02,
    -6.7381452686723214E-02,
     4.8878705529881564E-02,
    -3.3191556829601282E-01,
     1.4346303952240833E-01,
     1.3245269889466804E-01,
     1.3916057707732812E-01,
     1.2342601771059919E-01,
     1.2366643867470473E-01,
     1.4076697605522923E-01,
     1.3942943308714745E-01,
     1.6103742096077611E-01,
    -6.9956881335231300E-02,
    -7.3307144225549292E-02,
    -6.3590147438037758E-02,
     1.2847710076180748E-02,
    -7.1274234424183264E-02,
    -7.6271640027930673E-02,
     2.5530738085364152E-01,
    -3.8609202411347843E-01,
    -3.4363046915033529E-01,
     1.4152557823426054E-01,
     1.4172444486345795E-01,
     1.5345491861919436E-01,
     1.4009816056895738E-01,
     1.3864593346698256E-01,
     7.6981276211656430E-02,
     5.0659831662776905E-02,
    -3.3474207651335269E-01,
     3.8522116559122299E-02,
     7.1597533798945109E-02,
    -3.4182374107808039E-01,
     1.4521839931859606E-01,
     1.4733217438276835E-01,
     1.3940466263027662E-01,
     1.4014255042906407E-01
  ],
  "coordination numbers": [
     7.7649087050710781E+00,
     4.0275828360880119E+00,
     3.9575412000261165E+00,
     1.9197829050700763E+00,
     1.9233139685759060E+00,
     3.7360818618081373E+00,
     9.9225659897869090E-01,
     9.9203850763202261E-01,
     9.9637571932101121E-01,
     9.9664336867140157E-01,
     2.9196734596733700E+00,
     3.1084180726583108E+00,
     3.0107867075185410E+00,
     3.0211035071921168E+00,
     3.0146254791133176E+00,
     3.1046071600409118E+00,
     3.1059890145591114E+00,
     3.0144603032373842E+00,
     3.0208798672761779E+00,
     3.0108472331086755E+00,
     3.1225783387852006E+00,
     2.9323886840018911E+00,
     9.9267830853204853E-01,
     9.9305583356059657E-01,
     9.9288632694716217E-01,
     9.9328835325197673E-01,
     9.9327989657989413E-01,
     9.9288911738537156E-01,
     9.9306435076177824E-01,
     9.9274653211233677E-01,
     3.0144026952228309E+00,
     3.0120832600328198E+00,
     3.0163759951860962E+00,
     3.0188498800028114E+00,
     3.0161407356755454E+00,
     3.0119556820227702E+00,
     3.7850946620355472E+00,
     1.9358409148319211E+00,
     1.9650363029346689E+00,
     9.9282289891266995E-01,
     9.9289786752206055E-01,
     9.9292773474543505E-01,
     9.9293940224657984E-01,
     9.9290266660832138E-01,
     3.0743764686247435E+00,
     3.1159647031126241E+00,
     2.9265960898759857E+00,
     3.1024253903656582E+00,
     3.0744462571130695E+00,
     2.0150946769370854E+00,
     9.9254952645308236E-01,
     9.9274017258456926E-01,
     9.9266868192908486E-01,
     9.9251750048466825E-01
  ]
}
