{
  "version":  "0.2.0",
  "energy":    -4.8615317637517239E-02,
  "charges": [
     4.4296112209386673E-01,
    -1.4765402127963836E-01,
    -1.4765298117399048E-01,
    -1.4765411964023792E-01
  ],
  "coordination numbers": [
     2.9841297237646272E+00,
     9.9624625637063602E-01,
     9.9623761698362578E-01,
     9.9624268693952711E-01
  ]
}
