{
  "version":  "0.2.0",
  "energy":     3.2946962502400473E-01,
  "charges": [
     6.8477859490681436E-01,
     1.5053345039594563E-02,
     2.7381553646660017E-01,
    -2.9973229740801643E-01,
    -2.9504022666880070E-01,
    -5.6201634765453290E-01,
     1.4607845283991552E-01,
     1.4587665021899168E-01,
     2.7217131488805912E-01,
     2.6729121698378455E-01,
    -2.1758098799190329E-02,
     1.8093095228514530E-01,
    -4.0557604632315325E-01,
    -4.3628067482468003E-02,
    -3.0185027176316259E-01,
     3.1284791206527979E-01,
    -3.1583428688178228E-01,
    -5.3550428926826765E-02,
    -2.6909886330938659E-01,
    -6.4690391527192082E-02,
     1.5311868093425007E-01,
     1.4983378617715548E-01,
     1.4357468350345318E-01,
     1.4996510022820642E-01,
     1.4558438533567378E-01,
     1.3529780412262629E-01,
     1.5121488574157291E-01,
     1.5712289457197229E-01,
     1.4821913043541651E-01
  ],
  "coordination numbers": [
     6.8530265488694351E+00,
     4.1792011165164373E+00,
     4.0250686746461195E+00,
     1.9928012598409746E+00,
     1.9849195985197117E+00,
     3.9174244595553711E+00,
     9.9223084949653995E-01,
     9.9231553681147844E-01,
     9.9933587952282643E-01,
     9.9659662224449086E-01,
     1.0137271065889006E+00,
     2.1776832098253127E+00,
     2.0109926629299482E+00,
     4.1341103717611736E+00,
     1.9885008515899179E+00,
     4.3758491871133991E+00,
     1.9882186410892375E+00,
     4.1398023470516243E+00,
     2.9652463875864523E+00,
     4.1012851683793023E+00,
     9.9234467684656291E-01,
     9.9187130999816553E-01,
     9.9163257086980572E-01,
     9.9222477069026205E-01,
     9.9192304903030593E-01,
     9.9148267272270640E-01,
     9.9209034321260425E-01,
     9.9224978116065632E-01,
     9.9230131757991025E-01
  ]
}
