{
  "version":  "0.2.0",
  "energy":     1.0365746575427768E+00,
  "charges": [
     8.3528540009202934E-01,
    -1.4438646418787509E-02,
    -8.5852413020221841E-02,
    -8.5912275328595411E-02,
    -1.3167709336462496E-02,
    -2.6965453519417570E-01,
     1.7211025998680521E-01,
     1.7162127292304966E-01,
     1.8040594496313056E-01,
     1.8333692764819803E-01,
     1.8457124192631733E-01,
     1.7768085842839498E-01,
     1.7888245291994248E-01,
     1.7629841160863632E-01,
    -2.4256540290745904E-01,
     1.2706973518049633E-01,
    -6.4614245075913720E-02,
    -7.0072421805106200E-02,
     1.8280644238683347E-01,
    -2.8762984342948211E-01,
     2.0224575642021475E-01,
     1.9718463394856522E-01,
     2.0083131833584750E-01,
     2.8350520674458896E-01,
    -3.1992837099684623E-01
  ],
  "coordination numbers": [
     4.5750818924543353E+00,
     4.1677609506095816E+00,
     3.9803289819042167E+00,
     3.9832785767484076E+00,
     4.0778437343500959E+00,
     2.9373251974419752E+00,
     9.9166974377514450E-01,
     9.9235734785871088E-01,
     9.9158633350658754E-01,
     9.9188100093271458E-01,
     9.9188018957916047E-01,
     9.9161622287620332E-01,
     9.9174279192247283E-01,
     9.9185702839046286E-01,
     2.0022869505563774E+00,
     2.1564088510557271E+00,
     1.0044967801478437E+00,
     3.9572000794940179E+00,
     2.0309022429327230E+00,
     1.9749465055993838E+00,
     9.9131848366999797E-01,
     9.9134150449113712E-01,
     9.9131539959526549E-01,
     1.1477508288667302E+00,
     1.9960780821084869E+00
  ]
}
