{
  "version":  "0.2.0",
  "energy":    -4.6300832630682270E-01,
  "charges": [
    -6.4169673001368055E-01,
    -3.1283752675246934E-01,
    -4.5465743233849998E-02
  ],
  "coordination numbers": [
     1.2228191863373539E+00,
     1.5418765171374407E+00,
     1.4535142390525966E+00
  ]
}
