{
  "version":  "0.2.0",
  "energy":     4.4576736034460740E-01,
  "charges": [
     8.6593897188591451E-01,
     2.6059357269429650E-01,
    -3.1324712393607373E-01,
     5.0655528412725997E-02,
    -1.4472956027541467E-01,
    -9.8296558818939964E-02,
    -3.4746559053772608E-02,
    -3.6585272522122525E-01,
     1.8418235970323205E-01,
     1.8273314655049303E-01,
     1.8806689755412492E-01,
     2.9015126608606173E-01,
     2.5283971686529050E-01,
    -3.1828893244671297E-01
  ],
  "coordination numbers": [
     5.9473165530967336E+00,
     1.1391775954205876E+00,
     1.9957533518732591E+00,
     2.7572244038928773E+00,
     1.9820665549868455E+00,
     1.9842174996375119E+00,
     4.0152805744559119E+00,
     2.9539238639028396E+00,
     9.9218431173093080E-01,
     9.9217522603979180E-01,
     9.9244067144049275E-01,
     1.0409259024942310E+00,
     1.1266969032847030E+00,
     1.9953328659696918E+00
  ]
}
