{
  "version":  "0.2.0",
  "energy":     3.2849383151639494E-01,
  "charges": [
     7.6217844586882388E-01,
     9.9564479146376783E-03,
     2.7229952393701740E-01,
    -3.0786795745585749E-01,
    -3.3995182080195074E-01,
    -5.9688754222372764E-01,
     1.4634910955477770E-01,
     1.3720540396858300E-01,
     2.7400282739313875E-01,
     2.6788005848264090E-01,
    -2.0305389215389180E-01,
     2.1242102349410763E-01,
    -3.8522708323546095E-01,
    -2.0866003912706510E-01,
    -2.0432695502884202E-01,
     1.4433554163057469E-01,
     1.4549917071497595E-01,
     1.3257605580379858E-01,
     1.3383498410426936E-01,
     1.4850719626960068E-01,
     1.4279212631085936E-01,
     1.3201601892855166E-01,
     1.4083684891860515E-01,
     1.4683084912046454E-01,
    -1.0354634238862825E-01
  ],
  "coordination numbers": [
     5.7652445728392374E+00,
     4.0115993677315842E+00,
     3.9736839975331346E+00,
     1.9725450181261381E+00,
     1.9538382756303552E+00,
     3.5578112644553865E+00,
     9.9218710015855915E-01,
     9.9221838884021629E-01,
     9.9623651347891773E-01,
     9.9627568775266617E-01,
     3.9577875650947059E+00,
     4.4066009739304839E+00,
     1.9882081479710303E+00,
     3.9580320607262216E+00,
     3.9576573036372311E+00,
     9.9455965850998140E-01,
     9.9431862360291934E-01,
     9.9364754443389813E-01,
     9.9367353062743558E-01,
     9.9447231899350186E-01,
     9.9412808242222894E-01,
     9.9348090834971625E-01,
     9.9416442468244526E-01,
     9.9543494633322283E-01,
     9.9483912182504319E-01
  ]
}
