{
  "version":  "0.2.0",
  "energy":     4.0563515513086001E-01,
  "charges": [
     6.5977842197001446E-01,
     9.5334125391678654E-02,
     6.4039460047092878E-02,
    -3.2739422947610941E-01,
     5.7585783556490411E-02,
     9.5487393270550225E-02,
    -3.1563268617350759E-01,
     1.6367423089402100E-01,
     1.5196971386734340E-01,
     1.4392060795820497E-01,
     1.6305549765514546E-01,
    -4.8240019652634675E-01,
     3.2395552113945697E-01,
    -4.7518824766784179E-02,
    -5.2155181627101699E-02,
     6.1664317669361188E-02,
    -3.3023257038895748E-01,
     5.6421681422613751E-02,
    -5.1625816521295151E-02,
     1.5781837799451198E-01,
     1.5324044241126772E-01,
     1.5265602915267593E-01,
     1.4775407406954855E-01,
     1.5281383833899570E-01,
     1.4700211372511846E-02,
     1.8646176575661577E-01,
    -3.9537198845799842E-01
  ],
  "coordination numbers": [
     4.4401858452932803E+00,
     3.0706095996462128E+00,
     3.1957229625388246E+00,
     2.9630287522465437E+00,
     3.1130943545674805E+00,
     3.0707068619331155E+00,
     2.0159832726959896E+00,
     9.9256898128668603E-01,
     9.9286321695224000E-01,
     9.9258478359911528E-01,
     9.9255254684120953E-01,
     1.9919414264912678E+00,
     1.0096470836236104E+00,
     3.0229919832844301E+00,
     3.0095867362436222E+00,
     3.2158707467016825E+00,
     2.9681045661823022E+00,
     3.1278879764458711E+00,
     3.0096953403823354E+00,
     9.9283787831797543E-01,
     9.9303287515273730E-01,
     9.9311148088572310E-01,
     9.9253113949611205E-01,
     9.9302501732918991E-01,
     1.0140548484014387E+00,
     2.0988181192732664E+00,
     2.0100271054354639E+00
  ]
}
