{
  "version":  "0.2.0",
  "energy":     3.1737895664067045E-01,
  "charges": [
     7.4309732274354112E-01,
    -1.6627096258985663E-01,
     1.0675948969942994E-01,
    -7.3980087536200889E-02,
     1.0439926174034042E-01,
    -3.2539319574309111E-01,
    -1.6743655132956980E-01,
    -3.2134533746460703E-01,
     1.2111513736172536E-01,
     1.3810766846924077E-01,
     1.3751649446835507E-01,
     1.2065977680582032E-01,
     1.2113088259417565E-01,
     1.3766184128397360E-01,
     1.3505010313724991E-01,
    -1.7025266802217986E-01,
     1.0285135019657332E-01,
    -7.3063619912922428E-02,
     1.0690084177175463E-01,
    -3.2180187091904955E-01,
    -1.6597705212797986E-01,
    -3.3022433301034770E-01,
     1.2109662806064869E-01,
     1.3613275746140521E-01,
     1.2977113734140858E-01,
     1.2055921779703743E-01,
     1.2121624589893834E-01,
     1.3817888024774683E-01,
     1.3816426127098894E-01,
     7.8690384558082194E-02,
     4.4303201371311718E-02,
    -3.3548151535234028E-01,
     4.7553984122403581E-02,
     7.6602348668678988E-02,
    -3.3662907166880324E-01,
     1.4666085727709408E-01,
     1.3168144934968073E-01,
     1.3732794700804291E-01,
     1.4466679497129986E-01
  ],
  "coordination numbers": [
     5.8650623464346596E+00,
     3.9608547552706108E+00,
     3.2317515194901825E+00,
     3.0114018618056280E+00,
     3.2008612062612336E+00,
     1.9879749807962845E+00,
     3.9605360168333998E+00,
     1.9922324989525508E+00,
     9.9235211361868814E-01,
     9.9155754997446444E-01,
     9.9151644246970783E-01,
     9.9325868692309083E-01,
     9.9235583061627608E-01,
     9.9150466241315449E-01,
     9.9157882051193269E-01,
     3.9605473464288101E+00,
     3.1900650506432351E+00,
     3.0101265418217400E+00,
     3.2210417866184837E+00,
     1.9915996155591928E+00,
     3.9608260284235541E+00,
     1.9861312544412879E+00,
     9.9233966912647720E-01,
     9.9153741972653453E-01,
     9.9148196657433019E-01,
     9.9325626465679928E-01,
     9.9234864264642741E-01,
     9.9151661998334628E-01,
     9.9156883619170344E-01,
     3.0711737193656203E+00,
     3.1301989188255144E+00,
     2.9360852807959299E+00,
     3.1782636071510524E+00,
     3.0713024426870197E+00,
     2.0157581380414200E+00,
     9.9254926237197960E-01,
     9.9250847983311807E-01,
     9.9311799673122891E-01,
     9.9254110393492212E-01
  ]
}
