{
  "version":  "0.2.0",
  "energy":    -1.6417488162987007E-01,
  "charges": [
     9.1683904674540817E-01,
    -1.5283009608605591E-01,
    -1.5283145722593594E-01,
    -1.5279489539001323E-01,
    -1.5279372579562733E-01,
    -1.5279460824639707E-01,
    -1.5279426400137860E-01
  ],
  "coordination numbers": [
     5.8669279078501653E+00,
     9.9820323686503620E-01,
     9.9820326866865994E-01,
     9.9819769451128071E-01,
     9.9819761817760710E-01,
     9.9819770441670297E-01,
     9.9819763783299731E-01
  ]
}
