{
  "version":  "0.2.0",
  "energy":    -6.4057934942566896E-02,
  "charges": [
     3.8192659290344705E-01,
    -3.8192659290344705E-01
  ],
  "coordination numbers": [
     9.9893300084154024E-01,
     9.9893300084154024E-01
  ]
}
