{
  "version":  "0.2.0",
  "energy":     1.2012931517666057E+00,
  "charges": [
     1.0803625570938089E+00,
     9.1963744290619098E-01
  ],
  "coordination numbers": [
     9.9855579728462818E-01,
     9.9855579728462818E-01
  ]
}
