{
  "version":  "0.2.0",
  "energy":     8.9378784256608368E-01,
  "charges": [
     6.4965600295798787E-01,
    -4.4348730271310054E-02,
    -5.6719335378613400E-02,
    -6.2395947582568057E-02,
     2.6964188053064386E-02,
    -4.0057896725797404E-02,
    -4.7091134346973651E-02,
     2.5134200353832087E-01,
    -2.5615430392771188E-01,
    -3.4753427208401083E-01,
     1.6782605922069846E-01,
     1.5920257075810301E-01,
     1.4661518698866804E-01,
     1.7607631785723579E-01,
     1.6919577986130963E-01,
    -4.1339531744384928E-02,
    -4.5994515762858068E-02,
    -5.8342012568661283E-02,
     2.3005786475589124E-02,
    -4.3701695359222623E-02,
    -4.7951197852257668E-02,
     2.5015515625112872E-01,
    -3.1996213908133597E-01,
    -4.3019759054932422E-01,
     1.6941964886553806E-01,
     1.6758804607668554E-01,
     1.4368916992400582E-01,
     1.6678381783979940E-01,
     1.6630902449695348E-01,
     2.6979110319049643E-01,
     9.4801440460990843E-02,
     5.4066187183558781E-02,
    -3.4269133393689477E-01,
     4.6209915629368159E-02,
     8.9672225339582037E-02,
    -3.1107132668269294E-01,
     1.7029513460913395E-01,
     1.5926553153603473E-01,
     1.5378856813938382E-01,
     1.6523403144694679E-01,
    -2.0414833826205439E-01,
     6.0022252297693035E-02,
    -2.0387851581705579E-01,
    -2.0820570215007317E-01,
     1.3720105350137354E-01,
     1.4360987697274086E-01,
     1.3231482423345473E-01,
     1.4011609084722543E-01,
     1.3813445652269415E-01,
     1.3936869424571194E-01,
     1.3838255782527559E-01,
     1.3464585843652263E-01,
     1.3777309826250142E-01,
    -1.4837067086681638E-01,
     2.6988345275755160E-01,
    -2.5488476072579086E-01,
    -9.3364160926920431E-02
  ],
  "coordination numbers": [
     6.1850420572591434E+00,
     3.0153632026264452E+00,
     3.0103824733255138E+00,
     3.0176610433418638E+00,
     3.0200943463766583E+00,
     3.0151194180543985E+00,
     3.0106190360792064E+00,
     3.2053191183526142E+00,
     1.9979079305232146E+00,
     1.9678162488937962E+00,
     9.9281760933595820E-01,
     9.9295978401731411E-01,
     9.9292058883296885E-01,
     9.9305315418852835E-01,
     9.9297660643758157E-01,
     3.0155009429629862E+00,
     3.0102778291954158E+00,
     3.0147720099987190E+00,
     3.0175461111324084E+00,
     3.0182347672579075E+00,
     3.0107695567699242E+00,
     3.0338169070417349E+00,
     1.9795036862047679E+00,
     1.9916253566123832E+00,
     9.9283934077342639E-01,
     9.9298086153903675E-01,
     9.9239416497260802E-01,
     9.9295878253798886E-01,
     9.9297470884600436E-01,
     9.9302904617384691E-01,
     3.0699790393619946E+00,
     3.1476125898341554E+00,
     2.9649827155665669E+00,
     3.1166140527266579E+00,
     3.0699206850356422E+00,
     2.0156702523259620E+00,
     9.9252784052317633E-01,
     9.9265841889138162E-01,
     9.9252953898108487E-01,
     9.9249891522647182E-01,
     3.9568451619487428E+00,
     3.9432127481555055E+00,
     3.9565225502861177E+00,
     3.9564644125033652E+00,
     9.9270231184630742E-01,
     9.9299654527625769E-01,
     9.9313565383732261E-01,
     9.9274772116835663E-01,
     9.9285397059802172E-01,
     9.9298112409923611E-01,
     9.9267216394992275E-01,
     9.9294402080245003E-01,
     9.9287325512793601E-01,
     9.9906079507578838E-01,
     3.3981508571007772E+00,
     1.0160020414358613E+00,
     1.8895900139928896E+00
  ]
}
