{
  "version":  "0.2.0",
  "energy":    -8.6080281274042991E-03,
  "charges": [
     1.5414144467848900E-01,
    -7.7071015890831235E-02,
    -7.7070428787657755E-02
  ],
  "coordination numbers": [
     1.9544118460013333E+00,
     9.7767127856840919E-01,
     9.7766259186142879E-01
  ]
}
