{
  "version":  "0.2.0",
  "energy":    -3.2050078028361917E-01,
  "charges": [
     7.4281422132557662E-01,
     3.4645128548028348E-01,
     3.4639327282744015E-01,
    -7.2206736198464083E-01,
    -7.1359141764866008E-01
  ],
  "coordination numbers": [
     3.5463249709269231E+00,
     7.7877251671913061E-01,
     7.7815673988953105E-01,
     9.9940875540341789E-01,
     9.9940887313895210E-01
  ]
}
