{
  "version":  "0.2.0",
  "energy":    -1.7004119137243168E+00,
  "charges": [
     7.6324939836021244E-01,
     1.3037605706402361E-01,
    -4.5674477573551220E-01,
    -5.7543755797048191E-01,
     2.5625141326765205E-01,
    -7.2557132465598939E-01,
     3.1048940027572669E-01,
     3.0751450976545003E-01,
    -3.6996144604579750E-01,
     3.6800891269244951E-01,
    -3.4712408568476461E-01,
    -4.8934322176416645E-01,
    -3.9115151461449382E-01,
     3.0624724271577380E-01,
    -3.7515349143713828E-01,
    -3.6526433292409161E-01,
    -3.4638518330885210E-01
  ],
  "coordination numbers": [
     7.7751665205486482E+00,
     1.8238672236947231E+00,
     9.9948929518997964E-01,
     1.9872716625176343E+00,
     1.2233424899452610E+00,
     1.9835843040368921E+00,
     9.9201534153265314E-01,
     9.9367911856465430E-01,
     1.9829115345707073E+00,
     3.8404713799695420E+00,
     1.9740923394605421E+00,
     9.9912635870503852E-01,
     1.8748638134073188E+00,
     3.9345666113932882E+00,
     1.9576152622947687E+00,
     1.7027334081514018E+00,
     9.9726353173794458E-01
  ]
}
