{
  "version":  "0.2.0",
  "energy":     9.6192157348353435E-01,
  "charges": [
     6.2388000123417076E-01,
    -3.2759936664291200E-01,
     5.5561190074012057E-02,
    -4.9793551690988425E-02,
    -4.6543499254305454E-02,
    -6.0558432146247065E-02,
     1.2336518683059279E-01,
     1.2462644738728540E-01,
    -6.0845631514579557E-02,
    -4.8355059187140004E-02,
    -5.6706147418128627E-02,
     3.3924633804787330E-02,
    -3.4180866159078815E-01,
     1.6155738972763739E-01,
     1.5982954084613282E-01,
     1.6469155213267178E-01,
     1.4072525556761903E-01,
     1.4044368863936196E-01,
     1.6271687166445753E-01,
     1.5257875613222283E-01,
     1.2479132720534572E-01,
    -2.1398488701040710E-01,
     5.2462886389516294E-02,
    -2.0123595798411806E-01,
    -2.1033201334030413E-01,
     1.4109430049087446E-01,
     1.2893310274192255E-01,
     1.3281532792180670E-01,
     1.4160325524685166E-01,
     1.3936583125134608E-01,
     1.4956045296511505E-01,
     1.4092715212569695E-01,
     1.3887080323240134E-01,
     1.2751819888791019E-01,
     7.3946857499318314E-02,
    -3.9332303364856386E-01,
    -1.9664120905140206E-01,
     1.9842830032061262E-01,
    -3.8736651462994887E-01,
    -2.0917856684057623E-01,
    -2.0042816845203432E-01,
     1.4011783021120536E-01,
     1.4822255724307215E-01,
     1.4401300102579026E-01,
     1.3966219765123086E-01,
     1.3412846901875991E-01,
     1.3560302975645200E-01,
     1.4007145317914099E-01,
     1.4259376876149821E-01,
     1.4607008323562456E-01
  ],
  "coordination numbers": [
     5.9420426075666812E+00,
     2.9791636744896017E+00,
     3.1508069884804106E+00,
     3.0096425036186876E+00,
     3.0208921968658657E+00,
     3.0133152217752412E+00,
     3.1610432782109399E+00,
     3.1554343544099428E+00,
     3.0128090865439487E+00,
     3.0219372989470106E+00,
     3.0090532323067576E+00,
     3.1354300292230510E+00,
     2.9724897600234828E+00,
     9.9271618323022093E-01,
     9.9302406585376346E-01,
     9.9284489542418175E-01,
     9.9323546736715063E-01,
     9.9323489990936142E-01,
     9.9284328907125374E-01,
     9.9302780161536131E-01,
     9.9239895939517364E-01,
     3.9564325355829641E+00,
     3.9449529038445954E+00,
     3.9571628623746200E+00,
     3.9567879046837175E+00,
     9.9277016899993864E-01,
     9.9283472115330262E-01,
     9.9290528419389457E-01,
     9.9274740843989928E-01,
     9.9282112419706792E-01,
     9.9311681178313549E-01,
     9.9274071139211273E-01,
     9.9310923274830998E-01,
     9.9288733973480614E-01,
     1.5178648810908211E+00,
     1.9904571246827585E+00,
     3.9577472141543977E+00,
     4.2749675331621155E+00,
     1.9920081544358323E+00,
     3.9573594954410511E+00,
     3.9574049722670237E+00,
     9.9380199394967494E-01,
     9.9423663068124757E-01,
     9.9419000528735335E-01,
     9.9383621441847581E-01,
     9.9403484647338569E-01,
     9.9458758092732324E-01,
     9.9384940840538594E-01,
     9.9445627320211205E-01,
     9.9401836754160655E-01
  ]
}
