{
  "version":  "0.2.0",
  "energy":    -4.6412185940176126E-02,
  "charges": [
     3.6623047119459162E-01,
    -3.6623047119459162E-01
  ],
  "coordination numbers": [
     9.9908012495532361E-01,
     9.9908012495532361E-01
  ]
}
