{
  "version":  "0.2.0",
  "energy":    -7.5451592462345285E-02,
  "charges": [
     5.6611630909937272E-01,
    -1.7262300954874765E-01,
    -1.7331762631365374E-01,
    -1.1022695757628317E-01,
    -1.0994871566068812E-01
  ],
  "coordination numbers": [
     3.9578876983570899E+00,
     9.9712911316345210E-01,
     9.9719452557158306E-01,
     1.3906734880429870E+00,
     1.3894014685786757E+00
  ]
}
