{
  "version":  "0.2.0",
  "energy":    -8.6257127073661377E-01,
  "charges": [
     5.3266577031590945E-01,
    -1.0349640224384983E-02,
     2.8831661808871722E-01,
    -4.4218452769334288E-01,
    -3.4140309020755838E-01,
    -5.9146998612544666E-01,
     9.3716238882736141E-02,
     1.0320325301032798E-01,
     2.3882750769684374E-01,
     2.2086161981291777E-01,
    -3.2612198461348491E-01,
     2.6188669159087907E-02,
    -3.5552105225311398E-01,
    -4.3672939584920822E-01
  ],
  "coordination numbers": [
     4.7892258488314781E+00,
     4.2728930120870610E+00,
     3.3982212513100798E+00,
     1.0005849198703674E+00,
     1.9909979259652690E+00,
     3.9466878845443079E+00,
     9.9118084818407137E-01,
     9.9128309007990634E-01,
     1.0559604998462966E+00,
     1.0061449303220806E+00,
     1.9996007641317970E+00,
     2.0659785591252389E+00,
     1.0052595197852732E+00,
     9.8956532888032989E-01
  ]
}
