{
  "version":  "0.2.0",
  "energy":    -6.0542094238444227E-03,
  "charges": [
     1.5743515577417072E-01,
    -2.9919355464496446E-02,
    -2.9665021337498879E-02,
    -3.8272793919647954E-02,
    -2.9682956982177832E-02,
    -2.9895028070349598E-02
  ],
  "coordination numbers": [
     4.3428379519474127E+00,
     9.8230657395523924E-01,
     9.8218727623497681E-01,
     4.3722372960352107E-01,
     9.8221240011511579E-01,
     9.8228202555257216E-01
  ]
}
