{
  "version":  "0.2.0",
  "energy":    -9.4053301730119476E-01,
  "charges": [
     7.6785327229860800E-01,
    -2.2571128791493852E-01,
    -3.2645496880231661E-02,
    -4.0634889072898406E-01,
     6.7190320986700247E-02,
     9.6530350407859247E-02,
     1.3928187959013077E-01,
     8.1988159346669823E-02,
     9.4599381580946190E-02,
    -2.1058558001356575E-01,
    -3.7249740846990020E-01,
     4.1319929722881543E-01,
    -4.5119370884643900E-01,
    -3.5699236610784579E-01,
    -1.2307038187407501E-01,
    -1.2013780052862140E-01,
     2.7164890458739543E-02,
    -3.2752028653656046E-01,
     8.6429364198463074E-03,
    -1.2214004293696440E-01,
     8.0556599643067356E-02,
     8.3403835999902143E-02,
     1.2948525597322788E-01,
     1.0820832705333897E-01,
     8.0439886186340445E-02,
    -4.2002350325935467E-02,
    -3.8769879201013052E-01
  ],
  "coordination numbers": [
     6.7024174603188946E+00,
     3.9542312814823761E+00,
     4.0707525585027540E+00,
     1.9921185551362788E+00,
     9.9127995634920740E-01,
     9.9144748459765175E-01,
     9.9130279145852018E-01,
     9.9015129519415979E-01,
     9.9023045140907318E-01,
     9.8601480266314301E-01,
     1.9877331556118740E+00,
     3.8882114217156687E+00,
     9.9955476586376957E-01,
     1.9871412290218249E+00,
     3.0217571678578645E+00,
     3.0113028810108746E+00,
     3.1286739873314424E+00,
     2.8957146153042466E+00,
     3.0997400438838412E+00,
     3.0112440405339402E+00,
     9.9272751750236221E-01,
     9.9298622407940762E-01,
     9.9286170449007294E-01,
     9.9249178575508523E-01,
     9.9296699442712200E-01,
     1.0358975020061791E+00,
     1.9793891048580097E+00
  ]
}
