{
  "version":  "0.2.0",
  "energy":     1.6076320770840393E+00,
  "charges": [
     8.0284296772758390E-01,
    -5.6918459918443287E-01,
     2.8139655973993039E-02,
     8.6114942545525430E-03,
    -4.4187554812595031E-01,
     1.0138269635826092E-02,
     2.2922869485777708E-02,
    -5.7342619817368667E-01,
     3.3199499670431776E-01,
     3.2904672230381860E-01,
     2.1441530480537266E-01,
     1.7270494238348866E-01,
     2.0441840982571058E-01,
     1.8934900592821091E-01,
     2.9270917374450417E-01,
     1.9636878927969553E-01,
     1.9853356024776858E-01,
     2.1527956818903604E-01,
     1.7828823095952318E-01,
     3.2276473135226863E-01,
     3.2791169423184746E-01,
    -4.5612167184722219E-02,
     3.6212598596224266E-01,
    -2.7828419568374303E-02,
    -1.7343798247561368E-02,
    -1.5532076689937779E-04,
     3.5187814490723435E-01,
    -5.1143630949735897E-02,
    -3.3874835701409547E-02
  ],
  "coordination numbers": [
     7.5659635062880284E+00,
     3.9338746785009091E+00,
     4.2148488136633118E+00,
     4.0784518231074429E+00,
     3.9226574473980644E+00,
     4.1303175935231957E+00,
     4.0791735788209937E+00,
     3.9276963963593809E+00,
     9.9930268205814521E-01,
     9.9880255386403327E-01,
     9.9136165260994247E-01,
     9.9123030033311288E-01,
     9.9139455799728626E-01,
     9.9142292074612648E-01,
     1.0007630448251188E+00,
     9.9110498471912933E-01,
     9.9126865883180937E-01,
     9.9150314586415522E-01,
     9.9162784720322961E-01,
     1.0040762589681318E+00,
     9.9785366471982773E-01,
     1.7956259381684267E+00,
     3.6722702284118993E+00,
     1.5615466557995585E+00,
     1.7753607078186269E+00,
     9.9954815316515688E-01,
     3.4377552595978162E+00,
     1.8321273178356678E+00,
     1.9040933367552935E+00
  ]
}
