{
  "version":  "0.2.0",
  "energy":     2.7807047420293673E-01,
  "charges": [
     9.5894474454578948E-01,
    -3.4664855168182834E-01,
     8.5370716786197287E-02,
    -1.9430013042763775E-01,
    -5.5217167888453711E-02,
    -3.0908913606647015E-01,
     2.8261301476144696E-01,
    -2.8033291592817011E-01,
    -7.8091254885034267E-02,
    -2.8052549311402386E-01,
    -8.2249824509461722E-02,
     1.4778723955049480E-01,
     1.4932493930791507E-01,
     1.3627243658534241E-01,
     1.4424311691363867E-01,
     1.5270420334308724E-01,
     1.4584175372235764E-01,
     1.3711622315192418E-01,
     1.4238074686070404E-01,
     1.4521119975916646E-01,
    -7.5016428118402534E-02,
    -4.4017128239485404E-01,
     1.4469370612922069E-01,
     1.5548609801903077E-01,
     1.5539712395983352E-01,
     2.6430485454052033E-01,
     2.5247442357062763E-02,
     2.0420806624052890E-01,
    -4.3550544151992471E-01
  ],
  "coordination numbers": [
     5.7256375557310371E+00,
     2.0020764268590536E+00,
     2.0813581893528008E+00,
     1.0053035423775531E+00,
     4.1341838606116283E+00,
     1.9879125845217507E+00,
     4.1490015815869743E+00,
     2.9327159910664831E+00,
     4.1344027462226132E+00,
     2.9196805946795168E+00,
     4.1462388339444765E+00,
     9.9207078323639575E-01,
     9.9220286360058640E-01,
     9.9151169105450521E-01,
     9.9170743099754421E-01,
     9.9218838977171409E-01,
     9.9190759062624689E-01,
     9.9228891673154074E-01,
     9.9173843036081077E-01,
     9.9181136297473138E-01,
     4.0203992256328629E+00,
     2.9439169598964599E+00,
     9.9191865365215204E-01,
     9.9194283928620486E-01,
     9.9226417571867387E-01,
     1.0095623365835849E+00,
     1.0140855238225166E+00,
     2.0990584593609025E+00,
     2.0103767548358773E+00
  ]
}
