{
  "version":  "0.2.0",
  "energy":     2.1154396509897540E+00,
  "charges": [
     1.1166783097574444E+00,
    -5.7184340945025736E-01,
     7.0770750629804091E-02,
     8.2162645660020850E-02,
    -5.5778501026845151E-01,
     3.8266336982469518E-01,
     3.8647344170312009E-01,
     2.0345360793986250E-01,
     2.7026920031879803E-01,
     2.7239463971826006E-01,
     2.6651079560948421E-01,
     3.9059997619059572E-01,
     3.8897325648263087E-01,
    -6.5822222654869456E-01,
     4.2624162628278439E-01,
     4.2280314284428344E-01,
     4.1711243515720475E-01,
     1.3640069577167624E-01,
    -3.3635976085181318E-01,
     2.9387353981555642E-01,
     2.9140727419560492E-01,
     3.0542169921739076E-01
  ],
  "coordination numbers": [
     5.4079128238430005E+00,
     3.9535344767412202E+00,
     4.7455958129681211E+00,
     4.2926218534015810E+00,
     3.9406040806472546E+00,
     1.0002661076317700E+00,
     1.0044097058672072E+00,
     1.2422114832343079E+00,
     9.8935303166412236E-01,
     9.9087475959265969E-01,
     9.9084193939428733E-01,
     1.0051883391703429E+00,
     9.9931694892625611E-01,
     3.9390987932098289E+00,
     1.0016315833487699E+00,
     9.9817512278312837E-01,
     1.0001665522431429E+00,
     3.9576956558456837E+00,
     1.9252024370113929E+00,
     9.9168165663300112E-01,
     9.9164554293901386E-01,
     9.9159980970001182E-01
  ]
}
