{
  "version":  "0.2.0",
  "energy":    -2.6023328465891029E+00,
  "charges": [
     5.7812252200532521E-01,
    -3.6471046544321550E-01,
     1.6316690039770232E-01,
    -1.1961034168882767E-01,
    -1.3343828344670761E-01,
    -1.2450756081227488E-01,
     1.0229104545631396E-01,
     9.1625590985435545E-02,
    -1.1929723561472894E-01,
    -1.3656194934551569E-01,
    -1.4954394342269212E-01,
    -1.8300487118108111E-02,
    -3.5079474902997310E-01,
     1.2416239425033160E-01,
     7.6554299566686385E-02,
     6.8237221005875620E-02,
     8.4892227300221182E-02,
     1.1539009298066319E-01,
     7.6768336304394558E-02,
     5.8913440188502642E-02,
     8.3989480841363442E-02,
     3.6227086755193150E-02,
     3.9199442170526566E-02,
    -4.2808027036573415E-01,
     3.1858282759296253E-02,
     3.1655044913270647E-02,
    -4.2949941119959928E-01,
     1.3179945287993192E-01,
     1.3252379749374485E-01,
     1.0740577350028271E-01,
     1.1415648765006207E-01,
    -3.0486700928285526E-01,
     3.6845372510320157E-01,
    -4.5326584022496497E-01,
    -4.5011234918551646E-01,
    -7.9965414117030020E-01,
    -7.5617849694556605E-01,
     2.8543167241350087E-01,
     2.5619694789551795E-01,
     2.6211779801369745E-01,
    -1.1509889515139383E-01,
    -3.4735402004368998E-01,
     2.6726863888383379E-01,
    -2.9714476862872918E-01,
    -1.0372076938400465E-01,
    -3.4368134275340384E-01,
    -1.2207376805738424E-01,
     8.1731377218389203E-02,
     5.3911689781787536E-02,
     1.2800040981398836E-01,
     1.0448863918643439E-01,
     8.6550305523292667E-02,
     7.4232776372718037E-02,
     7.6202514319257647E-02,
     5.3780742776998576E-02,
     1.1611114084389151E-01,
    -2.6959567686879959E-01,
     7.4541874454469886E-02,
    -2.4004127944790060E-01,
    -2.5578280076477866E-01,
     6.0664601118605097E-02,
     7.8985023551827613E-02,
     8.9805898292584674E-02,
     7.7801651730713503E-02,
     1.2255675661935084E-01,
     1.1119965198325563E-01,
     6.6399822169429468E-02,
     1.0950936679959461E-01,
     1.0007701737731001E-01,
    -5.7603920723630619E-01,
     2.4036076151054769E-01,
    -3.5594743512312632E-01,
     2.6951731923781641E-02,
    -4.5736895732700700E-01
  ],
  "coordination numbers": [
     6.6921751515650252E+00,
     2.9805572586618503E+00,
     4.1165629060233631E+00,
     3.0048458620090388E+00,
     3.0127008822492343E+00,
     3.0121857663777005E+00,
     3.2715512013168837E+00,
     3.2121256982819908E+00,
     3.0111298330252811E+00,
     3.0201646572045115E+00,
     3.0083214058889611E+00,
     3.1190230448003504E+00,
     2.9454122611860818E+00,
     9.9118284711324911E-01,
     9.9261417786282546E-01,
     9.9222875739686600E-01,
     9.9311922736655678E-01,
     9.9250803061674020E-01,
     9.9263485701863896E-01,
     9.9281990454544822E-01,
     9.9212097689585477E-01,
     3.0690143937206331E+00,
     3.0700541459174522E+00,
     2.0128806029269350E+00,
     3.0706632721451221E+00,
     3.0695773378005580E+00,
     2.0130077037105583E+00,
     9.9174639752932148E-01,
     9.9203450823774020E-01,
     9.9221784349461650E-01,
     9.9194836869236003E-01,
     1.9781159501315209E+00,
     3.0423074498948335E+00,
     9.9911115964091834E-01,
     1.0187307771554215E+00,
     8.5213613942869415E-11,
     3.9359699262147538E+00,
     1.0167628844607819E+00,
     1.2731005532053574E+00,
     9.9737166303933389E-01,
     4.1069663922938453E+00,
     1.9894713852773931E+00,
     3.5868301107555451E+00,
     1.9907961328965955E+00,
     4.0971968876736238E+00,
     1.9896841749447418E+00,
     4.1551533004444847E+00,
     9.9093851196677551E-01,
     9.9129198031522403E-01,
     9.9139950548643618E-01,
     9.9166184716283290E-01,
     9.9105918933844794E-01,
     9.9080718133411416E-01,
     9.9064149445382910E-01,
     9.9116569150145217E-01,
     9.9151695724274713E-01,
     3.9544668038349968E+00,
     3.9192716103732428E+00,
     3.9549545080967929E+00,
     3.9550170100739948E+00,
     9.9136449121849957E-01,
     9.9243324444184822E-01,
     9.9325330433182835E-01,
     9.9159651189061027E-01,
     9.9324353397195964E-01,
     9.9254331742185187E-01,
     9.9147365240761864E-01,
     9.9296195561085643E-01,
     9.9352131428233914E-01,
     1.9872983873371552E+00,
     1.1417001527746349E+00,
     1.9711687256528601E+00,
     2.2293737704569043E+00,
     1.0045738662671813E+00
  ]
}
