{
  "version":  "0.2.0",
  "energy":     1.0704710439929088E+00,
  "charges": [
     7.3613591447498439E-01,
    -8.4627451335462706E-02,
     1.6320975476678856E-01,
    -3.5110843332571123E-01,
     1.8914939112012913E-01,
     1.8933252330099054E-01,
     1.9067048142158147E-01,
     2.0007284190477209E-01,
    -3.2496504647308400E-01,
    -2.3970558349066862E-02,
    -9.0599654221028225E-02,
    -9.2965067522291667E-02,
    -1.5043819498895050E-02,
    -2.9983719158885946E-01,
     1.5727322101486263E-01,
     1.6590653074462072E-01,
     1.7340527371304587E-01,
     1.7486231052568516E-01,
     1.7733114790566862E-01,
     1.6722554370100592E-01,
     1.7643313707239830E-01,
     1.5926479249570843E-01,
     2.6284435815215718E-01
  ],
  "coordination numbers": [
     5.3172224191056525E+00,
     3.9570537450294569E+00,
     2.0475663435993976E+00,
     1.9852780194324726E+00,
     9.9131544354839729E-01,
     9.9124320442536540E-01,
     9.9123751700376062E-01,
     1.9769885168692234E+00,
     1.9934732650876734E+00,
     4.1158353693973995E+00,
     3.9823580455188150E+00,
     3.9797774735547122E+00,
     4.1972055252238665E+00,
     2.9401273530090899E+00,
     9.9161378211404561E-01,
     9.9180795808650135E-01,
     9.9166224394691049E-01,
     9.9186951024618963E-01,
     9.9183305950531864E-01,
     9.9159149407109659E-01,
     9.9186034980391735E-01,
     9.9268113628420718E-01,
     9.9771966822514724E-01
  ]
}
