{
  "version":  "0.2.0",
  "energy":    -2.5605521674211884E-01,
  "charges": [
     8.2836358273737787E-01,
    -1.7737685268939932E-01,
     1.0094017698359314E-01,
    -8.2730638366512621E-02,
     9.4536457234428162E-02,
    -3.2387448467716801E-01,
    -1.7685739130992448E-01,
    -3.3853115864542616E-01,
     1.0674578142746970E-01,
     1.2734474369547852E-01,
     1.2841782443834923E-01,
     1.0999751149224794E-01,
     1.2763355053211667E-01,
     1.2880679660775401E-01,
     1.0714344750290483E-01,
    -3.1650321028428152E-01,
     4.0695936913316105E-01,
    -3.0096268696820055E-01,
    -3.2285154936875887E-01,
    -1.8962954434581561E-01,
     2.1805984450637703E-01,
    -1.2274103379439932E-01,
    -1.3289053584137200E-01
  ],
  "coordination numbers": [
     7.3528792544253534E+00,
     3.9605130448870645E+00,
     3.1370251598339172E+00,
     2.9994275166515658E+00,
     3.1116784561925943E+00,
     2.0110397811871454E+00,
     3.9605436219006647E+00,
     1.9859139603107039E+00,
     9.9226080943808892E-01,
     9.9159022474809611E-01,
     9.9159259844421577E-01,
     9.9322160402073223E-01,
     9.9140424690467732E-01,
     9.9158847555091700E-01,
     9.9227512321660161E-01,
     1.9821328934359199E+00,
     3.9723454188344958E+00,
     1.9790239812410348E+00,
     1.9794962446541868E+00,
     9.9904391423722494E-01,
     3.5581305348677805E+00,
     1.8350191385859755E+00,
     1.5385099516438681E+00
  ]
}
