{
  "version":  "0.2.0",
  "energy":    -8.1912122149197875E-01,
  "charges": [
     5.6238604865539221E-01,
    -2.3188181204595876E-01,
     8.0150037418890596E-02,
    -1.2048069039053450E-01,
     7.9950416883264652E-02,
    -3.5833641643561942E-01,
    -2.3192738941166102E-01,
    -3.5783168367880491E-01,
     6.1762969006341609E-02,
     8.1742582032984887E-02,
     8.2249989205427393E-02,
     7.3409213671104173E-02,
     6.1740844624173979E-02,
     8.1864390319564551E-02,
     8.1908558744287971E-02,
    -6.4712327515581758E-02,
    -4.0869443866592758E-01,
    -6.4757889414677611E-02,
    -4.0854240300266659E-01
  ],
  "coordination numbers": [
     4.5932965792398441E+00,
     3.9597470196548574E+00,
     3.2354979099223131E+00,
     3.0137579507712084E+00,
     3.2323489299813888E+00,
     1.9877860697478900E+00,
     3.9598354329636862E+00,
     1.9885015820811605E+00,
     9.9202885337559810E-01,
     9.9151121720010860E-01,
     9.9161516524210125E-01,
     9.9304161261008339E-01,
     9.9202898613434076E-01,
     9.9154854664818526E-01,
     9.9157850949841553E-01,
     1.0775683521713422E+00,
     1.9908250736790647E+00,
     1.0771056676507422E+00,
     1.9907373725756035E+00
  ]
}
