{
  "version":  "0.2.0",
  "energy":     8.7174255876461082E-01,
  "charges": [
     9.4624418097764496E-01,
    -5.9900858774853483E-01,
     4.0919121389769719E-03,
    -6.5679417016195618E-04,
    -5.9432422745759461E-01,
     2.7394010141713432E-01,
     2.8638736150632904E-01,
     1.6624795198361564E-01,
     1.6174603926692804E-01,
     1.6356543966167669E-01,
     1.5942533521945268E-01,
     2.8443665878262075E-01,
     2.8581614810031902E-01,
    -8.4150393825488778E-02,
     2.7872469813978629E-01,
    -1.5921378633748282E-01,
    -1.0963124151514303E-01,
    -1.7733891665870327E-01,
     2.0493757533430976E-01,
    -4.0131087906211488E-01,
    -1.7068454621011631E-01,
    -1.7226324913630911E-01,
     1.6189345607524278E-01,
     1.6316951852413136E-01,
     1.6357092942701529E-01,
     1.7484292348496477E-01,
     1.6287310599151594E-01,
     1.7000757767903940E-01,
     1.6870783636542735E-01,
     1.6665417490273818E-01,
     1.6209779293799695E-01,
    -2.4079809579521674E-01
  ],
  "coordination numbers": [
     5.6213597007564440E+00,
     3.9353773280194941E+00,
     4.1440660299482577E+00,
     4.0727740842969329E+00,
     3.9160347062362870E+00,
     9.9994310289720634E-01,
     1.0078426553445698E+00,
     9.9127991756262013E-01,
     9.9153261307650187E-01,
     9.9153076130081441E-01,
     9.9135119233203461E-01,
     1.0056200871868377E+00,
     9.9749264766685108E-01,
     9.9922099771218065E-01,
     3.2219622006851338E+00,
     1.0525180787939910E+00,
     1.9411384008330606E+00,
     3.9575452618072955E+00,
     4.2442907183977896E+00,
     1.9924496467954000E+00,
     3.9575720302433171E+00,
     3.9576487835795984E+00,
     9.9378575770101829E-01,
     9.9398292736351657E-01,
     9.9402387142902526E-01,
     9.9415072405205240E-01,
     9.9372024632894895E-01,
     9.9398753701415377E-01,
     9.9410793471190662E-01,
     9.9412577963181192E-01,
     9.9378418380633615E-01,
     9.9890941399963218E-01
  ]
}
