{
  "version":  "0.2.0",
  "energy":     2.8699810607161269E-01,
  "charges": [
     4.4832247156747718E-01,
    -3.6007467704710493E-02,
    -2.4812357965602913E-01,
    -2.6272375924396379E-01,
     1.0985323350372262E+00
  ],
  "coordination numbers": [
     3.9169932541451145E+00,
     1.8466622528028260E+00,
     1.9979368825677479E+00,
     1.9701398013606433E+00,
     3.8140175020118807E+00
  ]
}
