{
  "version":  "0.2.0",
  "energy":    -9.2735474794424344E-02,
  "charges": [
     5.9666877356487791E-01,
     5.7004231642214097E-02,
    -2.6292126187801024E-01,
    -9.4568526625575342E-02,
    -1.0098846629307628E-01,
    -1.0083434715569686E-01,
    -9.4360403254733133E-02
  ],
  "coordination numbers": [
     5.7136247822471873E+00,
     2.5119484932000642E+00,
     9.9575601476137887E-01,
     1.7386270820368583E+00,
     1.7721507623234176E+00,
     1.7717198002255152E+00,
     1.7385517814686633E+00
  ]
}
