{
  "version":  "0.2.0",
  "energy":    -9.5642523274842572E-01,
  "charges": [
     7.3428664314633529E-01,
    -1.1330247973183183E-01,
    -1.1310835723844970E-01,
    -8.7600528877240791E-02,
     6.6155948448113344E-03,
    -8.7376158504196222E-02,
    -1.1292346343937776E-01,
     2.6663462111978120E-01,
    -3.3554841000236169E-01,
    -3.4007722401096596E-01,
     9.4953386584028132E-02,
     9.8560465719238766E-02,
     1.2887448093663295E-01,
     1.2967971248684915E-01,
     9.8790178976712939E-02,
    -1.7015686024335697E-01,
     1.1621215808299068E-01,
    -3.4739449332908279E-01,
     1.3741978382386061E-01,
     9.3999101716245037E-02,
     1.3872675231551324E-01,
    -1.2417935132789837E-01,
     1.4472327836948862E-01,
    -4.0485147222402412E-01,
    -1.1342100423492818E-01,
     1.2736188128532600E-01,
    -3.9241420274129740E-01,
    -2.8114140649987918E-01,
     5.7790788480618027E-02,
    -3.5113341548353993E-01
  ],
  "coordination numbers": [
     7.8581084837835942E+00,
     3.0134011308300277E+00,
     3.0124097149010867E+00,
     3.0161873079582922E+00,
     3.0177673229376607E+00,
     3.0160840360752754E+00,
     3.0124848410091118E+00,
     3.8425061876415372E+00,
     1.9654137310413962E+00,
     1.9610737281991719E+00,
     9.9271210464252491E-01,
     9.9275629567171286E-01,
     9.9290419216233072E-01,
     9.9291187893459210E-01,
     9.9277700542895264E-01,
     3.9581052410783490E+00,
     2.1479154401193616E+00,
     1.9180227837177748E+00,
     9.9175632834809857E-01,
     9.9198033777199957E-01,
     9.9146985841752233E-01,
     1.9165226260994945E+00,
     2.8359153428168469E+00,
     1.5719140982718320E+00,
     1.8906731746300798E+00,
     2.8747394982894914E+00,
     1.7787458951012729E+00,
     1.9944770467485107E+00,
     2.1780727843733834E+00,
     1.0052204576015127E+00
  ]
}
