{
  "version":  "0.2.0",
  "energy":     4.8958473011045539E-01,
  "charges": [
     5.9985644286876627E-01,
    -1.4490430859593700E-01,
     5.4504786572717068E-01
  ],
  "coordination numbers": [
     1.9252758160791466E+00,
     1.9412145346138825E+00,
     1.9719159536733217E+00
  ]
}
