{
  "version":  "0.2.0",
  "energy":     1.1973381921045110E+00,
  "charges": [
     1.1967667753649467E+00,
     1.7753036903702939E+00,
     2.7929534264759415E-02
  ],
  "coordination numbers": [
     1.0027655553883319E+00,
     8.7487467383881068E-01,
     1.8587045892143390E+00
  ]
}
