{
  "version":  "0.2.0",
  "energy":    -1.1323281093955367E-01,
  "charges": [
    -3.0919082690239014E-01,
     1.7689747809443834E-01,
     1.9270716533020649E-01,
     1.9189297783457945E-01,
    -2.5230679435683417E-01
  ],
  "coordination numbers": [
     2.2627033922136359E+00,
     1.8263806721174030E+00,
     1.8823144568748216E+00,
     1.8890027147534107E+00,
     9.1949016565072306E-01
  ]
}
