{
  "version":  "0.2.0",
  "energy":    -2.0089290026455930E-01,
  "charges": [
     9.3716848394722208E-01,
    -1.8985153309193281E-01,
    -1.8984439989079838E-01,
    -1.7790260818971504E-01,
    -1.8975807691764146E-01,
    -1.8981186585713439E-01
  ],
  "coordination numbers": [
     4.9488136151643687E+00,
     9.9880575260881610E-01,
     9.9880434009508789E-01,
     9.9882361046150603E-01,
     9.9880266146350394E-01,
     9.9880582850372956E-01
  ]
}
