{
  "version":  "0.2.0",
  "energy":    -1.9255413916944182E+00,
  "charges": [
    -8.2847681041625876E-02,
     9.0214158800535470E-03,
    -1.1180746253016016E+00,
    -8.1586789173537977E-01,
    -9.9223121780144674E-01
  ],
  "coordination numbers": [
     3.7477751542512818E+00,
     2.9065139990240114E+00,
     1.9955604125762498E+00,
     1.9846767023255580E+00,
     2.8205008731233221E+00
  ]
}
