{
  "version":  "0.2.0",
  "energy":    -1.9889889553394041E-01,
  "charges": [
     6.2581130100726579E-01,
     3.6943430553534368E-01,
    -4.9131165565473350E-01,
    -5.0393395088787596E-01
  ],
  "coordination numbers": [
     2.8999025358641424E+00,
     9.0632006945454169E-01,
     9.9837816229449849E-01,
     9.9933556816784908E-01
  ]
}
