{
  "version":  "0.2.0",
  "energy":     1.7284579063721166E+00,
  "charges": [
     1.3925788844892417E+00,
     1.5343421393007632E+00,
     7.3078976209995039E-02
  ],
  "coordination numbers": [
     9.4921953056334374E-01,
     8.9977362758019996E-01,
     1.8475678159681257E+00
  ]
}
