{
  "version":  "0.2.0",
  "energy":     3.9002473157241047E-01,
  "charges": [
     7.5322990767136511E-01,
    -2.0068277378255867E-01,
     2.0819285516226804E-01,
    -3.9344568127701812E-01,
    -2.0639132286867853E-01,
    -2.1153069761235641E-01,
     1.4399321758293940E-01,
     1.3231811252862855E-01,
     1.4797286088928857E-01,
     1.3395105677401656E-01,
     1.3867309052347507E-01,
     1.5604424718025012E-01,
     1.3219206668201769E-01,
     1.3896519307166691E-01,
     1.3552271744559455E-01,
    -1.2344537418220096E-01,
    -1.4023878182730071E-02,
    -2.0676972904605720E-01,
    -1.7910494174725722E-01,
    -1.8180195014510642E-01,
    -3.9489337520045603E-02,
    -4.1798466272881396E-01,
     1.3689044861172625E-01,
     1.2665180810098692E-01,
     1.3084265405927725E-01,
     1.4404779171445445E-01,
     1.4548244715840744E-01,
     2.6969987393646028E-01
  ],
  "coordination numbers": [
     5.8534676534429337E+00,
     3.9577945307277309E+00,
     4.3811035348603191E+00,
     1.9878862783795253E+00,
     3.9577149749464509E+00,
     3.9576098339503849E+00,
     9.9438262167268388E-01,
     9.9365901272747159E-01,
     9.9441245651802745E-01,
     9.9352117030712428E-01,
     9.9411397256497036E-01,
     9.9396936345100873E-01,
     9.9351938314344235E-01,
     9.9420627312930598E-01,
     9.9458804850079918E-01,
     9.9486936654957603E-01,
     2.6145641863599529E+00,
     1.9616820528667676E+00,
     1.9400401342986155E+00,
     4.0354122286204239E+00,
     3.9978259767111499E+00,
     2.9235945683556555E+00,
     9.9189095856712672E-01,
     9.9356927999850608E-01,
     9.9123506983543042E-01,
     9.9159430764870837E-01,
     9.9162687836066343E-01,
     9.9781361810510116E-01
  ]
}
