{
  "version":  "0.2.0",
  "energy":    -2.6176896290255852E-02,
  "charges": [
     2.9359429265642162E-01,
    -1.1363707089330355E-01,
    -1.7995722176311807E-01
  ],
  "coordination numbers": [
     1.0809618978201518E+00,
     1.9819225512234429E+00,
     1.0841501332268058E+00
  ]
}
