{
  "version":  "0.2.0",
  "energy":    -2.5004583835872887E+00,
  "charges": [
     8.8512786798353105E-01,
    -3.7252790614285415E-02,
     2.5570242455202319E-01,
    -5.7437812751125150E-01,
    -3.6689888711732732E-01,
    -6.1210693058956678E-01,
     3.5936184798327026E-02,
     8.1704245263797298E-02,
     2.6104820132787010E-01,
     2.1528734573068892E-01,
    -3.8274056322694872E-02,
     2.5061580307106079E-01,
    -5.7880401492474820E-01,
    -3.8573342735702426E-01,
    -6.2898755495325764E-01,
     3.7307731476910244E-02,
     8.4983630623981565E-02,
     2.5753881834446740E-01,
     2.0332387020320017E-01,
     5.3374210716193193E-02,
    -5.7726175730555740E-01,
    -6.5284218852905562E-01,
     2.4604056969402263E-01,
     1.8651200320317524E-01,
    -4.6998566952374621E-01,
    -3.2654711705982814E-01,
    -3.3891676446427893E-01,
    -2.7338488267412930E-01,
    -4.3451138174811263E-02,
    -4.4287313367586356E-01,
     1.5116398044370098E-02,
     4.2987037748116713E-02,
     1.0782018084586775E-01,
     2.8638710641340805E-02,
     9.8633206528482495E-02
  ],
  "coordination numbers": [
     7.7672089342762289E+00,
     4.0059222429334511E+00,
     3.0647939827185526E+00,
     1.0001646339984838E+00,
     1.9046899043684915E+00,
     3.8881810575373628E+00,
     9.8905613842835383E-01,
     9.9079972377387815E-01,
     1.2382947866072609E+00,
     1.0000412962416707E+00,
     4.0097037224639598E+00,
     3.0658408064620657E+00,
     1.0001393588934082E+00,
     1.9033018580709724E+00,
     3.8870827574685158E+00,
     9.8913703658779273E-01,
     9.9086360741751101E-01,
     1.2202690816927682E+00,
     1.0031472907360710E+00,
     1.8585374913687973E+00,
     9.9986178607660570E-01,
     1.9299734043640147E+00,
     1.1561868038551593E+00,
     3.3210425375604471E+00,
     1.0015784542483415E+00,
     1.8335958256944229E+00,
     1.6815565664525733E+00,
     3.9509229451302268E+00,
     4.1128174961138546E+00,
     1.9804627518170843E+00,
     9.9002964978176422E-01,
     9.9081618975459751E-01,
     9.9156801197573596E-01,
     9.8499543112534127E-01,
     9.8878963328583591E-01
  ]
}
