{
  "version":  "0.2.0",
  "energy":    -2.7134496149738290E+00,
  "charges": [
    -3.9038845087814300E-01,
    -1.5814279607093931E+00,
    -2.0281835884124639E+00
  ],
  "coordination numbers": [
     1.9948455301733894E+00,
     9.9931056580765443E-01,
     9.9651841184060164E-01
  ]
}
