{
  "version":  "0.2.0",
  "energy":     4.0650028194047994E-01,
  "charges": [
     8.7895918997638023E-01,
    -4.4404542580054629E-01,
     3.5947382750079371E-01,
     1.4397418498041026E-01,
     2.4714235674878920E-01,
    -3.4924929806740584E-01,
    -4.1349828272164713E-02,
    -3.6661027583433470E-01,
     1.7995724789368661E-01,
     1.7634544198528615E-01,
     1.8642617122778596E-01,
     2.8541172759642647E-01,
     1.8853908634418937E-01,
    -1.1739459550569231E-01,
    -1.8751826176273997E-01,
    -1.4006154901086401E-01
  ],
  "coordination numbers": [
     5.7727400165812401E+00,
     1.9914745220393968E+00,
     1.0129276818122843E+00,
     1.0149960764771571E+00,
     2.1361158699911744E+00,
     2.0118992774153650E+00,
     4.0052860191011561E+00,
     2.9398445931404051E+00,
     9.9209294623833078E-01,
     9.9207932286384093E-01,
     9.9242383801110634E-01,
     1.0101170155208745E+00,
     3.7255077976020354E+00,
     1.0013666708022457E+00,
     1.9702353140961915E+00,
     1.9778851437469624E+00
  ]
}
