{
  "version":  "0.2.0",
  "energy":     1.1179477568978100E+00,
  "charges": [
     1.4918502343609292E+00,
     5.0814976563907066E-01
  ],
  "coordination numbers": [
     9.8908029946337361E-01,
     9.8908029946337361E-01
  ]
}
