{
  "version":  "0.2.0",
  "energy":    -1.6310790539682274E-01,
  "charges": [
     3.5487622354774195E-01,
     6.4580451416132306E-02,
     4.3607846609836975E-01,
    -8.5553514106224404E-01
  ],
  "coordination numbers": [
     1.3000938990533157E+00,
     9.4482359899355028E-01,
     2.2444494817695775E+00,
     1.9961638165369830E+00
  ]
}
