{
  "version":  "0.2.0",
  "energy":    -8.3504867115514345E-02,
  "charges": [
     6.8385421458220419E-01,
    -1.2925810749791217E-01,
    -1.2962436321412146E-01,
    -1.6435102526746451E-01,
    -1.3000072740901844E-01,
    -1.3061999119368756E-01
  ],
  "coordination numbers": [
     4.9307236586665137E+00,
     1.1667837098393123E+00,
     1.1657876039067681E+00,
     1.0212809941952115E+00,
     1.1640003694248957E+00,
     1.1657975230607578E+00
  ]
}
