{
  "version":  "0.2.0",
  "energy":    -2.8082522521545028E-01,
  "charges": [
     2.9479510324291147E-01,
     8.6843772150727672E-01,
    -2.9072463790568059E-01,
    -4.3601278685562850E-01,
    -4.3649539998887910E-01
  ],
  "coordination numbers": [
     3.8899296709379749E+00,
     3.8029123888713290E+00,
     1.8652725661041618E+00,
     2.0627172977876658E+00,
     2.0629366242023499E+00
  ]
}
