{
  "version":  "0.2.0",
  "energy":    -4.8861863988145876E-02,
  "charges": [
     4.7062247100471272E-01,
    -2.0171949624436281E-01,
    -3.3368742388491579E-02,
    -2.0192592785486521E-01,
    -3.3608304516993134E-02
  ],
  "coordination numbers": [
     3.9624464996127049E+00,
     9.9708530351268809E-01,
     1.7311206972884676E+00,
     9.9676949320314634E-01,
     1.7309652381886265E+00
  ]
}
