{
  "version":  "0.2.0",
  "energy":    -4.1704463246008572E-01,
  "charges": [
     8.5887351267301670E-01,
    -5.8048897667098320E-01,
    -4.1503767380918710E-02,
    -4.4812977193233738E-02,
    -4.3528221359743369E-01,
    -4.4572046918150449E-02,
    -3.9867915006292415E-02,
    -5.8970221253259858E-01,
     2.4693903777163342E-01,
     2.4967517972167469E-01,
     1.0795777601676633E-01,
     9.5936155264432887E-02,
     9.5757625809862273E-02,
     1.1498824418813497E-01,
     2.5348666964540068E-01,
     9.7203284199025602E-02,
     1.2415525651629006E-01,
     1.1437118668505708E-01,
     9.8375898122293998E-02,
     2.4994687115099712E-01,
     2.3909731020500125E-01,
    -2.0314158748369540E-01,
    -1.6365542520693555E-02,
    -4.2973446588674913E-01,
     1.0490412233086457E-01,
     1.2383553405274303E-01,
     1.2674120587812618E-01,
     1.1377250724649332E-01,
     1.1638000924147893E-01,
     1.8064645576805016E-01,
    -2.8013485245043312E-01,
    -2.7690072363547080E-01,
    -2.8104021005331131E-01,
    -1.1952314967420187E-01,
     1.3335605814438595E-01,
    -4.6332925962756333E-01
  ],
  "coordination numbers": [
     7.1889083699074954E+00,
     3.8985754236978005E+00,
     4.0041132642145847E+00,
     4.0576226725151123E+00,
     3.8794155180102230E+00,
     4.0166254142783906E+00,
     4.0154945552360903E+00,
     3.8758488862366445E+00,
     1.0635487400085513E+00,
     9.9719776321503151E-01,
     9.9148045828127263E-01,
     9.9085884874881280E-01,
     9.9058269326728254E-01,
     9.9141691399106424E-01,
     1.0057974423367435E+00,
     9.9068700357941530E-01,
     9.9120591310087036E-01,
     9.9152597801785269E-01,
     9.9079400156273856E-01,
     9.9676123086458546E-01,
     1.0104413806892625E+00,
     3.9547634745744817E+00,
     4.0407734384529324E+00,
     1.9912822084131880E+00,
     9.9153345343795962E-01,
     9.9140725627462878E-01,
     9.9144894893860602E-01,
     9.9018577762551629E-01,
     9.9010103209994682E-01,
     3.6125134607007778E+00,
     1.9468781679101426E+00,
     1.9360412879873703E+00,
     1.0016154789547658E+00,
     1.9511562500987303E+00,
     2.1574649827209669E+00,
     1.0068293621565791E+00
  ]
}
