{
  "version":  "0.2.0",
  "energy":    -6.7512183499258138E-02,
  "charges": [
     5.8160104247742528E-01,
    -9.5889845910098540E-02,
    -9.6591864597265320E-02,
    -9.9009312222364754E-02,
    -9.6091682109797252E-02,
    -9.8957771756307378E-02,
    -9.5060565881592063E-02
  ],
  "coordination numbers": [
     5.7839792028113868E+00,
     1.7708917081712388E+00,
     1.7677954978492059E+00,
     1.7537784869878248E+00,
     1.7689398708111783E+00,
     1.7515352177755572E+00,
     1.7694997839484179E+00
  ]
}
