{
  "version":  "0.2.0",
  "energy":     3.9399699004712441E-01,
  "charges": [
     7.1996558115332654E-01,
    -1.5562423101718595E-01,
     1.1799336284247655E-01,
    -6.5595292142422962E-02,
     1.2072396555860286E-01,
    -3.1833847053196096E-01,
    -1.5258808505712970E-01,
    -3.2828225760477969E-01,
     1.3242590814524310E-01,
     1.4682005335779902E-01,
     1.4775224932625886E-01,
     1.3009686554507049E-01,
     1.3238348473771189E-01,
     1.4944731103793152E-01,
     1.5155238331978119E-01,
    -1.3380281713814252E-01,
     1.2103902590380830E-01,
    -3.4213646066458403E-01,
     1.5067788874250415E-01,
     1.5048837509859325E-01,
     1.5015659199731629E-01,
    -7.6459765356681836E-02,
    -5.2520222815194839E-01,
     2.8840861506206344E-01,
     2.8809794583634857E-01
  ],
  "coordination numbers": [
     5.6893178655361591E+00,
     3.9608868339651497E+00,
     3.3130445109117943E+00,
     3.0282261856656829E+00,
     3.3413833942616717E+00,
     1.9979955477893458E+00,
     3.9608460491587785E+00,
     1.9961849722914762E+00,
     9.9239354204086627E-01,
     9.9148807331206434E-01,
     9.9155496898078344E-01,
     9.9332235247236511E-01,
     9.9244846693002842E-01,
     9.9146720645363917E-01,
     9.9163089247577396E-01,
     3.9582145908870823E+00,
     2.0366972866470938E+00,
     1.9789803665921788E+00,
     9.9175041728394575E-01,
     9.9177040427212138E-01,
     9.9173999826358283E-01,
     9.9829064082046770E-01,
     2.9561902063237415E+00,
     1.0894334893137083E+00,
     9.9726401244929264E-01
  ]
}
