{
  "version":  "0.2.0",
  "energy":     3.7570393189030815E-01,
  "charges": [
     8.7828638072809495E-01,
    -5.2506879759726133E-01,
     3.2965752901578360E-01,
     2.1278531275092799E-02,
     2.0152275831167082E-01,
    -4.1534246758569182E-01,
    -4.1889808004010154E-02,
    -1.1826013873416177E-01,
    -1.1905446067060212E-01,
    -4.1866807059508168E-02,
    -2.9428314429790686E-01,
     1.3448950489430242E-01,
     1.3686563404945279E-01,
     1.4046668128051823E-01,
     1.3622030458419268E-01,
     1.3677394887004091E-01,
     1.3727426430947859E-01,
     1.3993358901573824E-01,
     1.3602577267248658E-01,
    -2.8495660354097382E-02,
    -3.9279687545461617E-01,
     1.5252151661452215E-01,
     1.4834858928608036E-01,
     1.4739315485040072E-01
  ],
  "coordination numbers": [
     4.4198473726226268E+00,
     1.9916593415884840E+00,
     1.0133717345127335E+00,
     1.0147486768222054E+00,
     2.1285354938422554E+00,
     2.0116713044950307E+00,
     4.1336278400378692E+00,
     3.9819991338862133E+00,
     3.9854509963897478E+00,
     4.0547947460819440E+00,
     2.9402775837256838E+00,
     9.9145100727733038E-01,
     9.9183993933838011E-01,
     9.9154742047196809E-01,
     9.9199349364918454E-01,
     9.9199652509911651E-01,
     9.9157572656667448E-01,
     9.9160759053460623E-01,
     9.9182373232614029E-01,
     4.0659897980784594E+00,
     1.9912739010272382E+00,
     9.9168371046089732E-01,
     9.9166957517426635E-01,
     9.9169626282996859E-01
  ]
}
