{
  "version":  "0.2.0",
  "energy":    -6.7072344414793006E-01,
  "charges": [
     2.1426864581221761E-01,
    -3.8204860269879082E-01,
    -2.9991721992743248E-02,
    -8.0222832112068343E-01
  ],
  "coordination numbers": [
     2.9466890526121263E+00,
     1.9556108448048501E+00,
     1.9336037831321509E+00,
     9.8470806643110542E-01
  ]
}
