{
  "version":  "0.2.0",
  "energy":     3.9122254745497109E-01,
  "charges": [
     7.6200242171589172E-01,
     1.8663320489101912E-01,
    -3.2279649269546840E-01,
    -1.9207332747728428E-01,
    -1.1655121764602400E-01,
     2.8021292175565238E-01,
    -1.0075650970142003E-01,
    -7.4581494696607992E-02,
    -4.1162165259846173E-02,
    -4.4723542752360179E-02,
    -5.3170140096168189E-02,
     2.3015564504987110E-02,
    -3.9202740217920681E-02,
    -4.5724195123537759E-02,
     2.4541535138804102E-01,
    -2.9099949183609575E-01,
    -3.4779857029147793E-01,
     1.6813714765345697E-01,
     1.6746487003537094E-01,
     1.5240021752573510E-01,
     1.6930848979617669E-01,
     1.6699871911199968E-01,
     2.5867138096149533E-01,
    -5.1847723084785302E-01,
     3.0103748878484488E-01,
     3.0671934051739341E-01
  ],
  "coordination numbers": [
     6.3613671260195259E+00,
     1.0717312005788990E+00,
     1.9938755944755222E+00,
     1.0259031216066186E+00,
     1.0236677876268772E+00,
     3.4075363877012448E+00,
     9.9909461364019503E-01,
     1.9391676859582212E+00,
     3.0155830323306443E+00,
     3.0110636751650368E+00,
     3.0148868324104674E+00,
     3.0190825386081910E+00,
     3.0191047986740767E+00,
     3.0112318980383499E+00,
     3.5144398581368472E+00,
     1.9567442051497865E+00,
     2.7099287952801205E+00,
     9.9284557884824043E-01,
     9.9300838376353706E-01,
     9.9259793267425511E-01,
     9.9300788165725429E-01,
     9.9296949799299838E-01,
     9.9289672637531368E-01,
     2.9334801209697394E+00,
     9.9577602382717689E-01,
     9.9448585326939920E-01
  ]
}
