{
  "version":  "0.2.0",
  "energy":    -2.3578225988011439E-01,
  "charges": [
     7.2445672933075100E-01,
    -7.7470636943647031E-01,
     2.7525180392312182E-01,
     2.7008291065564494E-01,
     2.7766759920226747E-01,
    -5.6162302700912714E-01,
     3.0552616017675704E-01,
    -2.1796117869291576E-01,
     6.4490415612947327E-02,
    -3.6318504376297644E-01
  ],
  "coordination numbers": [
     4.0115979600834244E+00,
     3.9451600383635013E+00,
     1.0024568443806139E+00,
     1.0090242227375326E+00,
     1.0147391788970586E+00,
     1.9922847489718292E+00,
     1.0066570925185063E+00,
     9.9291189030506288E-01,
     1.9854954755207590E+00,
     1.0262412600687947E+00
  ]
}
