{
  "version":  "0.2.0",
  "energy":     3.4266350696197589E-01,
  "charges": [
     5.1773974408238055E-01,
     3.0711361225224337E-01,
    -4.1846121811448517E-01,
     7.7182982636128783E-01,
    -1.7822196458142658E-01
  ],
  "coordination numbers": [
     3.0482184411165791E+00,
     1.3369498875577221E+00,
     2.9262382768404391E+00,
     2.6785890057644890E+00,
     1.9476567452272535E+00
  ]
}
