{
  "version":  "0.2.0",
  "energy":    -8.9662325860872261E-01,
  "charges": [
     8.8068618922147368E-01,
    -7.0375571915102897E-01,
    -7.0344554020100614E-01,
    -4.7348492986943852E-01
  ],
  "coordination numbers": [
     2.9888081707255196E+00,
     9.9934044710289172E-01,
     9.9934027630581301E-01,
     9.9475148964210991E-01
  ]
}
