{
  "version":  "0.2.0",
  "energy":     2.7610362383075693E-01,
  "charges": [
     7.6702159597694863E-01,
    -1.4294044320660659E-01,
     1.1101736184551747E-01,
    -3.3818617725837896E-01,
     1.4272442761248844E-01,
     1.4311523853289521E-01,
     1.4299469521996316E-01,
     1.5645823191029473E-01,
    -2.9026988889677174E-01,
    -5.9780214165016776E-02,
    -6.2697685006834369E-02,
    -5.2030803628902222E-02,
     2.4498832226757861E-02,
    -5.4288850216732909E-02,
    -6.3445990370148198E-02,
     2.7109174473896724E-01,
    -3.3067771261043749E-01,
    -3.1956649691662525E-01,
     1.5009752386886946E-01,
     1.5034272512536614E-01,
     1.6177885047626633E-01,
     1.5708015092637787E-01,
     1.4947089141483047E-01,
    -5.1129613102340943E-01,
     2.8460937119171204E-01,
     2.8599316815010117E-01,
    -5.9802855164466040E-02,
    -6.2726837616888242E-02,
    -5.2064802130545762E-02,
     2.4840790575737182E-02,
    -5.3884846067593029E-02,
    -6.3431340701193994E-02,
     2.7133450718904606E-01,
    -3.1832609949114465E-01,
    -3.2815133371076532E-01,
     1.5005923710402228E-01,
     1.5028825953648572E-01,
     1.6169050931640450E-01,
     1.5756930601467145E-01,
     1.4949108922873736E-01
  ],
  "coordination numbers": [
     7.5037202112053318E+00,
     3.9582814377664546E+00,
     2.0113797897856278E+00,
     1.9293069406999921E+00,
     9.9178974977065515E-01,
     9.9178743279177706E-01,
     9.9178709267630882E-01,
     1.7926286763414492E+00,
     9.9958376993309539E-01,
     3.0145421664996199E+00,
     3.0119763202692500E+00,
     3.0164226141577339E+00,
     3.0190936554848085E+00,
     3.0161604183862085E+00,
     3.0119568866610162E+00,
     3.8626123443376041E+00,
     1.9722531623738355E+00,
     1.9793579217910784E+00,
     9.9283555875536944E-01,
     9.9291747229458682E-01,
     9.9295616136041875E-01,
     9.9297417407877031E-01,
     9.9291803311692028E-01,
     2.9368857361965270E+00,
     1.0305647512802114E+00,
     1.0443596210110915E+00,
     3.0145618722069543E+00,
     3.0120199244008461E+00,
     3.0162212922063807E+00,
     3.0192064797962210E+00,
     3.0163063594799828E+00,
     3.0118911546461282E+00,
     3.8644061655819586E+00,
     1.9788738309026694E+00,
     1.9735822753828280E+00,
     9.9283543989517220E-01,
     9.9292490818434320E-01,
     9.9295213425558604E-01,
     9.9297826636099273E-01,
     9.9291497697745346E-01
  ]
}
