{
  "version":  "0.2.0",
  "energy":     5.8112670805818234E-01,
  "charges": [
     5.8942444452140841E-01,
     1.3357710086998348E-01,
     2.7699845460860811E-01
  ],
  "coordination numbers": [
     1.9586472712933629E+00,
     1.9448406251494967E+00,
     1.9213393923256108E+00
  ]
}
