{
  "version":  "0.2.0",
  "energy":     2.3119073247246380E+00,
  "charges": [
     8.5458020815189428E-01,
    -2.9887531874407974E-01,
     1.4893017505416695E-01,
     7.0535617797202521E-02,
     7.2558672850982275E-02,
     3.0690650084355231E-02,
     1.7758286997518369E-01,
     1.7732644407416559E-01,
     3.0743825101947952E-02,
     7.2744803690244275E-02,
     7.1098617980363543E-02,
     1.4981449971946115E-01,
    -2.9711405948555375E-01,
     2.3509823420043952E-01,
     2.7650807679855050E-01,
     2.8127643227805105E-01,
     2.2246177958951341E-01,
     2.2251845146554108E-01,
     2.8141597953719688E-01,
     2.7694015441800945E-01,
     2.3682381192974564E-01,
     3.0957377875015424E-01,
     3.2353039323694016E-02,
    -4.3309668717514688E-01,
     4.0457769149649925E-01,
     3.9293225113741836E-01
  ],
  "coordination numbers": [
     4.4010640953913800E+00,
     2.9838240791912884E+00,
     3.1985983403738674E+00,
     3.0067600282456066E+00,
     3.0058998242526895E+00,
     3.0103006003539532E+00,
     3.1966145463029756E+00,
     3.1943617769601316E+00,
     3.0102302054774661E+00,
     3.0057221103728020E+00,
     3.0067309776129774E+00,
     3.1896434507649110E+00,
     2.9823181764901845E+00,
     9.9189013690341987E-01,
     9.9210748229654655E-01,
     9.9216976186651262E-01,
     9.9274525882354148E-01,
     9.9274543716422325E-01,
     9.9218872976629413E-01,
     9.9210211060257247E-01,
     9.9186454103403676E-01,
     1.8642255848183780E+00,
     9.9964225454016109E-01,
     2.9505501050634759E+00,
     9.9754646717500961E-01,
     9.9543779040759528E-01
  ]
}
