{
  "version":  "0.2.0",
  "energy":    -1.4936566407520099E-01,
  "charges": [
    -3.9022189381652694E-02,
     5.9609779488350245E-01,
    -2.0722654778993532E-01,
    -3.4984905771191444E-01
  ],
  "coordination numbers": [
     2.7880921256344786E+00,
     2.3994633222692352E+00,
     1.8358507696213371E+00,
     2.1962193821755527E+00
  ]
}
