{
  "version":  "0.2.0",
  "energy":     1.4405891119386991E+00,
  "charges": [
     7.5764451449352777E-01,
    -5.5357006039403323E-01,
    -6.3716711258532399E-03,
    -1.3656058009532956E-02,
    -4.0940183693561372E-01,
    -2.1124590117195807E-02,
    -1.0869862854224421E-02,
    -5.6291683738142573E-01,
     2.6936031403947858E-01,
     2.6505745533502512E-01,
     1.5700478611772817E-01,
     1.4421713197090624E-01,
     1.6003580474592308E-01,
     1.4775814637740553E-01,
     2.4428699308103585E-01,
     1.4051769810220191E-01,
     1.4755627188873405E-01,
     1.5347975873811709E-01,
     1.4315407569472122E-01,
     2.4891853165002123E-01,
     2.6554634501004210E-01,
    -3.1805576611720665E-01,
     5.9626519003077805E-02,
    -3.0085699012068257E-02,
    -2.2177430046145530E-02,
    -4.3492849836309300E-02,
     1.2885919263750761E-01,
     1.3092926109493486E-01,
    -4.3120247636300790E-02,
    -2.3495643402175415E-02,
    -3.7219434602729834E-02,
     4.9903409372166072E-02,
    -3.2635493546082150E-01,
     1.7147644668852668E-01,
     1.8387768784779979E-01,
     1.9189448988685431E-01,
     1.5937277161898586E-01,
     1.5920143769063677E-01,
     1.8975394066039791E-01,
     1.7581939872791122E-01,
     1.3721184330828429E-01,
    -1.8392340682108102E-01,
     1.9557625396868622E-01,
    -3.7899546349477253E-01,
    -1.8164071765219658E-01,
    -1.7934937886625976E-01,
     1.5589522617624110E-01,
     1.6298676322714489E-01,
     1.5372658573506609E-01,
     1.6256637503509025E-01,
     1.5595094310332719E-01,
     1.5671320820965398E-01,
     1.6201081692841768E-01,
     1.5979517129413720E-01,
     1.6046447109551731E-01,
     1.1446254560004344E-01,
    -3.7679069638933044E-01
  ],
  "coordination numbers": [
     7.3892545025076215E+00,
     3.9165164922874576E+00,
     4.0366881962977885E+00,
     4.0516255066269782E+00,
     3.9052644115349047E+00,
     4.0648650047526562E+00,
     4.0034627555596884E+00,
     3.8848725266324724E+00,
     9.9784752095072005E-01,
     1.0192029786194627E+00,
     9.9141622371206584E-01,
     9.9201041737848605E-01,
     9.9150216476314768E-01,
     9.9124931620773360E-01,
     1.0107266637707397E+00,
     9.9112741410604510E-01,
     9.9114863065968084E-01,
     9.9155549082330197E-01,
     9.9204684615459637E-01,
     1.0027497274933115E+00,
     9.9707335917616735E-01,
     2.9652743640163601E+00,
     3.1444210441874390E+00,
     3.0093573359600967E+00,
     3.0196141802321241E+00,
     3.0135021408894005E+00,
     3.1580036898967068E+00,
     3.1627209706382411E+00,
     3.0123446370596021E+00,
     3.0212263903079748E+00,
     3.0082524102009840E+00,
     3.1811889110066325E+00,
     2.9758912515223424E+00,
     9.9283084733645932E-01,
     9.9290746006048547E-01,
     9.9276650968474822E-01,
     9.9318645562948227E-01,
     9.9317998643971617E-01,
     9.9274492349291954E-01,
     9.9293395976430698E-01,
     9.9263295498162840E-01,
     3.9571994737506540E+00,
     4.2820542651507090E+00,
     1.9940522681007531E+00,
     3.9574540039321615E+00,
     3.9572581600621417E+00,
     9.9426278237728383E-01,
     9.9441932172107173E-01,
     9.9380796223601120E-01,
     9.9420198629478662E-01,
     9.9395547220350888E-01,
     9.9387281264116911E-01,
     9.9445193889559658E-01,
     9.9422694874910089E-01,
     9.9387620242332453E-01,
     1.3682144326402392E+00,
     1.9926388457609008E+00
  ]
}
