{
  "version":  "0.2.0",
  "energy":     1.4251233305135677E-01,
  "charges": [
     3.6634815371309104E-01,
    -9.5433151443596168E-02,
     6.4709848974702266E-01,
    -3.4657950732524540E-01,
    -5.5719958734010566E-01,
     9.8576560264883351E-01
  ],
  "coordination numbers": [
     3.7977585406535574E+00,
     1.8179443700290410E+00,
     9.8669212739399104E-01,
     2.9246777657707188E+00,
     1.9685466039437438E+00,
     3.8561017098598027E+00
  ]
}
