{
  "version":  "0.2.0",
  "energy":    -2.3976684104700463E-01,
  "charges": [
     6.7344434725129809E-01,
     6.5539059856027848E-01,
    -5.7817152862093446E-01,
    -7.5066341719064211E-01
  ],
  "coordination numbers": [
     2.2987491768999542E+00,
     1.3019485304672891E+00,
     9.9935614775160797E-01,
     1.9958948809291392E+00
  ]
}
