{
  "version":  "0.2.0",
  "energy":     9.2521704040005159E-01,
  "charges": [
     9.1216720397765538E-01,
     4.8728932818131704E-02,
     3.4825576500859401E-01,
    -1.9842046026050028E-01,
    -3.1447035865564016E-01,
    -5.9300123402924443E-01,
     1.8856929288600097E-01,
     1.8292633870987521E-01,
     2.9261040341130951E-01,
     2.9260992594065738E-01,
    -3.6351444815431372E-02,
    -2.4249352622152109E-04,
    -8.3226261381317279E-03,
     9.3783003041100904E-02,
    -3.7151776282834170E-01,
     8.8628748305061289E-02,
    -6.0797875171618998E-03,
     2.0557657421980291E-01,
     1.9824953478222698E-01,
     1.6783482772826411E-01,
     1.7232758099582748E-01,
     1.9825041678593433E-01,
    -5.3118309142518894E-01,
     3.2981717739778438E-01,
     3.3925353318763546E-01
  ],
  "coordination numbers": [
     5.9062546863708558E+00,
     4.1290452618236753E+00,
     3.3571021923155930E+00,
     9.9985731312844806E-01,
     1.9932140022876510E+00,
     3.9376960582182159E+00,
     9.9174480379612362E-01,
     9.9129119227679663E-01,
     1.0079044877061571E+00,
     1.0084792466849715E+00,
     9.9811525771126686E-01,
     3.0224930996885666E+00,
     3.0073531867392349E+00,
     3.3744863492285146E+00,
     2.9963144160284898E+00,
     3.2191282519408269E+00,
     3.0080866834031648E+00,
     9.9271201625988237E-01,
     9.9292443306481637E-01,
     9.9655073672721883E-01,
     9.9268701199500065E-01,
     9.9291426512845238E-01,
     2.9533667158998416E+00,
     1.0020799954924131E+00,
     1.0009573411257122E+00
  ]
}
