{
  "version":  "0.2.0",
  "energy":     3.7610178709605291E-01,
  "charges": [
     6.0290011549913580E-01,
    -3.1162484685214209E-01,
     4.8855432290682010E-02,
    -6.5305735857709102E-02,
    -6.1192650929912773E-02,
    -7.1203607603255614E-02,
     1.2428712085218289E-01,
     1.2711577426430531E-01,
    -6.9208913903899300E-02,
    -5.7479948991378760E-02,
    -5.6829996657055820E-02,
     6.4441070640061160E-02,
    -3.1784558959450482E-01,
     1.4051949351450979E-01,
     1.4360993377260647E-01,
     1.4944650792707834E-01,
     1.3088823159898272E-01,
     1.3194731454702460E-01,
     1.5228468437006867E-01,
     1.5208352425330252E-01,
     1.6315890877562356E-01,
     9.3393536295738849E-02,
    -3.1994991075649837E-01,
    -5.6940981986957392E-02,
    -6.2158624955033305E-02,
     5.6267462557531726E-02,
    -3.3405094338196129E-01,
     4.6944725272147825E-02,
    -6.2820725549778189E-02,
     1.5100311836968977E-01,
     1.4551955275050044E-01,
     1.3696896187425847E-01,
     1.4620403180245770E-01,
     1.4651853709557525E-01,
    -1.2931120229092852E-01,
     2.7324713436161702E-01,
    -7.7935055668753001E-02,
    -1.3258724522186011E-01,
    -1.4082638416986704E-01,
     2.2842935833208636E-01,
    -1.3587180381997666E-01,
    -9.2890362825695114E-02
  ],
  "coordination numbers": [
     7.8402400709430911E+00,
     2.9631527655040859E+00,
     3.1652300610048663E+00,
     3.0102825345082769E+00,
     3.0215705220591413E+00,
     3.0142573753892012E+00,
     3.1908452974800827E+00,
     3.2112358632775795E+00,
     3.0143166607542407E+00,
     3.0212933707731811E+00,
     3.0107815520209815E+00,
     3.2678838703824562E+00,
     2.9881983665404253E+00,
     9.9270636388701039E-01,
     9.9303163232520131E-01,
     9.9287825044878897E-01,
     9.9323959562700193E-01,
     9.9323132355983468E-01,
     9.9289665324021037E-01,
     9.9306743761091720E-01,
     9.9446177716377093E-01,
     1.9407589602728681E+00,
     2.0928600632618748E+00,
     3.0222342991208304E+00,
     3.0104195424256259E+00,
     3.2959969777273672E+00,
     2.9791780485751103E+00,
     3.1719615920647426E+00,
     3.0102066080458805E+00,
     9.9282246617460324E-01,
     9.9300598366358628E-01,
     9.9549713118287908E-01,
     9.9247301579210490E-01,
     9.9299332521129369E-01,
     1.4030250000621320E+00,
     3.6792800287654464E+00,
     1.9224118512019057E+00,
     9.9899343369427740E-01,
     9.9912700979036817E-01,
     3.4639926774810794E+00,
     1.7722371318332293E+00,
     1.8014822873074063E+00
  ]
}
