{
  "version":  "0.2.0",
  "energy":    -7.4324173129733231E-02,
  "charges": [
     5.9244772931197320E-01,
    -1.4825056083664323E-01,
    -1.4816098759605750E-01,
    -1.4806895212982762E-01,
    -1.4796722874944485E-01
  ],
  "coordination numbers": [
     3.9694503007840218E+00,
     9.9617018300319859E-01,
     9.9618785032990154E-01,
     9.9618030418743242E-01,
     9.9621439945493151E-01
  ]
}
