{
  "version":  "0.2.0",
  "energy":     5.3038418517412322E-01,
  "charges": [
     1.1208455295258266E+00,
    -1.2084552952582656E-01
  ],
  "coordination numbers": [
     9.9936870771330444E-01,
     9.9936870771330444E-01
  ]
}
