{
  "version":  "0.2.0",
  "energy":    -3.7374895867864327E-02,
  "charges": [
     3.6225515058895313E-01,
    -3.6225515058895313E-01
  ],
  "coordination numbers": [
     9.9477069006705943E-01,
     9.9477069006705943E-01
  ]
}
