{
  "version":  "0.2.0",
  "energy":    -7.0541740301632927E-01,
  "charges": [
     3.0597747763246863E-01,
    -8.8828104214581483E-02,
    -4.5425181887583099E-01,
    -4.6374311236185256E-01,
    -2.9915444218020359E-01
  ],
  "coordination numbers": [
     3.9305801098752955E+00,
     9.6089088944189527E-01,
     1.0496426850479867E+00,
     9.9883840689169379E-01,
     1.0547482421786203E+00
  ]
}
