{
  "version":  "0.2.0",
  "energy":     1.5410864237856665E+00,
  "charges": [
     9.6556299192135953E-01,
    -5.0443642638540143E-01,
     3.5857815651261937E-01,
     3.4408371613841021E-01,
     1.8650092359374770E-01,
    -1.2108367728293240E-01,
    -9.8441129848201081E-02,
     4.8121581290986370E-02,
    -3.9947991679376449E-01,
     2.1519983908656778E-01,
     2.0859901055215341E-01,
     2.0530348852712083E-01,
     2.0207971303462122E-01,
     1.9210464611241776E-01,
    -1.3077873703685661E-01,
     2.0422332089855139E-01,
    -3.7834373156627410E-01,
    -1.3563513186031978E-01,
    -1.4238678349381129E-01,
     1.9937470254557371E-01,
     2.0223471192190623E-01,
     2.0475178089424884E-01,
     1.9818795321409630E-01,
     2.0182271482851105E-01,
     1.9529481080827685E-01,
     1.9733874705204807E-01,
     1.8731950149531285E-01,
     1.9390322383903183E-01
  ],
  "coordination numbers": [
     4.3440680299238661E+00,
     2.9548868898399281E+00,
     9.9777531076292192E-01,
     1.0023210769906514E+00,
     1.9148422804635015E+00,
     1.0001309070764091E+00,
     3.9552335366860296E+00,
     4.0958368326065884E+00,
     1.9847802099654634E+00,
     9.9139848000625275E-01,
     9.9174671434691497E-01,
     9.9171801918308589E-01,
     9.9127011624128691E-01,
     9.9131430311045765E-01,
     3.9569115390421938E+00,
     4.3028558659742764E+00,
     1.9955254577311941E+00,
     3.9569252835420672E+00,
     3.9569763294516322E+00,
     9.9503735232430213E-01,
     9.9367193037314827E-01,
     9.9364519287844022E-01,
     9.9500117411712541E-01,
     9.9368403225133672E-01,
     9.9364917986311774E-01,
     9.9479977837352696E-01,
     9.9372825804470555E-01,
     9.9372050214686869E-01
  ]
}
