{
  "version":  "0.2.0",
  "energy":    -6.7787618426660035E-02,
  "charges": [
     5.6600202227702723E-01,
    -5.6272158421359540E-02,
    -5.5599561696884015E-02,
    -2.2669183554741656E-01,
    -2.2743846661136707E-01
  ],
  "coordination numbers": [
     3.9542621839948113E+00,
     1.7275447744229728E+00,
     1.7274174350161617E+00,
     9.9635870223693068E-01,
     9.9615873921326603E-01
  ]
}
