{
  "version":  "0.2.0",
  "energy":    -1.0092347236689267E+00,
  "charges": [
     1.0515348285418153E+00,
     1.8250742652904878E-01,
    -2.8401911262690505E-01,
    -1.9319698106084837E-01,
    -2.2368385925619949E-01,
    -1.8162290172848922E-01,
     9.4950618590335878E-02,
    -3.4608564463339003E-01,
     1.0764134628520181E-01,
     1.0972296738870899E-01,
     1.1105763568222601E-01,
    -1.0885216553203680E-01,
     1.6993108602267826E-01,
    -2.1477747950495396E-01,
    -2.0322840667905440E-01,
    -2.7992348618906954E-01,
    -1.6010956272075061E-01,
     1.2832131864327548E-01,
    -3.4324797725030254E-01,
     1.2213015355438311E-01,
     1.4861770165967286E-01,
     1.0529557284482237E-01,
    -3.7036209350521421E-01,
     4.3149827040856081E-01,
    -3.6061381790076641E-01,
    -3.5413243943660000E-01,
    -1.3935299812614907E-01
  ],
  "coordination numbers": [
     7.8303323880577977E+00,
     3.5469621393866699E+00,
     1.0016031108581753E+00,
     1.9262732420656343E+00,
     1.9143703665576357E+00,
     3.9584238198910198E+00,
     2.0010160136363817E+00,
     1.8949514725455847E+00,
     9.9192957308002683E-01,
     9.9164872270743132E-01,
     9.9194567124106481E-01,
     9.9840090010663296E-01,
     3.5656597647200305E+00,
     1.9290188579592371E+00,
     1.9271572927172445E+00,
     1.0016770014571437E+00,
     3.9584791258935832E+00,
     2.0176580327488773E+00,
     1.9448816895103942E+00,
     9.9196707770589754E-01,
     9.9163539010196367E-01,
     9.9194867184205648E-01,
     1.4950625945180809E+00,
     2.5300777560560794E+00,
     9.9921075861600173E-01,
     9.9920326107157287E-01,
     9.7918171038502688E-01
  ]
}
