{
  "version":  "0.2.0",
  "energy":    -1.5045499384366717E-01,
  "charges": [
    -1.2159806557578323E-01,
     3.6971879453585738E-01,
     3.6250720374653489E-01,
    -1.9813734189958468E-01,
    -2.1486731957901056E-01,
    -1.9762327122801376E-01
  ],
  "coordination numbers": [
     4.7310789444065522E+00,
     2.2757392609047047E+00,
     3.1953116039342211E+00,
     1.8393029827232832E+00,
     1.8051698961633766E+00,
     1.8400556033263511E+00
  ]
}
