{
  "version":  "0.2.0",
  "energy":    -7.0322555804487596E-02,
  "charges": [
     5.3269547787650628E-01,
    -2.6694849590703251E-01,
    -2.6574698196947377E-01
  ],
  "coordination numbers": [
     1.9964905028032565E+00,
     1.0376273052795435E+00,
     1.0375572559715529E+00
  ]
}
