{
  "version":  "0.2.0",
  "energy":     3.4975680668946929E-01,
  "charges": [
     7.2205523556135709E-01,
    -2.0952472473151065E-01,
     2.0464132448959318E-01,
    -3.7491121583893428E-01,
    -2.1053648078629708E-01,
    -2.1274628750809338E-01,
     1.3772882002087766E-01,
     1.2673532601563411E-01,
     1.3931450635255627E-01,
     1.2682336928401042E-01,
     1.3934938444982900E-01,
     1.4393376197105731E-01,
     1.2656179198696269E-01,
     1.3706995075692904E-01,
     1.3646961818475017E-01,
    -1.0451055427145241E-01,
     1.7671496395708292E-01,
    -3.8568194602852296E-01,
    -1.7966729460524794E-01,
    -5.8455593923889340E-03,
    -3.8716425039354385E-01,
     1.3067982545464590E-01,
     1.4209812942203326E-01,
     1.3860429040325301E-01,
     1.4021217611490031E-01,
     1.3294583860956152E-01,
    -1.2282389131597125E-01,
    -9.0844758155721905E-02,
    -3.8340049079917105E-01,
     1.3800827419810782E-01,
     1.3777197235236832E-01,
     1.4031418122558931E-01,
     2.4962471301575623E-01
  ],
  "coordination numbers": [
     5.9557886354364467E+00,
     3.9576354947559187E+00,
     4.3721076051470469E+00,
     1.9903777249641674E+00,
     3.9575789610750665E+00,
     3.9576157711630442E+00,
     9.9429247132109921E-01,
     9.9365564251153593E-01,
     9.9495614496047757E-01,
     9.9377720367629596E-01,
     9.9435873965531218E-01,
     9.9414426883294649E-01,
     9.9361387345806218E-01,
     9.9428193167095813E-01,
     9.9501949230518782E-01,
     1.0183054861863372E+00,
     2.6029173229819556E+00,
     2.0040626239692143E+00,
     3.9555610377968220E+00,
     4.0527241804298342E+00,
     1.9901257618634807E+00,
     9.9179700365366319E-01,
     9.9171481008689177E-01,
     9.9169183455864918E-01,
     9.9137461663282522E-01,
     9.9126518675366793E-01,
     9.9484173466447157E-01,
     3.9899132721000736E+00,
     2.9312797521124381E+00,
     9.9191062715769451E-01,
     9.9185424833144964E-01,
     9.9230249093289569E-01,
     1.0117623704226171E+00
  ]
}
