{
  "version":  "0.2.0",
  "energy":    -1.2089973486525420E-01,
  "charges": [
     7.6173067519911752E-01,
    -1.2652017886293179E-01,
    -1.2652005775022734E-01,
    -1.2704985913294109E-01,
    -1.2704984177018025E-01,
    -1.2729536503627345E-01,
    -1.2729537264656354E-01
  ],
  "coordination numbers": [
     5.8639755927802124E+00,
     1.0487395376972621E+00,
     1.0487395706621765E+00,
     1.0495069757884501E+00,
     1.0495069046684771E+00,
     1.0498175117370163E+00,
     1.0498181612375941E+00
  ]
}
