{
  "version":  "0.2.0",
  "energy":    -1.2043974642318815E+00,
  "charges": [
     9.4493923463803320E-01,
    -5.9105128750596536E-01,
    -4.8677946040950881E-02,
    -5.3312331370656718E-02,
    -4.2765040337266325E-01,
    -5.3200575778724890E-02,
    -4.6986136008523416E-02,
    -5.8435088774661359E-01,
     2.2739444023480454E-01,
     2.6656501754913303E-01,
     8.1605181823847808E-02,
     8.4148293877154695E-02,
     1.2766013358397049E-01,
     7.0463966582141144E-02,
     2.1495072570519039E-01,
     1.0962795900613143E-01,
     7.0851653715287913E-02,
     7.4398972927910728E-02,
     9.9678087932747239E-02,
     2.4458065780307547E-01,
     2.4961864886756363E-01,
    -2.5329828420319572E-01,
     2.1544080492368636E-01,
    -3.9706914878607424E-01,
    -2.4331842069007525E-01,
    -2.4852309847747617E-01,
     1.1379042813630538E-01,
     7.7445382490113054E-02,
     9.8429004421676417E-02,
     7.8760356466267167E-02,
     1.4640933973006506E-01,
     1.0327144879210570E-01,
     8.4107651677542888E-02,
     1.3479528104137342E-01,
     1.2286436976583923E-01,
    -2.5915092336329554E-01,
     1.1115855351653797E-01,
    -4.2556592590422276E-01,
    -4.6245442859330749E-01,
     4.4059901157396786E-01,
    -3.8604684622794760E-01,
    -4.2967501511927753E-01,
    -1.1649096511071100E-01,
    -3.0929366618439968E-01,
    -2.5743831629839120E-01
  ],
  "coordination numbers": [
     7.5425096942407306E+00,
     3.8769684471769459E+00,
     3.9972128002048590E+00,
     4.0832762262411428E+00,
     3.8829537146176101E+00,
     4.0269656848429349E+00,
     4.0390704943326519E+00,
     3.8865015955325939E+00,
     9.9723685166301212E-01,
     1.0175473215311177E+00,
     9.9067095585695331E-01,
     9.9120097086944714E-01,
     9.9147245817713259E-01,
     9.8997444259790601E-01,
     1.0224646416673195E+00,
     9.9131933295024677E-01,
     9.9012217031069216E-01,
     9.9040135715681110E-01,
     9.9164299587918503E-01,
     9.9841479278273582E-01,
     1.0035676895186034E+00,
     3.9572684195194308E+00,
     4.3793836002126740E+00,
     1.9778680496775296E+00,
     3.9565172847289212E+00,
     3.9563088891380769E+00,
     9.9592439317751857E-01,
     9.9280226840245778E-01,
     9.9397401966771604E-01,
     9.9293791177535429E-01,
     9.9438087120874741E-01,
     9.9394107760509076E-01,
     9.9430112054051012E-01,
     9.9335428194952513E-01,
     9.9556275526138904E-01,
     1.0093928794622178E+00,
     2.0996458798554718E+00,
     1.9774475381494589E+00,
     9.9974916589139884E-01,
     3.9532252759071680E+00,
     1.9876465854130831E+00,
     9.9909405718942867E-01,
     2.0937291816441137E+00,
     1.0026008647623046E+00,
     1.9525420667090527E+00
  ]
}
