{
  "version":  "0.2.0",
  "energy":    -2.3588816220562775E-01,
  "charges": [
     2.0666418777086515E-01,
     6.3779334663123166E-01,
    -8.4445753440209681E-01
  ],
  "coordination numbers": [
     1.8317809365350470E+00,
     8.3665804809605149E-01,
     9.9587202708892786E-01
  ]
}
