{
  "version":  "0.2.0",
  "energy":     8.2636223093144068E-01,
  "charges": [
     7.2432477312429167E-01,
    -7.3941187851284962E-01,
     2.7081921630209133E-01,
     2.9120286951284946E-01,
     2.7646424121727275E-01,
     9.4010437573542216E-02,
    -3.4583151170979698E-01,
    -2.0725519926549163E-01,
     5.9005590041408262E-02,
    -2.0223896524857254E-01,
    -2.0619080149626523E-01,
     1.4436537062529117E-01,
     1.3755983779545972E-01,
     1.3482136146153770E-01,
     1.4021472793582196E-01,
     1.3239362241584024E-01,
     1.4626273118733646E-01,
     1.4034505797278413E-01,
     1.3799514913949054E-01,
     1.3365056340281814E-01,
     9.8868988002015490E-02,
     6.0106331467286389E-02,
    -3.2764267607197306E-01,
     6.2714721184483291E-02,
     1.0441720744038741E-01,
    -2.9957409089576781E-01,
     1.7004682237406407E-01,
     1.4272827748072886E-01,
     1.4927235410265194E-01,
     1.7628165220536787E-01,
    -4.0825932239617391E-02,
    -5.0247696127944552E-02,
    -5.3257116844319330E-02,
     7.2458006889409843E-03,
    -6.4530719696273331E-02,
    -4.7068607961789688E-02,
     2.2499065345434310E-01,
    -3.4183733365758895E-01,
    -3.7463491660234871E-01,
     1.7143830793579679E-01,
     1.6593359377958899E-01,
     1.5634992291054228E-01,
     1.4124792479043446E-01,
     1.6845796089261875E-01,
     2.4360666350682228E-01,
    -5.1555281754756255E-01,
     2.9972043488844180E-01,
     3.0923709706580732E-01
  ],
  "coordination numbers": [
     7.3313050744933470E+00,
     3.9096920368248806E+00,
     1.0337540948741726E+00,
     1.0000446283989337E+00,
     9.9864840863085114E-01,
     1.7075340982073595E+00,
     1.9882651658329582E+00,
     3.9562588004359451E+00,
     3.9063848352801704E+00,
     3.9567832570746484E+00,
     3.9561664873875353E+00,
     9.9264536529690606E-01,
     9.9306468621435329E-01,
     9.9260782234652023E-01,
     9.9258727220371323E-01,
     9.9266975341408781E-01,
     9.9287458064190925E-01,
     9.9246475938431278E-01,
     9.9269081321970809E-01,
     9.9272270966008058E-01,
     3.0686112821904210E+00,
     3.2265860012858134E+00,
     2.9453412711196103E+00,
     3.1210862522759646E+00,
     3.0688560711060120E+00,
     2.0163443649565380E+00,
     9.9252014726608184E-01,
     9.9419402692509085E-01,
     9.9248868237673538E-01,
     9.9251646079223299E-01,
     3.0154674311166820E+00,
     3.0101869707342033E+00,
     3.0195070227562306E+00,
     3.0174451112658893E+00,
     3.0138251051577170E+00,
     3.0099865399951007E+00,
     3.5295438066038081E+00,
     1.9490853845762306E+00,
     2.7455563654140072E+00,
     9.9280072607762992E-01,
     9.9296259658367081E-01,
     9.9295922236553125E-01,
     9.9242806923790816E-01,
     9.9295976679358677E-01,
     9.9288730864220920E-01,
     2.9283167165134047E+00,
     9.9403019036383533E-01,
     1.0765663189620343E+00
  ]
}
