{
  "version":  "0.2.0",
  "energy":    -5.1113369124500740E-01,
  "charges": [
     4.0199885548111536E-01,
     6.6147467434041551E-01,
     7.5527904117214528E-01,
    -2.5314452066027221E-01,
    -7.4448402745019426E-01,
    -8.2112402288320951E-01
  ],
  "coordination numbers": [
     4.7533635241945174E+00,
     4.3894658466690357E+00,
     3.6981350265979067E+00,
     3.5244230241649506E+00,
     2.9740151348253336E+00,
     2.9140154064896633E+00
  ]
}
