{
  "version":  "0.2.0",
  "energy":    -4.9458447297267072E-01,
  "charges": [
     8.5098274238861848E-01,
    -5.8728926099122480E-01,
    -3.9109964913191964E-02,
    -3.9458701435959198E-02,
    -5.8268947182522279E-01,
     2.5070935644824854E-01,
     2.2850602856430832E-01,
     1.0376991434037316E-01,
     8.8802627529700112E-02,
     8.7646933166289021E-02,
     1.2788590255930446E-01,
     2.2748465912120180E-01,
     2.3015815869145459E-01,
    -1.0609671816248953E-01,
    -1.1452750458686936E-01,
    -1.0084592614652338E-01,
    -6.6397219237939176E-03,
     2.3570014048555243E-02,
     1.2468879466462537E-02,
     2.7766692486920297E-01,
    -4.4087682077631463E-01,
    -4.1729568257930205E-01,
     1.0694330333979749E-01,
     1.1122841121979472E-01,
     1.3822157791921919E-01,
     1.3509878753257634E-01,
     1.2553465242365161E-01,
    -1.1257133817121533E-01,
    -4.2475729167956955E-01,
     1.2654831109235815E-01,
     1.0818321813276841E-01,
     1.1342334677721956E-01,
     2.7527308885381219E-01,
    -7.6659299770813516E-01,
     2.6038052063490991E-01,
     2.9300683172274328E-01,
     2.4685472332472158E-01,
    -3.5222094393001957E-01,
     2.0038065212220074E-01,
    -3.0022473197715155E-01,
    -3.5953248948250965E-01
  ],
  "coordination numbers": [
     7.9105424239908926E+00,
     3.9152175655358539E+00,
     4.0426977160420883E+00,
     4.0419494974842740E+00,
     3.8766652506734625E+00,
     1.0211224317618104E+00,
     9.9821456977046186E-01,
     9.9099883805625932E-01,
     9.9076297002509683E-01,
     9.9093547753473654E-01,
     9.9162913084275051E-01,
     9.9812904805947422E-01,
     9.9766670395638091E-01,
     2.9884992770142009E+00,
     2.9899443939631176E+00,
     3.0075116857919371E+00,
     3.8545927122507777E+00,
     3.8933185795727585E+00,
     2.9985648572964108E+00,
     3.8070739731237158E+00,
     1.0007903992500538E+00,
     1.9751296304263795E+00,
     9.9265122870782196E-01,
     9.9261271862928613E-01,
     9.9268744638230277E-01,
     1.0171066285357444E+00,
     9.9284598236001020E-01,
     3.9787193977253317E+00,
     2.8644271376642880E+00,
     9.9154782198323765E-01,
     9.9138853394033433E-01,
     9.9177662475578732E-01,
     1.2464614784692776E+00,
     3.8643482147445916E+00,
     9.9743411839554508E-01,
     1.0001344231830060E+00,
     9.9634483967250098E-01,
     1.8933459895140778E+00,
     2.8018952043186260E+00,
     1.9972396816327844E+00,
     1.9414443791446274E+00
  ]
}
