{
  "version":  "0.2.0",
  "energy":     5.8007678928842377E-01,
  "charges": [
     4.5450293457373048E-01,
     4.1956895370124908E-01,
     9.4896563863945960E-02,
     3.1031547861074399E-02
  ],
  "coordination numbers": [
     2.0537388257693889E+00,
     2.0567406584487511E+00,
     1.9222449404779756E+00,
     1.9656648838098638E+00
  ]
}
