{
  "version":  "0.2.0",
  "energy":     9.9196897128974093E-01,
  "charges": [
     8.1105266816304522E-01,
    -5.6934946459631730E-01,
     2.2289193601559565E-02,
     2.4310078170064975E-02,
    -5.7328321036013619E-01,
     3.1729908197553308E-01,
     3.2068846074509527E-01,
     1.8608662848330534E-01,
     1.9696900257379002E-01,
     1.9636850732465608E-01,
     1.9440044654198577E-01,
     3.0490052287192387E-01,
     3.2438826880046440E-01,
     1.5894626424492303E-01,
    -1.4900392155436457E-01,
    -4.8144099730916523E-01,
     3.5472366788620802E-01,
     3.6065480243742881E-01
  ],
  "coordination numbers": [
     4.2989811522284160E+00,
     3.9247503240919341E+00,
     4.1864019319403170E+00,
     4.1174416309163959E+00,
     3.9346325064552490E+00,
     9.9745010871496742E-01,
     9.9889621102975124E-01,
     9.9124800821479475E-01,
     9.9155861818611513E-01,
     9.9159626584824601E-01,
     9.9138809773833358E-01,
     1.0182279420478242E+00,
     9.9736032084914772E-01,
     1.9915637982440444E+00,
     1.0350343775480599E+00,
     2.9231956483587034E+00,
     9.9471969182802589E-01,
     9.9291840774036544E-01
  ]
}
