{
  "version":  "0.2.0",
  "energy":    -3.3683558344144748E-01,
  "charges": [
     8.6856983065605009E-01,
    -1.7201253912298889E-01,
     1.0685008296930038E-01,
    -7.4489646903956180E-02,
     1.0755174167569392E-01,
    -2.9752113176599332E-01,
    -1.7158669921698072E-01,
    -3.0614131515146104E-01,
     1.1111535313084191E-01,
     1.3491347095878495E-01,
     1.3202684109400573E-01,
     1.1327947963899848E-01,
     1.1115288930768580E-01,
     1.3197123562203841E-01,
     1.3622915650916259E-01,
     2.4986702200200966E-01,
    -2.9543775382989579E-01,
    -3.1241777552360428E-01,
     3.9739800779619838E-01,
    -3.4808408184214240E-01,
    -2.9333549873644266E-01,
    -1.3966439910607961E-01,
     1.2689619820724485E-01,
    -3.1605738358313007E-01,
     1.7530859102985033E-01,
     1.3359812316587386E-01,
     1.3505888804522445E-01,
    -2.6766011809135071E-01,
     6.7501871173654221E-02,
    -2.4488044010859231E-01
  ],
  "coordination numbers": [
     6.6717493372849042E+00,
     3.9605816724569696E+00,
     3.1622561840786867E+00,
     3.0018755982832976E+00,
     3.1521121718628411E+00,
     1.9864312837866160E+00,
     3.9606488453361832E+00,
     1.9896574240467411E+00,
     9.9230384468976407E-01,
     9.9156400981916004E-01,
     9.9158012246508953E-01,
     9.9328129176966495E-01,
     9.9230875368745508E-01,
     9.9154811509159479E-01,
     9.9163773731896487E-01,
     2.1998873975712661E+00,
     1.9899266397267175E+00,
     1.3768907273004301E+00,
     2.7777756676523282E+00,
     9.9913525930231817E-01,
     1.9915373472478786E+00,
     3.9575161390368061E+00,
     2.0579412130680108E+00,
     1.9404750587394721E+00,
     9.9050484239807979E-01,
     9.9200316721813042E-01,
     9.9195117698841884E-01,
     2.0002253532845291E+00,
     2.0657909964123249E+00,
     1.0054369570298887E+00
  ]
}
