{
  "version":  "0.2.0",
  "energy":     9.6579720531868152E-01,
  "charges": [
     5.9396997279305808E-01,
    -5.3952067142845261E-01,
     3.1768938216837245E-01,
     3.0276321784764382E-01,
    -2.9668179415041962E-02,
    -3.3326698740152738E-01,
     3.0181695687217491E-01,
    -2.7988739266160123E-01,
    -6.2834733689632882E-02,
    -3.0524364210645005E-01,
    -2.8776749246897826E-02,
     1.5064049175651925E-01,
     1.6458778302925747E-01,
     1.7414561878223439E-01,
     1.7267195606713032E-01,
     1.4865278784641009E-01,
     1.6434726536371183E-01,
     1.7945760236225936E-01,
     1.5863111934113919E-01,
     1.6503449103082754E-01,
    -1.8014708876608018E-01,
     5.6926655793326689E-02,
    -1.9301998299410222E-01,
    -1.9227240472871696E-01,
     1.5972832692435501E-01,
     1.6726136091929419E-01,
     1.6068829169012622E-01,
     1.5639675397476924E-01,
     1.5439871034728231E-01,
     1.5003262985221752E-01,
     1.5594707528780777E-01,
     1.4375074375202518E-01,
     1.5988629661989842E-01,
    -2.3377465565101840E-02,
    -1.0202090448714726E-01,
    -1.8938928793108878E-01
  ],
  "coordination numbers": [
     5.7158981733645700E+00,
     2.9388866531025979E+00,
     9.9680324088537020E-01,
     9.9352328935998280E-01,
     4.0718848216955994E+00,
     1.9856105691251456E+00,
     4.2033704325283825E+00,
     2.9543076775845671E+00,
     4.0334600273257264E+00,
     1.9869252740390726E+00,
     4.1047151218850937E+00,
     9.9198759624219601E-01,
     9.9244370449274211E-01,
     9.9225352247935383E-01,
     9.9226637683960117E-01,
     9.9202598416847110E-01,
     9.9213183510105729E-01,
     9.9237518914766909E-01,
     9.9176379562197692E-01,
     9.9197908447809535E-01,
     3.9568456723154029E+00,
     3.9592385822423530E+00,
     3.9567201302520809E+00,
     3.9590203301692997E+00,
     9.9302734243739987E-01,
     9.9298144388277443E-01,
     9.9290796953019722E-01,
     9.9300777814077801E-01,
     9.9293212153844834E-01,
     9.9330124355382399E-01,
     9.9283470941813512E-01,
     9.9329708720568810E-01,
     9.9291388393772895E-01,
     2.9717719204329995E+00,
     1.0037217262579210E+00,
     1.9884097896657531E+00
  ]
}
