{
  "version":  "0.2.0",
  "energy":    -3.5376134417673871E-01,
  "charges": [
     6.0038176595785753E-01,
    -5.6942661145030582E-01,
    -3.0902477951461754E-02,
    -4.7191073829143365E-02,
    -4.1774288564679551E-01,
    -4.4486455422702555E-02,
    -3.7378633639772355E-02,
    -5.7041476821660986E-01,
     2.4647072323993055E-01,
     2.3729917527702493E-01,
     9.5526254715267836E-02,
     1.1891679373709815E-01,
     1.0560932051222263E-01,
     9.3325975060326985E-02,
     2.3759130261688149E-01,
     1.1520439939663471E-01,
     9.2318296110565565E-02,
     9.5944300118337683E-02,
     1.0977410147958337E-01,
     2.5567365802790520E-01,
     2.4322851379668792E-01,
    -1.5429365168197767E-01,
     1.6331550060489008E-01,
    -3.7774002990485023E-01,
    -3.3438973399404892E-01,
     1.1652362890111530E-01,
    -3.2837809588229944E-01,
    -5.7657025116659066E-01,
     2.9880922785666059E-01,
     2.6300173137756749E-01
  ],
  "coordination numbers": [
     7.6002551248982817E+00,
     3.9065718118564430E+00,
     4.2431100543129254E+00,
     4.0842063086601073E+00,
     3.9149948385826079E+00,
     4.1423689559720041E+00,
     4.0914357418684020E+00,
     3.9366353827028542E+00,
     1.0075322849283834E+00,
     9.9711329028730145E-01,
     9.9053807446323816E-01,
     9.9326959672450155E-01,
     9.9099914898679220E-01,
     9.9077260587698479E-01,
     1.0857595725395637E+00,
     9.9136399387870444E-01,
     9.9024785896676981E-01,
     9.9053645702019644E-01,
     9.9116490992523332E-01,
     1.1757171927057319E+00,
     1.0017108287019996E+00,
     1.0112908135374292E+00,
     2.4741556334553314E+00,
     1.9945669004681017E+00,
     1.0287475874935490E+00,
     1.8837802232271397E+00,
     9.9997190269977043E-01,
     2.8480660286983248E+00,
     1.6487794907928155E+00,
     9.9432741348856357E-01
  ]
}
