{
  "version":  "0.2.0",
  "energy":     2.1783690197420924E-01,
  "charges": [
     8.0528801027689068E-01,
    -5.0083415905438737E-02,
    -5.2368889955841103E-02,
    -5.5706420403818097E-02,
     2.6171011217304724E-02,
    -4.1370304222636628E-02,
    -5.0335182347795548E-02,
     2.6834073499101185E-01,
    -2.8938297720302564E-01,
    -3.6540361546206845E-01,
     1.5792343508414788E-01,
     1.5796308696973968E-01,
     1.4669476361983735E-01,
     1.7504446717077676E-01,
     1.6152491590848661E-01,
     2.6661551042843856E-01,
    -7.1445302518889020E-01,
     2.9446441594544626E-01,
     2.9680560031674796E-01,
     3.0588818880810231E-01,
    -2.5120516055492419E-02,
     1.7068540490741457E-01,
    -3.9822731845086123E-01,
    -1.4577213947260109E-02,
    -1.3479910049276556E-01,
    -1.6974606631500277E-01,
    -1.5427829809837929E-01,
     2.2766243942008851E-01,
    -1.4790640749159170E-01,
    -1.0408922260799620E-01,
    -2.9365866796812662E-02,
    -1.2009371742586124E-01,
    -1.1921574903833268E-01,
    -3.6602438592888607E-02,
    -2.5979875816489523E-01,
     1.4825023666031520E-01,
     1.5040344051894319E-01,
     1.3997943470862956E-01,
     1.3744651195124177E-01,
     1.3674356539948324E-01,
     1.4110081298278840E-01,
     1.4190232307684231E-01,
     1.3396106776346328E-01,
     9.5317251900462086E-02,
    -3.5325212585894855E-01
  ],
  "coordination numbers": [
     7.6538071620938695E+00,
     3.0148235106207215E+00,
     3.0112286189376034E+00,
     3.0146131308709014E+00,
     3.0189710157245626E+00,
     3.0169685147869068E+00,
     3.0118329438584377E+00,
     3.0587101535695167E+00,
     1.9813378201235849E+00,
     1.9919717820576999E+00,
     9.9285082717445228E-01,
     9.9297278855445104E-01,
     9.9244550703802137E-01,
     9.9273379897883540E-01,
     9.9294897700920792E-01,
     9.9330837790202864E-01,
     3.9233104784415946E+00,
     1.0020775339115318E+00,
     1.0060096278913582E+00,
     1.0048258316169125E+00,
     1.0139373695440659E+00,
     2.1148978609171563E+00,
     2.0091663838187594E+00,
     2.6266063997123830E+00,
     1.9438907645719334E+00,
     1.9676920239273903E+00,
     9.9907843813504726E-01,
     3.0955981815312166E+00,
     9.9899433474916943E-01,
     1.8503125959042235E+00,
     4.0999913375860944E+00,
     3.9852376702158274E+00,
     3.9813161950078708E+00,
     4.1751753820933502E+00,
     2.9348030056132925E+00,
     9.9146893580504880E-01,
     9.9197438388407200E-01,
     9.9154723841684689E-01,
     9.9197796071992528E-01,
     9.9198286347263043E-01,
     9.9146240077145276E-01,
     9.9150169642620511E-01,
     9.9672754938843156E-01,
     1.9755399625497736E+00,
     1.0184447189401986E+00
  ]
}
