{
  "version":  "0.2.0",
  "energy":    -5.8943463171797605E-02,
  "charges": [
     4.7988820205409100E-01,
    -4.7988820205409100E-01
  ],
  "coordination numbers": [
     9.9309784416736058E-01,
     9.9309784416736058E-01
  ]
}
