{
  "version":  "0.2.0",
  "energy":     4.7495791566135059E-01,
  "charges": [
     6.3179449351837613E-01,
     1.8511455644724478E-01,
    -1.2784783210496961E-01,
    -1.5681766685280374E-01,
    -1.4931463035907519E-01,
    -3.1980297740043184E-02,
    -3.5463424370884788E-02,
    -4.6131231042027432E-02,
     3.1038239650859611E-02,
    -3.0276915092609796E-02,
    -3.5959300300197797E-02,
     2.6616712708458740E-01,
    -2.7981956666785729E-01,
    -3.7249328689811650E-01,
     1.7709446073847585E-01,
     1.7614017113226071E-01,
     1.5513641613223983E-01,
     1.7902391733351447E-01,
     1.7680908891122094E-01,
     2.8054765550181865E-01,
    -2.2105852893771292E-03,
     2.0564920640529563E-01,
    -1.9620059613793142E-01
  ],
  "coordination numbers": [
     5.6287135862026005E+00,
     3.7594271085894890E+00,
     1.0014110202265334E+00,
     1.9822006215952968E+00,
     1.9745837536929596E+00,
     3.0156861046714889E+00,
     3.0107590427434650E+00,
     3.0147626398532728E+00,
     3.0181053545266616E+00,
     3.0191231469177353E+00,
     3.0109566821148341E+00,
     3.1206687215959708E+00,
     1.9835739675173150E+00,
     1.9934159247453715E+00,
     9.9286165939995730E-01,
     9.9300657639154277E-01,
     9.9245510022014916E-01,
     9.9302944045849006E-01,
     9.9297887238957472E-01,
     9.9315890564297860E-01,
     9.9717765303307981E-01,
     1.8861972907533531E+00,
     9.9969816491224339E-01
  ]
}
