{
  "version":  "0.2.0",
  "energy":    -1.2543819660047097E+00,
  "charges": [
    -5.2992053595894539E-01,
    -9.6130639490821831E-02,
    -1.3739488245502327E+00
  ],
  "coordination numbers": [
     1.3623338717498763E+00,
     3.6517911965647176E-01,
     9.9740774906378160E-01
  ]
}
