{
  "version":  "0.2.0",
  "energy":    -1.8517381820898127E+00,
  "charges": [
     7.4829892315598201E-01,
    -5.5972483561565334E-01,
    -6.3851556239641338E-02,
    -5.9145072824312361E-02,
    -4.0047954105259453E-01,
    -6.3171627161681343E-02,
    -6.1121648961244945E-02,
    -5.6329236270561245E-01,
     2.6325266119787594E-01,
     2.2364403293677815E-01,
     7.3754928901146252E-02,
     5.2003071323039468E-02,
     4.9932121377559868E-02,
     1.1282037113080849E-01,
     2.5745557071068326E-01,
     5.0260456349190449E-02,
     9.0650256307520480E-02,
     8.7524995451644771E-02,
     4.9579705409421637E-02,
     2.4948203846046149E-01,
     2.6069535771562363E-01,
    -1.1969191236304355E-02,
     2.7195940450817657E-01,
    -4.9663135689518878E-01,
    -3.5292071015679860E-01,
    -5.7781617452221679E-01,
     7.4232109127395834E-02,
     1.2294635395159276E-01,
     2.2478135537220223E-01,
     2.8394270357050266E-01,
    -1.4946353939223184E-01,
    -1.3372561625193213E-01,
    -9.5175537500618440E-02,
     1.6232455449719796E-03,
    -1.1767529498188820E-01,
    -1.5205327899680995E-01,
     2.7138612600788148E-01,
    -4.8467706967220997E-01,
    -3.4058334712063826E-01,
     5.9890606180437268E-02,
     8.3830124498851355E-02,
     1.5193398608843875E-01,
     9.8152451962194104E-02,
     6.0414851802686825E-02,
    -4.8127125695084816E-01,
     3.7585335180479074E-01,
    -4.9620938640954898E-01,
    -3.7229503568325223E-01,
    -3.2499437510473872E-01,
     1.0156536910408769E-01,
    -3.9361871451598035E-01
  ],
  "coordination numbers": [
     7.5102344673488135E+00,
     3.7876533305409579E+00,
     3.9703508711562758E+00,
     4.0190902457060940E+00,
     3.8585258687440938E+00,
     4.0189382277326438E+00,
     3.9985973851245546E+00,
     3.8857040532625691E+00,
     1.0628579180496587E+00,
     9.9622393506210116E-01,
     9.9103908465820734E-01,
     9.8980709255583577E-01,
     9.8928727404392891E-01,
     9.9161094558353025E-01,
     1.0338370809432869E+00,
     9.8957882915615070E-01,
     9.9137004242094129E-01,
     9.9124574060133774E-01,
     9.8945666541071109E-01,
     9.9644015831469357E-01,
     1.1006856869901940E+00,
     4.0544567505667679E+00,
     3.1277091017973877E+00,
     1.0002564500305020E+00,
     1.9589958322612588E+00,
     3.9193220613389981E+00,
     9.9104082417800399E-01,
     9.9106077973117745E-01,
     1.0033947642331871E+00,
     1.0029574583018741E+00,
     3.0113804069618624E+00,
     3.0126668471044127E+00,
     3.0132293812597810E+00,
     3.0154915210197206E+00,
     3.0152952210021375E+00,
     3.0112331536510384E+00,
     3.0560638962160240E+00,
     1.0006281167224458E+00,
     1.9709379149067496E+00,
     9.9249021192376485E-01,
     9.9265509947882258E-01,
     9.9243465208595349E-01,
     9.9271616429136689E-01,
     9.9247065705964488E-01,
     1.0151722697329042E+00,
     3.3167984146855893E+00,
     9.9882834300995249E-01,
     1.9627201731498491E+00,
     1.0085567840685714E+00,
     2.0299375287601942E+00,
     1.9477017973073494E+00
  ]
}
