{
  "version":  "0.2.0",
  "energy":     2.4764047046641083E-01,
  "charges": [
     8.3818615309253408E-01,
    -5.8696777863647243E-01,
    -2.1993918165888249E-02,
    -3.4037859337660237E-02,
    -4.3352189086588777E-01,
    -3.0000608913168830E-02,
    -2.4358906714021883E-02,
    -5.8859699674587440E-01,
     2.7531778829079367E-01,
     2.7221228891290350E-01,
     1.2914112569113481E-01,
     1.1808557364567916E-01,
     1.3717731415817749E-01,
     1.2179412334956256E-01,
     2.4911668682302937E-01,
     1.4402048517561059E-01,
     1.2562110686827932E-01,
     1.3105848953066310E-01,
     1.2258140985192298E-01,
     2.7070693846880650E-01,
     2.4920795332324377E-01,
    -1.2479486671093026E-01,
     2.5964818553859703E-01,
    -8.5149174738241656E-02,
    -2.0393879324386704E-01,
    -1.7850067471823358E-01,
    -3.2578440448521803E-03,
    -3.7190131414495442E-01,
     1.3893752405299739E-01,
     1.2602493406088244E-01,
     1.5224879693630486E-01,
     1.3139338191133212E-01,
     1.5140495454840150E-01,
     1.8495385705475492E-01,
    -1.8489715831744580E-01,
    -2.2862145664597006E-01,
    -2.2829982934214260E-01
  ],
  "coordination numbers": [
     7.5459946573201639E+00,
     3.9288230223245471E+00,
     4.1897850845250382E+00,
     4.0412442271055369E+00,
     3.8937807723088174E+00,
     4.0677651171689382E+00,
     4.0756100367646813E+00,
     3.9308943509929382E+00,
     1.0092207997456129E+00,
     9.9806586914684292E-01,
     9.9117998003060759E-01,
     9.9134565106143047E-01,
     9.9135699368435937E-01,
     9.9131346092296457E-01,
     1.0109668636105891E+00,
     9.9125438295554158E-01,
     9.9105407436320814E-01,
     9.9129258840155732E-01,
     9.9134872669593932E-01,
     1.0124093908478260E+00,
     1.0024354929813111E+00,
     9.9905105118806237E-01,
     3.5683125633625670E+00,
     1.9270920800445701E+00,
     1.0012266852884624E+00,
     3.9544392104031436E+00,
     4.0307836850939580E+00,
     2.1137511094307193E+00,
     9.9172982330451287E-01,
     9.9125159315810585E-01,
     9.9160850018338120E-01,
     9.9026154797721855E-01,
     9.9047270056135694E-01,
     3.7094104566428641E+00,
     1.0015427501047718E+00,
     1.9637693610974631E+00,
     1.9717530122571061E+00
  ]
}
