{
  "version":  "0.2.0",
  "energy":     4.7427824700153781E-01,
  "charges": [
     8.1509326799949744E-01,
     5.2745163024087260E-01,
    -1.1064503362064149E-01,
     1.6309038574863910E-01,
    -3.9499025036836766E-01
  ],
  "coordination numbers": [
     3.8312360371769536E+00,
     2.6901036150500781E+00,
     1.9358072223282798E+00,
     1.8946852959533960E+00,
     9.9938291951145430E-01
  ]
}
