{
  "version":  "0.2.0",
  "energy":    -2.5919098651350503E-01,
  "charges": [
     1.1501020787106988E+00,
    -2.9666129382037293E-01,
    -2.9035809968642062E-01,
    -2.7166498477106943E-01,
    -2.9141770043283566E-01
  ],
  "coordination numbers": [
     3.9777450418418381E+00,
     9.9825051152482658E-01,
     9.9817389646488586E-01,
     9.9856643145322543E-01,
     9.9818745480273474E-01
  ]
}
