{
  "version":  "0.2.0",
  "energy":     7.6586081624559710E-01,
  "charges": [
     4.3014532980569631E-01,
     9.1883028576918280E-01,
    -1.6266275651241680E-01,
     8.1368714093753769E-01
  ],
  "coordination numbers": [
     1.7493317753444151E+00,
     7.5645903277249360E-01,
     1.9750588943485283E+00,
     9.8284884369087333E-01
  ]
}
