{
  "version":  "0.2.0",
  "energy":    -6.7186646272225564E-02,
  "charges": [
     4.1148001708591186E-01,
     1.5332441532122970E-01,
    -2.5019008110720137E-01,
    -3.1461435129994003E-01
  ],
  "coordination numbers": [
     2.8230813340463579E+00,
     1.7114979449572267E+00,
     1.8451064068928185E+00,
     9.9126017087430984E-01
  ]
}
