{
  "version":  "0.2.0",
  "energy":    -1.2144857823262578E+00,
  "charges": [
    -3.4299705640995715E-01,
    -5.5743963698690024E-01,
    -1.0995633066031427E+00
  ],
  "coordination numbers": [
     1.9323563451925860E+00,
     1.7829778913802121E+00,
     1.8376618501168434E+00
  ]
}
