{
  "version":  "0.2.0",
  "energy":    -4.6777908543071678E-02,
  "charges": [
     4.7974201866365274E-01,
    -7.9060349423025214E-02,
    -8.1370539880492254E-02,
    -8.1339321923749222E-02,
    -7.9630205470730034E-02,
    -7.9330503102406663E-02,
    -7.9011098863249363E-02
  ],
  "coordination numbers": [
     5.8400240412753277E+00,
     1.6719361070848082E+00,
     1.6382509074524636E+00,
     1.6383809899676711E+00,
     1.6712088692404450E+00,
     1.6719239882808985E+00,
     1.6728550962446134E+00
  ]
}
