{
  "version":  "0.2.0",
  "energy":    -5.1525967141939674E-02,
  "charges": [
     4.8800886393646314E-01,
    -1.6265959823071505E-01,
    -1.6268299336374098E-01,
    -1.6266627234200717E-01
  ],
  "coordination numbers": [
     2.9748326577002615E+00,
     9.9312325772244225E-01,
     9.9312191603541766E-01,
     9.9313103231053468E-01
  ]
}
