{
  "version":  "0.2.0",
  "energy":    -1.3435401769516558E-01,
  "charges": [
     6.6800209630757279E-01,
     1.7185976563189778E-01,
    -2.4249143521502986E-01,
    -2.6624211220117788E-01,
     1.0080455974567169E-01,
    -1.7833271902978612E-01,
     1.9279619222938305E-01,
    -1.8003555077804428E-01,
    -1.8882556947243948E-01,
    -1.8766308647295973E-01,
     1.1012785925491203E-01
  ],
  "coordination numbers": [
     5.8136269506324449E+00,
     1.9588116003221421E+00,
     1.0018787726492091E+00,
     2.0030676385674395E+00,
     2.1488482279570293E+00,
     1.0054755315201866E+00,
     3.8286393034402888E+00,
     1.0016970717783691E+00,
     1.9882728446979208E+00,
     1.9861790680207490E+00,
     9.9738543056746387E-01
  ]
}
