{
  "version":  "0.2.0",
  "energy":    -5.0932601127531074E-01,
  "charges": [
     6.9025082629103518E-01,
    -9.2912203346913858E-02,
    -3.9494184209948879E-01,
     1.2623714478740011E-01,
     1.4466791534291729E-01,
     1.2551753379253650E-01,
     2.7045110968413988E-01,
    -1.9230316315342333E-01,
     2.2221782866298856E-01,
    -2.1378071414024580E-01,
    -1.2668099860524562E-01,
    -4.3977793724516678E-01,
     2.5869548167622203E-01,
    -2.0841382578596546E-01,
     3.5495953941325781E-01,
    -2.2338252154528471E-01,
    -2.0758277281078696E-01,
     1.0279990571730480E-01,
    -4.1139753092124764E-01,
    -8.3253306179995157E-02,
    -8.4684337326387804E-02,
     4.2945588523423339E-02,
    -3.2427910002568772E-01,
     4.4918277639930226E-02,
    -7.9959740680165425E-02,
     1.2196612416264041E-01,
     1.2065528852267729E-01,
     1.3427406042416962E-01,
     1.4963074801622561E-01,
     1.2106836300872095E-01,
    -7.4631493470636967E-01,
     2.6722491674299931E-01,
     2.8689697353773486E-01,
     2.8692561558299923E-01,
    -8.9149857025121793E-02,
    -8.6329252238916243E-02,
    -6.7720534107263974E-02,
     7.7222020352633036E-03,
    -8.0780001915783384E-02,
    -9.1233360437791955E-02,
     2.5488233756632978E-01,
    -2.9857635256634585E-01,
    -4.1385505522172517E-01,
     1.2100536204713519E-01,
     1.2400964206039787E-01,
     1.4551248181278709E-01,
     1.4220577795648653E-01,
     1.2417561440854558E-01,
     2.6006984848635128E-01,
    -9.4577165817294861E-02
  ],
  "coordination numbers": [
     7.7474096936123447E+00,
     3.9745648069618102E+00,
     2.9040840766295739E+00,
     9.9131085452991563E-01,
     9.9223862168612076E-01,
     9.9138434348859317E-01,
     1.2534715293608505E+00,
     9.9890457074291295E-01,
     3.4880133329640737E+00,
     9.9948386907838582E-01,
     1.8696109065631950E+00,
     2.7991611953057429E+00,
     9.9579559597142087E-01,
     9.9860221693545714E-01,
     4.7415182055175240E+00,
     9.9891395447586451E-01,
     9.9903267861483158E-01,
     1.9375463958373409E+00,
     1.0088550374809060E+00,
     3.0217241236179690E+00,
     3.0106648921218460E+00,
     3.1772866189802329E+00,
     2.9047244010281519E+00,
     3.1040895140979554E+00,
     3.0110948655920078E+00,
     9.9277784405525171E-01,
     9.9298383677011781E-01,
     9.9391413018760577E-01,
     9.9247515019152477E-01,
     9.9299860802822693E-01,
     3.9079155547093425E+00,
     1.0121617874726452E+00,
     1.0139723051432341E+00,
     1.0004357220057924E+00,
     3.0138681343584182E+00,
     3.0123816873395786E+00,
     3.0186270672554212E+00,
     3.0198732806967330E+00,
     3.0132935742501514E+00,
     3.0128761324115141E+00,
     3.1553691850008168E+00,
     1.9290243008914549E+00,
     1.9916668500907724E+00,
     9.9280377139393661E-01,
     9.9286789285652155E-01,
     9.9287337067678028E-01,
     9.9255943518297673E-01,
     9.9287723575733100E-01,
     9.9360254380332957E-01,
     1.2640157119185851E+00
  ]
}
