{
  "version":  "0.2.0",
  "energy":    -2.3094702744596809E+00,
  "charges": [
     7.2714395689812727E-01,
    -1.8223893680641018E-01,
    -1.8652134827891076E-01,
    -1.4208754644554944E-01,
    -1.0909986067830002E-02,
    -1.0836151171602026E-01,
    -1.5793586540290117E-01,
     2.6281548643859887E-01,
    -3.5757957694525244E-01,
    -5.2502416536714014E-01,
     2.6011944392031916E-02,
     2.5399041940839598E-02,
     7.8795452981994807E-02,
     1.4392984877460746E-01,
     5.8114016070443433E-02,
    -5.9644937600727443E-01,
     2.4238177994851681E-01,
    -5.3078664040960566E-01,
     3.2365800803408173E-01,
    -4.1372425253757106E-01,
    -3.8198659930688406E-01,
    -1.6829534092219817E-01,
    -3.9759522188878132E-01,
    -1.1197256625438878E-01,
    -3.9683755260892539E-01,
    -2.1994304851359886E-01
  ],
  "coordination numbers": [
     7.0518134981232912E+00,
     3.0103305881903797E+00,
     3.0100568875403360E+00,
     3.0156454825188979E+00,
     3.0119171977353272E+00,
     3.0108096122649624E+00,
     3.0125042721832260E+00,
     3.0253793019494646E+00,
     1.9772628374672099E+00,
     1.0007864369760293E+00,
     9.9226638144383639E-01,
     9.9220129315053907E-01,
     9.9262750590338289E-01,
     9.9153755428565571E-01,
     9.9251577323301099E-01,
     1.9898568457928336E+00,
     1.5118702316628942E+00,
     9.9906068681270455E-01,
     3.9066012435008952E+00,
     1.9855208984425934E+00,
     1.9865525342768882E+00,
     1.0257851979923842E+00,
     1.9727833933601255E+00,
     2.1336400420967863E+00,
     1.0023821055879862E+00,
     1.9652383816816261E+00
  ]
}
