{
  "version":  "0.2.0",
  "energy":    -1.1169242987381466E-01,
  "charges": [
     7.3579647726362951E-01,
    -1.6635204171145754E-01,
    -1.2254982449400936E-01,
    -1.1594810422871768E-01,
    -1.6543186254332856E-01,
    -1.6551464428611640E-01
  ],
  "coordination numbers": [
     4.9471560766544105E+00,
     9.9920564091134434E-01,
     1.0577088537092783E+00,
     1.0566595060132675E+00,
     9.9915546729496718E-01,
     9.9915626201215524E-01
  ]
}
