{
  "version":  "0.2.0",
  "energy":     1.0054323942462600E+00,
  "charges": [
     6.9406406960755707E-01,
    -5.6525391037291839E-01,
     3.5474115635448777E-03,
    -8.9203991644782321E-03,
    -4.3110220162865803E-01,
    -9.9076499711714394E-03,
     4.8084104908096004E-03,
    -5.6460784928918151E-01,
     2.9747696724059813E-01,
     2.9256025277931136E-01,
     1.6985488391263165E-01,
     1.5034079154677171E-01,
     1.6585154878940725E-01,
     1.5632882315821378E-01,
     2.6470675426858609E-01,
     1.6594882929386257E-01,
     1.5531171103719912E-01,
     1.6946503388325798E-01,
     1.4983978528136968E-01,
     2.9341761995782867E-01,
     2.9850855249907104E-01,
     2.1499522785486910E-01,
     2.5345068499812762E-01,
    -3.2068534773660989E-01
  ],
  "coordination numbers": [
     5.0174487944924131E+00,
     3.9430669011987582E+00,
     4.2181519607630893E+00,
     4.1970742318236258E+00,
     3.9422808547610995E+00,
     4.1909321001974886E+00,
     4.2568507663820032E+00,
     3.9415676551146861E+00,
     1.0029562852139060E+00,
     1.0132638946097776E+00,
     9.9139910876237280E-01,
     9.9161677491622946E-01,
     9.9128983630833822E-01,
     9.9120014583633154E-01,
     1.0178878536146421E+00,
     9.9132408693156471E-01,
     9.9122825765296962E-01,
     9.9135524385747864E-01,
     9.9160779012047762E-01,
     1.0077332291868792E+00,
     1.0025807859141054E+00,
     1.0107814766812204E+00,
     2.0510381207730894E+00,
     1.9993466402246680E+00
  ]
}
