{
  "version":  "0.2.0",
  "energy":    -6.3884763973032443E-02,
  "charges": [
     5.1482177127154038E-01,
    -1.7159199272634740E-01,
    -1.7157556234364302E-01,
    -1.7165421620154997E-01
  ],
  "coordination numbers": [
     2.9840461519706096E+00,
     9.9619896796491236E-01,
     9.9622128574929469E-01,
     9.9622224590324926E-01
  ]
}
