{
  "version":  "0.2.0",
  "energy":    -1.1151818086332774E-01,
  "charges": [
     6.5072650757366646E-01,
    -2.1662318361891775E-01,
    -2.1716159026927334E-01,
    -2.1694173368547537E-01
  ],
  "coordination numbers": [
     2.9864250842428657E+00,
     9.9700042193248617E-01,
     9.9711421249318022E-01,
     9.9692052482117699E-01
  ]
}
