{
  "version":  "0.2.0",
  "energy":    -1.0210034379040685E-01,
  "charges": [
     7.2659270872777815E-01,
    -1.4494961779494975E-01,
    -1.4498879354020203E-01,
    -1.4678548662121443E-01,
    -1.4498801315335444E-01,
    -1.4488079761805750E-01
  ],
  "coordination numbers": [
     4.9378619222526838E+00,
     9.9770408637627650E-01,
     9.9772203249376723E-01,
     9.9687102669310068E-01,
     9.9771612833415890E-01,
     9.9769695700378058E-01
  ]
}
