{
  "version":  "0.2.0",
  "energy":    -2.0283255145514829E+00,
  "charges": [
     1.0086597395383823E-01,
    -8.8147857426779208E-01,
    -1.2916472343473471E+00,
    -9.2774016533869907E-01
  ],
  "coordination numbers": [
     2.9476168084910173E+00,
     9.7912478868311759E-01,
     9.9933749841903907E-01,
     9.7354508151906227E-01
  ]
}
