{
  "version":  "0.2.0",
  "energy":     1.7203766166712653E-01,
  "charges": [
     7.1164265110904557E-01,
    -5.4772252896129892E-01,
    -1.5688067670639960E-02,
    -1.4507715760026435E-02,
    -5.3914360457651456E-01,
     2.5372091182422712E-01,
     2.5895344304561574E-01,
     1.4546907774135881E-01,
     1.2295985671638696E-01,
     1.2509681849137483E-01,
     1.4662829515725145E-01,
     2.5300969146592223E-01,
     2.6263371239181593E-01,
     1.7155921255962661E-01,
    -2.2957426719484025E-01,
    -2.5215871808022872E-01,
    -2.2606722184208833E-01,
    -8.9012409239230830E-02,
     1.5388930207780277E-01,
    -4.1582272723296765E-01,
    -8.9061114147755860E-02,
    -3.7372343675810471E-01,
     1.3703991645407274E-01,
     1.3715362789472396E-01,
     1.4369440682264495E-01,
     2.6726282161849296E-01,
    -5.8863471282268015E-02,
    -6.5125783636735851E-02,
     3.9959790438803031E-02,
    -3.2072525822747588E-01,
     4.8208259760717520E-02,
    -6.3077170398093019E-02,
     1.5019141465013089E-01,
     1.4469271428348116E-01,
     1.5238525468463054E-01,
     1.6042974306650634E-01,
     1.4644173724033221E-01,
    -7.1182250678906911E-01,
     2.8796215153771998E-01,
     2.8646833875113287E-01,
     2.7598755919138429E-01,
    -5.4163142720773894E-01,
     2.9778882076100333E-01,
     2.7249789926887241E-01
  ],
  "coordination numbers": [
     7.7995148777951293E+00,
     3.9074592579825538E+00,
     4.0519847772115938E+00,
     4.0249071740677929E+00,
     3.8843087991385046E+00,
     1.0011681633153104E+00,
     1.0015058301234632E+00,
     9.9134375745079506E-01,
     9.9120485932347968E-01,
     9.9129898090172386E-01,
     9.9136554136667421E-01,
     9.9753481425722690E-01,
     1.0002959170187964E+00,
     3.5551865267958522E+00,
     1.0016292468992063E+00,
     1.9178798924748044E+00,
     1.9301596774131982E+00,
     1.0117487266803833E+00,
     2.2611006805597560E+00,
     1.9783959818358827E+00,
     3.9610330996362295E+00,
     2.8891737431360447E+00,
     9.9163456053924381E-01,
     9.9145166218910141E-01,
     9.9216906090504775E-01,
     1.0085076680599485E+00,
     3.0213241673955205E+00,
     3.0106870330436912E+00,
     3.1009388189569744E+00,
     2.9043302218437645E+00,
     3.1052559847515502E+00,
     3.0107549111919338E+00,
     9.9284006650913170E-01,
     9.9298740652053041E-01,
     9.9250411837142938E-01,
     9.9273186998643581E-01,
     9.9299601714585073E-01,
     3.8996840433582749E+00,
     9.9718332228576401E-01,
     1.0006512573227768E+00,
     9.9756377352705172E-01,
     2.8387819934410619E+00,
     1.1127682244434673E+00,
     9.9428659905859185E-01
  ]
}
