{
  "version":  "0.2.0",
  "energy":    -7.6255552545498873E-02,
  "charges": [
     5.1348564537493102E-01,
    -2.5679107894089781E-01,
    -2.5669456643403388E-01
  ],
  "coordination numbers": [
     1.9955471868151919E+00,
     1.0076103695583614E+00,
     1.0076001852431435E+00
  ]
}
