{
  "version":  "0.2.0",
  "energy":    -3.2206942956697110E-01,
  "charges": [
     8.9859858189359321E-02,
    -1.6518106435489760E-01,
     4.3175986730926286E-01,
     3.6557990511620275E-01,
     1.9013253530538943E-01,
    -9.1215110156531676E-01
  ],
  "coordination numbers": [
     4.5608697983477624E+00,
     9.4367551772234304E-01,
     2.7635391947937782E+00,
     1.7615610311725307E+00,
     2.4640320530765232E+00,
     1.9950617200070138E+00
  ]
}
