{
  "version":  "0.2.0",
  "energy":     1.7716039333461397E-01,
  "charges": [
     8.3311700973145619E-01,
    -7.3079629125632595E-01,
     2.9114948595960088E-01,
     2.8649419827456046E-01,
     2.9561099054678863E-01,
    -7.3260724367958019E-01,
     2.9024689446664442E-01,
     2.8935536174311266E-01,
     2.9638850346621126E-01,
    -1.0668089019568505E-02,
     1.6351431192454902E-01,
    -4.2435015095171713E-01,
    -3.4400423832443794E-02,
    -1.9151045653991139E-01,
    -2.1351946898344498E-01,
     8.8835731304829801E-02,
     4.9370665281775250E-02,
    -3.4777831005242199E-01,
     4.6521080686884653E-02,
     8.9333505587149253E-02,
    -3.2112829647343821E-01,
     1.5955608340503591E-01,
     1.4956172055501699E-01,
     1.5714428362232022E-01,
     1.6094976352002563E-01,
    -1.7433942196714958E-01,
    -3.7537134348582746E-02,
    -4.0256817907316644E-01,
     1.3756468941638472E-01,
     1.3978451540315925E-01,
     1.3476505616818490E-01,
     1.4683271144079785E-01,
     1.4474200252538655E-01,
     2.7036490114787809E-01
  ],
  "coordination numbers": [
     6.8283032319784587E+00,
     3.8796562355606206E+00,
     9.9872035815288740E-01,
     9.9644175760815390E-01,
     9.9718606101976714E-01,
     3.8914192081922794E+00,
     9.9699502521324490E-01,
     9.9825096833872351E-01,
     9.9765650999208955E-01,
     1.0133476024802688E+00,
     2.0412642009766584E+00,
     2.0037336661966085E+00,
     2.4820203435080197E+00,
     1.9385225123279026E+00,
     1.8671977668760107E+00,
     3.0753032363484927E+00,
     3.0893444396641687E+00,
     2.8905455881327953E+00,
     3.0931849255548762E+00,
     3.0752385994997340E+00,
     2.0147496039772594E+00,
     9.9253537860169327E-01,
     9.9286492664001358E-01,
     9.9264032268196800E-01,
     9.9252440579084400E-01,
     4.0744984732053950E+00,
     3.9971308163391583E+00,
     2.8999439675987224E+00,
     9.9187120016169139E-01,
     9.9412083211852931E-01,
     9.9318133792786956E-01,
     9.9153135797170400E-01,
     9.9156760429532476E-01,
     9.9542246095954212E-01
  ]
}
