{
  "version":  "0.2.0",
  "energy":    -9.8189272380874576E-03,
  "charges": [
     2.1088679323789267E-01,
    -5.2731765500778301E-02,
    -5.2711437106331825E-02,
    -5.2724418005899110E-02,
    -5.2719172624883445E-02
  ],
  "coordination numbers": [
     3.7246723330689404E+00,
     9.3269529726184608E-01,
     9.3542310150702512E-01,
     9.3397100720463833E-01,
     9.3417442025143771E-01
  ]
}
