{
  "version":  "0.2.0",
  "energy":     3.1066354632864168E-01,
  "charges": [
     6.3808535051225745E-01,
    -1.0184220916454999E-01,
    -4.0135751569677758E-01,
     1.2701203421397828E-01,
     1.2555595483583404E-01,
     1.3582449327619339E-01,
     2.5592567115095594E-01,
    -6.6113536349165614E-02,
    -3.8598646307697665E-01,
     1.1819929352733378E-01,
     1.2115268729355227E-01,
     1.2746315382444645E-01,
     6.7617995704663925E-02,
     3.0506470956000266E-02,
    -3.3942832931355549E-01,
     3.4096410111185027E-02,
     6.6899954633886149E-02,
    -3.4675842931733214E-01,
     1.3957036433781403E-01,
     1.2517235440930041E-01,
     1.2914144163233554E-01,
     1.3886982123694558E-01,
    -2.2393852803602465E-01,
     2.1386820144281432E-01,
    -3.8211248151068544E-01,
    -2.2945578443189291E-01,
    -2.2704683290920752E-01,
     1.1694471686091459E-01,
     1.2705907055776369E-01,
     1.2851900041807560E-01,
     1.1377408529853045E-01,
     1.2398993801555226E-01,
     1.2453818375524904E-01,
     1.1465081098734058E-01,
     1.3307562050420180E-01,
     1.2525207929149110E-01,
    -1.9465817679139819E-01,
    -2.1259165203076042E-02,
    -3.8974218287854884E-01,
     1.1702978002819027E-01,
     1.2448625783120396E-01,
     1.3233383232230400E-01,
     1.1211813599560169E-01,
     1.2096646971327511E-01
  ],
  "coordination numbers": [
     5.6110651102162148E+00,
     3.9586722458857651E+00,
     2.9003754926657415E+00,
     9.9159335689791916E-01,
     9.9164739946004588E-01,
     9.9209426297626546E-01,
     1.0517059364560204E+00,
     4.0231688754466495E+00,
     1.9919228891068563E+00,
     9.9069388863952579E-01,
     9.9080829598064657E-01,
     9.9084489381335228E-01,
     3.0723633544588509E+00,
     3.1023631865529744E+00,
     2.9476127552134059E+00,
     3.1763486219324371E+00,
     3.0723067231939716E+00,
     2.0155549268990294E+00,
     9.9253510247248311E-01,
     9.9256722999187019E-01,
     9.9290992280903367E-01,
     9.9254706959493522E-01,
     3.9577285923162258E+00,
     4.4645733133502068E+00,
     1.9688761302353264E+00,
     3.9583943867336906E+00,
     3.9574241014190088E+00,
     9.9346677893082447E-01,
     9.9416571475806226E-01,
     9.9420853317822377E-01,
     9.9329160871746858E-01,
     9.9391279346542216E-01,
     9.9506340079870181E-01,
     9.9327451090952223E-01,
     9.9600803763952239E-01,
     9.9402923601748316E-01,
     3.9556835508603410E+00,
     4.0518100161671047E+00,
     1.9910556780354520E+00,
     9.9164154750089306E-01,
     9.9133212471669552E-01,
     9.9134245458113757E-01,
     9.8994464621817446E-01,
     9.9038724752145413E-01
  ]
}
