{
  "version":  "0.2.0",
  "energy":    -3.3047604097050154E-02,
  "charges": [
     2.7311439900539369E-01,
    -2.7311439900539369E-01
  ],
  "coordination numbers": [
     9.9671180982701379E-01,
     9.9671180982701379E-01
  ]
}
