{
  "version":  "0.2.0",
  "energy":     4.3497908731745294E-01,
  "charges": [
     7.5555880863473168E-01,
     8.9256150247587387E-02,
     9.0273253813011350E-02,
    -7.4854140763964860E-01,
     3.0421272653264625E-01,
     3.1687935197309436E-01,
     3.1746268061396610E-01,
     1.8617574178671814E-01,
    -1.9085000778843725E-01,
    -4.8138417463614369E-01,
     3.6095687646247437E-01
  ],
  "coordination numbers": [
     4.8169959953571038E+00,
     9.9742142228322894E-01,
     9.9749628299519699E-01,
     3.9222644319712572E+00,
     1.0115786576745824E+00,
     9.9878823985709353E-01,
     9.9843681347027147E-01,
     1.8613263353654252E+00,
     9.9964353786813387E-01,
     1.9913521054850136E+00,
     1.0220506626306562E+00
  ]
}
