{
  "version":  "0.2.0",
  "energy":    -1.6362025170885912E+00,
  "charges": [
     3.3285931965655546E-01,
    -1.4015405089278432E+00,
    -1.3298655977128320E+00,
     2.2329409164341010E-01,
     1.7525269534070956E-01
  ],
  "coordination numbers": [
     3.7229189844772224E+00,
     2.9553826062151769E+00,
     9.9939560483486289E-01,
     2.1649269683923302E+00,
     2.1088685489968828E+00
  ]
}
