{
  "version":  "0.2.0",
  "energy":    -1.7255229063057869E+00,
  "charges": [
     9.2577506918360886E-01,
    -3.0147846425854916E-02,
     2.6863277712343048E-01,
    -5.1477869156147049E-01,
    -3.8641068193915645E-01,
    -6.1083129153697513E-01,
     6.3320050568224456E-02,
     9.3872343199422906E-02,
     2.2415747597568192E-01,
     2.1782408798878014E-01,
    -5.1188047178425400E-01,
    -7.1268248458581895E-01,
    -4.1045777409733697E-01,
     3.6637976034676423E-01,
    -4.2617988955958946E-01,
    -4.8907440247275175E-01,
    -7.9895071625741076E-01,
     2.3728648855492110E-01,
     2.6390785193137206E-01,
     2.3023834534841289E-01
  ],
  "coordination numbers": [
     7.2827946651673052E+00,
     4.0414504600874954E+00,
     3.1710910554447871E+00,
     1.0003696331717071E+00,
     1.9785517233681098E+00,
     3.8836303809358883E+00,
     9.9063921281861056E-01,
     9.9112224025009876E-01,
     1.0224598557304851E+00,
     9.9896513452346092E-01,
     9.6361215165815661E-01,
     8.9636978481093532E-01,
     1.9860286835555083E+00,
     3.8641612460637402E+00,
     1.9753244106862002E+00,
     9.9913179521743523E-01,
     3.9043843206389006E+00,
     9.9725384002658490E-01,
     1.1150864139256980E+00,
     9.9822724787383166E-01
  ]
}
