{
  "version":  "0.2.0",
  "energy":    -3.6182674792050384E-01,
  "charges": [
     8.7324334565908257E-01,
     1.7984971770702216E-01,
    -2.4045895214813440E-01,
    -1.9929794325784037E-01,
    -1.9870406884247135E-01,
    -1.5784879063508106E-01,
     1.0583381102182680E-01,
    -3.2404615892999167E-01,
     1.3432630186245478E-01,
     1.3346568685484161E-01,
     1.2535718968593679E-01,
     6.6412018374469528E-02,
    -3.2254096951481553E-01,
    -4.5608317080841496E-02,
    -3.9021157008257085E-01,
     1.3014636010239186E-01,
     1.4797062718465062E-01,
     1.2972950046424736E-01,
    -1.6425975345204458E-02,
    -1.9446158763853610E-01,
    -1.5373984958492848E-01,
    -7.8024740486655891E-02,
    -7.7796619772792397E-02,
    -5.9689908485984627E-02,
     3.3918377895158766E-02,
    -6.1672935346774586E-02,
    -8.2042147501331777E-02,
     2.6206748476518660E-01,
    -3.1267593545446803E-01,
    -4.3457433931082667E-01,
     1.3144716506401116E-01,
     1.3577560135830435E-01,
     1.5842708053042998E-01,
     1.5175078715663326E-01,
     1.3150543313415097E-01,
     3.1859432059845061E-01
  ],
  "coordination numbers": [
     7.6737111527670532E+00,
     3.6672706684887970E+00,
     1.0016533101634311E+00,
     1.9549654596853170E+00,
     1.9584769262638737E+00,
     3.9577269607917156E+00,
     2.0747627861393161E+00,
     1.9374372866167429E+00,
     9.9085603993495752E-01,
     9.9190644663951311E-01,
     9.9196417786868274E-01,
     1.0746109332477083E+00,
     1.9854002916029234E+00,
     4.0779973974731458E+00,
     2.0238824257380257E+00,
     9.9120313223455803E-01,
     9.9134934762604665E-01,
     9.9114834277255248E-01,
     2.9615561286251157E+00,
     1.0045565419678528E+00,
     1.9791532390638134E+00,
     3.0145850277917914E+00,
     3.0125289421118815E+00,
     3.0170146921100107E+00,
     3.0210557039352777E+00,
     3.0158773504018201E+00,
     3.0123948574601673E+00,
     3.1692797493531257E+00,
     1.9742887594941747E+00,
     1.9748736140199927E+00,
     9.9281552640788551E-01,
     9.9293197211711259E-01,
     9.9294259281030683E-01,
     9.9301637072485782E-01,
     9.9290292515595002E-01,
     1.0494854204611368E+00
  ]
}
