{
  "version":  "0.2.0",
  "energy":    -2.8870384489204703E-01,
  "charges": [
     7.5059138180234353E-01,
    -3.2827343960163657E-01,
     2.9113344019705029E-02,
    -9.0247908236440619E-02,
    -9.3792513613744646E-02,
    -9.3039139920894132E-02,
     1.2053076874362309E-01,
     1.1615601257281916E-01,
    -9.6360722332458099E-02,
    -9.7838356469511945E-02,
    -1.0029397217627424E-01,
     1.7916624547503132E-02,
    -3.3212966710947811E-01,
     1.3327046537601875E-01,
     1.1359488284319597E-01,
     1.1350672795838992E-01,
     1.0518081738815327E-01,
     1.0449177669786663E-01,
     1.1150461254469439E-01,
     1.0738798148360892E-01,
     1.2248037671805428E-01,
     2.6131823742476745E-02,
    -3.6055391792688923E-01,
    -2.9412646984455720E-01,
    -1.6832776365427843E-01,
    -9.9473519064219612E-02,
    -3.2773762222565767E-01,
     2.5292058695205288E-01,
    -2.6444188092429560E-01,
    -1.0350860545860968E-01,
    -2.7236683846703463E-01,
    -1.1674761806192882E-01,
     1.0863867203380635E-01,
     9.6155010491969964E-02,
     1.0479330784520829E-01,
     1.3679487736546564E-01,
     1.2490110280999432E-01,
     9.9254952197000035E-02,
     1.0804446518382220E-01,
     1.1111464552316866E-01,
     1.2478473824696792E-01
  ],
  "coordination numbers": [
     6.8874957565014405E+00,
     2.9006835150875405E+00,
     3.1028453888540142E+00,
     3.0117147817708041E+00,
     3.0212704413404872E+00,
     3.0155467784718093E+00,
     3.1197681719699037E+00,
     3.1152488036159980E+00,
     3.0148772566026745E+00,
     3.0214657970756447E+00,
     3.0112432573749439E+00,
     3.1147907028651574E+00,
     2.9242188276202628E+00,
     9.9265132828514080E-01,
     9.9306700572366058E-01,
     9.9287662976460123E-01,
     9.9326587105655850E-01,
     9.9327249166213960E-01,
     9.9286620417199778E-01,
     9.9303749149456078E-01,
     9.9258800361710176E-01,
     1.0277519458734643E+00,
     1.9788433125379408E+00,
     9.8646115198344919E-01,
     1.0120521102544737E+00,
     4.1622187740138195E+00,
     1.9898344101461198E+00,
     4.1767690474558652E+00,
     2.8465180202739164E+00,
     4.1126687396118058E+00,
     2.8049473432644882E+00,
     4.1872580236768187E+00,
     9.9173693506354343E-01,
     9.9107572150866208E-01,
     9.9170876461415780E-01,
     9.9215554930918071E-01,
     9.9183123686915042E-01,
     9.9134008893466508E-01,
     9.9158971884736680E-01,
     9.9157989358114129E-01,
     9.9225230947161958E-01
  ]
}
