{
  "version":  "0.2.0",
  "energy":    -1.5938873539025737E+00,
  "charges": [
     7.0802700416466902E-01,
    -1.4474651199280758E-01,
    -1.4219616693275117E-01,
    -1.0761444128181319E-01,
    -3.0136968446541346E-03,
    -1.0914880867088933E-01,
    -1.4330401707445267E-01,
     2.5310076436548717E-01,
    -3.6560653873975701E-01,
    -3.6971863295865148E-01,
     6.2551857932105243E-02,
     6.8882026621653394E-02,
     1.1134552513756496E-01,
     1.0927868302515167E-01,
     6.7752791887397384E-02,
    -6.2586958749549781E-02,
    -3.8126303381340976E-01,
     9.6371165427293792E-02,
    -4.7974006564439053E-01,
    -3.2910289064363230E-01,
    -4.2906137695482538E-01,
     3.8440180915759459E-01,
    -3.7041190501932475E-01,
    -4.2419658239800756E-01
  ],
  "coordination numbers": [
     6.4240601922329290E+00,
     3.0128468032411559E+00,
     3.0123778666471752E+00,
     3.0159310271090325E+00,
     3.0173053463472490E+00,
     3.0160912194339842E+00,
     3.0122865433399060E+00,
     3.7680388367993976E+00,
     1.9204664352728180E+00,
     1.9420880577352735E+00,
     9.9261288861340446E-01,
     9.9266846032113598E-01,
     9.9286130708286535E-01,
     9.9286792278636327E-01,
     9.9266898883129251E-01,
     1.0340201053160509E+00,
     1.9804931472987368E+00,
     1.9520918002458831E+00,
     1.0037640383930402E+00,
     9.8172760817815341E-01,
     9.9918778865657742E-01,
     2.8493953713762119E+00,
     1.8006260328277115E+00,
     9.9918396471749826E-01
  ]
}
