{
  "version":  "0.2.0",
  "energy":     9.0090302626751773E-01,
  "charges": [
     7.2826027698442464E-01,
    -3.2882035810552668E-01,
     6.4397692821968611E-02,
    -3.7393730533448077E-02,
    -3.0201995512603774E-02,
    -4.8989503855210392E-02,
     1.3656674683849396E-01,
     1.3582412785352399E-01,
    -4.9767459755409360E-02,
    -2.9903396756375267E-02,
    -3.3983174540457822E-02,
     7.4894163284972226E-02,
    -3.2450472737869296E-01,
     1.4731629940335317E-01,
     1.7202266794907145E-01,
     1.8021929901201802E-01,
     1.5246055093146171E-01,
     1.5219237154622867E-01,
     1.8110926725505377E-01,
     1.7675749162676435E-01,
     1.6556019509343106E-01,
    -5.6953005605103924E-01,
    -6.1354547586912056E-03,
    -5.7354362854804830E-03,
    -5.6311326023787611E-01,
     2.5857418032883084E-01,
     2.6516244684452789E-01,
     1.4600740124264613E-01,
     1.4677575256829992E-01,
     1.5095187494478751E-01,
     1.4683803919097829E-01,
     2.7614073390724414E-01,
     2.7529498964661636E-01,
    -7.0580423419491403E-02,
    -4.0778439330587624E-01,
     1.5925004462407383E-01,
     1.6732070874684241E-01,
     1.4665105054487088E-01,
     2.8813851414874264E-01,
     1.9745916873364019E-01,
    -2.2922562171069671E-01,
    -2.0272458260380866E-01,
    -1.5375248126218249E-01
  ],
  "coordination numbers": [
     7.7260044570950983E+00,
     2.9971332021435106E+00,
     3.2572134857954085E+00,
     3.0093053518841657E+00,
     3.0215740768741943E+00,
     3.0131430426962291E+00,
     3.2808535103738308E+00,
     3.2887595363735800E+00,
     3.0133197373028136E+00,
     3.0209735103871003E+00,
     3.0095207796594687E+00,
     3.2821578382659542E+00,
     2.9996007513213527E+00,
     9.9320565029359109E-01,
     9.9301544854158053E-01,
     9.9284255638917518E-01,
     9.9322824209872707E-01,
     9.9322206067992536E-01,
     9.9284306718572335E-01,
     9.9300948661224631E-01,
     9.9356960486961388E-01,
     3.9406015650187740E+00,
     4.1375498328993414E+00,
     4.0967465679516941E+00,
     3.9433192989085750E+00,
     1.0078059589346084E+00,
     1.0132787583851055E+00,
     9.9120944662704336E-01,
     9.9145387247558769E-01,
     9.9147043488626529E-01,
     9.9129436005930671E-01,
     1.0363377903986990E+00,
     1.0075525788451234E+00,
     3.9891508139603937E+00,
     2.9571072682595574E+00,
     9.9187678757861431E-01,
     9.9190082853779860E-01,
     9.9213630825205623E-01,
     1.0949855611919679E+00,
     3.8186874497786301E+00,
     1.9859946329858360E+00,
     1.9883373312787045E+00,
     1.0015312458187342E+00
  ]
}
