{
  "version":  "0.2.0",
  "energy":     1.0122960931148131E-01,
  "charges": [
     9.2582822623430017E-01,
    -5.8805077649127152E-02,
    -3.1721726113866455E-01,
     3.5119095992258154E-01,
    -3.2834993298299375E-01,
    -6.6189021757558142E-02,
    -3.4074139379883961E-01,
    -6.4388868597563376E-02,
     1.2565211414139138E-01,
     1.3878967468279790E-01,
     1.3869971773925469E-01,
     1.3294576175078957E-01,
     1.2562842880504713E-01,
     1.4625247616645340E-01,
     1.2680624601372964E-01,
     1.1620363289212088E-01,
     1.3315988381579608E-01,
    -1.4010292993643364E-01,
    -7.7129753111961338E-02,
    -8.3322616675251371E-02,
    -7.6266152109533553E-02,
     9.2649134856451314E-03,
    -7.2945374531084489E-02,
    -8.2165596459129575E-02,
     2.5785825576288746E-01,
    -3.7283027582285577E-01,
    -3.7040214877236122E-01,
     1.3441020641224391E-01,
     1.3147444294630489E-01,
     1.3361057240700600E-01,
     1.4166190659225461E-01,
     1.3335180438857483E-01,
    -7.3009312087509576E-02,
    -2.5089381384713588E-01,
    -2.3457450054415896E-01,
    -2.1773623054336613E-01,
     2.1694226397391819E-01,
    -3.6829290728957714E-01,
    -2.2635343096578364E-01,
    -2.2160489821571927E-01,
     1.1317354791808364E-01,
     1.4364831563609742E-01,
     1.3764053131012513E-01,
     1.2407666189356439E-01,
     1.1253914301981024E-01,
     1.2470686974340919E-01,
     1.3705237730652184E-01,
     1.1420983085006602E-01,
     1.2474931065367677E-01,
    -2.2325183894979425E-01,
     2.2165181663450007E-01,
    -3.8641099903647963E-01,
    -2.2114453061882924E-01,
    -2.2303398840966876E-01,
     1.1016196471039220E-01,
     1.2476819845101594E-01,
     1.3591386435056210E-01,
     1.1049103785618125E-01,
     1.3310640141297134E-01,
     1.2657308715819973E-01,
     1.1157764280663866E-01,
     1.3354159013707304E-01,
     1.3784917386939333E-01
  ],
  "coordination numbers": [
     7.8964945980756287E+00,
     4.1355830369511004E+00,
     1.9892806817481246E+00,
     4.5660408207541714E+00,
     1.9884799896298082E+00,
     4.1154677581296353E+00,
     1.9890031291675232E+00,
     4.1640339570271365E+00,
     9.9214770343946146E-01,
     9.9175451997782993E-01,
     9.9158069541512450E-01,
     9.9217959141627166E-01,
     9.9170110299779690E-01,
     9.9190367442955374E-01,
     9.9167444797997018E-01,
     9.9211229763854991E-01,
     9.9176133050460624E-01,
     1.0541895982422123E+00,
     3.0146913061573724E+00,
     3.0119885507262465E+00,
     3.0166801561484826E+00,
     3.0191539902326667E+00,
     3.0164816015347498E+00,
     3.0120136444062888E+00,
     3.8566424074991694E+00,
     1.9866289920723856E+00,
     1.9587817097610776E+00,
     9.9284262350174490E-01,
     9.9291435582398524E-01,
     9.9294431076665024E-01,
     9.9292450166247015E-01,
     9.9291363102903496E-01,
     2.6425877291786701E+00,
     1.9606212449678200E+00,
     1.9543791552970760E+00,
     3.9582353016808822E+00,
     4.4340592992939420E+00,
     1.9893943857570369E+00,
     3.9576580096579592E+00,
     3.9576786216217439E+00,
     9.9348028284203771E-01,
     9.9406020353108282E-01,
     9.9447892989762554E-01,
     9.9434959690860403E-01,
     9.9332571510539847E-01,
     9.9446010753106151E-01,
     9.9561709514134034E-01,
     9.9334523544055742E-01,
     9.9432674686063915E-01,
     3.9576891345038305E+00,
     4.4362818298689604E+00,
     1.9960536774246220E+00,
     3.9579914641484750E+00,
     3.9579556614624432E+00,
     9.9338333596799178E-01,
     9.9427706412060779E-01,
     9.9558278555769153E-01,
     9.9344684804191719E-01,
     9.9536132710653291E-01,
     9.9439616372046657E-01,
     9.9385311996392467E-01,
     9.9497142243678116E-01,
     9.9548314864016341E-01
  ]
}
