{
  "version":  "0.2.0",
  "energy":    -1.1236447036771371E-01,
  "charges": [
    -1.7072351640529243E-01,
     4.4051854445103555E-01,
    -1.3484023104376769E-01,
    -1.3495479700197544E-01
  ],
  "coordination numbers": [
     2.7071225236139496E+00,
     8.0840636122968768E-01,
     9.5085850588475296E-01,
     9.5107713924112502E-01
  ]
}
