{
  "version":  "0.2.0",
  "energy":    -9.6687980990541211E-02,
  "charges": [
    -2.0585546806685662E-01,
     1.6925455128599612E-01,
     1.5311696950806508E-01,
     1.6775231282329292E-01,
    -2.8426836555049750E-01
  ],
  "coordination numbers": [
     2.4472608036902779E+00,
     1.9529148429149839E+00,
     1.9680217484692211E+00,
     1.9619149658066899E+00,
     9.4516137154240454E-01
  ]
}
