{
  "version":  "0.2.0",
  "energy":    -5.0057813569778631E-01,
  "charges": [
     7.7072343847286795E-01,
    -5.9362043887333327E-01,
    -4.3693144643221576E-02,
    -5.0434339639510148E-02,
    -4.1567880801684137E-01,
    -4.8241187110466335E-02,
    -4.4077308150226535E-02,
    -5.7685554353501745E-01,
     2.2744242664885272E-01,
     2.2622164649265897E-01,
     8.2704809932713758E-02,
     1.0865763363309815E-01,
     1.0310962986223432E-01,
     8.3688712543061983E-02,
     2.3742315340226405E-01,
     1.1874372971561675E-01,
     8.3045976953607062E-02,
     8.7488572354578437E-02,
     9.4403598266932870E-02,
     2.6546880261455208E-01,
     2.3372639932225064E-01,
    -6.6214921483432976E-01,
    -2.8490132479029949E-02,
    -4.2525409271525219E-02,
    -5.7915953643763451E-01,
     2.6300252917833528E-01,
     2.3825726377112619E-01,
     1.0312326905053536E-01,
     8.4561569466937131E-02,
     8.4543528446828289E-02,
     1.1688183517543541E-01,
     2.4310802257504643E-01,
     2.5066227349295472E-01,
    -2.3583190651102987E-01,
     6.6661213714008752E-02,
    -2.4801321970201662E-01,
    -2.3956539269002555E-01,
     9.2158220276557193E-02,
     1.0343261743701673E-01,
     1.2526842392736864E-01,
     9.4187559295779599E-02,
     1.1373130143187313E-01,
     9.4199879345969600E-02,
     9.4381484699443741E-02,
     1.1487859248016857E-01,
     1.1049920857024453E-01,
    -4.0540215669867008E-01,
     3.5421353027877922E-01,
    -3.8007777793868180E-01,
    -3.8363065739289137E-01,
    -4.9315467890524672E-01
  ],
  "coordination numbers": [
     7.7903481225486928E+00,
     3.8723251216318690E+00,
     4.0161736978334455E+00,
     4.0046710351963579E+00,
     3.8669279135687935E+00,
     4.0482844618809093E+00,
     3.9855653249705396E+00,
     3.8638847286109703E+00,
     9.9896537363432536E-01,
     1.0007329564630396E+00,
     9.9063542358004320E-01,
     9.9141997169467544E-01,
     9.9127133995298156E-01,
     9.9064090570699737E-01,
     1.0602408198615914E+00,
     9.9139261293104841E-01,
     9.9026682219858575E-01,
     9.9099247472747987E-01,
     9.9123124910907734E-01,
     9.9851145119314033E-01,
     1.0019804345290817E+00,
     2.9855504893931712E+00,
     3.9578247616411888E+00,
     3.9616244280717963E+00,
     3.8663153446829170E+00,
     9.9616974965524552E-01,
     9.9633061046099325E-01,
     9.9075985576359749E-01,
     9.9031078420356877E-01,
     9.9074510347096112E-01,
     9.9106208027013576E-01,
     1.0009566245943082E+00,
     1.0948752321819164E+00,
     3.9564850849214848E+00,
     3.9484663680781269E+00,
     3.9554396179991738E+00,
     3.9563053885248696E+00,
     9.9217064446586978E-01,
     9.9293473902682461E-01,
     9.9461400766845820E-01,
     9.9207416044552765E-01,
     9.9295316107627585E-01,
     9.9249089501301313E-01,
     9.9216081761606922E-01,
     9.9373041237620185E-01,
     9.9304455048695761E-01,
     1.8488399756086036E+00,
     3.9428837152167242E+00,
     1.9108219438548124E+00,
     1.9233330175297203E+00,
     9.7630935564640886E-01
  ]
}
