{
  "version":  "0.2.0",
  "energy":    -1.0036312102975951E-01,
  "charges": [
     6.7254890993528171E-01,
    -1.0309883887135340E-01,
    -2.8297486890455148E-01,
    -1.1331725614256552E-01,
    -1.1169193331904903E-01,
    -1.0654830032208880E-01,
     4.5082287624326506E-02
  ],
  "coordination numbers": [
     5.7679977447765678E+00,
     1.7711198745161214E+00,
     1.0025139146443163E+00,
     1.7667944032377063E+00,
     1.7823797087936564E+00,
     1.7677321402178565E+00,
     2.5213264244223970E+00
  ]
}
