{
  "version":  "0.2.0",
  "energy":    -6.8026714952671263E-02,
  "charges": [
     5.3345352517027711E-01,
    -1.3327086040231120E-01,
    -1.3333611465644213E-01,
    -1.3355263118582344E-01,
    -1.3329391892570028E-01
  ],
  "coordination numbers": [
     3.9716706428071680E+00,
     9.9687916081748362E-01,
     9.9680490852258075E-01,
     9.9643697742264159E-01,
     9.9687823003614184E-01
  ]
}
