{
  "version":  "0.2.0",
  "energy":    -7.3932629744898712E-02,
  "charges": [
     5.7249736330737622E-01,
    -1.0178798317823921E-01,
    -1.0110662349473143E-01,
    -1.6717364603145674E-01,
    -1.0108864711292370E-01,
    -1.0134046349002504E-01
  ],
  "coordination numbers": [
     4.9061264896233272E+00,
     1.4213874216626232E+00,
     1.4226449278730540E+00,
     9.9737768427877782E-01,
     1.4213090486185394E+00,
     1.4221241166543326E+00
  ]
}
