{
  "version":  "0.2.0",
  "energy":    -8.4239263550762855E-01,
  "charges": [
    -3.2632298688953565E-01,
     5.1954186167200066E-02,
     1.0377834442421945E-01,
    -1.0867686350408410E+00,
     2.5735909133895707E-01
  ],
  "coordination numbers": [
     2.9505876188435076E+00,
     2.0351191365808301E+00,
     1.9919262778792080E+00,
     9.9929528441354165E-01,
     2.0056956108245823E+00
  ]
}
