{
  "version":  "0.2.0",
  "energy":     9.3549856632973760E-01,
  "charges": [
     7.8122434402915020E-01,
    -2.1917763780903243E-01,
    -1.1707754792698366E-01,
     2.8079919493992866E-01,
    -8.9498779180874011E-02,
    -8.7081972383223127E-02,
    -1.4037575743509811E-01,
    -3.1945469467516530E-02,
    -4.1222366131929566E-01,
     1.7530175339317172E-01,
     1.7330848960332451E-01,
     1.8032204123961823E-01,
     1.5749209459174374E-01,
     1.6078067899052265E-01,
     2.8260935448773905E-01,
    -2.5279991602565222E-02,
    -3.0720877268826985E-01,
     3.0861055599959086E-01,
    -2.8616587247755032E-01,
    -2.1506527281115462E-02,
    -2.6975794581825052E-01,
    -4.5226380930168841E-02,
     1.8358069142030928E-01,
     1.6549566974811972E-01,
     1.6300788460847598E-01,
     1.8301655790644183E-01,
     1.7548676405838132E-01,
     1.5907093042010906E-01,
     1.7834948503614056E-01,
     1.7853129615621061E-01,
     1.6553852969096228E-01
  ],
  "coordination numbers": [
     5.8406882025942890E+00,
     9.9876681122975430E-01,
     9.9926842595351850E-01,
     3.4034653533719190E+00,
     1.8126419921181336E+00,
     1.7933153934870107E+00,
     3.9555754568199477E+00,
     3.9766452734426379E+00,
     2.9396116259265250E+00,
     9.9172568429585706E-01,
     9.9147765519354536E-01,
     9.9184793789616510E-01,
     9.9166530026996469E-01,
     9.9169749374577432E-01,
     1.0104250418263234E+00,
     4.1053567579523911E+00,
     1.9864020707784098E+00,
     4.2705513419290391E+00,
     1.9862231744255059E+00,
     4.0759678812958349E+00,
     2.9355203765365792E+00,
     4.0212610888816460E+00,
     9.9242437364215874E-01,
     9.9191916471665742E-01,
     9.9189771627160628E-01,
     9.9229077595369386E-01,
     9.9208254508740978E-01,
     9.9198486075032832E-01,
     9.9228528489942569E-01,
     9.9225557468531012E-01,
     9.9205751650217611E-01
  ]
}
