{
  "version":  "0.2.0",
  "energy":    -3.1809332581789651E-01,
  "charges": [
     8.0523873128847145E-01,
    -2.2500133251380749E-01,
     7.1795011467722991E-02,
    -2.1301224946243116E-01,
    -2.2558800302979767E-01,
     1.0913005644727874E-01,
     1.3464995456507517E-01,
     1.2123370259548263E-01,
     1.0758239761544490E-01,
     1.4207137002664197E-01,
     1.2677837266463649E-01,
     1.0980217995580745E-01,
     1.1961696058670103E-01,
     1.3502422721799959E-01,
    -1.5889785058516220E-01,
     1.1202766163793698E-01,
    -3.2803845412633248E-01,
     1.4529534605263633E-01,
     1.2872891475438425E-01,
     1.1590930472122485E-01,
    -3.1051510410792094E-01,
     5.7696082085965106E-02,
    -3.2712701233624253E-01,
     1.9264009107507235E-01,
    -2.7222412089503523E-01,
    -2.1417101558773349E-01,
    -2.6478877576033710E-01,
    -1.4973809384539161E-01,
    -1.6536072392638385E-01,
     9.8951440949074029E-02,
    -3.5179214431720424E-01,
     1.2193057060736420E-01,
     1.2568341254476564E-01,
     1.2446909163409367E-01
  ],
  "coordination numbers": [
     7.1252760536999498E+00,
     3.9567510108137460E+00,
     3.9617410235031576E+00,
     3.9557544841285255E+00,
     3.9568623306585406E+00,
     9.9220119829619158E-01,
     9.9337478807254254E-01,
     9.9391993900964959E-01,
     9.9217171656006453E-01,
     9.9278451609256901E-01,
     9.9305655561237671E-01,
     9.9224419526993568E-01,
     9.9379190875796120E-01,
     9.9320685835184985E-01,
     3.9583854162809669E+00,
     2.0084607694626646E+00,
     1.9340200574490556E+00,
     9.9180791110149258E-01,
     9.9189921424386185E-01,
     9.9187156759796302E-01,
     1.9967060991891907E+00,
     2.1665452182147300E+00,
     1.0052900157660698E+00,
     3.6883883864541396E+00,
     1.9559001855394023E+00,
     1.9634525933815681E+00,
     1.0016654705675334E+00,
     1.0021172642065519E+00,
     3.9585076625237487E+00,
     2.0104579664252595E+00,
     1.9510637313500014E+00,
     9.9184242664328792E-01,
     9.9190791782768706E-01,
     9.9190277665584503E-01
  ]
}
