{
  "version":  "0.2.0",
  "energy":     3.9878736781344837E-01,
  "charges": [
     4.1524585444810636E-01,
    -2.6059852068243833E-01,
     8.4535266623433192E-01
  ],
  "coordination numbers": [
     1.8609712939337184E+00,
     1.2713972587344733E+00,
     1.1409644610411913E+00
  ]
}
