{
  "version":  "0.2.0",
  "energy":    -7.6880080711403687E-01,
  "charges": [
     5.3124933834643784E-01,
    -2.9114712763889533E-01,
    -4.3537084983749175E-01,
    -3.2384872008683047E-01,
    -2.9567481435147974E-01,
    -1.8520782643174047E-01
  ],
  "coordination numbers": [
     4.8015858292796532E+00,
     9.9492019889307670E-01,
     8.6102415119852260E-01,
     9.9890951005977602E-01,
     9.9911157579407650E-01,
     9.9585489148080875E-01
  ]
}
