{
  "version":  "0.2.0",
  "energy":     2.4919916854973267E-01,
  "charges": [
     9.0080984539507880E-01,
    -6.3466471158888302E-02,
    -6.8608288158260700E-02,
    -6.0855997664885614E-02,
     1.9508338105340570E-02,
    -5.6839674286442904E-02,
    -6.6759368552839149E-02,
     2.6112933496997814E-01,
    -3.3630681932211193E-01,
    -3.5516542660780698E-01,
     1.4741069353696695E-01,
     1.4583452526659330E-01,
     1.5253609422608855E-01,
     1.5963821356999089E-01,
     1.4788914853844287E-01,
    -1.8981812533963210E-01,
     2.9082422269459485E-01,
    -1.0533687026389710E-01,
    -1.1239561352177906E-01,
    -7.3991707962559561E-01,
     2.7943098229572455E-01,
     2.8199740639812076E-01,
     2.8348196765254940E-01,
    -6.3162664239202151E-02,
    -7.0316383005883776E-02,
    -6.1976066967763914E-02,
     2.7652248224164025E-02,
    -5.3286980306959310E-02,
    -6.5084114354312647E-02,
     2.7868833515301344E-01,
    -3.0925047376473508E-01,
    -3.6469832731546792E-01,
     1.4756597473580979E-01,
     1.4369435831722110E-01,
     1.4870044053826362E-01,
     1.6269830815284217E-01,
     1.4932420339217300E-01,
    -3.3370720122363931E-02,
    -3.8574642601078013E-01,
     1.4094096429911113E-01,
     1.4071532878912835E-01,
     1.5189095633841229E-01
  ],
  "coordination numbers": [
     7.5477562189080043E+00,
     3.0150734980333205E+00,
     3.0119162438367333E+00,
     3.0162885349261908E+00,
     3.0207910781576031E+00,
     3.0168109053137755E+00,
     3.0119177576638378E+00,
     3.8940815344873547E+00,
     1.9867880918040690E+00,
     1.9853879551523068E+00,
     9.9283811598581195E-01,
     9.9295169436872488E-01,
     9.9296490651627245E-01,
     9.9294277952892962E-01,
     9.9295217688627613E-01,
     9.9908250073132177E-01,
     4.0848117389307710E+00,
     1.9166267471416178E+00,
     1.8637642966615982E+00,
     3.9289578284005984E+00,
     1.0051572302785834E+00,
     9.9880421902529548E-01,
     1.0107648057361196E+00,
     3.0146276173741295E+00,
     3.0117962380046324E+00,
     3.0154603823906188E+00,
     3.0192143305918870E+00,
     3.0172601840987214E+00,
     3.0119886265833289E+00,
     3.2142666773601318E+00,
     1.5360894028204477E+00,
     1.9939142462188357E+00,
     9.9284222826468049E-01,
     9.9291223588661914E-01,
     9.9296731504138247E-01,
     9.9296821668850388E-01,
     9.9293120967839599E-01,
     4.0721250177238151E+00,
     1.9913046605791562E+00,
     9.9159929673725333E-01,
     9.9167771863025589E-01,
     9.9160105435932966E-01
  ]
}
