{
  "version":  "0.2.0",
  "energy":    -1.4815390096481573E+00,
  "charges": [
     2.2758524317958262E-01,
    -1.2041226558536031E+00,
     4.0728333517757470E-01,
    -7.8016357297564043E-01,
    -6.5058234952791383E-01
  ],
  "coordination numbers": [
     3.5101258634535277E+00,
     9.7358937381110611E-01,
     1.5287563362841103E+00,
     1.9667387014898035E+00,
     9.9669725302803158E-01
  ]
}
