{
  "version":  "0.2.0",
  "energy":    -2.7774053183690500E-02,
  "charges": [
     2.9522546250922527E-01,
    -2.9522546250922527E-01
  ],
  "coordination numbers": [
     9.9697112446066871E-01,
     9.9697112446066871E-01
  ]
}
