{
  "version":  "0.2.0",
  "energy":    -1.1894784334965813E+00,
  "charges": [
     7.1140431372720903E-01,
    -5.6263097709532206E-01,
    -3.7518445790120314E-02,
    -3.4116111437515528E-02,
    -5.6267262112309946E-01,
     2.4962429508897904E-01,
     2.6686491761037873E-01,
     1.2095009751028321E-01,
     8.4421671417178823E-02,
     8.3732869891791337E-02,
     1.3237874547010597E-01,
     2.6136528772808376E-01,
     2.4671795956939496E-01,
    -9.9971426015593057E-02,
    -2.6820800578720505E-01,
    -1.9633188328860021E-01,
    -2.1499734129695683E-01,
     2.8862772394828290E-01,
    -2.4942915434021060E-01,
    -2.4910711339720040E-01,
    -3.8685938657088659E-01,
     2.7454499326117499E-01,
    -7.4487093834678153E-01,
     2.6681627667627400E-01,
     2.5698005200471247E-01,
     2.5956282764779709E-01,
    -1.2172874430169178E-01,
     1.3171425531122527E-01,
    -4.6573302417456536E-01,
    -1.0632083474889500E-01,
    -1.0883463797601045E-01,
     4.1166914428036432E-02,
    -4.1645976414941521E-01,
     5.6854821249683440E-02,
    -9.0294349209776775E-02,
     9.8793987320202614E-02,
     9.2577903390498054E-02,
     1.0760179418771063E-01,
     1.4201713864228929E-01,
     1.2455705286067718E-01,
    -1.1399190156026601E-01,
    -1.1412374197632154E-01,
    -9.0437698525913796E-02,
     2.4522742000828227E-03,
    -8.7840119129508065E-02,
    -1.1262490029589330E-01,
     2.5372699702535489E-01,
    -3.5123246898005517E-01,
    -3.2610259998009050E-01,
     9.5022821273401725E-02,
     9.8560041053424696E-02,
     1.2919305153726340E-01,
     1.3389598058185809E-01,
     1.0031112488453998E-01
  ],
  "coordination numbers": [
     7.5749560624041861E+00,
     3.8999082202215316E+00,
     4.0156580622892566E+00,
     4.0206043231924422E+00,
     3.8895976985475604E+00,
     1.0100403960784030E+00,
     9.9825249084625600E-01,
     9.9143855613322707E-01,
     9.9059422914058803E-01,
     9.9062940215917994E-01,
     9.9130155623685745E-01,
     9.9682394878727099E-01,
     1.0022940039617669E+00,
     2.1774366182133313E+00,
     1.0026214076485136E+00,
     1.9676636929480393E+00,
     9.9879997101787765E-01,
     4.0115093809454407E+00,
     9.9856840601377517E-01,
     9.9787714216593848E-01,
     2.9123913909882191E+00,
     1.0628049575970167E+00,
     3.9036509769290966E+00,
     9.9789528495344815E-01,
     9.9756770922341254E-01,
     1.0028180394087762E+00,
     1.8387275955561346E+00,
     2.0113887992742230E+00,
     1.0065946990466248E+00,
     3.0223154278113125E+00,
     3.0105000554763759E+00,
     3.0663500469501148E+00,
     2.0110295418178419E+00,
     3.0673160332295213E+00,
     3.0099958582050172E+00,
     9.9272188653984283E-01,
     9.9289349725882925E-01,
     9.9248800033979112E-01,
     9.9267536850118177E-01,
     9.9294155292200426E-01,
     3.0132991198540555E+00,
     3.0124475872792855E+00,
     3.0155265817700903E+00,
     3.0176325884392012E+00,
     3.0162609328419965E+00,
     3.0122817592201896E+00,
     3.7392961294475890E+00,
     1.9422185758477184E+00,
     1.8988680905577384E+00,
     9.9270811392516212E-01,
     9.9275933028587726E-01,
     9.9286585112085124E-01,
     9.9284522876547232E-01,
     9.9275617730443422E-01
  ]
}
