{
  "version":  "0.2.0",
  "energy":    -1.8589652251245097E+00,
  "charges": [
     9.0824215389701868E-01,
    -1.3888257983901028E-01,
    -1.3689176947992765E-01,
    -1.0553581056808092E-01,
    -1.8169842156910976E-03,
    -1.0568902457054313E-01,
    -1.3753063858431125E-01,
     2.4845451967320675E-01,
    -3.9370459799398927E-01,
    -4.1287087667490152E-01,
     6.8892590154728733E-02,
     7.4726378313765121E-02,
     1.1201999616275554E-01,
     1.1393524316130588E-01,
     7.4242927703844178E-02,
    -6.0174411050154530E-03,
     2.8936647757523254E-01,
    -4.6331975560702404E-01,
    -3.7497999183382302E-01,
    -6.0885081509673278E-01,
     8.9770725100333071E-02,
     1.0627031592751200E-01,
     2.6916508590974725E-01,
     2.5642751975992384E-01,
    -2.7012329519053241E-01,
     2.7723978043388059E-01,
    -2.4448228057539073E-01,
    -2.7550151342220153E-01,
     4.2398637441936893E-02,
    -4.6273494566244006E-01,
    -2.7856076583100248E-01,
     4.0800990058494185E-01,
    -4.2166421248904656E-01,
    -4.1909077574461578E-01,
    -6.9985000708525580E-01,
     3.1134915281507414E-01,
     3.0758667695432890E-01
  ],
  "coordination numbers": [
     7.5579930764790912E+00,
     3.0129544207399857E+00,
     3.0120963595979902E+00,
     3.0161991882502761E+00,
     3.0165981113527138E+00,
     3.0158161342527823E+00,
     3.0123559818038119E+00,
     3.6859835177033755E+00,
     1.9152507538338472E+00,
     1.8577272010236419E+00,
     9.9262714338989344E-01,
     9.9268191712364917E-01,
     9.9286341560947999E-01,
     9.9283746838479914E-01,
     9.9268099305338264E-01,
     4.0933971037903092E+00,
     3.2428039127377497E+00,
     1.0003222677300494E+00,
     1.9871519010328944E+00,
     3.9115771229783949E+00,
     9.9091725493438254E-01,
     9.9135455733007571E-01,
     1.0096457326907613E+00,
     1.0036609731706738E+00,
     9.9849551445368068E-01,
     3.9300310787022283E+00,
     9.9909071569979790E-01,
     9.9792519860684692E-01,
     1.9591873063205663E+00,
     1.0043094670184738E+00,
     2.8214330436089377E+00,
     3.8082116120161844E+00,
     9.9918460869280867E-01,
     1.9724482169087105E+00,
     1.9817410584674269E+00,
     9.9022350242757096E-01,
     9.9249213816405835E-01
  ]
}
