{
  "version":  "0.2.0",
  "energy":    -1.3454669558780191E-01,
  "charges": [
    -6.3060003888329996E-02,
     2.2560788190789316E-01,
     2.4135557768738858E-01,
     2.2597418899167532E-01,
    -3.2735829309165337E-01,
    -3.0251935160697380E-01
  ],
  "coordination numbers": [
     3.9020191371571658E+00,
     3.2014527045250167E+00,
     3.0289994674393377E+00,
     3.1937985623737255E+00,
     2.3372329766825874E+00,
     1.7666075107728574E+00
  ]
}
