{
  "version":  "0.2.0",
  "energy":    -9.2788235622073056E-01,
  "charges": [
    -1.2891854445362796E+00,
    -7.1081455546372030E-01
  ],
  "coordination numbers": [
     6.6709889592597271E-01,
     6.6709889592597271E-01
  ]
}
