{
  "version":  "0.2.0",
  "energy":    -8.0668112000456330E-03,
  "charges": [
     1.7620216598716254E-01,
    -5.8766386891543065E-02,
    -5.8708053440549988E-02,
    -5.8727725655069465E-02
  ],
  "coordination numbers": [
     2.9078442749665525E+00,
     9.7128581643685052E-01,
     9.7009235199220711E-01,
     9.7064169285750079E-01
  ]
}
