{
  "version":  "0.2.0",
  "energy":    -1.1466340713603948E-01,
  "charges": [
     1.7887049209254768E-02,
     5.2781996238607742E-01,
    -5.4570701159533219E-01
  ],
  "coordination numbers": [
     1.7760122272310275E+00,
     1.7631802008289954E+00,
     1.9799281827237971E+00
  ]
}
