{
  "version":  "0.2.0",
  "energy":    -5.6623837761027751E-02,
  "charges": [
     4.1735786647619333E-01,
    -1.3598298850109303E-01,
    -2.8137487797510030E-01
  ],
  "coordination numbers": [
     1.9941203157651453E+00,
     1.0144378302163437E+00,
     1.0172956067396939E+00
  ]
}
