{
  "version":  "0.2.0",
  "energy":    -1.7779017320069364E+00,
  "charges": [
     8.4790502642633658E-01,
    -7.4842917553041663E-02,
    -4.1071774057561916E-01,
    -3.8550518732900407E-01,
     3.9796390084999700E-01,
    -4.8227619129868088E-01,
    -4.0898787503844275E-01,
    -1.4883876573120935E-01,
     1.1564045404175516E-01,
    -5.1411926763694438E-01,
    -1.0041313000254959E-01,
    -3.3882333900318040E-01,
     3.4839547717839409E-01,
    -3.3469493954130680E-01,
    -8.5258811226438830E-02,
    -3.5297431184095446E-01,
    -1.0707908386127070E-01,
     7.3496047133531375E-02,
     8.6343519793114887E-02,
     1.4590105836366302E-01,
     1.2266691939204299E-01,
     7.3039079230521997E-02,
     1.3781851175723428E-01,
     6.9581764303620744E-02,
     1.0823689612615067E-01,
     1.3018208706014603E-01,
    -1.4231274431803631E-01,
    -4.2998850398758298E-01,
     1.0394421733101210E-01,
     6.2545083811287941E-02,
     1.0542958176453139E-01,
     2.5243554457539408E-01,
     1.7291651406097669E-01,
    -3.1409736246536962E-01,
    -3.1957962950656305E-01,
    -4.0393188228351617E-01
  ],
  "coordination numbers": [
     7.6107298574286553E+00,
     1.0100466821033018E+00,
     1.9539916696138109E+00,
     1.9835390585688879E+00,
     3.8656780720781017E+00,
     9.9910141388382723E-01,
     1.9815543700475997E+00,
     1.9350058408258519E+00,
     1.9984100029026051E+00,
     1.0063026376187869E+00,
     4.2159501991529602E+00,
     1.9895455074202228E+00,
     4.5221316886755272E+00,
     1.9902635771533657E+00,
     4.1835034138573972E+00,
     1.9889700872596112E+00,
     4.1348395076935471E+00,
     9.9162216436319106E-01,
     9.9085722544722987E-01,
     9.9047085544051860E-01,
     9.9124484606032581E-01,
     9.9162257466992809E-01,
     9.9129779295983322E-01,
     9.9132104846901292E-01,
     9.9151750582332543E-01,
     9.9107967320963919E-01,
     3.9820615829160921E+00,
     2.8471124622048869E+00,
     9.9129072214255221E-01,
     9.9062560657105525E-01,
     9.9180894154665999E-01,
     1.0950260645305425E+00,
     3.4207564792146776E+00,
     1.8168334147143650E+00,
     1.8747267426510001E+00,
     1.0017698231560637E+00
  ]
}
