{
  "version":  "0.2.0",
  "energy":    -2.1308465191119536E-02,
  "charges": [
     2.7595349103444972E-01,
    -2.7595349103444972E-01
  ],
  "coordination numbers": [
     9.9543605395719403E-01,
     9.9543605395719403E-01
  ]
}
