{
  "version":  "0.2.0",
  "energy":     1.4834542462177849E+00,
  "charges": [
     8.1083526912223691E-01,
    -5.5694542835978622E-01,
     1.9838711632206074E-02,
     1.0421406669141597E-02,
    -5.5896641522720325E-01,
     3.0200565853372624E-01,
     2.7945050225186885E-01,
     1.8342693141680716E-01,
     1.9016888021165357E-01,
     1.6612879223057536E-01,
     1.8631297861207269E-01,
     2.9202231583605420E-01,
     2.9899481541146167E-01,
    -3.1438328655220138E-01,
     9.8216917990422481E-02,
     4.3798653949992383E-03,
     7.3815509818387914E-03,
    -1.9920351802483804E-02,
     1.4719101266821771E-01,
     1.4806607209078471E-01,
    -2.0714195752935705E-02,
     4.3872972977574420E-03,
    -6.6340774349481213E-03,
     7.4990489957415002E-02,
    -3.3114985669724778E-01,
     1.9533657905834270E-01,
     2.1422553130181940E-01,
     2.1793775886110689E-01,
     1.7901159878383188E-01,
     1.7885140467459568E-01,
     2.1502699721785740E-01,
     2.0400531648069795E-01,
     1.5480070281834576E-01,
    -2.8657293431136333E-01,
     9.7358389803176640E-02,
    -6.6241784661654271E-02,
    -7.0576694808116525E-01,
     3.2484456392025363E-01,
     3.3427819074284387E-01,
     3.2739877690887759E-01
  ],
  "coordination numbers": [
     6.5574608737552325E+00,
     3.9229813830245579E+00,
     4.0905060491534257E+00,
     4.0427279073094837E+00,
     3.8950856405310859E+00,
     1.0063259836665601E+00,
     1.0018653340427850E+00,
     9.9154305142335808E-01,
     9.9142760203793134E-01,
     9.9126311630327812E-01,
     9.9151003796739712E-01,
     9.9683911649063273E-01,
     1.0079761989493328E+00,
     2.9825067019642475E+00,
     3.2138367499631659E+00,
     3.0078135998708992E+00,
     3.0203796224770869E+00,
     3.0116531943091509E+00,
     3.1898150349856342E+00,
     3.1930589651661094E+00,
     3.0105814143762757E+00,
     3.0217532658896165E+00,
     3.0066746925312096E+00,
     3.2634549370145010E+00,
     2.9897802305261116E+00,
     9.9324256594584437E-01,
     9.9289236587817431E-01,
     9.9270937334987863E-01,
     9.9311075248111091E-01,
     9.9310377938652650E-01,
     9.9267467565332890E-01,
     9.9290026674967535E-01,
     9.9328691737751384E-01,
     2.0017388009835555E+00,
     2.1314582725898559E+00,
     1.0041764993289801E+00,
     3.9029563686012638E+00,
     9.9690929144159046E-01,
     9.9993771349044014E-01,
     9.9932669304650368E-01
  ]
}
