{
  "version":  "0.2.0",
  "energy":    -2.6104850320449391E-01,
  "charges": [
     1.1611238683336513E+00,
    -4.2809107002500385E-01,
    -3.0496814260516242E-01,
    -4.2806465570348506E-01
  ],
  "coordination numbers": [
     2.9927988773055620E+00,
     9.9940258464022680E-01,
     9.9864058901494168E-01,
     9.9940268769663909E-01
  ]
}
