{
  "version":  "0.2.0",
  "energy":    -4.9336199729002539E-01,
  "charges": [
     8.5539901264501661E-01,
    -1.5084478973183693E-01,
     1.5648875699948089E-01,
    -4.1718604511109725E-01,
     1.2247379633320099E-01,
     1.6566883923938069E-01,
     1.3183217348455747E-01,
    -1.6885462454132022E-01,
     1.0061032012101326E-01,
    -3.5265022447303707E-01,
     1.1997456792576613E-01,
     1.2878706869763501E-01,
     1.2100394445825227E-01,
    -1.6198799483781853E-01,
     9.7351418951549223E-02,
    -3.5773338688319772E-01,
     1.4537445570674642E-01,
     1.2314028533389713E-01,
     1.2781327998972211E-01,
     1.5637471471732547E-01,
    -2.9986857869838840E-01,
    -7.4202211540376450E-01,
     2.9284582167881495E-01,
     3.0429665620438395E-01,
     3.2591293170496477E-01,
     1.0741254656937477E-01,
    -4.1744370021898886E-01,
    -2.1390804188106533E-01,
     4.3479398804467995E-02,
    -3.6213731174508523E-01,
    -8.7328532849384882E-02,
    -8.8197614395208498E-02,
    -8.4710508195703818E-02,
     1.0302015312868147E-02,
    -7.0509818048206122E-02,
    -9.0243513914193288E-02,
     2.5832744068592056E-01,
    -3.2531339377625024E-01,
    -3.9405914611880111E-01,
     1.2250552148224500E-01,
     1.2410823885599165E-01,
     1.2174366813091544E-01,
     1.4550514495227737E-01,
     1.2367197933491764E-01,
     2.5259534250266180E-01
  ],
  "coordination numbers": [
     7.1570408617733143E+00,
     3.9573806770060278E+00,
     1.9961599557335497E+00,
     9.9958457517835608E-01,
     9.9191141087921864E-01,
     9.9076522130789613E-01,
     9.9189323657595629E-01,
     3.9579952483000724E+00,
     2.1296924226720995E+00,
     1.7782417617335309E+00,
     9.9198819405801686E-01,
     9.9149295557623596E-01,
     9.9158344872588700E-01,
     3.9579468865241649E+00,
     2.1417106534495325E+00,
     1.8876652222821226E+00,
     9.9130420005540199E-01,
     9.9201362150649519E-01,
     9.9164592516097105E-01,
     1.8365595104981240E+00,
     9.9947983374879446E-01,
     3.9226625655643845E+00,
     1.0015425668027138E+00,
     1.0071479539201267E+00,
     9.9721317858057468E-01,
     1.9615195124593843E+00,
     1.0043550417693128E+00,
     9.8385977008522918E-01,
     1.0233516168812695E+00,
     1.9781599832905385E+00,
     3.0143340441556932E+00,
     3.0119322758880767E+00,
     3.0150725527071494E+00,
     3.0182421608402539E+00,
     3.0176329566185958E+00,
     3.0129480260707675E+00,
     3.0865415822819440E+00,
     1.9189425167478174E+00,
     1.9914939346647529E+00,
     9.9282024578656980E-01,
     9.9293152030383247E-01,
     9.9258024114985766E-01,
     9.9244370204282184E-01,
     9.9287260117410003E-01,
     9.9354235472026975E-01
  ]
}
