{
  "version":  "0.2.0",
  "energy":    -3.0645856737377380E-02,
  "charges": [
     3.3362549343387576E-01,
    -3.3362549343387576E-01
  ],
  "coordination numbers": [
     9.9093520595770013E-01,
     9.9093520595770013E-01
  ]
}
