{
  "version":  "0.2.0",
  "energy":     3.3456897249367712E-01,
  "charges": [
     7.1112557851936919E-01,
    -5.5723256488188939E-02,
    -5.9602862050639305E-02,
    -5.2223456634258036E-02,
     2.3090034746688679E-02,
    -5.4240774537546804E-02,
    -6.0535343526222113E-02,
     2.6500070231608502E-01,
    -3.4547238860913188E-01,
    -3.3247320641260725E-01,
     1.5477897963229412E-01,
     1.5431073769370457E-01,
     1.6126495999185300E-01,
     1.5822059166943789E-01,
     1.5339261852838681E-01,
     1.5260887608998797E-02,
     1.9617045464276331E-01,
    -3.9402939968823564E-01,
    -7.3848978131969512E-01,
     2.8719627882997939E-01,
     2.8334565022762531E-01,
     2.8894437035904447E-01,
     9.1515389747403725E-02,
     5.4539316718870676E-02,
    -3.3691814325167052E-01,
     5.7327894403752869E-02,
     8.9239982844423749E-02,
    -3.2198028308471288E-01,
     1.5919375611539652E-01,
     1.4261781774850890E-01,
     1.4884453125574945E-01,
     1.5630836200257212E-01
  ],
  "coordination numbers": [
     5.8812279324945074E+00,
     3.0149650978382052E+00,
     3.0118798877288766E+00,
     3.0164331004933667E+00,
     3.0200430152270128E+00,
     3.0166148037398584E+00,
     3.0118216406607941E+00,
     3.8630789250297788E+00,
     1.9777422853251041E+00,
     1.9777139611242278E+00,
     9.9284149083165651E-01,
     9.9294140409600473E-01,
     9.9297681674628002E-01,
     9.9296974855835440E-01,
     9.9294499541493675E-01,
     1.0144346783148439E+00,
     2.0760675522380945E+00,
     2.0104621483434642E+00,
     3.9233169839464548E+00,
     9.9843567610562989E-01,
     9.9653444776289479E-01,
     1.0071016712594414E+00,
     3.0698155350260601E+00,
     3.1275656482980549E+00,
     2.9709743341537500E+00,
     3.1537092319659834E+00,
     3.0700511109352391E+00,
     2.0159335777657637E+00,
     9.9256189100344550E-01,
     9.9253736205394016E-01,
     9.9262573128058573E-01,
     9.9255980031243407E-01
  ]
}
