{
  "version":  "0.2.0",
  "energy":     2.0081362543066955E-01,
  "charges": [
     3.6541779328762702E-01,
     5.7891764012818481E-03,
     6.1750927162557323E-01,
    -6.3312041564521326E-01,
    -5.1542636956514620E-02,
    -2.3806435350603627E-01,
     9.3401116479328283E-01
  ],
  "coordination numbers": [
     5.1820478635180702E+00,
     9.3655110509275907E-01,
     3.4510964155272283E+00,
     2.7916948544485178E+00,
     1.8294284012701514E+00,
     1.9336962595065943E+00,
     3.5122774165772075E+00
  ]
}
