{
  "version":  "0.2.0",
  "energy":    -4.9644399766783968E-02,
  "charges": [
     4.8897033919134592E-01,
    -7.5884398498620831E-02,
    -7.5569418016033146E-02,
    -1.8780221779815753E-01,
    -7.6717404243338116E-02,
    -7.2996900635196316E-02
  ],
  "coordination numbers": [
     4.9271087555569704E+00,
     1.6425396441933877E+00,
     1.6560589581521352E+00,
     9.9820000714374313E-01,
     1.6419459286911557E+00,
     1.6558322621549593E+00
  ]
}
