{
  "version":  "0.2.0",
  "energy":     1.1698711147642362E+00,
  "charges": [
     6.7961604144604681E-01,
    -6.2268112981236905E-02,
     7.3092831892764942E-01,
     6.5172375260754078E-01
  ],
  "coordination numbers": [
     2.8967988849249453E+00,
     1.8519831952437196E+00,
     2.5268617104954902E+00,
     1.7979429226599839E+00
  ]
}
