{
  "version":  "0.2.0",
  "energy":    -1.1115997673945704E-01,
  "charges": [
     6.8568036866799587E-01,
    -3.4278294359608308E-01,
    -3.4289742507191279E-01
  ],
  "coordination numbers": [
     1.9968747716505222E+00,
     9.9892865678408782E-01,
     9.9893273256938198E-01
  ]
}
