{
  "version":  "0.2.0",
  "energy":    -1.3333741133716059E+00,
  "charges": [
     3.1608298836817861E-01,
    -6.6244101901574115E-01,
    -8.2674338040886064E-01,
    -8.2689858894357693E-01
  ],
  "coordination numbers": [
     2.9783341394503706E+00,
     9.9406957341580604E-01,
     9.9441481704277912E-01,
     9.9441329700983871E-01
  ]
}
