{
  "version":  "0.2.0",
  "energy":     1.8201206824812000E-01,
  "charges": [
     8.5715257328995709E-01,
    -5.6945837184904502E-01,
    -2.6610534316567569E-02,
    -2.0601234039267752E-02,
    -5.7004617486389175E-01,
     2.5838769051632293E-01,
     2.5040779808286118E-01,
     1.2753443000855211E-01,
     1.1587296682058654E-01,
     1.1557551882443994E-01,
     1.4260585739002532E-01,
     2.4701041919305286E-01,
     2.5697918540095721E-01,
    -3.3501677021874565E-01,
     3.8809639912677441E-02,
    -7.4601015030239887E-02,
    -7.2555348225479599E-02,
    -8.0134425609125620E-02,
     1.1395988942897284E-01,
     1.1221626959676984E-01,
    -8.0655695181437378E-02,
    -7.2777063337957804E-02,
    -7.2418037776605299E-02,
     4.3147702254584322E-02,
    -3.3230440455833471E-01,
     1.4597564151582504E-01,
     1.3500576512846377E-01,
     1.3861029534022060E-01,
     1.2215467191785966E-01,
     1.2241022357692377E-01,
     1.3908350407347811E-01,
     1.3766247703393295E-01,
     1.5967494654571598E-01,
    -2.1202528734572623E-01,
     2.1392915336452978E-01,
    -3.5848777082626948E-01,
    -2.1083112217726821E-01,
    -2.1428566860089898E-01,
     1.3235582972958765E-01,
     1.2106801085320967E-01,
     1.4370283029238493E-01,
     1.2106162104369446E-01,
     1.3973170436002055E-01,
     1.5124391019294414E-01,
     1.2018314714217883E-01,
     1.3355527411932089E-01,
     1.3941334010035905E-01,
    -6.4160240952506498E-02,
    -2.4831873983720060E-01,
    -2.2284689086718840E-01,
     3.8728798193278180E-02,
    -3.9707628962993141E-01
  ],
  "coordination numbers": [
     7.5504271254988060E+00,
     3.8695048988749310E+00,
     4.0112074432338352E+00,
     4.0384899385953368E+00,
     3.9184758162471169E+00,
     1.0018015497845285E+00,
     9.9702706823412157E-01,
     9.9118798917904538E-01,
     9.9115031103605045E-01,
     9.9121323373971482E-01,
     9.9141926286016613E-01,
     1.0001849711385020E+00,
     1.0164500402737167E+00,
     2.9593770828727877E+00,
     3.1502452528974256E+00,
     3.0104133998965867E+00,
     3.0210571790394694E+00,
     3.0139767355833973E+00,
     3.1359534637010391E+00,
     3.1335266885881445E+00,
     3.0143263572719405E+00,
     3.0204162649334991E+00,
     3.0110083866901691E+00,
     3.1364447032414970E+00,
     2.9527651033945927E+00,
     9.9267368875238571E-01,
     9.9305248744886843E-01,
     9.9288148630535566E-01,
     9.9325228131109622E-01,
     9.9325072820245985E-01,
     9.9288317790716718E-01,
     9.9303884595948411E-01,
     9.9263720582398651E-01,
     3.9575380217018798E+00,
     4.3729350791718797E+00,
     1.9857133089475836E+00,
     3.9577098268624225E+00,
     3.9574706958093859E+00,
     9.9416849676517938E-01,
     9.9316268365066751E-01,
     9.9451586145510973E-01,
     9.9353131360291691E-01,
     9.9462220871967499E-01,
     9.9396197605405145E-01,
     9.9341278066533167E-01,
     9.9433250859881372E-01,
     9.9478905524771033E-01,
     2.9682809490667008E+00,
     1.0040069037683548E+00,
     1.9621823078699849E+00,
     1.0437865429762390E+00,
     1.9853005910819590E+00
  ]
}
