{
  "version":  "0.2.0",
  "energy":    -1.0590684643794152E-01,
  "charges": [
     6.8760567046413068E-01,
    -1.7208105082691727E-01,
    -1.7177675260739367E-01,
    -1.7188968247931657E-01,
    -1.7185818455050361E-01
  ],
  "coordination numbers": [
     3.9821671427659071E+00,
     1.0041188205722582E+00,
     1.0045203088327073E+00,
     1.0043696071931780E+00,
     1.0044127670126723E+00
  ]
}
