{
  "version":  "0.2.0",
  "energy":    -1.0082678474040980E+00,
  "charges": [
     6.8578421677346046E-01,
    -2.9886233016305314E-01,
    -9.1530292291017501E-02,
     1.4724597973472708E-01,
    -4.7897544312728324E-01,
    -2.4219263270394434E-01,
     2.1054361620740775E-01,
    -3.5524724085816473E-01,
    -2.4081652255155020E-01,
    -2.5011744322007612E-01,
     1.4122455300748143E-01,
     1.0082118591229267E-01,
     7.9838562253886247E-02,
     8.2680503808289674E-02,
     1.2023006911534566E-01,
     1.3392312497435535E-01,
     7.7886307407737901E-02,
     1.0403425420686191E-01,
     1.1719097282640836E-01,
    -2.4053792184582889E-01,
     2.3833335192937952E-01,
    -2.3748138400978286E-01,
    -2.6782830871896379E-01,
    -2.6241877091712773E-01,
     2.1015064752148391E-01,
    -3.5523363795957730E-01,
    -2.4214075853621203E-01,
    -2.4196792501255665E-01,
     9.1678058613038182E-02,
     9.5236767205247236E-02,
     7.6609686282989947E-02,
     1.3380595998243999E-01,
     8.1009682423907256E-02,
     1.0552526337076687E-01,
     8.0759257210201996E-02,
     1.3867316007271493E-01,
     1.1194739267134762E-01,
    -2.1656451382229222E-01,
     4.1208742661785575E-01,
    -4.0279760025759809E-01,
    -3.5250727413459865E-01
  ],
  "coordination numbers": [
     7.3805894242689662E+00,
     9.6208578077132323E-01,
     1.9372898364472269E+00,
     2.0013370138387829E+00,
     1.0068187980247210E+00,
     3.9569361669558765E+00,
     4.3005526007154087E+00,
     1.9773864401643584E+00,
     3.9570519541042861E+00,
     3.9567597134914090E+00,
     9.9650542662764341E-01,
     9.9416034719309110E-01,
     9.9295055223024065E-01,
     9.9378295350367374E-01,
     9.9471784173843947E-01,
     9.9501803796571497E-01,
     9.9279856872481176E-01,
     9.9412703527731328E-01,
     9.9559978109124359E-01,
     9.9864117089065196E-01,
     3.5827944356025974E+00,
     9.9880389471506525E-01,
     1.0269069076199706E+00,
     3.9571648438080382E+00,
     4.3325967687083606E+00,
     1.9615453565909498E+00,
     3.9575061936887410E+00,
     3.9573345484989719E+00,
     9.9404157412651806E-01,
     9.9397381307556998E-01,
     9.9272550299151252E-01,
     9.9652275461004969E-01,
     9.9288491703714143E-01,
     9.9433939079575584E-01,
     9.9320920950572145E-01,
     9.9556342473398463E-01,
     9.9450883644957155E-01,
     2.7842683299252080E+00,
     3.5601362940489665E+00,
     9.9924321186448317E-01,
     1.9165724487979565E+00
  ]
}
