{
  "version":  "0.2.0",
  "energy":    -1.1892165903498357E-01,
  "charges": [
    -2.9049077146247332E-01,
     2.7157568176397545E-01,
     2.6438047596970193E-01,
    -2.4546538627120401E-01
  ],
  "coordination numbers": [
     2.3532134304865355E+00,
     1.0379028278210258E+00,
     1.1596462744106812E+00,
     9.2404678031064957E-01
  ]
}
