{
  "version":  "0.2.0",
  "energy":     8.7603994724252554E-01,
  "charges": [
     6.3083033536589284E-01,
    -5.8351470900588054E-01,
    -2.0645206097053781E-02,
    -3.9128118514945742E-02,
    -4.3319883712791951E-01,
    -2.6393944140548742E-02,
    -3.4451267057378776E-03,
    -5.6160323253120203E-01,
     2.6716896704738291E-01,
     2.3964222942301644E-01,
     1.3868614734640156E-01,
     1.3962007940662127E-01,
     1.1324013852199911E-01,
     1.3517150868767050E-01,
     2.2734618119524938E-01,
     1.4100175694644659E-01,
     1.3528316803237780E-01,
     1.5958433297883190E-01,
     1.4794658017784415E-01,
     2.8037930645266357E-01,
     2.6380537118635150E-01,
     1.4048329970178297E-02,
     2.8306493765486740E-01,
    -3.0053140800746986E-01,
    -3.4242589045764021E-01,
    -5.8777908239368326E-01,
     1.4574186822917734E-01,
     1.6245843663399862E-01,
     2.5739420894335829E-01,
     2.8041269163270210E-01,
    -1.9753672656046589E-01,
     5.5794876663947300E-02,
    -2.1084355265435348E-01,
    -1.9914659369343968E-01,
     1.4957757806865893E-01,
     1.4719758128400542E-01,
     1.3639438533433274E-01,
     1.5001541641284763E-01,
     1.3884829875832186E-01,
     1.2885647025983216E-01,
     1.4967079854531254E-01,
     1.3052303561893344E-01,
     1.5648741111111725E-01
  ],
  "coordination numbers": [
     7.3492602387191246E+00,
     3.8956462800426133E+00,
     4.0596721030041056E+00,
     4.1179871546522548E+00,
     3.9174851968154449E+00,
     4.0491009096641211E+00,
     4.1965911963115516E+00,
     3.9109453183874106E+00,
     9.9623097251470050E-01,
     9.9933625591651865E-01,
     9.9144531831308758E-01,
     9.9155648285329789E-01,
     9.9142177644163620E-01,
     9.9117420982782889E-01,
     1.0013635926208435E+00,
     9.9162970487553981E-01,
     9.9143486977716044E-01,
     9.9178254964790735E-01,
     9.9142190845980238E-01,
     1.0016581415130750E+00,
     9.9615392655584323E-01,
     4.0521474824567481E+00,
     3.9827918862387941E+00,
     1.9673608826497091E+00,
     1.9630143895730141E+00,
     3.7601345594273559E+00,
     9.9221864296788453E-01,
     9.9220694249041408E-01,
     9.9613071557622845E-01,
     9.9607120823194428E-01,
     3.9565533853423904E+00,
     3.9204424676160841E+00,
     3.9557733711785126E+00,
     3.9564320097371066E+00,
     9.9270720496680021E-01,
     9.9351619764552446E-01,
     9.9265031800302683E-01,
     9.9253148835285554E-01,
     9.9247062032603761E-01,
     9.9230835490747005E-01,
     9.9264802722843282E-01,
     9.9248357371626916E-01,
     9.9325567216198962E-01
  ]
}
