{
  "version":  "0.2.0",
  "energy":     2.4064851920042524E-01,
  "charges": [
     9.5570495949135426E-01,
    -5.6930583970126047E-01,
    -9.7830103387848977E-03,
    -2.5507616863444715E-02,
    -4.3736209497515066E-01,
    -2.0644283254048379E-02,
     2.2683509574027066E-02,
    -5.5569045980877529E-01,
     2.7410614010646328E-01,
     2.9202580592513255E-01,
     1.4294049647620316E-01,
     1.3885305585391011E-01,
     1.2912609873589634E-01,
     1.3954084366557293E-01,
     2.3657879192488820E-01,
     1.3203828120875230E-01,
     1.4899047267571189E-01,
     1.3002037049482426E-01,
     1.5632057234861674E-01,
     2.8764073129126017E-01,
     1.5912293434604832E-01,
    -6.8457441508350494E-02,
    -3.5239624783323836E-01,
     5.3426233014657687E-01,
    -3.3004111952841508E-01,
    -3.4786435506703883E-01,
     1.2616968505916417E-02,
     1.6987923170050456E-01,
    -3.4539912559315250E-01
  ],
  "coordination numbers": [
     7.4762785199678561E+00,
     3.9225986830474424E+00,
     4.0633501167179027E+00,
     4.0124832244388582E+00,
     3.8857116104738560E+00,
     4.2002037030640569E+00,
     4.1961284339206353E+00,
     2.9918961504650490E+00,
     1.0034401148062804E+00,
     1.0060146632724898E+00,
     9.9203057760313751E-01,
     9.9136638202737970E-01,
     9.9121538627134953E-01,
     9.9138586839960041E-01,
     1.0007246339333138E+00,
     9.9123988113479022E-01,
     9.9151432141606399E-01,
     9.9068624945680206E-01,
     9.9108575549589695E-01,
     1.0797482123429791E+00,
     9.9377409286574281E-01,
     1.0091944939610809E+00,
     1.9888931289539746E+00,
     3.8957057901735590E+00,
     1.0016199316386105E+00,
     1.9876012918976356E+00,
     2.8286954809445852E+00,
     2.0335886138339907E+00,
     1.0048926087985377E+00
  ]
}
