{
  "version":  "0.2.0",
  "energy":    -1.3767919492965297E-01,
  "charges": [
     7.6597713905039555E-01,
    -3.8238959130208849E-01,
    -3.8358754774830711E-01
  ],
  "coordination numbers": [
     1.9977511072800747E+00,
     9.9936737383494467E-01,
     9.9937172203122415E-01
  ]
}
