{
  "version":  "0.2.0",
  "energy":    -1.4049707693004843E-02,
  "charges": [
     1.5260830566815181E-01,
    -1.5260830566815181E-01
  ],
  "coordination numbers": [
     9.4189759244079418E-01,
     9.4189759244079418E-01
  ]
}
