{
  "version":  "0.2.0",
  "energy":    -1.2073607573980011E-01,
  "charges": [
    -3.4812727393583454E-01,
     2.7809532616105598E-01,
     2.7795216992685595E-01,
    -2.0792022215207739E-01
  ],
  "coordination numbers": [
     2.5420709331394908E+00,
     1.5641447194146574E+00,
     1.5724179450172073E+00,
     9.6501322195547079E-01
  ]
}
