{
  "version":  "0.2.0",
  "energy":     4.9909869999879897E-01,
  "charges": [
     5.6870380193912506E-01,
     5.3168991756451645E-01,
    -2.1859190591562250E-01,
    -7.2859128211591573E-02,
     2.0682089984468033E-01,
    -8.7383046212111681E-02,
     7.1619460991003012E-02
  ],
  "coordination numbers": [
     4.7303101654022495E+00,
     4.6528710439101193E+00,
     2.8074541693377943E+00,
     9.9445574141071091E-01,
     2.1931140747902838E+00,
     1.9323012794147383E+00,
     2.2019963033479248E+00
  ]
}
