{
  "version":  "0.2.0",
  "energy":     8.7720179490051298E-01,
  "charges": [
     7.8818340552856125E-01,
    -5.7307134356846989E-01,
     2.9636386460030678E-01,
     2.8841781594918137E-01,
    -7.7510434677707241E-02,
    -6.8018779536180296E-02,
    -4.1264492823469640E-01,
     1.5907033800440348E-01,
     1.5814624453285894E-01,
     1.5712522232494125E-01,
     2.9574035262234549E-01,
    -3.6258024596094007E-02,
    -4.0088660623031486E-02,
    -5.3098841970349198E-02,
     2.5119431237317802E-02,
    -4.6298136347943414E-02,
    -4.6781719891873880E-02,
     2.5729964920291676E-01,
    -3.4393615743711758E-01,
    -4.4821441422734276E-01,
     1.7449890000360002E-01,
     1.7383713047283728E-01,
     1.5137099486672462E-01,
     1.5790831690705495E-01,
     1.6657946986071856E-01,
     2.8024475141681565E-01,
    -4.5718108931357471E-02,
    -3.0766986617245473E-01,
     2.8799007440898389E-01,
    -2.7247291942877350E-01,
    -7.7973942752576075E-02,
    -2.6172819513137546E-01,
    -7.3943155632379909E-02,
     1.5821365341708368E-01,
     1.4897814655109512E-01,
     1.5674166590379016E-01,
     1.5389895655104160E-01,
     1.4702906090439080E-01,
     1.5007213780184964E-01,
     1.5351746163959065E-01,
     1.4726729331144320E-01,
     1.5181329113987024E-01
  ],
  "coordination numbers": [
     6.5023222805538667E+00,
     2.9356780982164867E+00,
     9.9370221942560200E-01,
     1.0103260541340422E+00,
     9.9669248983325343E-01,
     3.9926430267218773E+00,
     2.9496818537608362E+00,
     9.9195335617449665E-01,
     9.9193706508339652E-01,
     9.9241983369149445E-01,
     1.0281595294404404E+00,
     3.0155487977365851E+00,
     3.0102350849419679E+00,
     3.0144211455642775E+00,
     3.0183328430810459E+00,
     3.0187675446891777E+00,
     3.0106069107826157E+00,
     3.1096699707149309E+00,
     1.9865039304697056E+00,
     1.9914128154190367E+00,
     9.9283204723979690E-01,
     9.9298243377219553E-01,
     9.9240344393228241E-01,
     9.9300123105195315E-01,
     9.9297481467816162E-01,
     9.9275783305986742E-01,
     4.1332524210705630E+00,
     1.9866135663682218E+00,
     4.1382763344151696E+00,
     2.9419828356779831E+00,
     4.1403257827759905E+00,
     2.9334353420261685E+00,
     4.1302872989434274E+00,
     9.9223320509433410E-01,
     9.9163839262075815E-01,
     9.9221543488219321E-01,
     9.9181699319926686E-01,
     9.9232132220510749E-01,
     9.9195699184893549E-01,
     9.9190540968996199E-01,
     9.9216627641685573E-01,
     9.9172054596478976E-01
  ]
}
