{
  "version":  "0.2.0",
  "energy":    -3.1655136533492767E-01,
  "charges": [
     9.4084043929047279E-01,
    -7.7202103801403443E-01,
     2.9402332440953227E-01,
     2.7507780876100574E-01,
     2.8362605828930504E-01,
    -2.8880497189007076E-01,
    -1.6362749112214786E-01,
    -1.5566478588575181E-01,
     1.0834164468579081E-01,
    -3.6844767294572023E-01,
     1.3127326032573908E-01,
     1.3030380831129798E-01,
     1.3381496501025242E-01,
     1.8362950417090801E-01,
    -2.3851333678488401E-01,
    -2.6101346140429604E-01,
    -2.3283805520739900E-01
  ],
  "coordination numbers": [
     6.3359317191919189E+00,
     3.9239117290776759E+00,
     1.0032174270582788E+00,
     1.0042849094250883E+00,
     9.9923345208738024E-01,
     9.9852134858552866E-01,
     9.8850267151092552E-01,
     3.9585033924136139E+00,
     2.0171514079790747E+00,
     1.9535418182717050E+00,
     9.9195853446584970E-01,
     9.9176739364794209E-01,
     9.9187023310897615E-01,
     3.6774039463203412E+00,
     1.0016030866815022E+00,
     1.9606066119423025E+00,
     1.9591917327391029E+00
  ]
}
