{
  "version":  "0.2.0",
  "energy":    -9.1476759296163346E-01,
  "charges": [
     6.2035424632808178E-01,
    -1.1650016047605939E-01,
    -1.1701427416609511E-01,
    -9.2635260324697433E-02,
     2.1692853978751425E-03,
    -9.1299641993551700E-02,
    -1.1616375863228784E-01,
     2.5279762331647987E-01,
    -3.4585521071662129E-01,
    -3.5546864815479912E-01,
     9.2454633712270612E-02,
     9.5570664505893382E-02,
     1.2555201968085722E-01,
     1.2772141026268358E-01,
     9.6488709808625950E-02,
    -5.5290296975642561E-01,
     2.8853736079160786E-01,
     2.8227666167976762E-01,
     9.9130801696409532E-02,
    -3.7838775050112072E-01,
    -1.1515381202848049E-01,
     1.3004480616640710E-01,
    -4.7334532779960087E-01,
    -3.1074845578122112E-01,
    -1.4762295301599890E-01
  ],
  "coordination numbers": [
     7.1661427486632165E+00,
     3.0134249441998655E+00,
     3.0124721081781436E+00,
     3.0161870883714448E+00,
     3.0180132192230209E+00,
     3.0162744099012020E+00,
     3.0124753497661310E+00,
     3.8087337181544658E+00,
     1.9357241897985524E+00,
     1.9611500462648781E+00,
     9.9271045196999719E-01,
     9.9275936913730423E-01,
     9.9290393857452930E-01,
     9.9289889273975973E-01,
     9.9276303238509733E-01,
     2.8892162341003456E+00,
     9.9341443903478588E-01,
     1.2730774986962174E+00,
     1.8792641001083625E+00,
     9.9952416452083703E-01,
     1.9436770990749848E+00,
     2.0188485291567986E+00,
     1.0068019666055061E+00,
     9.9520362870245549E-01,
     9.8855722096379761E-01
  ]
}
