{
  "version":  "0.2.0",
  "energy":     5.5257173478043831E-01,
  "charges": [
     3.2646291446532194E-01,
     9.8247355559978800E-01,
     1.0564995984200638E+00,
    -1.7118080069769886E-01,
    -1.9425526778747482E-01
  ],
  "coordination numbers": [
     2.9514842290296190E+00,
     5.4745928645472919E-01,
     2.7903443482847239E+00,
     2.3631424438980924E+00,
     1.9701175699140334E+00
  ]
}
