{
  "version":  "0.2.0",
  "energy":    -3.4379441403518290E-01,
  "charges": [
     6.6174327130671717E-01,
    -2.3186968916956199E-01,
     6.4630693008739110E-02,
    -2.3530666355621987E-01,
    -2.3180036050283495E-01,
     1.0133729013707350E-01,
     1.1667175294596892E-01,
     1.1785272482887467E-01,
     1.0177099242500874E-01,
     1.1336833205059507E-01,
     1.1804751123980170E-01,
     1.0271440652140371E-01,
     1.2345969034698656E-01,
     1.1465900078491162E-01,
    -4.2274160697057617E-01,
     4.3608385666997779E-01,
    -3.7603637500356074E-01,
    -3.5365177524356467E-01,
    -1.7762358824397079E-01,
     1.2274930165415171E-01,
    -4.1571590367547140E-01,
    -7.3760765766342473E-01,
     3.1216465489760553E-01,
     2.6549746707295219E-01,
     2.6488673139659508E-01,
    -9.4401766735338843E-02,
    -9.5124734558570040E-02,
     2.3370644843031398E-02,
    -3.4222239323260090E-01,
     2.5166784456539748E-02,
    -9.6823074122217717E-02,
     1.1443768181055680E-01,
     1.1425257000923950E-01,
     1.3666609764634871E-01,
     1.4684279420993684E-01,
     1.1255133841489663E-01
  ],
  "coordination numbers": [
     6.6470341704383875E+00,
     3.9557633802650685E+00,
     3.9318553159426228E+00,
     3.9565419833340982E+00,
     3.9561049846294907E+00,
     9.9223620063412898E-01,
     9.9278299175622298E-01,
     9.9306601671777806E-01,
     9.9225389061273628E-01,
     9.9344983052157243E-01,
     9.9358806339468231E-01,
     9.9234571115686965E-01,
     9.9311845148518074E-01,
     9.9310827212078312E-01,
     1.0024929410477128E+00,
     3.8965877988570234E+00,
     1.9781755672375576E+00,
     1.9863884942134638E+00,
     1.0109914994551454E+00,
     2.1036870953356779E+00,
     1.9934653304651224E+00,
     3.9178529220087466E+00,
     1.0299591034616196E+00,
     9.9706095439165754E-01,
     9.9686450531561466E-01,
     3.0211894666225723E+00,
     3.0105771582509115E+00,
     3.0922994894398164E+00,
     2.9269188469722733E+00,
     3.1195085224468588E+00,
     3.0106997642202566E+00,
     9.9278832265111827E-01,
     9.9300756635434517E-01,
     9.9260187043337211E-01,
     9.9223644899474195E-01,
     9.9298441276632499E-01
  ]
}
