{
  "version":  "0.2.0",
  "energy":     2.8718713730240930E-01,
  "charges": [
     6.7847356809229309E-01,
    -1.8074288899925017E-01,
     9.7146494631720648E-02,
    -8.4090696247649088E-02,
     9.5436951291070660E-02,
    -3.5806717261508003E-01,
    -1.8644067001128406E-01,
    -3.1678446605828414E-01,
     1.0948596520906956E-01,
     1.2428158324860283E-01,
     1.2620626624737472E-01,
     1.1112522351991458E-01,
     1.0982761385487277E-01,
     1.1443428536094630E-01,
     1.2082957122537075E-01,
    -5.5082044268549568E-02,
    -1.3780179851951990E-01,
    -1.4289756403514586E-01,
    -5.7978546165865508E-02,
    -2.8060037786556646E-01,
     1.0904425662567108E-01,
     1.2622682672558216E-01,
     1.1970032054186197E-01,
     1.1024167091838244E-01,
     1.1126519116360692E-01,
     1.0586929737238968E-01,
     1.2207337099335075E-01,
     1.0226005290606249E-01,
    -7.9515569180322876E-02,
    -8.2750663398568403E-02,
    -8.6005829685922852E-02,
     4.8528366601158224E-04,
    -7.3820703649989106E-02,
    -8.6110383226103038E-02,
     2.3530723160102607E-01,
    -3.2301170665725282E-01,
    -3.9201478039203652E-01,
     1.3236655397817160E-01,
     1.3203429581013337E-01,
     1.2364404732279441E-01,
     1.4111464650917424E-01,
     1.3003148547595517E-01,
     2.3016073887562766E-01,
    -1.6084486913963947E-01,
    -2.3805004115293171E-01,
     4.9988511026196725E-02,
    -2.2990652992231220E-01,
    -2.3370181426558323E-01,
     1.1403357483449778E-01,
     1.1571333216438850E-01,
     1.0357851910240881E-01,
     1.1305287461537228E-01,
     1.1841085557746675E-01,
     1.1834338335911747E-01,
     1.1177095763019904E-01,
     1.0755750646274952E-01,
     1.1469680751742642E-01
  ],
  "coordination numbers": [
     7.1187988946828753E+00,
     3.9603550223049977E+00,
     3.1869726476222722E+00,
     3.0077788308853703E+00,
     3.1973780556550340E+00,
     1.9882890126528325E+00,
     3.9605036987224125E+00,
     1.9856911412683296E+00,
     9.9228541000651038E-01,
     9.9141390897106429E-01,
     9.9154296211392978E-01,
     9.9323317545541911E-01,
     9.9229542012758820E-01,
     9.9148460984519460E-01,
     9.9153400065879094E-01,
     4.0566488404991503E+00,
     3.9867836759771578E+00,
     3.9808714850368316E+00,
     4.1666194244903378E+00,
     2.9215688339127830E+00,
     9.9115689704084176E-01,
     9.9172204989526325E-01,
     9.9154735077835099E-01,
     9.9196520624896145E-01,
     9.9195853314642513E-01,
     9.9129026443138279E-01,
     9.9120821865764697E-01,
     9.9521983913223178E-01,
     3.0148433639276409E+00,
     3.0114898821142164E+00,
     3.0143795463685228E+00,
     3.0184394375998851E+00,
     3.0190032813527399E+00,
     3.0118817563292843E+00,
     3.5407206620718270E+00,
     1.8922657749189860E+00,
     2.7161783067999252E+00,
     9.9286036226934282E-01,
     9.9297064999153317E-01,
     9.9256079004886111E-01,
     9.9292449240435854E-01,
     9.9294532703017069E-01,
     9.9314259398506444E-01,
     9.9351397333696045E-01,
     3.9560839782398585E+00,
     3.9086789656855050E+00,
     3.9609078368691444E+00,
     3.9559655626104053E+00,
     9.9232326353604794E-01,
     9.9327629112351357E-01,
     9.9270306300625144E-01,
     9.9225993499831411E-01,
     9.9287057994692152E-01,
     9.9303398694870726E-01,
     9.9221922904815774E-01,
     9.9269580180990857E-01,
     9.9306448575823492E-01
  ]
}
