{
  "version":  "0.2.0",
  "energy":     2.8979858216863086E-01,
  "charges": [
     8.1416036089542543E-01,
    -5.5753018360655049E-01,
     3.1093363064232482E-01,
    -7.5801336391268459E-01,
     2.6395630124960007E-01,
     2.7612036049026017E-01,
     2.8248359668887058E-01,
    -1.6957235090858169E-01,
    -5.5983269652825107E-01,
     2.7691602797888781E-01,
     2.6271771694853302E-01,
    -2.2028637825920844E-01,
     5.7894804786922591E-02,
    -2.1573801555560410E-01,
    -2.1437298481314745E-01,
     1.2831753986066008E-01,
     1.2381326764185974E-01,
     1.2720149676233033E-01,
     1.2709156509019684E-01,
     1.2884301476329271E-01,
     1.2819506120643695E-01,
     1.2871174556388748E-01,
     1.3372118443788283E-01,
     1.3351203007514878E-01,
    -4.2244276361965247E-02,
    -3.8867036596194426E-01,
     1.3958729257899063E-01,
     1.4008811155178985E-01,
     1.4199550669463659E-01
  ],
  "coordination numbers": [
     5.8309903774226512E+00,
     1.9914972661885511E+00,
     1.0128621061109939E+00,
     3.9066320855927774E+00,
     1.0021600537417603E+00,
     9.9727880209062025E-01,
     1.0021821058639837E+00,
     1.0057291474004062E+00,
     2.8958850242170220E+00,
     9.9979142245566877E-01,
     9.9964581736065927E-01,
     3.9561891226110468E+00,
     3.9417193137060931E+00,
     3.9559605674610001E+00,
     3.9571685365421576E+00,
     9.9246337021628417E-01,
     9.9269514379880608E-01,
     9.9307574549512712E-01,
     9.9235134846253281E-01,
     9.9282311927894540E-01,
     9.9261314554974867E-01,
     9.9255501486774289E-01,
     9.9339029759627362E-01,
     9.9326826583491901E-01,
     4.0716119416716712E+00,
     1.9913180684283693E+00,
     9.9151710142347671E-01,
     9.9145458678257192E-01,
     9.9150591994872439E-01
  ]
}
