{
  "version":  "0.2.0",
  "energy":    -7.3704874182118074E-02,
  "charges": [
     4.3961003570732471E-01,
    -4.3961003570732471E-01
  ],
  "coordination numbers": [
     9.9696484867857649E-01,
     9.9696484867857649E-01
  ]
}
