{
  "version":  "0.2.0",
  "energy":    -2.9803105831827836E-01,
  "charges": [
     7.5330652203119208E-01,
    -7.9993642977026908E-03,
     2.9404312192295284E-01,
    -3.9482527738573880E-01,
    -3.6117229081053404E-01,
    -6.1380213314615284E-01,
     1.1109210222972689E-01,
     1.1212218672670839E-01,
     2.3312802119708123E-01,
     2.2767235427184232E-01,
    -7.9553300588864090E-02,
    -4.3445933571875489E-01,
     1.0882847088615721E-01,
     9.8503440646516449E-02,
     1.0359246171601981E-01,
    -2.2423740244393392E-01,
    -6.4831471689245759E-02,
    -4.3473205572995754E-01,
     9.7496193509038417E-02,
     1.0498200714955180E-01,
     1.1360281174948589E-01,
     1.0937652116899768E-01,
     1.1937902317173077E-01,
     2.2558438991869073E-01,
    -1.9709699648480769E-01
  ],
  "coordination numbers": [
     5.5594746486379574E+00,
     4.1144071320092097E+00,
     3.2938890115535635E+00,
     1.0004533804233660E+00,
     1.9929140851816136E+00,
     3.9298206556612980E+00,
     9.9158272651066959E-01,
     9.9148247119850019E-01,
     1.0284963608385995E+00,
     9.9873150876585370E-01,
     4.0300232384871792E+00,
     1.9927953333163479E+00,
     9.9066476787708435E-01,
     9.9040679655721942E-01,
     9.9058698028013392E-01,
     3.9555235379036411E+00,
     3.9880228162665832E+00,
     2.9220124649847898E+00,
     9.9174137535060414E-01,
     9.9149713753232582E-01,
     9.9150274552214235E-01,
     9.9128345590447342E-01,
     9.9176852962999273E-01,
     1.1358223761090507E+00,
     9.9133408761397490E-01
  ]
}
