{
  "version":  "0.2.0",
  "energy":    -3.1064734535805422E-01,
  "charges": [
     5.2392063782159493E-01,
     6.5848527519551625E-01,
    -5.6031553859684324E-01,
    -6.2209037442026793E-01
  ],
  "coordination numbers": [
     2.0870357280757217E+00,
     1.0694277702740695E+00,
     1.9783239774026233E+00,
     9.9941752506179249E-01
  ]
}
