{
  "version":  "0.2.0",
  "energy":    -1.0960189407638121E-01,
  "charges": [
     7.4325385986058190E-01,
    -1.8562668049272998E-01,
    -1.8569314183220562E-01,
    -1.8577635170311285E-01,
    -1.8615768583253345E-01
  ],
  "coordination numbers": [
     3.9717895596239456E+00,
     9.9675182926468064E-01,
     9.9676177788734321E-01,
     9.9678303863887407E-01,
     9.9682342244075706E-01
  ]
}
