{
  "version":  "0.2.0",
  "energy":    -9.6537557722937928E-02,
  "charges": [
     7.0841143788348493E-02,
     3.8458703631518076E-01,
    -1.9852202773483429E-01,
    -2.5690615236869535E-01
  ],
  "coordination numbers": [
     2.6201479004272832E+00,
     1.8708517930903898E+00,
     9.1511446719364820E-01,
     1.7371535389255666E+00
  ]
}
