{
  "version":  "0.2.0",
  "energy":    -5.6889713613490087E-02,
  "charges": [
     4.7163624768997536E-01,
    -1.5672494964181588E-01,
    -1.5761619968433255E-01,
    -1.5729509836382694E-01
  ],
  "coordination numbers": [
     2.9898445956570363E+00,
     9.9817906607925178E-01,
     9.9813032657119294E-01,
     9.9816503722148298E-01
  ]
}
