{
  "version":  "0.2.0",
  "energy":     1.0077099761092463E+00,
  "charges": [
     9.3989480913970924E-01,
    -3.4738656848495930E-01,
     1.0218203300915774E-01,
    -1.3859591960949658E-03,
     3.6312613993866316E-04,
    -2.2799675557612809E-02,
     1.5862434338381254E-01,
     1.5856487061803387E-01,
    -2.2878480478217611E-02,
     6.2019919274963753E-04,
    -3.1719265470211977E-04,
     1.1010430098623858E-01,
    -3.4278704946362570E-01,
     1.7618999951976888E-01,
     2.0428161076514503E-01,
     2.0685051820963318E-01,
     1.7487744709608774E-01,
     1.7486083781451173E-01,
     2.0733951972892864E-01,
     2.0588716791439088E-01,
     1.8852113102613888E-01,
     2.3339756758162283E-01,
    -2.9523461456963118E-01,
     8.5329002439121129E-02,
    -1.5468554227780021E-01,
    -1.4041340188234516E-01
  ],
  "coordination numbers": [
     7.3110019067952923E+00,
     3.0109543682724160E+00,
     3.3771880587485770E+00,
     3.0073418623148669E+00,
     3.0218686985451821E+00,
     3.0100594843466997E+00,
     3.3073889831864172E+00,
     3.3146650388696646E+00,
     3.0103150526764848E+00,
     3.0213980437480075E+00,
     3.0076211232935419E+00,
     3.3925922735850769E+00,
     3.0109275001561393E+00,
     9.9507925023714172E-01,
     9.9291830629470912E-01,
     9.9272119081121346E-01,
     9.9304124263243665E-01,
     9.9304716177083474E-01,
     9.9273991645687243E-01,
     9.9292368628374739E-01,
     9.9598693355319412E-01,
     1.9681753218717004E+00,
     1.9950470528123949E+00,
     2.8279562573602748E+00,
     1.9946420926643773E+00,
     1.9945614617244605E+00
  ]
}
