{
  "version":  "0.2.0",
  "energy":    -3.6347169352711844E-02,
  "charges": [
     3.8861981201791884E-01,
    -9.6340781368895942E-02,
    -9.7981540945900697E-02,
    -9.7892247715933273E-02,
    -9.6405241987188930E-02
  ],
  "coordination numbers": [
     3.9088021026830431E+00,
     9.8599450345977679E-01,
     9.7572101900867558E-01,
     9.7523451891450641E-01,
     9.8613460464104641E-01
  ]
}
