{
  "version":  "0.2.0",
  "energy":    -1.1194641532815201E-01,
  "charges": [
     1.0141845049862375E-01,
     4.5061535781857165E-01,
    -8.4869136005648382E-02,
    -1.4441848543359981E-01,
    -2.0630748032278956E-01,
    -1.1643870655515692E-01
  ],
  "coordination numbers": [
     4.1340067494077104E+00,
     1.9157007106608237E+00,
     1.3074494028489303E+00,
     9.6208426842454919E-01,
     1.8411604060901414E+00,
     1.2750067512973713E+00
  ]
}
