{
  "version":  "0.2.0",
  "energy":    -8.0586708230773976E-02,
  "charges": [
     5.2431026786319790E-01,
    -1.7477084179171221E-01,
    -1.7478333657120371E-01,
    -1.7475608950028199E-01
  ],
  "coordination numbers": [
     2.9809430680823334E+00,
     9.9518088292343521E-01,
     9.9515862876880945E-01,
     9.9518204615326056E-01
  ]
}
