{
  "version":  "0.2.0",
  "energy":    -4.8045878589332991E-01,
  "charges": [
     8.5346761113265002E-01,
    -5.8287255671111959E-01,
    -3.4456988946379469E-02,
    -3.8726610917304907E-02,
    -5.7529323933798548E-01,
     2.2767808187554611E-01,
     2.6489210225611876E-01,
     1.2677181392684345E-01,
     8.8393202675202620E-02,
     8.8263468851565358E-02,
     1.1751195860996437E-01,
     2.4698150153645315E-01,
     2.3803212210193780E-01,
    -5.7172140388645865E-01,
    -3.6970004821449340E-02,
    -3.8911772396330729E-02,
    -5.8084195248206316E-01,
     2.3760131689613748E-01,
     2.3822986864768836E-01,
     1.3081982623063584E-01,
     8.8011246443926230E-02,
     8.9766573412697628E-02,
     1.1146223046104080E-01,
     2.6663228448106907E-01,
     2.2605134535866758E-01,
    -1.0198770150814562E-01,
    -1.0470478854927945E-01,
    -8.8619348290174399E-02,
     5.9879937626441948E-04,
    -8.9312508416919872E-02,
    -1.0537675065609556E-01,
     2.4587833925838015E-01,
    -3.8064088002376412E-01,
    -3.7195848354794259E-01,
     1.0896054554655721E-01,
     1.1008786258311831E-01,
     1.2964298869459270E-01,
     1.2788060584992839E-01,
     1.0921431893529696E-01,
    -4.3707350272306122E-01,
     4.0242506319161958E-01,
    -3.6491920393376048E-01,
    -3.7086738118566764E-01
  ],
  "coordination numbers": [
     7.8400750805603652E+00,
     3.8840571730768358E+00,
     4.0349437905896632E+00,
     4.0117581758713481E+00,
     3.8623893324886858E+00,
     9.9671512949089447E-01,
     1.0486702923476692E+00,
     9.9153218295248813E-01,
     9.9101475098027603E-01,
     9.9062134684361158E-01,
     9.9117577645012833E-01,
     1.0139414088377867E+00,
     9.9676058904243270E-01,
     3.8573787560507453E+00,
     4.0340313176946792E+00,
     4.0034368120429615E+00,
     3.8809042535864213E+00,
     9.9672462807608486E-01,
     1.0012283897068084E+00,
     9.9153710479261115E-01,
     9.9081231354290367E-01,
     9.9071616387241868E-01,
     9.9104930608366804E-01,
     1.0619922385462823E+00,
     9.9674280099483692E-01,
     3.0137640981246641E+00,
     3.0121931464826419E+00,
     3.0160821024961892E+00,
     3.0174510537762878E+00,
     3.0161156412591135E+00,
     3.0122340055931582E+00,
     3.7203634302940225E+00,
     1.9286416521422298E+00,
     1.8941878932483407E+00,
     9.9279067654732778E-01,
     9.9282572627535526E-01,
     9.9289383747849236E-01,
     9.9290736331537754E-01,
     9.9281386916461312E-01,
     1.3645287973593749E+00,
     3.9239982972613872E+00,
     1.9558248423889317E+00,
     1.9485957660623772E+00
  ]
}
