{
  "version":  "0.2.0",
  "energy":     1.0713553515479832E+00,
  "charges": [
     9.5096462713451313E-01,
    -1.2510515487742035E-01,
     5.4665661639465846E-03,
    -3.5923409437858617E-01,
     2.2216348300357824E-01,
     2.2421682403793416E-01,
     2.0887075824153262E-01,
     3.2854515309682913E-01,
    -2.1978065830720528E-01,
     1.5962832700919208E-01,
     4.5766298782614345E-03,
    -3.8280292528125315E-02,
     2.2261049130666993E-01,
    -2.5777888990702325E-01,
     2.2546916359551264E-01,
     2.2307547698498875E-01,
     2.2459158954540165E-01
  ],
  "coordination numbers": [
     4.2543677829243141E+00,
     9.9915374582948235E-01,
     4.0053709703906382E+00,
     2.9515604933948110E+00,
     9.9209330612476698E-01,
     9.9210852593308019E-01,
     9.9206411022875507E-01,
     1.0233931066136659E+00,
     2.0022516204863718E+00,
     2.1723058238813504E+00,
     1.0042559390718591E+00,
     3.9571881336104839E+00,
     2.0436839057757785E+00,
     1.9841972942244244E+00,
     9.9131065399143914E-01,
     9.9129801499498438E-01,
     9.9133183411215953E-01
  ]
}
