{
  "version":  "0.2.0",
  "energy":    -9.6900619265938667E-02,
  "charges": [
    -1.4091710033700977E-01,
     2.6796899444485589E-01,
     2.2984185462629009E-01,
    -3.5689374873413615E-01
  ],
  "coordination numbers": [
     1.0672033325414887E+00,
     1.9073060959036372E+00,
     2.7282423286608442E+00,
     2.0090932539955650E+00
  ]
}
