{
  "version":  "0.2.0",
  "energy":     1.2740287954583718E-01,
  "charges": [
     8.0010711460183148E-01,
    -3.3321409449098538E-01,
     3.5932161230905368E-02,
    -8.2941329373564132E-02,
    -8.0147839542192956E-02,
    -8.4930122071780523E-02,
     1.1010807639877629E-01,
     1.1183744180487043E-01,
    -8.4159970451733179E-02,
    -7.9055340297594423E-02,
    -8.2577720216662875E-02,
     3.0229461622414133E-02,
    -3.3697810450434484E-01,
     1.3953380942647869E-01,
     1.2568789301902294E-01,
     1.3110090978329925E-01,
     1.1793939314281107E-01,
     1.1764116324906718E-01,
     1.3135537106214246E-01,
     1.2553727960358552E-01,
     1.3284047269801652E-01,
    -7.8798838340742527E-02,
    -8.5570445331339284E-02,
    -7.9591127920556670E-02,
     8.8598036519056400E-03,
    -7.1858962098437118E-02,
    -8.2783683632333571E-02,
     2.4973716723832651E-01,
    -3.8656694618944626E-01,
    -3.6972500246568307E-01,
     1.3334242286643050E-01,
     1.3077153273575801E-01,
     1.3655887793446059E-01,
     1.4345155335645199E-01,
     1.3266725901338761E-01,
    -1.9898697852675196E-01,
    -1.2589099657279057E-02,
    -4.1154516719916812E-01,
     1.0989672082015758E-01,
     1.3136800986656560E-01,
     1.1668214177648149E-01,
     1.2152965735367335E-01,
     1.1276262811054430E-01,
    -1.0878771937411358E-01,
    -4.2939748118934384E-01,
     1.0907449833305870E-01,
     1.1930583285557791E-01,
     1.3233192234782803E-01,
     2.6530175391930466E-01,
    -7.6038610366266135E-02,
    -3.2677128712823894E-01,
     3.3128040863979080E-01,
    -3.2654365548651171E-01,
    -7.1317101897781621E-02,
    -3.7655022428264895E-01,
    -6.1338401505854123E-02,
     1.2417986537156082E-01,
     1.2466355579391028E-01,
     1.2224250495582241E-01,
     1.1997676891582174E-01,
     1.2173255070902465E-01,
     1.3041590934355857E-01,
     1.1849097185128649E-01,
     1.2436653442716453E-01,
     1.3792385371027943E-01
  ],
  "coordination numbers": [
     7.0616316995162434E+00,
     2.9103446312501458E+00,
     3.1130592820446212E+00,
     3.0104864381640821E+00,
     3.0213455920571182E+00,
     3.0135400804998973E+00,
     3.0958252306081420E+00,
     3.0975831299069858E+00,
     3.0136762473330627E+00,
     3.0213424663807844E+00,
     3.0103864391868953E+00,
     3.1251862022062964E+00,
     2.9234939219156191E+00,
     9.9269884719087198E-01,
     9.9304596468122242E-01,
     9.9288617424997838E-01,
     9.9321943047061811E-01,
     9.9322388117037885E-01,
     9.9288510093823223E-01,
     9.9305652644739961E-01,
     9.9269131141884426E-01,
     3.0143392638217525E+00,
     3.0119414296797400E+00,
     3.0163388698358728E+00,
     3.0188610527833193E+00,
     3.0161164295857787E+00,
     3.0122440902784193E+00,
     3.7749397614910061E+00,
     1.9346673593587642E+00,
     1.9573506964544301E+00,
     9.9282682670653077E-01,
     9.9288218582857368E-01,
     9.9288732217761133E-01,
     9.9292505114127749E-01,
     9.9289499377255375E-01,
     3.9542739417058961E+00,
     4.0038019597148535E+00,
     1.9908361137280810E+00,
     9.9163735289414223E-01,
     9.9150190101915658E-01,
     9.9133332110082417E-01,
     9.9054708424052329E-01,
     9.8993806016225072E-01,
     3.9751061332846325E+00,
     2.8870168525614908E+00,
     9.9143820194183085E-01,
     9.9149920391149760E-01,
     9.9189999054461442E-01,
     9.9619985725160820E-01,
     4.1618254641374737E+00,
     1.9888614318973241E+00,
     4.4796721975844882E+00,
     1.9891121800100464E+00,
     4.1994938026930484E+00,
     1.9876189717251878E+00,
     4.1120613594513218E+00,
     9.9200325968627467E-01,
     9.9134538948568451E-01,
     9.9165768100981122E-01,
     9.9220288652870092E-01,
     9.9121814402383723E-01,
     9.9162074420580559E-01,
     9.9217578829315567E-01,
     9.9193915489654305E-01,
     9.9183789300942227E-01
  ]
}
