{
  "version":  "0.2.0",
  "energy":     8.5334860273589386E-01,
  "charges": [
     7.8005931748581769E-01,
    -3.3204078272357929E-01,
     6.2411025096959505E-02,
    -2.0320326305622888E-01,
    -1.9337498003000386E-01,
     7.6168572706158205E-02,
    -1.9245659937316462E-01,
    -1.7993621940593968E-01,
     1.4726725723531650E-01,
     1.5769051001505324E-01,
     1.4197525505703823E-01,
     1.4536991210022279E-01,
     1.4106080978011426E-01,
     1.5757359607860166E-01,
     1.4986225821709309E-01,
     1.6407175497458118E-01,
     1.6585087528713358E-01,
     9.5444677562272762E-03,
    -1.6246745643537383E-01,
    -2.0327543425738831E-01,
    -2.8982453384681139E-02,
    -2.9522617175693056E-01,
     3.2762745323420761E-01,
    -3.0596934484496485E-01,
    -2.6870449551046394E-02,
    -2.5368882331646125E-01,
    -6.3506530215247159E-02,
     1.6503798579717016E-01,
     1.6316178857385510E-01,
     1.6118602395396422E-01,
     1.6926049874784868E-01,
     1.7029298377323926E-01,
     1.6210352563060104E-01,
     1.6006752108342098E-01,
     1.5934056210942485E-01,
     1.4576501008299730E-01,
    -3.8785232820984089E-02,
    -4.3635904095522343E-02,
    -5.7329381568157131E-02,
     1.1544081140602177E-02,
    -5.4424141204604808E-02,
    -4.9564881936999608E-02,
     2.3073674021251117E-01,
    -3.5009874858601631E-01,
    -3.5969736217282933E-01,
     1.7315901493577571E-01,
     1.7138426024701306E-01,
     1.4794778415409404E-01,
     1.5414216322694274E-01,
     1.6653374616081890E-01,
     2.5633740588131954E-01
  ],
  "coordination numbers": [
     7.6126181888870841E+00,
     2.0021898763843655E+00,
     2.1176703866378377E+00,
     1.0049355867111922E+00,
     3.9567426157398256E+00,
     3.9464977721614600E+00,
     3.9570437470328326E+00,
     3.9577991676931834E+00,
     9.9273417733674663E-01,
     9.9297812303814048E-01,
     9.9295172801667331E-01,
     9.9270291829701485E-01,
     9.9297021069226510E-01,
     9.9318733289146355E-01,
     9.9279109937767895E-01,
     9.9316078900498361E-01,
     9.9301292190368340E-01,
     2.7101981172331424E+00,
     1.9806039020051669E+00,
     1.9672771938144011E+00,
     4.1288327215458844E+00,
     1.9870443893963987E+00,
     4.3403047720277996E+00,
     1.9875565192532729E+00,
     4.1276920286978340E+00,
     2.9432837094716993E+00,
     4.0584427033816954E+00,
     9.9241392924110627E-01,
     9.9198377676397342E-01,
     9.9177538014017497E-01,
     9.9229318587716175E-01,
     9.9194252247606141E-01,
     9.9156780323517690E-01,
     9.9205977726238537E-01,
     9.9214495526352131E-01,
     9.9224333122141761E-01,
     3.0156051588342949E+00,
     3.0097262227100003E+00,
     3.0138064369309827E+00,
     3.0178462997280402E+00,
     3.0195064841019938E+00,
     3.0097693531987879E+00,
     3.4889714786548360E+00,
     1.9667272064222949E+00,
     2.6372760968322551E+00,
     9.9279633921561761E-01,
     9.9298050224209433E-01,
     9.9246323707864192E-01,
     9.9294565680416191E-01,
     9.9295643237343345E-01,
     9.9269198429662264E-01
  ]
}
