{
  "version":  "0.2.0",
  "energy":    -1.0107688773394374E-01,
  "charges": [
     6.5082065838590641E-01,
    -3.2528236045518966E-01,
    -3.2553829793071670E-01
  ],
  "coordination numbers": [
     1.9857064054143834E+00,
     9.9329504560905679E-01,
     9.9338750105037654E-01
  ]
}
