{
  "version":  "0.2.0",
  "energy":    -1.5475455567331461E-01,
  "charges": [
     7.0267162981744902E-01,
     1.5889600192216427E-01,
    -5.4824888848918785E-01,
    -3.1331874325042541E-01
  ],
  "coordination numbers": [
     2.9561928295964384E+00,
     1.8127808982555669E+00,
     9.9939742900563111E-01,
     1.8313616987403494E+00
  ]
}
