{
  "version":  "0.2.0",
  "energy":    -9.4758948250747738E-02,
  "charges": [
     6.7880063055738216E-01,
    -1.7518981579222478E-01,
    -1.6748646654353211E-01,
    -1.6826294875617470E-01,
    -1.6786139946545037E-01
  ],
  "coordination numbers": [
     3.9821539616652517E+00,
     1.0467892584324385E+00,
     1.0659340945792195E+00,
     1.0641092492159823E+00,
     1.0651815248356824E+00
  ]
}
