{
  "version":  "0.2.0",
  "energy":    -2.3208609020030238E-01,
  "charges": [
     1.0099788232488729E+00,
    -3.3396741962699283E-01,
    -3.4103238163188299E-01,
    -3.3497902198999796E-01
  ],
  "coordination numbers": [
     2.9933258346321514E+00,
     9.9931993954981824E-01,
     9.9933377749300512E-01,
     9.9932216714076016E-01
  ]
}
