{
  "version":  "0.2.0",
  "energy":     1.1186713675223450E+00,
  "charges": [
     1.0938547338787135E+00,
     7.7584473188851510E-01,
     1.3030053423277121E-01
  ],
  "coordination numbers": [
     1.9592272786786378E+00,
     1.8094745657383182E+00,
     1.8447846416399205E+00
  ]
}
