{
  "version":  "0.2.0",
  "energy":    -9.8306598562930492E-01,
  "charges": [
     5.6853356798831522E-01,
    -9.6144196772138604E-02,
    -2.3790698860123505E-01,
    -2.1363499994681623E-01,
     9.2124636405142679E-02,
    -4.2415475641719363E-01,
    -5.5578102873707569E-01,
     2.8142449666127883E-01,
     2.8930908576224057E-01,
    -1.0468686004526001E-01,
    -3.4049722513226000E-01,
     2.6537468470007974E-01,
    -2.3775041181757833E-01,
    -9.7843017627405729E-02,
    -3.1306427082378430E-01,
    -7.4633819533915055E-02,
     8.9033200879634608E-02,
     8.9758668843548176E-02,
     9.4151442762981999E-02,
     1.3872344496640721E-01,
     1.1200727921395759E-01,
     1.0934355574485391E-01,
     1.3291648056127714E-01,
     1.3918860717771447E-01,
     1.0453349173180004E-01,
    -9.9543689946861191E-02,
    -2.5722333659274643E-01,
    -2.2073788406973144E-01,
     1.3015346724847124E-01,
    -3.6297362458370175E-01
  ],
  "coordination numbers": [
     7.7729309729662459E+00,
     2.5179063802996229E+00,
     1.9067240056157333E+00,
     1.9075077236263782E+00,
     1.9754201563555727E+00,
     1.0143136173708962E+00,
     2.9074165781656740E+00,
     1.2841550894538090E+00,
     1.3056280161271507E+00,
     4.1834136405011169E+00,
     1.9904625705514043E+00,
     3.9321551892033648E+00,
     2.8629585091408725E+00,
     4.2656094977345695E+00,
     2.0228616831686592E+00,
     4.1413381756689835E+00,
     9.9167117892390166E-01,
     9.9067637774245121E-01,
     9.9098999911125141E-01,
     9.9306160449757108E-01,
     9.9156900823110661E-01,
     9.9152087660909594E-01,
     9.9214217088535062E-01,
     9.9471199684919931E-01,
     9.9144023859072394E-01,
     2.4794787887089154E+00,
     1.8129514962861846E+00,
     1.9381498192402482E+00,
     1.8784753124364189E+00,
     9.9984663674670404E-01
  ]
}
