{
  "version":  "0.2.0",
  "energy":    -9.8462179747927880E-01,
  "charges": [
     6.9633842023632919E-01,
    -2.0200665867015744E-02,
     2.8061107197553314E-01,
    -4.3205849898552195E-01,
    -3.2629187742107069E-01,
    -5.9346577070950035E-01,
     9.4552570913500902E-02,
     1.0307726410382043E-01,
     2.4680623513380828E-01,
     2.2089225324751499E-01,
     1.7476487424805071E-01,
    -2.6283957706825667E-01,
    -2.5457634425646775E-01,
    -3.2980056349015990E-01,
    -1.1305764926242286E-01,
     1.5048267251043104E-01,
    -4.3470481870615452E-01,
    -1.0690957232130371E-01,
    -1.0697362901751754E-01,
     3.8420165074648627E-02,
    -3.2266977703120736E-01,
     3.0722840455772456E-02,
    -9.9880481887061112E-02,
     9.3391624301004006E-02,
     9.3710949453655629E-02,
     1.3295326421864656E-01,
     1.1838232228535348E-01,
     9.6399253271120713E-02,
    -8.4721739107062766E-02,
    -3.7804957978572457E-01,
     8.6799399368396077E-02,
     1.1047896408656462E-01,
     9.7416400032296832E-02
  ],
  "coordination numbers": [
     7.1653278815649051E+00,
     4.0425320237760580E+00,
     3.1793765595881434E+00,
     1.0005026185793104E+00,
     1.9833240616169885E+00,
     3.8969347206188658E+00,
     9.9115218336578348E-01,
     9.9129541961569334E-01,
     1.0571506179703549E+00,
     9.9663000306797667E-01,
     3.5732660439268349E+00,
     1.9095914764460931E+00,
     1.9375830181356548E+00,
     1.0016803245163395E+00,
     1.9413056719542752E+00,
     2.0030738383552205E+00,
     1.0062531157446735E+00,
     3.0227924304958016E+00,
     3.0114855125675595E+00,
     3.1496486844601481E+00,
     2.9243202864821107E+00,
     3.0880580779196753E+00,
     3.0113832985133353E+00,
     9.9275058826964901E-01,
     9.9299725130590488E-01,
     9.9297759339376857E-01,
     9.9247539454484901E-01,
     9.9302216606208837E-01,
     4.0251969035832333E+00,
     1.9892573754959635E+00,
     9.8903925293536687E-01,
     9.8907343931433722E-01,
     9.8957133622582738E-01
  ]
}
