{
  "version":  "0.2.0",
  "energy":    -7.2258408354725467E-02,
  "charges": [
     5.9546204280510218E-01,
    -9.1745444017285210E-02,
    -9.2203298514879073E-02,
    -2.0545027811454217E-01,
    -2.0606302215839573E-01
  ],
  "coordination numbers": [
     3.9591633953363656E+00,
     1.6030838548372985E+00,
     1.6031985102675952E+00,
     9.9710696405507715E-01,
     9.9705517808009869E-01
  ]
}
