{
  "version":  "0.2.0",
  "energy":     1.6846505372025999E-01,
  "charges": [
     7.9556396104717553E-01,
    -4.5162938671258940E-01,
    -2.3059842009642725E-01,
     9.7792217530075098E-01,
    -9.1258329538909944E-02
  ],
  "coordination numbers": [
     3.4247407122100046E+00,
     1.0012250858842640E+00,
     1.8633336798274556E+00,
     2.2757568507409882E+00,
     1.9682016363489501E+00
  ]
}
