{
  "version":  "0.2.0",
  "energy":    -5.2309677063604440E-02,
  "charges": [
     4.9884560964958524E-01,
    -7.2574369035490166E-02,
    -1.7857506493028075E-01,
    -6.8417730408131733E-02,
    -1.7927844527568257E-01
  ],
  "coordination numbers": [
     3.9686943552620608E+00,
     1.6147464694896501E+00,
     9.9809241801967818E-01,
     1.6147699232649524E+00,
     9.9798650513976295E-01
  ]
}
