{
  "version":  "0.2.0",
  "energy":    -1.0174773909455256E-01,
  "charges": [
     6.4655802936395901E-01,
    -3.2339399433315402E-01,
    -3.2316403503080504E-01
  ],
  "coordination numbers": [
     1.9895121998029008E+00,
     9.9527465060691878E-01,
     9.9521289917969558E-01
  ]
}
