{
  "version":  "0.2.0",
  "energy":    -2.3332668945128674E+00,
  "charges": [
    -2.7709282411461089E-01,
    -1.5971370420041877E+00,
    -5.1285877304548833E-01,
    -1.6129113608357128E+00
  ],
  "coordination numbers": [
     2.5913293521942089E+00,
     7.6286067785217249E-01,
     8.5524033926468945E-01,
     9.7598652085720516E-01
  ]
}
