{
  "version":  "0.2.0",
  "energy":    -4.3506178482417682E-02,
  "charges": [
     4.3946803316878968E-01,
    -1.4029225947295570E-01,
    -1.4949025372679392E-01,
    -1.4968551996904006E-01
  ],
  "coordination numbers": [
     2.9875911433420788E+00,
     9.9759379474085463E-01,
     9.9733761551087863E-01,
     9.9732396308761828E-01
  ]
}
