{
  "version":  "0.2.0",
  "energy":     1.5463008398191238E+00,
  "charges": [
     7.9841817844860064E-01,
     4.3109612588675380E-03,
    -3.0295770033392788E-03,
    -1.2406937684056651E-02,
     4.2459914894236950E-02,
    -1.5942009170813454E-02,
    -4.6409170309609782E-03,
     2.7629475538160964E-01,
    -3.2822990281137632E-01,
    -3.0875142234298880E-01,
     2.1624299579292094E-01,
     2.1256549037033123E-01,
     1.9852204302580348E-01,
     1.9331651779755851E-01,
     2.1084433730766428E-01,
     7.7320154022771925E-03,
     6.0379783600311709E-04,
     9.6034545101674001E-02,
    -3.4578646240793476E-01,
     9.5677169154938957E-02,
    -5.9565303375980760E-03,
     2.1459051058931181E-01,
     2.0634632516510620E-01,
     1.8121400808347554E-01,
     1.6098564296862641E-01,
     2.0264801811397856E-01,
    -3.5443364777120068E-02,
    -3.9189058569588042E-01,
     1.9535409706353640E-01,
     1.9193798890528843E-01,
     1.7758410363041990E-01,
     2.9325313349236237E-01,
    -7.0262082362490508E-01,
     3.2470219843732012E-01,
     3.2732250092712167E-01,
     3.2573728373794003E-01
  ],
  "coordination numbers": [
     6.3522543061108543E+00,
     3.0157163607429318E+00,
     3.0072200195284209E+00,
     3.0160819151825251E+00,
     3.0187816441093966E+00,
     3.0159986232410025E+00,
     3.0072985430345556E+00,
     3.9377575283360891E+00,
     1.9947394468175270E+00,
     1.9948075799330880E+00,
     9.9263475590387085E-01,
     9.9292184342622392E-01,
     9.9292324024225476E-01,
     9.9291315658182899E-01,
     9.9293191763089350E-01,
     3.0225006211622203E+00,
     3.0067290846927026E+00,
     3.1833643607347959E+00,
     2.9955639992226928E+00,
     3.4641544674154856E+00,
     3.0058386458413917E+00,
     9.9258671728991565E-01,
     9.9280815484253004E-01,
     9.9241966516385727E-01,
     1.0114439173028620E+00,
     9.9283816951482251E-01,
     4.0298092907305589E+00,
     2.9426553474637664E+00,
     9.9215687715199152E-01,
     9.9215188260622078E-01,
     9.9255393020731297E-01,
     1.0048167018575640E+00,
     3.9226134586556247E+00,
     1.0078283036961517E+00,
     9.9815394572037164E-01,
     9.9946816633997049E-01
  ]
}
