{
  "version":  "0.2.0",
  "energy":     1.0540973943107297E+00,
  "charges": [
     9.4894605975347890E-01,
    -4.4882402273387573E-01,
     4.0714190065128936E-01,
     1.1330160295032418E-01,
    -1.5074041806278149E-01,
    -9.9899810765932531E-02,
     4.8500927470125121E-01,
    -1.2479584541596656E-01,
     8.7235267131077487E-03,
    -4.0264769467712513E-01,
     2.0516491404007581E-01,
     1.7855127707150406E-01,
     1.3334312867619047E-01,
     2.1450872451956546E-01,
     2.0024023635075969E-01,
     3.3197714622813462E-01
  ],
  "coordination numbers": [
     6.6342479168965793E+00,
     1.9897766131850769E+00,
     1.0123027855482531E+00,
     2.7595820893241543E+00,
     1.9922503272131982E+00,
     1.9772508216206441E+00,
     9.9707808017162058E-01,
     4.5862053276077317E+00,
     4.2018083110965119E+00,
     2.9489640057371078E+00,
     9.9116223574947693E-01,
     1.0582577872265215E+00,
     1.2034293896345805E+00,
     9.9180842200187147E-01,
     9.9184511878409243E-01,
     9.9577293302364378E-01
  ]
}
