{
  "version":  "0.2.0",
  "energy":     2.2349247698509672E-01,
  "charges": [
     8.5063199331087369E-01,
    -2.1482065168646650E-01,
     2.1679403368430042E-01,
    -3.8845535272648490E-01,
    -2.2588291987097381E-01,
    -2.1719151161608272E-01,
     1.3570105597266627E-01,
     1.2114688939232277E-01,
     1.3509047867533952E-01,
     1.2023636185151101E-01,
     1.3504570830323381E-01,
     1.2460483010103718E-01,
     1.2056232944684538E-01,
     1.3521798247672390E-01,
     1.4168323137595498E-01,
    -2.2483600013803584E-01,
     5.4150927767418679E-02,
    -2.0970652924185487E-01,
    -2.1139832392038591E-01,
     1.2199734190323144E-01,
     1.1922037615642944E-01,
     1.2372953799015649E-01,
     1.2533349136608374E-01,
     1.5691614109120103E-01,
     1.2424779841325868E-01,
     1.2399480684795619E-01,
     1.2527400658078855E-01,
     1.4942206708134542E-01,
    -3.5069276958500589E-01,
     3.3005588727829244E-02,
    -2.7812179117226921E-01,
    -3.5973010867471894E-01,
    -6.8591645840564083E-02,
    -7.4283595542278619E-02,
     3.4696711378433900E-02,
    -3.6302824684261620E-01,
     3.4690070085419633E-02,
    -7.1928392122718857E-02,
     1.4114126532893390E-01,
     1.3443031878881204E-01,
     1.4276885908166995E-01,
     1.5042476094620968E-01,
     1.3906013892086910E-01,
    -5.6492444282568166E-01,
     2.7728757438972951E-01,
     2.7508560436955243E-01
  ],
  "coordination numbers": [
     6.2840558352220706E+00,
     3.9577731625386940E+00,
     4.4587474214093454E+00,
     1.9811956918874492E+00,
     3.9575133486314895E+00,
     3.9576789249442133E+00,
     9.9426485362980888E-01,
     9.9342036375336562E-01,
     9.9433559275008410E-01,
     9.9332986343353102E-01,
     9.9623472038741934E-01,
     9.9412504368972598E-01,
     9.9328582335458027E-01,
     9.9397365526417847E-01,
     9.9591255738939743E-01,
     3.9564094098418430E+00,
     3.9355603514277817E+00,
     3.9562246858959362E+00,
     3.9563682929383610E+00,
     9.9235449264371756E-01,
     9.9305969998037025E-01,
     9.9320691945576467E-01,
     9.9248338516177981E-01,
     9.9291307433477982E-01,
     9.9287721318002209E-01,
     9.9243327460651809E-01,
     9.9278235392639314E-01,
     9.9286567863441810E-01,
     1.9970862682745487E+00,
     2.0569406330051150E+00,
     1.0051568621026501E+00,
     9.9593226832209325E-01,
     3.0217522134447989E+00,
     3.0100394450111985E+00,
     3.1375112476879510E+00,
     2.9544115144688483E+00,
     3.1316622519036823E+00,
     3.0097798176077113E+00,
     9.9281995833356440E-01,
     9.9300623474483185E-01,
     9.9257744347926025E-01,
     9.9244731605660430E-01,
     9.9299301329405143E-01,
     2.8878844785386164E+00,
     9.9695147754103353E-01,
     9.9508812918505640E-01
  ]
}
