{
  "version":  "0.2.0",
  "energy":    -4.1727941966016302E-01,
  "charges": [
     8.6001451636131576E-01,
    -1.6866334634953117E-01,
     9.9366123321468380E-02,
    -3.5456640055926597E-01,
     1.1850146180053131E-01,
     1.2503553187334798E-01,
     1.1960761741369269E-01,
    -8.6538012616032500E-02,
     1.1615017669152544E-01,
    -4.0873267619514386E-01,
    -6.7180805253683792E-02,
    -3.1659166162746810E-01,
     3.4306663265529658E-01,
    -3.0218933597418562E-01,
    -6.1683760488918424E-02,
    -2.8728007858025950E-01,
    -5.3394267047690541E-02,
     1.1900015221837174E-01,
     1.3668340744695684E-01,
     1.3542115108281527E-01,
     1.2537859428930531E-01,
     1.4384587846015395E-01,
     1.2553959097650827E-01,
     1.3510966686295117E-01,
     1.2642971174773310E-01,
     1.4252355279490750E-01,
     1.9258586621225543E-01,
    -2.8452556306722837E-01,
    -2.6522860443006407E-01,
    -2.7497874253962828E-01,
    -8.9397864720500972E-02,
    -9.1103471834537555E-02,
    -7.2919731517382652E-02,
     1.3412035152546728E-02,
    -7.7857542638230220E-02,
    -9.2898280364122204E-02,
     2.5965359938753818E-01,
    -3.7780742303578768E-01,
    -3.4524443699067392E-01,
     1.2029907946031022E-01,
     1.2209639382063409E-01,
     1.4324490271388643E-01,
     1.3547798477470208E-01,
     1.2033837831158133E-01
  ],
  "coordination numbers": [
     7.8642004601435795E+00,
     3.9584833550791556E+00,
     2.0065458513370338E+00,
     1.9468310290739543E+00,
     9.9186026593689558E-01,
     9.9186447127757926E-01,
     9.9190190005302359E-01,
     1.8662941874249377E+00,
     2.9261773890740583E+00,
     1.9239280868687771E+00,
     4.1624181525361479E+00,
     1.9891529218889170E+00,
     4.5482516190975790E+00,
     1.9895261623840694E+00,
     4.1622029190351402E+00,
     1.9894145733066324E+00,
     4.1619085391178947E+00,
     9.9206365832145416E-01,
     9.9171107268189118E-01,
     9.9165192420095050E-01,
     9.9209967494463935E-01,
     9.9164436430048042E-01,
     9.9121672658607363E-01,
     9.9211420727715272E-01,
     9.9163325870902419E-01,
     9.9141263143333447E-01,
     3.6287879564850076E+00,
     1.0015680996603562E+00,
     1.9579049254291530E+00,
     1.9356008055528084E+00,
     3.0141491210654898E+00,
     3.0124061822284975E+00,
     3.0164754696374079E+00,
     3.0191710149995465E+00,
     3.0161960141221158E+00,
     3.0124662763654442E+00,
     3.8404755377374489E+00,
     1.9655084455634908E+00,
     1.9687028098440340E+00,
     9.9279623414574925E-01,
     9.9285895217529507E-01,
     9.9293993663038105E-01,
     9.9291044372344128E-01,
     9.9286355541235416E-01
  ]
}
