{
  "version":  "0.2.0",
  "energy":    -1.5386429339169061E-01,
  "charges": [
     8.7222846213802407E-01,
    -2.9071965051132914E-01,
    -2.9075988363920430E-01,
    -2.9074892798749069E-01
  ],
  "coordination numbers": [
     2.9905997154280337E+00,
     9.9841414850685073E-01,
     9.9841276377934474E-01,
     9.9840701381395469E-01
  ]
}
