{
  "version":  "0.2.0",
  "energy":     1.0455040253574506E+00,
  "charges": [
     8.9581791768172359E-01,
     2.2959848653472184E-01,
    -9.7788052217915755E-02,
    -1.5584105951762928E-01,
     5.9201835358017818E-02,
    -1.4670567059049872E-01,
    -1.5744479636798192E-01,
     1.8782807939188925E-01,
     1.8917149604006100E-01,
     1.8537365020868837E-01,
     1.8775615672654775E-01,
     1.9484661490640692E-01,
     1.9164582543088318E-01,
     1.8847364860373728E-01,
     1.8260401042712426E-01,
     1.8920040724330459E-01,
    -2.4814924442202260E-01,
     1.5738247638418706E-01,
    -1.1006202768480447E-02,
    -3.1211213225198930E-01,
     1.3697912434002060E-01,
    -4.6832571140795407E-02
  ],
  "coordination numbers": [
     4.2375156129398324E+00,
     1.9223181556525430E+00,
     1.0002716157977334E+00,
     3.9566188244943641E+00,
     3.9524164428316144E+00,
     3.9571876129198316E+00,
     3.9583246003979271E+00,
     9.9295869992990937E-01,
     9.9277858950814757E-01,
     9.9269574465467869E-01,
     9.9313515669058194E-01,
     9.9317970520982346E-01,
     9.9289047808710951E-01,
     9.9292808344426930E-01,
     9.9267094757512009E-01,
     9.9285614126697475E-01,
     2.0022517670517255E+00,
     2.1746204487639966E+00,
     1.0042878458143552E+00,
     2.0023705512797436E+00,
     2.1874308963052522E+00,
     1.0043563731148071E+00
  ]
}
