{
  "version":  "0.2.0",
  "energy":    -1.3062448393283113E-01,
  "charges": [
    -1.7285645072029773E-01,
     2.8885949042619996E-01,
     2.8857062164739056E-01,
    -2.0233735092834668E-01,
    -2.0223631042494611E-01
  ],
  "coordination numbers": [
     3.5868721376867256E+00,
     1.6178791760774054E+00,
     1.5656021321562914E+00,
     9.6521100844823238E-01,
     9.6516905600111524E-01
  ]
}
