{
  "version":  "0.2.0",
  "energy":    -8.4850324153761286E-02,
  "charges": [
     6.7216037153125918E-01,
    -2.2410793247124977E-01,
    -2.2410608800182746E-01,
    -2.2394635105818189E-01
  ],
  "coordination numbers": [
     2.9804050367015558E+00,
     9.9501230096129412E-01,
     9.9496632595239021E-01,
     9.9500249370214000E-01
  ]
}
