{
  "version":  "0.2.0",
  "energy":     1.5185956812908887E+00,
  "charges": [
     9.6673549697991046E-01,
     7.3188972098287390E-03,
    -1.2531916001190524E-03,
    -7.5039615069084631E-03,
     3.9074397453363940E-02,
    -2.5856784407820355E-02,
    -3.1187424195666669E-04,
     2.5513519018823894E-01,
    -3.2532005997068836E-01,
    -3.8408929399533059E-01,
     2.1828409657539760E-01,
     2.1331627613954554E-01,
     2.0005552586572975E-01,
     1.7497694724098567E-01,
     2.1354980150789288E-01,
     2.7466385924363873E-01,
    -3.4602455878280425E-02,
    -4.2975971131553276E-01,
     1.9493204586482746E-01,
     1.6909050923067537E-01,
     1.9576138182205322E-01,
     3.0063208082888015E-01,
    -3.0671364855651806E-02,
    -4.2533609328374500E-01,
     1.9686453714254695E-01,
     1.7235337935139286E-01,
     1.9993070886904579E-01,
     3.0336377056212616E-01,
    -6.7436097951686480E-02,
     1.8064464980279332E-01,
    -3.5534693672854506E-01,
     2.0331793202679541E-01,
     2.0477109142647257E-01,
     2.0271525040412369E-01
  ],
  "coordination numbers": [
     5.4531741056630461E+00,
     3.0157661994814404E+00,
     3.0069713090136743E+00,
     3.0191337814129664E+00,
     3.0163514361920436E+00,
     3.0128306947803383E+00,
     3.0071010566765368E+00,
     3.6177941849751454E+00,
     1.9941271892825405E+00,
     2.6953412981000602E+00,
     9.9264331993561239E-01,
     9.9291379970126492E-01,
     9.9294479462598506E-01,
     9.9239865451259135E-01,
     9.9291584635060204E-01,
     9.9210855671116072E-01,
     4.0270701714501405E+00,
     2.9532178342331186E+00,
     9.9211561943604831E-01,
     9.9226749896678434E-01,
     9.9211184132638763E-01,
     1.0093990308952216E+00,
     4.0342304867877274E+00,
     2.9534758360452740E+00,
     9.9212453458796279E-01,
     9.9213560854929916E-01,
     9.9210185291089292E-01,
     1.0076209083581231E+00,
     3.9566316546551654E+00,
     2.0491545441080614E+00,
     1.9880445397166913E+00,
     9.9111979576438447E-01,
     9.9111975059390645E-01,
     9.9110582617946452E-01
  ]
}
