{
  "version":  "0.2.0",
  "energy":     2.6715397105358724E-01,
  "charges": [
     4.6357106932736958E-01,
    -9.7150589146777488E-03,
     1.1434389546812098E+00,
    -2.9870511860236193E-01,
    -2.9858984649153980E-01
  ],
  "coordination numbers": [
     3.9280541956672934E+00,
     1.7939923532579805E+00,
     3.7767476784923710E+00,
     1.9860100597900265E+00,
     1.9859622498511715E+00
  ]
}
