{
  "version":  "0.2.0",
  "energy":     3.8956297169044396E-01,
  "charges": [
     5.5280522068008242E-01,
    -5.7104778206200424E-01,
    -1.9076701177115407E-02,
    -2.5619792326593199E-02,
    -4.2160412934307662E-01,
    -2.7639706872605363E-02,
    -1.8712164273704063E-02,
    -5.7253656972368083E-01,
     2.5924178880507998E-01,
     2.5768531534188421E-01,
     1.2833115490455085E-01,
     1.2827076458439768E-01,
     1.2242172985368067E-01,
     1.3736327395483691E-01,
     2.5694104729658140E-01,
     1.2236901472528107E-01,
     1.3486375934245617E-01,
     1.2851299893165100E-01,
     1.2808308578234681E-01,
     2.5729641298332900E-01,
     2.5704377698709335E-01,
     1.2487222540883768E-01,
    -3.3986472380330951E-01
  ],
  "coordination numbers": [
     5.8706067391254466E+00,
     3.9359092975151633E+00,
     4.2063869903931099E+00,
     4.1828726381225056E+00,
     3.9446594044625662E+00,
     4.1582279703412173E+00,
     4.2088946933818301E+00,
     3.9350250234085973E+00,
     1.0183999450335648E+00,
     1.0005532239848236E+00,
     9.9135679755469930E-01,
     9.9118779182908234E-01,
     9.9102799017741905E-01,
     9.9129885540161666E-01,
     1.1437989223145433E+00,
     9.9108134544836179E-01,
     9.9127876185717856E-01,
     9.9138758858667142E-01,
     9.9120745396116661E-01,
     1.0010327767782927E+00,
     1.0140989215294356E+00,
     1.9799331440703183E+00,
     1.9845085189243461E+00
  ]
}
