{
  "version":  "0.2.0",
  "energy":     3.5641987427670457E-01,
  "charges": [
     8.0006891671384417E-01,
     1.6000299345278819E-02,
     2.8134205421868858E-01,
    -2.6826877467448629E-01,
    -2.5485478475489232E-01,
    -5.6010301503318782E-01,
     1.5189475798521732E-01,
     1.5322198943589566E-01,
     2.7445058210791873E-01,
     2.7585314969198826E-01,
    -4.7994606754928670E-02,
    -5.2036262313699275E-02,
    -4.6184457120631711E-02,
     2.5587034167608651E-02,
    -4.5543313229514062E-02,
    -5.1648524724358366E-02,
     2.6524090143382195E-01,
    -2.9905256573661348E-01,
    -3.1409209916055647E-01,
     1.6250850460828020E-01,
     1.6208199830104519E-01,
     1.6889120768152466E-01,
     1.6981664527367399E-01,
     1.6236952699300097E-01,
     1.4927232499558390E-01,
    -2.0299147079930940E-01,
     5.9192514510877793E-02,
     2.2167151742372498E-01,
    -3.5669405058579601E-01
  ],
  "coordination numbers": [
     7.5675418676716815E+00,
     4.0643997577593662E+00,
     4.0127956357448742E+00,
     1.9814691534455138E+00,
     1.9741958582594403E+00,
     3.8213004976536453E+00,
     9.9227697203314147E-01,
     9.9231539317423589E-01,
     9.9658079930085286E-01,
     9.9634130049864300E-01,
     3.0152156499997149E+00,
     3.0115406759804566E+00,
     3.0166538875411124E+00,
     3.0209332010754304E+00,
     3.0161687155612915E+00,
     3.0116361900899591E+00,
     3.8926818476444396E+00,
     1.9841047053872582E+00,
     1.9875731474864038E+00,
     9.9282994308259820E-01,
     9.9296261630878746E-01,
     9.9293381971086792E-01,
     9.9293708835219885E-01,
     9.9296340683304063E-01,
     1.0038682290461178E+00,
     1.7960377275963513E+00,
     1.0151027786588678E+00,
     2.1236879534097328E+00,
     2.0121259698351368E+00
  ]
}
