{
  "version":  "0.2.0",
  "energy":    -1.0991256962389505E-01,
  "charges": [
    -4.7723624749923810E-02,
     4.7635223288012291E-01,
    -5.8239462016495817E-02,
    -9.9908980975182082E-02,
    -1.6251058738608534E-01,
    -1.0796957775243581E-01
  ],
  "coordination numbers": [
     3.7549606768204047E+00,
     1.8921176307763004E+00,
     1.1942208422949374E+00,
     9.5539282233541289E-01,
     1.8334269353016799E+00,
     1.0680463058896885E+00
  ]
}
