{
  "version":  "0.2.0",
  "energy":    -2.3491140043793865E-01,
  "charges": [
     7.5582086116745129E-01,
     1.8912376702790401E-01,
    -2.4095886600708871E-01,
    -2.3834989770755144E-01,
    -2.1226670565262118E-01,
    -7.0639767701454304E-02,
    -7.0969500763034543E-02,
     5.6507837522011828E-02,
    -3.2015190645646197E-01,
     5.5186394566748787E-02,
    -7.3969412875403373E-02,
     1.3383745895221349E-01,
     1.3371695514370319E-01,
     1.5847956866025947E-01,
     1.4265045503561444E-01,
     1.3164914597488792E-01,
     9.8942605444510390E-02,
    -3.5082359034246813E-01,
    -6.2491166071966919E-02,
     1.7413808289996957E-01,
    -3.8943231881722329E-01
  ],
  "coordination numbers": [
     5.9917935286254513E+00,
     3.6988949061800511E+00,
     1.0017350261291220E+00,
     1.9602810157901631E+00,
     1.9632920627139061E+00,
     3.0229899108539930E+00,
     3.0105250591557189E+00,
     3.1664233738931848E+00,
     2.9677817908480355E+00,
     3.2813364956079152E+00,
     3.0101388931175084E+00,
     9.9285009243759603E-01,
     9.9305114492591695E-01,
     9.9277261531264571E-01,
     9.9710896537243343E-01,
     9.9306613521229892E-01,
     1.0966299355420848E+00,
     1.9906799751929816E+00,
     1.0126842204817468E+00,
     2.1006397846597507E+00,
     2.0058543386134966E+00
  ]
}
