{
  "version":  "0.2.0",
  "energy":    -8.8687468637035916E-02,
  "charges": [
     5.7623144051762898E-01,
    -4.1475544473846149E-01,
    -1.6147599577916744E-01
  ],
  "coordination numbers": [
     1.9947419070740313E+00,
     9.9935853666428276E-01,
     9.9636666016185238E-01
  ]
}
