{
  "version":  "0.2.0",
  "energy":    -9.1823545726107714E-01,
  "charges": [
     7.9500956879659146E-01,
    -2.2870674445159139E-01,
    -4.2617885926280008E-01,
     2.6669813924233515E-01,
    -3.2979791855301438E-01,
     3.7556093313821576E-01,
    -3.1329002271131240E-01,
    -3.4220924340200048E-01,
    -2.2505340654638001E-01,
     2.8095483977760993E-01,
    -2.1031803193525150E-01,
    -9.1364950172793821E-02,
    -2.9860652425157674E-01,
     5.3616564554067464E-02,
    -3.0631434422209886E-01
  ],
  "coordination numbers": [
     7.5151939890944242E+00,
     9.8462913318159551E-01,
     2.5639840071026443E+00,
     1.2163820746713654E+00,
     1.9836431518870263E+00,
     3.9627106140736243E+00,
     1.9678683904605467E+00,
     1.8950578078212699E+00,
     9.9867930298620156E-01,
     4.0531006389433557E+00,
     9.9892598956572431E-01,
     1.8702696038602626E+00,
     1.9994741515541463E+00,
     2.0587520399956905E+00,
     1.0056567676875101E+00
  ]
}
