{
  "version":  "0.2.0",
  "energy":     2.8830680204621439E-01,
  "charges": [
     8.4506625014826064E-01,
     1.7787594725702011E-01,
    -1.8890703869985040E-01,
    -1.9237850572013609E-01,
    -2.1467766845578554E-01,
    -5.4618098595569209E-01,
    -8.9833295546195013E-03,
    -6.8463658311632980E-03,
    -5.5038150837971411E-01,
     2.7836679911825812E-01,
     2.7425632515496867E-01,
     1.5076514736157723E-01,
     1.3651326615472409E-01,
     1.3385160241339419E-01,
     1.5855886648022888E-01,
     2.6241969562220324E-01,
     2.7311465406206392E-01,
    -4.7567907938267179E-02,
    -4.9970960493089814E-02,
    -4.1320151397282845E-02,
     2.9678840790193367E-02,
    -4.6839284870677934E-02,
    -5.2525124641784139E-02,
     2.7367057305238662E-01,
    -3.2840030330869313E-01,
    -3.0174370199164852E-01,
     1.6230682856716636E-01,
     1.6343217786640069E-01,
     1.7347188894846030E-01,
     1.6379793796081837E-01,
     1.6047344146006676E-01,
    -2.4089740517978694E-01
  ],
  "coordination numbers": [
     7.5659147360511829E+00,
     3.6963278624020202E+00,
     1.0014501874632744E+00,
     1.9714888151244621E+00,
     1.9619369106387232E+00,
     3.8831618793023894E+00,
     4.0554155001889587E+00,
     4.0652356179762874E+00,
     3.9277901127766768E+00,
     9.9900365460679286E-01,
     1.0002413540777590E+00,
     9.9138409113458259E-01,
     9.9138240090586915E-01,
     9.9147166133280251E-01,
     9.9152206474686633E-01,
     1.0131574299856725E+00,
     1.0142240927424293E+00,
     3.0152411618777757E+00,
     3.0116984698491249E+00,
     3.0169286149394337E+00,
     3.0207921552247381E+00,
     3.0162963422664895E+00,
     3.0117974288700315E+00,
     3.8786288594059455E+00,
     1.9813697377261237E+00,
     1.9849428778265050E+00,
     9.9283373687476395E-01,
     9.9295678591057346E-01,
     9.9295865182035303E-01,
     9.9297671429842271E-01,
     9.9295722021972033E-01,
     9.9857161634712455E-01
  ]
}
