{
  "version":  "0.2.0",
  "energy":     8.5387523253951136E-01,
  "charges": [
     7.3120652043525558E-01,
    -5.5971952359161747E-01,
    -8.7370724595456917E-03,
    -8.6280464471617524E-03,
    -5.6780339812091074E-01,
     2.7155881970003293E-01,
     2.6455095576155135E-01,
     1.4749053469058374E-01,
     1.4375579964023805E-01,
     1.4290431058476377E-01,
     1.4758049956718683E-01,
     2.5923002047391591E-01,
     2.6185608071340616E-01,
    -3.2514154455928845E-01,
     5.7621297930435245E-02,
    -4.0962144824006730E-02,
    -3.5561297122724156E-02,
    -5.2226579140472240E-02,
     1.3286407587610255E-01,
     1.3132515306776693E-01,
    -5.2683282641526774E-02,
    -3.5968227409858167E-02,
    -4.0813392058413833E-02,
     6.6684482934735945E-02,
    -3.1697044639781768E-01,
     1.4374901543704779E-01,
     1.6877233150685447E-01,
     1.7480277084671977E-01,
     1.4809359629464200E-01,
     1.4859788325247292E-01,
     1.7523127012621459E-01,
     1.6996283868030415E-01,
     1.6290020744960279E-01,
     2.6833291467426301E-02,
     2.8074006382000138E-01,
    -2.8208724378650307E-01,
    -3.2728026692094581E-01,
    -5.8825401482231987E-01,
     1.5577253222061022E-01,
     1.6125177464276183E-01,
     2.7906099040463106E-01,
     2.8843936277784787E-01
  ],
  "coordination numbers": [
     7.4035339044467277E+00,
     3.9218735018056217E+00,
     4.0672167380607576E+00,
     4.1038060454453955E+00,
     3.8779167678957771E+00,
     1.0642196555843642E+00,
     1.0045971359740111E+00,
     9.9126248647771398E-01,
     9.9136353885235540E-01,
     9.9136612693656012E-01,
     9.9124585664406162E-01,
     9.9866525090306624E-01,
     1.0007420947656289E+00,
     2.9679548014858366E+00,
     3.2286470266899334E+00,
     3.0087003207122338E+00,
     3.0222725994998498E+00,
     3.0130515145638048E+00,
     3.1808435910993742E+00,
     3.1867297860047712E+00,
     3.0134237246635553E+00,
     3.0210416536875204E+00,
     3.0095679142640428E+00,
     3.2588773079145170E+00,
     2.9741762496856818E+00,
     9.9357671751338028E-01,
     9.9303874375031853E-01,
     9.9285037761995287E-01,
     9.9324126246943578E-01,
     9.9323451548810482E-01,
     9.9286349090193049E-01,
     9.9301812392224953E-01,
     9.9573026312330981E-01,
     4.0255242748688183E+00,
     3.9771505943267345E+00,
     1.9817764498347321E+00,
     1.9741390335023974E+00,
     3.4637168762528852E+00,
     9.9223032047789150E-01,
     9.9203418965699353E-01,
     9.9622958558484509E-01,
     9.9617707293842095E-01
  ]
}
