{
  "version":  "0.2.0",
  "energy":     8.5156105074479582E-01,
  "charges": [
     8.4198564101682027E-01,
    -5.7574845083193604E-01,
    -5.8525915815912377E-03,
    -7.2678698975604528E-03,
    -5.7793133487413317E-01,
     2.7695914575987146E-01,
     2.7286136099507774E-01,
     1.5253394880053459E-01,
     1.5931431751870404E-01,
     1.4978833667364122E-01,
     1.5282611215815936E-01,
     2.7449069164006312E-01,
     2.7519904822063307E-01,
    -7.3779649974923256E-01,
     3.0313471535736736E-01,
     3.0808243250448947E-01,
     3.0744846042924301E-01,
    -5.4163758927866179E-01,
     3.1298509858849444E-01,
     3.0694396706191635E-01,
    -2.6129977258202541E-02,
    -3.3039577537414933E-02,
    -3.5923826295849545E-02,
     3.2028643141643366E-02,
    -3.4362121834600121E-02,
    -3.2140997308307884E-02,
     2.6772357971853500E-01,
    -3.4995046986955575E-01,
    -3.4054958777994188E-01,
     1.8564977286356621E-01,
     1.8216106094608620E-01,
     1.7578893955810915E-01,
     1.7735731405661692E-01,
     1.8306830708741564E-01
  ],
  "coordination numbers": [
     6.4746723730360696E+00,
     3.8853764749725075E+00,
     4.0163521594300864E+00,
     4.0648898280622063E+00,
     3.9026141168179995E+00,
     9.9626106451486862E-01,
     1.0091880360463650E+00,
     9.9148879905034004E-01,
     9.9133913141798935E-01,
     9.9124360511286369E-01,
     9.9151097112723452E-01,
     9.9917059455625701E-01,
     9.9709552957454139E-01,
     3.8801980762625092E+00,
     9.9700490949679921E-01,
     9.9690740336073258E-01,
     9.9614457822259173E-01,
     2.9092583489381267E+00,
     9.9327793996001734E-01,
     1.0097782832940672E+00,
     3.0153952466423180E+00,
     3.0106621217323513E+00,
     3.0162800042366751E+00,
     3.0197596348286329E+00,
     3.0165670513012142E+00,
     3.0106254525357601E+00,
     3.8653391396617378E+00,
     1.9843071202063056E+00,
     1.9803942624451194E+00,
     9.9281636743580393E-01,
     9.9296378064470137E-01,
     9.9296403098318731E-01,
     9.9297906896348298E-01,
     9.9296680706594564E-01
  ]
}
