{
  "version":  "0.2.0",
  "energy":    -4.1312003156744645E-02,
  "charges": [
    -2.8971854867905089E-01,
     2.8971854867905089E-01
  ],
  "coordination numbers": [
     9.3506008640834803E-01,
     9.3506008640834803E-01
  ]
}
