{
  "version":  "0.2.0",
  "energy":    -1.5063740384957405E-01,
  "charges": [
    -2.9376269970917357E-01,
     2.7130912613459357E-01,
     2.7093498516744186E-01,
     2.2870823129118939E-01,
    -2.3850296053270459E-01,
    -2.3868668235134669E-01
  ],
  "coordination numbers": [
     4.5990955188817617E+00,
     2.9495401090049942E+00,
     2.9513100797031013E+00,
     2.5188587306974775E+00,
     1.8371483464794203E+00,
     1.8364311729355531E+00
  ]
}
