{
  "version":  "0.2.0",
  "energy":     1.6249632886525283E+00,
  "charges": [
     9.8066524710402492E-01,
    -5.0075868869406537E-01,
     3.9729229000881772E-01,
     3.7765597646688143E-01,
    -1.0846748223871250E-01,
     3.9237426734989045E-01,
     1.9928516377324346E-01,
     1.3930533380120264E-01,
    -3.5640454212774852E-01,
     1.5674983123584907E-01,
     2.1125314001330728E-01,
    -1.7007267392970613E-01,
     2.7358095745025557E-01,
     1.8295426843692242E-01,
     2.3579717652128188E-01,
     2.7998751071428651E-01,
    -4.7608928213866603E-01,
     4.0377888912063054E-01,
     3.8111261713230465E-01
  ],
  "coordination numbers": [
     5.8115075225039128E+00,
     2.9486606805157791E+00,
     9.9559615624521136E-01,
     9.9583514230033465E-01,
     9.9915145150436668E-01,
     9.9817682017088671E-01,
     3.0461883018184590E+00,
     3.7305653862810146E+00,
     3.0034488520118119E+00,
     3.1024253803766904E+00,
     3.0496090138655951E+00,
     2.0208432365886120E+00,
     9.9215175824268886E-01,
     1.1843662554731207E+00,
     9.9249244986274032E-01,
     9.9195951199708876E-01,
     2.9533907664157653E+00,
     9.9777386678230240E-01,
     9.9709251798981935E-01
  ]
}
