{
  "version":  "0.2.0",
  "energy":    -1.6914997952251926E-01,
  "charges": [
    -1.4149479908626172E-01,
     3.9439586664345583E-01,
     3.9547206176698851E-01,
    -2.1183520401268888E-01,
    -2.2679990073735973E-01,
    -2.0973802457413404E-01
  ],
  "coordination numbers": [
     4.3931733489202838E+00,
     1.7237145114573380E+00,
     2.8568768908064266E+00,
     1.8118293885478138E+00,
     1.8181087007989687E+00,
     1.8134928840020876E+00
  ]
}
