{
  "version":  "0.2.0",
  "energy":    -3.3184586183956705E-01,
  "charges": [
     6.5228092668364290E-01,
     5.6162189274383278E-01,
    -4.5624174207572571E-01,
    -7.5766107735175003E-01
  ],
  "coordination numbers": [
     2.7744550134494297E+00,
     1.7726602108000957E+00,
     1.9919662077779030E+00,
     9.9941562865986366E-01
  ]
}
