{
  "version":  "0.2.0",
  "energy":     5.0713307883566006E-01,
  "charges": [
     5.0935496601261832E-01,
    -2.3772305291246446E-01,
     7.2836808689984611E-01
  ],
  "coordination numbers": [
     1.8697692623326985E+00,
     1.9925330276048303E+00,
     1.8703023039692068E+00
  ]
}
