{
  "version":  "0.2.0",
  "energy":     2.7176758710065696E-01,
  "charges": [
     2.2190773035944633E-01,
    -3.8207899432098813E-01,
     5.6861078325937142E-01,
     5.9156048070216882E-01
  ],
  "coordination numbers": [
     1.7384291836016468E+00,
     2.6938690561062737E+00,
     9.6134513412960132E-01,
     1.5801092335196358E+00
  ]
}
