{
  "version":  "0.2.0",
  "energy":     1.5575185978338086E+00,
  "charges": [
     9.0341941139954196E-01,
    -9.2299836088388654E-02,
     1.4242398354987018E-01,
    -2.0242098180716650E-02,
     1.4220008631148862E-01,
    -3.0964092549969263E-01,
    -9.3068690259859199E-02,
    -3.1279491443503471E-01,
     1.8750920498861162E-01,
     2.0111347958837941E-01,
     1.9788174648671125E-01,
     1.7643422683974533E-01,
     1.8699744063591583E-01,
     1.9745632304908067E-01,
     1.9999126723644939E-01,
    -7.0661592784570937E-01,
     3.3292214448230001E-01,
     3.3712724409918671E-01,
     3.3886795387034979E-01,
     1.0163196661134188E-02,
     5.7171683365053183E-03,
    -1.6943300570251868E-02,
     4.4743674038840928E-02,
    -1.1321052976632301E-02,
    -1.8474528117522759E-03,
     2.8399368636909084E-01,
    -3.1663014113737270E-01,
    -3.3799290473742194E-01,
     2.2054281617412635E-01,
     2.1918329003591649E-01,
     1.8534687220121435E-01,
     1.8966967844612651E-01,
     2.1173009184470026E-01,
     3.0396225789754627E-01
  ],
  "coordination numbers": [
     4.7044347499161399E+00,
     3.9592702842062550E+00,
     3.2831318335591577E+00,
     3.0185300523031451E+00,
     3.2931067864886279E+00,
     1.9974540762837538E+00,
     3.9594737896451626E+00,
     1.9975461069321279E+00,
     9.9235070727516206E-01,
     9.9066121740133006E-01,
     9.9092668231352565E-01,
     9.9300006822074049E-01,
     9.9235024253193149E-01,
     9.9095583925948638E-01,
     9.9075493864189124E-01,
     3.9313425879784560E+00,
     1.0019164678563790E+00,
     1.0003282817709609E+00,
     9.9960479407787606E-01,
     3.0157282705883732E+00,
     3.0065988199085369E+00,
     3.0144652534244978E+00,
     3.0156032731513269E+00,
     3.0158233388694571E+00,
     3.0066966368282824E+00,
     3.1583924040847977E+00,
     1.9965769925767640E+00,
     1.9929479089226323E+00,
     9.9264161502852577E-01,
     9.9289938623134155E-01,
     9.9248776198410216E-01,
     9.9303826549695184E-01,
     9.9292714484838918E-01,
     9.9231483825880940E-01
  ]
}
