{
  "version":  "0.2.0",
  "energy":    -9.7255326194923358E-02,
  "charges": [
     6.1303977833606393E-01,
    -2.4275604982411994E-01,
    -6.3881259682786795E-02,
    -6.3984818824518674E-02,
    -2.4241765000463825E-01
  ],
  "coordination numbers": [
     3.9355260328288866E+00,
     9.9282969795441556E-01,
     1.7095011474122810E+00,
     1.7093804694798553E+00,
     9.9287300343072804E-01
  ]
}
