{
  "version":  "0.2.0",
  "energy":     1.3528098136110096E+00,
  "charges": [
     1.1201050165378035E+00,
    -1.2778800391102332E-01,
     1.1848297055550439E-01,
    -4.7372654391203750E-02,
     1.1521854635662399E-01,
    -3.3622382871203665E-01,
    -1.2692961544385439E-01,
    -3.3143881109085216E-01,
     1.6038201866871543E-01,
     1.6564542906938162E-01,
     1.6927524708138530E-01,
     1.5302131612510464E-01,
     1.5986395001484649E-01,
     1.7081806544510503E-01,
     1.6561812738894072E-01,
     1.8902254904196170E-01,
    -1.6944338366223147E-01,
    -2.1634525225869536E-01,
    -2.3500185981831043E-01,
    -9.9350019620290331E-02,
     1.4307833199918746E-01,
    -3.2860734850041540E-01,
     1.8183054199246107E-01,
     1.7916908353029082E-01,
     1.7634971465140040E-01,
    -7.1744525005969162E-01,
     3.0318880750041499E-01,
     3.1123078186442110E-01,
     3.2165998712115196E-01,
    -1.7038616126593986E-01,
     2.0769931691387039E-01,
    -3.7588914279888896E-01,
    -1.7862711024630923E-01,
    -1.7534595359399363E-01,
     1.6287113061990044E-01,
     1.7574572611563208E-01,
     1.6444107315842102E-01,
     1.6060797802853979E-01,
     1.5284892638077538E-01,
     1.6965788390072217E-01,
     1.6264566823050064E-01,
     1.6633551117357703E-01,
     1.6158756454685352E-01,
    -1.7522894377307197E-02,
    -2.9174571794549992E-02,
    -3.2065832301468450E-02,
     2.9864004447334030E-02,
    -4.1597353142353050E-02,
    -2.1819217480682926E-02,
     2.6657601112774881E-01,
    -3.2050862689254284E-01,
    -3.9274649224982161E-01,
     1.9493005336049446E-01,
     1.8655579455877244E-01,
     1.8186412207945377E-01,
     1.6399854222755209E-01,
     1.9354080673643118E-01,
     2.8589878506118249E-01
  ],
  "coordination numbers": [
     7.7425846354556418E+00,
     3.9602573362088078E+00,
     3.1574957065561797E+00,
     3.0012423969771005E+00,
     3.1710989098480580E+00,
     1.9957318594794584E+00,
     3.9600244575227954E+00,
     1.9937058057176520E+00,
     9.9238160197102498E-01,
     9.9115416934999701E-01,
     9.9144519602116432E-01,
     9.9318490035973728E-01,
     9.9237994281696373E-01,
     9.9102264913294569E-01,
     9.9143234286886717E-01,
     3.6624183506175187E+00,
     1.0012336216389386E+00,
     1.9702817655321665E+00,
     1.9623862672285703E+00,
     3.9575407394317859E+00,
     2.0076922904764380E+00,
     1.9417606641371936E+00,
     9.9146841274346986E-01,
     9.9151413422474111E-01,
     9.9152843491909159E-01,
     3.9060827019351496E+00,
     1.0005111941830744E+00,
     9.9714348465272185E-01,
     1.0001350526863160E+00,
     3.9575102299102882E+00,
     4.3234130866966929E+00,
     1.9938791258226622E+00,
     3.9574402609682711E+00,
     3.9575203168296822E+00,
     9.9421304506300423E-01,
     9.9464910458470790E-01,
     9.9407781182509236E-01,
     9.9411962015365241E-01,
     9.9401073122967176E-01,
     9.9442110376633774E-01,
     9.9429581436239456E-01,
     9.9407746938393782E-01,
     9.9410984314988760E-01,
     3.0152642589045877E+00,
     3.0092033762821346E+00,
     3.0167390903216189E+00,
     3.0174223038309371E+00,
     3.0141847292182531E+00,
     3.0087766593050649E+00,
     3.0669969117174096E+00,
     1.9919065088422796E+00,
     1.9916467899279695E+00,
     9.9275844193157159E-01,
     9.9295206372723932E-01,
     9.9288163121094186E-01,
     9.9240105292250380E-01,
     9.9294236926570267E-01,
     9.9262316105662052E-01
  ]
}
