{
  "version":  "0.2.0",
  "energy":    -2.8830583241517155E-01,
  "charges": [
     7.9021996819950457E-01,
    -7.8441860969567526E-02,
    -7.9597834845836213E-02,
     5.0853949603957949E-02,
    -3.2179665698310556E-01,
     4.6578340650071562E-02,
    -7.9183759019244779E-02,
     1.2558633890242302E-01,
     1.2395376513634267E-01,
     1.5462576560284300E-01,
     1.3926727034638614E-01,
     1.2484628787619514E-01,
    -1.6738051184331743E-01,
    -1.5341850839201659E-01,
     1.1521053919399318E-01,
    -3.2158158471356235E-01,
     1.6068328113852165E-01,
     1.2276119289976248E-01,
     1.2678385997213271E-01,
    -8.8047913265133504E-02,
     1.6988719631244048E-01,
    -3.9287994924781494E-01,
    -3.8294330379459024E-01,
     4.7800964807068053E-01,
    -3.2335945888230999E-01,
    -3.4063606194875595E-01
  ],
  "coordination numbers": [
     6.8117938738493748E+00,
     3.0226654151103105E+00,
     3.0108034621480773E+00,
     3.1480349216929193E+00,
     2.9625320757791451E+00,
     3.2043835807439818E+00,
     3.0103014038232239E+00,
     9.9282838477212021E-01,
     9.9302799177039613E-01,
     9.9261302616831326E-01,
     9.9316569607589500E-01,
     9.9305725795328836E-01,
     9.8984641452474076E-01,
     3.9581442808835732E+00,
     2.0475029844542014E+00,
     1.9418422815510965E+00,
     9.9122162076164688E-01,
     9.9195588912278243E-01,
     9.9195973111674007E-01,
     1.0132770995272882E+00,
     2.0734101289132036E+00,
     2.0058463546175211E+00,
     9.9972127955964840E-01,
     3.8969750536979291E+00,
     1.9900382987373293E+00,
     1.9882927663391641E+00
  ]
}
