{
  "version":  "0.2.0",
  "energy":    -1.4700075315730226E+00,
  "charges": [
     5.8902089406986757E-01,
    -2.6983763963016094E-01,
    -8.8909261331182665E-01,
    -7.7036628449172961E-01,
    -6.5972435663615037E-01
  ],
  "coordination numbers": [
     3.9191535548618104E+00,
     1.8917418751668258E+00,
     9.9930597759322648E-01,
     1.9240193286510046E+00,
     9.9692897829283122E-01
  ]
}
