{
  "version":  "0.2.0",
  "energy":     3.0602748880531977E-01,
  "charges": [
     7.4944128609264937E-01,
    -1.6144183497498416E-01,
     1.0844983266211511E-01,
    -6.6920105427862753E-02,
     1.0813978385902712E-01,
    -3.0880687640541871E-01,
    -1.6563791072531461E-01,
    -3.2010507924640264E-01,
     1.2487541962162620E-01,
     1.4478641713452084E-01,
     1.3882823798492053E-01,
     1.2382496752339944E-01,
     1.2379508729710936E-01,
     1.3520112852235577E-01,
     1.3690989227307854E-01,
     8.1198992794122668E-02,
     4.9477360012025323E-02,
    -3.2398168388555793E-01,
     5.2694062658296514E-02,
     7.9848909386571049E-02,
    -3.3358132115075267E-01,
     1.4953093500818143E-01,
     1.3659097243922058E-01,
     1.4238947702653529E-01,
     1.4789235332949205E-01,
     1.1449523496312122E-01,
    -3.3257416382111860E-01,
    -6.3015517614794778E-02,
    -6.5228882561425117E-02,
    -7.0368236493814032E-02,
     1.3237199552004645E-02,
    -6.2193821670908631E-02,
    -7.1052786514320815E-02,
     2.5478039282621262E-01,
    -3.1686799349069938E-01,
    -4.0452256636231210E-01,
     1.4689451889141691E-01,
     1.4785212235046649E-01,
     1.3814614868511282E-01,
     1.4656391129408636E-01,
     1.4177839866726941E-01,
     2.6492569171398489E-01,
    -3.6249954223235500E-02
  ],
  "coordination numbers": [
     6.4921332275695702E+00,
     3.9605587923886354E+00,
     3.1776333432682202E+00,
     3.0035257428500275E+00,
     3.1843847946262498E+00,
     1.9938624690518019E+00,
     3.9606351390750589E+00,
     1.9927470045848041E+00,
     9.9237886738530445E-01,
     9.9138570387727398E-01,
     9.9160839372561682E-01,
     9.9328591078984640E-01,
     9.9238025344260183E-01,
     9.9153286577030908E-01,
     9.9144562938459302E-01,
     3.0714953997750545E+00,
     3.1616809687772678E+00,
     2.9588786369408346E+00,
     3.1307480128199083E+00,
     3.0716824007189079E+00,
     2.0159336269705186E+00,
     9.9256695474109158E-01,
     9.9265218230092689E-01,
     9.9266642989216614E-01,
     9.9255510883060349E-01,
     1.1041579663756487E+00,
     1.9928113631257416E+00,
     3.0152400197848754E+00,
     3.0114736181348514E+00,
     3.0150457597576832E+00,
     3.0190007747641543E+00,
     3.0183316673349969E+00,
     3.0117897473776170E+00,
     3.1680487279599978E+00,
     1.9744882834956501E+00,
     1.9968031786381140E+00,
     9.9286430731461817E-01,
     9.9298890180640420E-01,
     9.9254882510469500E-01,
     9.9292850973519275E-01,
     9.9295199067083217E-01,
     9.9319905833144340E-01,
     9.9510991030011375E-01
  ]
}
