{
  "version":  "0.2.0",
  "energy":    -1.1597850198826982E-01,
  "charges": [
     1.8516127710436203E-01,
     4.1984692619149078E-01,
    -1.6531301766454354E-01,
    -1.0685762341742100E-01,
    -2.2218645901838074E-01,
    -1.1065110319550830E-01
  ],
  "coordination numbers": [
     4.4705541924353804E+00,
     1.8798515760269607E+00,
     9.5833267926125920E-01,
     1.0613802358460775E+00,
     1.8469166652520723E+00,
     1.0569329501803573E+00
  ]
}
