{
  "version":  "0.2.0",
  "energy":    -1.3350649972493034E-01,
  "charges": [
    -3.8937810383703730E-01,
     2.3741150616910364E-01,
     2.2752275145215942E-01,
     2.3746839219123364E-01,
    -3.1302454597545937E-01
  ],
  "coordination numbers": [
     2.7941528036149723E+00,
     3.4905196955719413E+00,
     2.4327346965854613E+00,
     3.4901928155562105E+00,
     1.9556721232708192E+00
  ]
}
