{
  "version":  "0.2.0",
  "energy":    -9.2875586205959870E-01,
  "charges": [
     7.4505611293514695E-01,
    -2.7392895554547259E-01,
    -1.0413178759280628E-01,
    -9.7317187274318651E-02,
    -6.9638547086328995E-02,
     5.6296462547774095E-03,
    -1.0083401798195951E-01,
    -1.0858566647564898E-01,
     2.3932779609194582E-01,
    -3.1672177840451898E-01,
    -4.5022015225618683E-01,
     9.8739038708041987E-02,
     1.1075458904223826E-01,
     1.3972210244803129E-01,
     1.0217691348705435E-01,
     9.7857498015554462E-02,
     2.3286711369055951E-01,
    -7.3812073395372713E-02,
    -3.9128414164134540E-01,
     1.3140062895801632E-01,
     1.0133327575745646E-01,
     9.8122457907147048E-02,
    -1.7485386656379143E-01,
     1.5662827623212908E-01,
    -3.8521452283644264E-01,
    -1.2565283626619506E-01,
     1.5760052420372475E-01,
    -4.4990875679252712E-01,
    -2.9511168361890844E-01
  ],
  "coordination numbers": [
     6.0544024586746801E+00,
     9.9123335407086532E-01,
     3.0149888862392675E+00,
     3.0136139960847563E+00,
     3.0169115252166723E+00,
     3.0187863781723348E+00,
     3.0155549160590942E+00,
     3.0122339477128799E+00,
     3.0488551386304339E+00,
     1.9444664329582801E+00,
     1.9918143523188370E+00,
     9.9282969971810076E-01,
     9.9292728183431489E-01,
     9.9237914674290018E-01,
     9.9242082727097181E-01,
     9.9292492946646149E-01,
     9.9383738769240093E-01,
     4.0730856129691606E+00,
     1.9924671681336585E+00,
     9.9114706270162323E-01,
     9.9104405477786717E-01,
     9.9097186982558494E-01,
     1.0118935372174533E+00,
     2.0536729184378508E+00,
     2.0005218939561420E+00,
     1.9608287670766780E+00,
     2.1093111028460774E+00,
     1.0060006672877391E+00,
     9.8381151423361413E-01
  ]
}
