{
  "version":  "0.2.0",
  "energy":     1.0533257154136526E+00,
  "charges": [
     6.8973604796263421E-01,
    -3.3128399951297849E-02,
    -2.9097685762861314E-02,
    -8.5346587522580841E-02,
    -8.6192058395482163E-02,
    -1.6400103791645304E-02,
    -3.1444915430215320E-01,
     1.5558065836611087E-01,
     1.5951995004568589E-01,
     1.7735362032498417E-01,
     1.7976147116354754E-01,
     1.8288147889044004E-01,
     1.7447450311857396E-01,
     1.6868107529161216E-01,
     1.6310312863055745E-01,
     1.2934658521060866E-01,
    -1.9273239447444895E-01,
    -1.4106201687590753E-01,
    -4.5214776521572964E-03,
    -4.0074565336531276E-01,
     1.7398799205856444E-01,
     1.4454004597311448E-01,
     1.2875430153322201E-01,
     1.8686728388375354E-01,
     1.8342533618919962E-01,
     3.0566205345123820E-01
  ],
  "coordination numbers": [
     5.4789281376350267E+00,
     9.9846500493917834E-01,
     4.0724283290271135E+00,
     3.9809737799329232E+00,
     3.9810562001388483E+00,
     4.2771101916353889E+00,
     2.9358158400595373E+00,
     9.9171808345179180E-01,
     9.9172454150522427E-01,
     9.9160726846376690E-01,
     9.9181614439666266E-01,
     9.9180851508632895E-01,
     9.9162313773280442E-01,
     9.9182445471327618E-01,
     9.9253228247888270E-01,
     1.9946454604564758E+00,
     1.0677270785456239E+00,
     4.5362557105974748E+00,
     4.1933046603500568E+00,
     2.9536958843499956E+00,
     9.9143523738464356E-01,
     1.1533182937644986E+00,
     1.0653307163856711E+00,
     9.9182693266267119E-01,
     9.9182433929666480E-01,
     9.9876084711314395E-01
  ]
}
