{
  "version":  "0.2.0",
  "energy":    -1.9070061292849090E+00,
  "charges": [
     9.6628103783667285E-01,
    -2.3620300184219301E-01,
     7.9347712979895846E-02,
    -1.2037437185946320E-01,
     7.5305620084715086E-02,
    -3.6322429627855612E-01,
    -2.3618517332889982E-01,
    -3.7455311201038999E-01,
     4.8913594144090244E-02,
     6.8303865592212992E-02,
     9.7040094003824406E-02,
     6.5797416172483442E-02,
     4.9494187865339288E-02,
     8.3518884405552551E-02,
     7.4066196810645746E-02,
    -5.7771539132793071E-01,
    -3.9644807091993695E-02,
    -5.1739079391851128E-02,
    -5.8223804719719230E-01,
     2.3574238100658709E-01,
     2.7405217670497761E-01,
     1.2966841681293190E-01,
     5.3444718048787206E-02,
     5.5273039932123777E-02,
     1.0620147904202848E-01,
     2.6252549851156670E-01,
     2.3130413428418950E-01,
    -5.9434635030095340E-01,
     2.8501314393218580E-01,
     2.8321512869170640E-01,
    -3.5653924204719900E-01,
     1.1228628804409613E-02,
    -4.5211287381618881E-01,
    -2.4298591412758189E-01,
    -2.5588054303068791E-02,
    -4.1246404049069113E-01,
     4.2880602794744205E-02,
     1.0042253928847032E-01,
     9.3740774719938927E-02,
     6.7436779918819578E-02,
     9.6978710053640310E-02,
    -1.5054571915333842E-01,
    -1.4083557507204658E-01,
    -9.5948648044975535E-02,
     7.0127398609973468E-03,
    -1.1604347498263452E-01,
    -1.5224538674521873E-01,
     2.7955261311462032E-01,
    -4.8811905307636050E-01,
    -3.8399687702793495E-01,
     5.7580318857363665E-02,
     7.0863558613542765E-02,
     1.3786275430870293E-01,
     1.0261837243062139E-01,
     5.9859741000325033E-02,
     6.0675832770922866E-02,
    -5.1957420388297426E-01
  ],
  "coordination numbers": [
     7.6993033138274827E+00,
     3.9589366678994438E+00,
     3.0610352467992916E+00,
     2.9965611398215515E+00,
     3.0957695264527185E+00,
     1.9627381425498687E+00,
     3.9590707409378041E+00,
     1.8973973373733450E+00,
     9.9169226422998147E-01,
     9.9165860525107608E-01,
     9.9101752616284777E-01,
     9.9287955579909148E-01,
     9.9177221099740098E-01,
     9.9146563859463210E-01,
     9.9152360881456403E-01,
     3.8615024954456594E+00,
     4.0069467667227245E+00,
     4.0219463084026028E+00,
     3.9011857874171101E+00,
     1.0073028669817106E+00,
     9.9975934754148543E-01,
     9.9137337850640339E-01,
     9.8940240469970053E-01,
     9.9000931753178545E-01,
     9.9130274638599403E-01,
     1.0013558655997050E+00,
     1.0302436831697737E+00,
     2.6547256593256900E+00,
     1.2837543457199363E+00,
     1.0654962131695234E+00,
     1.8877006377125598E+00,
     2.1050816920754558E+00,
     1.0047473550623778E+00,
     3.9522906532515822E+00,
     4.0240867404628418E+00,
     1.9822388973966323E+00,
     9.9067256059241338E-01,
     9.9125846952981256E-01,
     9.9144130189669788E-01,
     9.8780655258181405E-01,
     9.8861177066598493E-01,
     3.0118887727683745E+00,
     3.0123451978626647E+00,
     3.0141091168165275E+00,
     3.0157959473187921E+00,
     3.0152242168516556E+00,
     3.0113579716243324E+00,
     3.0667708294777212E+00,
     1.0004620576472636E+00,
     1.9727409685818929E+00,
     9.9250892435773697E-01,
     9.9258552553770674E-01,
     9.9259002062415380E-01,
     9.9272831102571057E-01,
     9.9248569448912605E-01,
     1.8878005498078609E+00,
     1.0006981684832299E+00
  ]
}
