{
  "version":  "0.2.0",
  "energy":    -1.0226128655083406E+00,
  "charges": [
     8.1863419155397721E-01,
    -1.2357454512641693E-01,
    -1.2315118004019465E-01,
    -9.6049629106786660E-02,
     1.4987037570725614E-03,
    -9.9721803855849445E-02,
    -1.2506197745523912E-01,
     2.4538052131743449E-01,
    -4.0574802578710290E-01,
    -3.7156489554140304E-01,
     8.5229915398416220E-02,
     8.9501644768751429E-02,
     1.2269752702980832E-01,
     1.1603271028680393E-01,
     8.7428697550008233E-02,
    -2.2240439407361035E-01,
    -7.4633302290296716E-02,
    -4.2031168951082187E-01,
     7.4061594255065116E-02,
     1.1671597881162675E-01,
     1.2521339528913522E-01,
     8.8389447319104641E-02,
     1.0847376106258363E-01,
     2.6010471396444712E-01,
    -6.0744598493865376E-02,
    -1.6273529159480821E-01,
    -1.5200382577367380E-01,
    -5.5616862818360445E-02,
    -2.9039675370368850E-01,
     1.2683819974327312E-01,
     9.6036527391190341E-02,
     8.1465346879186495E-02,
     8.0217547106128329E-02,
     7.4318546311316541E-02,
     1.2844154753670164E-01,
     9.2349510292375050E-02,
     1.2597504676371685E-01,
     1.8256459198665015E-01,
    -3.0243761614405112E-01,
    -3.2398572903494433E-01,
    -3.5280012131291921E-01,
     9.3122869233456473E-02,
    -4.5292873061085959E-01,
    -2.0482156333333756E-01
  ],
  "coordination numbers": [
     7.6707627306172039E+00,
     3.0135035371065459E+00,
     3.0125242428288530E+00,
     3.0162392056247285E+00,
     3.0179415376137797E+00,
     3.0163021089289952E+00,
     3.0124229944897145E+00,
     3.7973365187051185E+00,
     1.9463468584592514E+00,
     1.9460066788764028E+00,
     9.9270957750839450E-01,
     9.9276182622645504E-01,
     9.9289615680315357E-01,
     9.9289666452692860E-01,
     9.9275279977356945E-01,
     3.9542029137825780E+00,
     3.9650405687836496E+00,
     2.8500311987590035E+00,
     9.9151206446672724E-01,
     9.9115598247104852E-01,
     9.9167029484038238E-01,
     9.9058557317007256E-01,
     9.9189277568916179E-01,
     1.0433758040177992E+00,
     4.1061323128325808E+00,
     3.9843060264654886E+00,
     3.9839770423794123E+00,
     4.0481918292320564E+00,
     2.8985598103005525E+00,
     9.9132837973207710E-01,
     9.9162233708507674E-01,
     9.9122362118064533E-01,
     9.9173895359781117E-01,
     9.9167526792184635E-01,
     9.9143828708601767E-01,
     9.9076698871291047E-01,
     9.9200948080102691E-01,
     3.5020842631954023E+00,
     1.8544824727203872E+00,
     1.9265637972104415E+00,
     1.0017388640535501E+00,
     1.9569031363237848E+00,
     1.0037214656824096E+00,
     9.8416895225709311E-01
  ]
}
