{
  "version":  "0.2.0",
  "energy":    -4.6784234430353511E-02,
  "charges": [
     4.4864127743379156E-01,
    -2.2437351953414936E-01,
    -2.2426775789964221E-01
  ],
  "coordination numbers": [
     1.9910016468365708E+00,
     9.9600670002777658E-01,
     9.9597421878761594E-01
  ]
}
