{
  "version":  "0.2.0",
  "energy":     3.3400637427063179E-01,
  "charges": [
     9.4230867133467056E-01,
     1.9617800467323798E-01,
    -1.1484495403154628E-01,
    -1.8314156438405343E-01,
    -1.7409125914721840E-01,
    -1.1092352014349516E-01,
     2.7788200014530567E-01,
    -7.4566789444298370E-02,
    -7.9030687325320176E-02,
    -8.9356895329727876E-02,
     3.1551654641305593E-01,
    -7.7933263589588991E-02,
    -1.2775983627682258E-01,
    -1.9492917754472633E-01,
    -2.7836220451291971E-02,
    -3.0874057843667702E-02,
    -2.4663463833704102E-02,
     4.4902360463270868E-02,
    -2.4317522361564509E-02,
    -3.0484088549718680E-02,
     2.7597887379826319E-01,
    -3.1696665993104151E-01,
    -3.0482807754550789E-01,
     1.8160608137021750E-01,
     1.8189488934144701E-01,
     1.8823829398799388E-01,
     1.8912956072102768E-01,
     1.8207910068816124E-01,
     1.9735609893846440E-01,
    -1.8652244414182204E-01
  ],
  "coordination numbers": [
     7.8830519075500867E+00,
     3.7715725934621194E+00,
     1.0014694660426375E+00,
     1.9812720519327867E+00,
     1.9848646493187765E+00,
     9.9912071056724372E-01,
     3.3143028267609838E+00,
     1.4186975783262463E+00,
     1.8555514045512478E+00,
     9.9939115707375414E-01,
     3.9479102991843806E+00,
     9.9920106137069009E-01,
     9.9932823546181204E-01,
     9.9909342398170153E-01,
     3.0153025155447768E+00,
     3.0113186469664299E+00,
     3.0170358704628049E+00,
     3.0213235578848030E+00,
     3.0161297161780638E+00,
     3.0115586764480771E+00,
     3.9039614993984371E+00,
     1.9926340424675910E+00,
     1.9863060175810698E+00,
     9.9282390245525942E-01,
     9.9296307416308238E-01,
     9.9293070612880641E-01,
     9.9289428746177144E-01,
     9.9297594847713722E-01,
     1.8727315943226941E+00,
     9.9968688672695905E-01
  ]
}
