{
  "version":  "0.2.0",
  "energy":    -9.3292720962214792E-01,
  "charges": [
     6.0115114735918262E-01,
    -1.2480304215406084E-01,
    -1.2467070505856492E-01,
    -9.8868697835354902E-02,
    -4.6709231129610784E-03,
    -1.0290656441101459E-01,
    -1.2584089175039631E-01,
     2.5107315163946231E-01,
    -3.6150978815242729E-01,
    -3.8303101398667266E-01,
     8.4499039923326039E-02,
     8.8101654718004213E-02,
     1.1972113948160003E-01,
     1.1525167980294293E-01,
     8.7096341455144860E-02,
    -3.2160426600082648E-01,
     1.6639305973861998E-02,
    -1.1775455644474345E-01,
    -1.2216187035802352E-01,
    -1.1656589711528297E-01,
     1.0113425084491016E-01,
     1.0086655038996198E-01,
    -1.1709004164287437E-01,
    -1.2223322672360946E-01,
    -1.1216787935431467E-01,
     3.0714106528209703E-02,
    -3.2039291803747894E-01,
     1.3492012669196246E-01,
     8.9577281648284574E-02,
     8.6398107648118477E-02,
     8.6094341036071914E-02,
     8.6372196836078885E-02,
     8.7128414541019120E-02,
     9.5136290973212134E-02,
     1.7390166972938481E-01,
    -3.5910839092269320E-01,
     4.0951995767717619E-01,
    -4.5330073646015429E-01,
    -3.5661534537646156E-01
  ],
  "coordination numbers": [
     7.1595230629891846E+00,
     3.0129264556429574E+00,
     3.0119209492012011E+00,
     3.0159954372593916E+00,
     3.0154677554808602E+00,
     3.0158640075751872E+00,
     3.0118521574864161E+00,
     3.7672776265447325E+00,
     1.9370496754876019E+00,
     1.9030640682036850E+00,
     9.9267509906055640E-01,
     9.9268122772714129E-01,
     9.9283834017397599E-01,
     9.9281954186542709E-01,
     9.9267450162500470E-01,
     2.9126925678240756E+00,
     3.1286803420024878E+00,
     3.0108113446617395E+00,
     3.0203021529728300E+00,
     3.0139790175557586E+00,
     3.1192452842992635E+00,
     3.1308033030907731E+00,
     3.0141549967218024E+00,
     3.0183862813247666E+00,
     3.0120573138452462E+00,
     3.1806729033305423E+00,
     2.9451246503945150E+00,
     9.9235962789030019E-01,
     9.9297527932640595E-01,
     9.9276737825233319E-01,
     9.9315696373614681E-01,
     9.9311005015874088E-01,
     9.9270554961141677E-01,
     9.9294368603342154E-01,
     9.9011905924208143E-01,
     1.9886401403754874E+00,
     3.9259876206742357E+00,
     1.0007473719274413E+00,
     1.9874418309636610E+00
  ]
}
