{
  "version":  "0.2.0",
  "energy":    -1.1491435984981414E-02,
  "charges": [
     2.4236156630694272E-01,
    -4.8716497153208339E-02,
    -4.8347138721869923E-02,
    -4.8057216232240518E-02,
    -4.8675360120721586E-02,
    -4.8565354078902320E-02
  ],
  "coordination numbers": [
     4.8670920948956180E+00,
     9.7995853480463158E-01,
     9.8076483213221355E-01,
     9.8618870305579165E-01,
     9.8097100644796775E-01,
     9.8062758560118191E-01
  ]
}
