{
  "version":  "0.2.0",
  "energy":     1.5444025087392195E+00,
  "charges": [
     9.4458708709299710E-01,
     1.3889674868705248E-01,
     7.6160350738573745E-02,
    -3.6752836430304225E-01,
     9.1814397492771316E-02,
     1.4683736620247867E-01,
    -2.4155726905933994E-01,
     2.1607106405218146E-01,
     1.4032526480337140E-01,
     1.8037156070416063E-01,
     2.2158555426845078E-01,
    -1.5502853835896091E-01,
     1.9714806513844496E-01,
    -4.0735890287291832E-01,
    -1.5146857231662225E-01,
    -1.6185577191574935E-01,
     1.7604374864147462E-01,
     1.8113634767026526E-01,
     1.8324421469105012E-01,
     1.8404395370920451E-01,
     1.8384845047677736E-01,
     1.8160303548018941E-01,
     1.8464154060472493E-01,
     1.7569524303476747E-01,
     1.7282004835635598E-01,
     2.1819492229491508E-01,
    -7.4016891632103976E-01,
     3.2028303150149029E-01,
     3.2921716712495680E-01,
     3.3552807103426985E-01,
     2.2043968273474654E-01,
     2.4697500089414864E-01,
    -4.2254558228214673E-01
  ],
  "coordination numbers": [
     5.6682210907907429E+00,
     3.0570895825733517E+00,
     3.3805523582854491E+00,
     2.9888820413299673E+00,
     3.1071010845443876E+00,
     3.0583748221406823E+00,
     2.0173844551006610E+00,
     9.9234129720836250E-01,
     1.0007246693843790E+00,
     9.9249904702408642E-01,
     9.9231969769100825E-01,
     3.9571632078327124E+00,
     4.2467581293132888E+00,
     1.9949096959435799E+00,
     3.9571542756167277E+00,
     3.9571010695703732E+00,
     9.9385226081408451E-01,
     9.9382802712300222E-01,
     9.9473430603701019E-01,
     9.9468264370371351E-01,
     9.9389543070345621E-01,
     9.9389245349201172E-01,
     9.9470271364386420E-01,
     9.9381220772660495E-01,
     9.9383080978539251E-01,
     9.9631980572993850E-01,
     3.9204443590884752E+00,
     9.9807517500257159E-01,
     1.0018105621026399E+00,
     9.9814847712192822E-01,
     1.0147342047681631E+00,
     2.1632290905311145E+00,
     2.0126284546021518E+00
  ]
}
