{
  "version":  "0.2.0",
  "energy":    -2.5735095988681875E+00,
  "charges": [
    -2.3223487629825179E-01,
    -5.2158075136480131E-01,
    -4.7388195129848443E-01,
    -1.6963876821842074E+00,
    -1.0759147388542554E+00
  ],
  "coordination numbers": [
     3.8069998897084067E+00,
     9.1247727498263931E-01,
     9.2705670101124404E-01,
     9.9745581191324906E-01,
     9.8273887706753271E-01
  ]
}
