{
  "version":  "0.2.0",
  "energy":     9.1681086622624097E-01,
  "charges": [
     8.0018229202365854E-01,
    -2.9379124596624593E-02,
    -3.7106531404669907E-02,
    -3.9986591215843359E-02,
     2.9528174492456816E-02,
    -3.4366214771575976E-02,
    -3.4400492536547145E-02,
     2.6563970274078541E-01,
    -3.2002428541026495E-01,
    -3.4032342474416155E-01,
     1.8225038328430795E-01,
     1.7808477476782941E-01,
     1.7116845061090225E-01,
     1.8035937436247720E-01,
     1.8104042495022868E-01,
    -5.6599758248692822E-01,
    -7.5179968395897578E-03,
    -4.8670367360665046E-03,
    -5.6185277408901546E-01,
     2.7585843983788105E-01,
     2.6770903194385037E-01,
     1.5025150270950388E-01,
     1.5598107348520884E-01,
     1.5103893345044950E-01,
     1.4798278571196441E-01,
     2.7357757598267118E-01,
     2.6729902238833292E-01,
    -1.5155635098868328E-01,
     1.5962485593361456E-02,
    -3.7869883777732777E-01,
     1.6196066846404600E-01,
     1.6265364104039992E-01,
     1.5921825005966292E-01,
     1.6687995194584146E-01,
     1.6145030375147842E-01
  ],
  "coordination numbers": [
     6.0283660200245661E+00,
     3.0155687705466265E+00,
     3.0099905205513418E+00,
     3.0163006050539627E+00,
     3.0201751975359130E+00,
     3.0164804672689209E+00,
     3.0100079281652370E+00,
     3.9102062348007687E+00,
     1.9910694339197761E+00,
     1.9906602501140673E+00,
     9.9277941198616126E-01,
     9.9296601182984556E-01,
     9.9296503153099547E-01,
     9.9293972858239510E-01,
     9.9297233811208940E-01,
     3.8893560048735480E+00,
     4.0505486836466744E+00,
     4.1151584141082758E+00,
     3.9290961205727752E+00,
     9.9715993733125163E-01,
     1.0025278915366194E+00,
     9.9156959437391112E-01,
     9.9140182686590350E-01,
     9.9121799854675530E-01,
     9.9151257838900708E-01,
     1.0139501208955721E+00,
     1.0033724622794189E+00,
     3.9555754190691683E+00,
     4.0670929842843773E+00,
     1.9871507454057191E+00,
     9.9177460389835748E-01,
     9.9164878791400213E-01,
     9.9164493144090038E-01,
     9.9167207616880493E-01,
     9.9169547318644913E-01
  ]
}
