{
  "version":  "0.2.0",
  "energy":    -2.0671430337342839E-01,
  "charges": [
     4.5083799243797579E-01,
     2.6022957946856012E-01,
     4.9549562135604186E-01,
    -6.5771366174384027E-01,
    -5.4884953151873750E-01
  ],
  "coordination numbers": [
     3.2800264469591127E+00,
     1.2827425067819487E+00,
     2.9006623226639654E+00,
     1.9962337994000130E+00,
     9.9939015032381029E-01
  ]
}
