{
  "version":  "0.2.0",
  "energy":    -6.6904726708028939E-02,
  "charges": [
     5.4641359476465068E-01,
    -2.5113747131273942E-02,
    -2.5308458838317338E-02,
    -2.0606210588101453E-01,
    -4.1917786644991809E-02,
    -2.0614234893513955E-01,
    -4.1869147333913531E-02
  ],
  "coordination numbers": [
     5.7996917840726283E+00,
     1.8004174788215268E+00,
     1.8000466236337243E+00,
     1.0240234792083065E+00,
     1.7861406719367743E+00,
     1.0236431497986098E+00,
     1.7857310402871223E+00
  ]
}
