{
  "version":  "0.2.0",
  "energy":    -9.5236485741277965E-01,
  "charges": [
     5.4182853637281658E-01,
    -7.6360047916729357E-01,
     2.2020388597916363E-01,
     2.2782348151167137E-01,
     3.0487706062908160E-01,
    -2.4990221932411522E-01,
    -1.3239520397384347E-01,
    -1.3063707276840639E-01,
     1.3728228615863924E-02,
    -3.4093229903575134E-01,
    -2.4718792450966406E-03,
    -1.3246866267291468E-01,
     7.2422606840684634E-02,
     7.5230893732797899E-02,
     1.3165923408691077E-01,
     9.8257428718647066E-02,
     7.1925761989708958E-02,
    -2.4762098287359560E-01,
    -8.7527933407898786E-02,
    -4.2431051432809774E-01,
     6.1161532115763431E-02,
     8.0310961393206523E-02,
     1.1429809142328207E-01,
     7.0142828433242682E-02,
     9.1296563951080267E-02,
     2.1971420283337711E-01,
    -3.9544929478883784E-01,
     3.8352782422635817E-01,
    -4.9641441546848614E-01,
    -3.7467816579931940E-01
  ],
  "coordination numbers": [
     7.0860987498630497E+00,
     3.9311254223088881E+00,
     1.0005576332186461E+00,
     9.9887514158321800E-01,
     1.1283695494668722E+00,
     9.8751641891454689E-01,
     3.0202459903173509E+00,
     3.0108396724672675E+00,
     3.1962782885607393E+00,
     2.9549860136119239E+00,
     3.1416748797966454E+00,
     3.0105426112044213E+00,
     9.9264633290063919E-01,
     9.9288426969688004E-01,
     9.9289945664356338E-01,
     9.9206711880857323E-01,
     9.9288212024703348E-01,
     4.0447395291554615E+00,
     4.0284788629174715E+00,
     2.8602005667485670E+00,
     9.9134946798123735E-01,
     9.9135570151897046E-01,
     1.0257402846094692E+00,
     9.9018750855482462E-01,
     9.9129213635563662E-01,
     1.3419569886634068E+00,
     1.9837310790878568E+00,
     3.9195247965535458E+00,
     1.0114555868550381E+00,
     1.9811045247664705E+00
  ]
}
