{
  "version":  "0.2.0",
  "energy":    -2.3966463491227854E-02,
  "charges": [
     3.0949662433445324E-01,
    -5.1582427081014015E-02,
    -5.1583629207112680E-02,
    -5.1583236539159638E-02,
    -5.1582518752811279E-02,
    -5.1582323660129825E-02,
    -5.1582489094226136E-02
  ],
  "coordination numbers": [
     5.4825579631865828E+00,
     9.2721558588130204E-01,
     9.2721508970809463E-01,
     9.2721857236510363E-01,
     9.2719873149748722E-01,
     9.2718475839332992E-01,
     9.2719066709537756E-01
  ]
}
