{
  "version":  "0.2.0",
  "energy":     1.5858750087571192E+00,
  "charges": [
     8.7590357004765496E-01,
    -5.7885433677788689E-01,
     3.0339375369510702E-02,
     1.6580457266772264E-02,
    -4.5550932441959163E-01,
     1.5527734425051731E-02,
     3.2280117089067750E-02,
    -5.8230812360824158E-01,
     3.4236444700365243E-01,
     3.3419492740511264E-01,
     2.2331951570741607E-01,
     1.8196581494339231E-01,
     2.0927481259858749E-01,
     2.0240179513493242E-01,
     3.0506945722250067E-01,
     2.0949630772901187E-01,
     2.0043151904047896E-01,
     2.2291441187404526E-01,
     1.8046237413304345E-01,
     3.3333821637642130E-01,
     3.4362443213597538E-01,
     2.1713455286881400E-04,
     3.8104205352857740E-01,
    -8.1160802304699117E-03,
    -1.5960608547883746E-02
  ],
  "coordination numbers": [
     6.7642344957553071E+00,
     3.9444693281152805E+00,
     4.1822600351016774E+00,
     4.1680152618776596E+00,
     3.9410850896970437E+00,
     4.1664920846525941E+00,
     4.2306246518682205E+00,
     3.9481214217102742E+00,
     9.9975021666957264E-01,
     1.0056111553478377E+00,
     9.9138502669642836E-01,
     9.9158416711107300E-01,
     9.9119062737479791E-01,
     9.9131798543848149E-01,
     1.0045603558811980E+00,
     9.9126110498522468E-01,
     9.9135759773248200E-01,
     9.9136672191663067E-01,
     9.9150370911208796E-01,
     1.0071476120216349E+00,
     1.0007846453169327E+00,
     1.7336845103722380E+00,
     3.7498250295867317E+00,
     1.7546334955717464E+00,
     1.9274341417719834E+00
  ]
}
