{
  "version":  "0.2.0",
  "energy":     1.7412271352078723E-01,
  "charges": [
     3.0932975558139941E-01,
     7.7708652464483519E-01,
    -7.2767443709144231E-01,
     6.4125815686520771E-01
  ],
  "coordination numbers": [
     2.3005064546074800E+00,
     1.4017347201037582E+00,
     1.9853225746876486E+00,
     8.8793210873320039E-01
  ]
}
