{
  "version":  "0.2.0",
  "energy":     1.5192974669393589E+00,
  "charges": [
     1.0272188644603841E+00,
    -3.5379067715438844E-01,
     7.6986658650941120E-02,
    -1.5113930740654369E-02,
    -7.9476773477802354E-03,
    -2.9386297357096414E-02,
     1.4799107952387108E-01,
     1.4530958803312127E-01,
    -3.0451085416151269E-02,
    -9.4388219452658517E-03,
    -1.6236099298941653E-02,
     8.3720990200765261E-02,
    -3.3581476744630351E-01,
     1.5439448418913782E-01,
     1.9176158294708143E-01,
     2.0074492672901992E-01,
     1.6928658488640430E-01,
     1.6922270745697202E-01,
     2.0051397436342519E-01,
     1.9170363953623484E-01,
     1.7345995017824545E-01,
    -7.9518638953332554E-03,
    -1.7619085743564800E-02,
    -2.6802484926859743E-02,
     3.6239713721627279E-02,
    -2.3566680363847875E-02,
    -1.5562260146625151E-02,
     2.6465323756345049E-01,
    -3.6113740607188782E-01,
    -3.4809362646218839E-01,
     2.0493378104062077E-01,
     1.9920428327625561E-01,
     1.8511266149102309E-01,
     1.9042641945924538E-01,
     2.0152697724922988E-01,
     1.2729231594981122E-01,
     7.0652255649624573E-02,
    -3.6452715890345366E-01,
     8.8486786317099608E-02,
     1.3608569058109427E-01,
    -2.5920646451645485E-01,
     2.0050513276249404E-01,
     1.5884252209914218E-01,
     1.7657488051751763E-01,
     2.0889891619915660E-01,
     2.3757938172093090E-01,
    -3.9668359901712952E-01
  ],
  "coordination numbers": [
     7.3441591295271564E+00,
     3.0022760364712830E+00,
     3.2905614595975834E+00,
     3.0066042771776491E+00,
     3.0215344912709980E+00,
     3.0099084486686944E+00,
     3.2220897608727110E+00,
     3.2158497842749831E+00,
     3.0107535759972688E+00,
     3.0202637007172637E+00,
     3.0076376607879967E+00,
     3.2326732279774850E+00,
     2.9959822515328476E+00,
     9.9324732217099321E-01,
     9.9288773228411653E-01,
     9.9264512944859540E-01,
     9.9304756167738351E-01,
     9.9305283693710500E-01,
     9.9267944826683863E-01,
     9.9287613549513587E-01,
     9.9294311624557619E-01,
     3.0155833382101092E+00,
     3.0073038017901794E+00,
     3.0155581698117340E+00,
     3.0187675701246084E+00,
     3.0160883602635868E+00,
     3.0072852231537741E+00,
     3.9218130949772396E+00,
     1.9936127401953136E+00,
     1.9937361979878467E+00,
     9.9262927455902439E-01,
     9.9291882230221873E-01,
     9.9287176701564039E-01,
     9.9285746681508424E-01,
     9.9291197205760362E-01,
     3.0615416727599358E+00,
     3.1744812764653378E+00,
     2.9853496871215048E+00,
     3.1943358832931743E+00,
     3.0613041515754187E+00,
     2.0164934291689285E+00,
     9.9238333269701418E-01,
     9.9257110371040547E-01,
     9.9273855909980657E-01,
     9.9237127288213678E-01,
     1.1258020325865905E+00,
     1.9960713717343941E+00
  ]
}
