{
  "version":  "0.2.0",
  "energy":    -2.0020651504775979E+00,
  "charges": [
     1.6370174003697913E-01,
    -1.0514604019484783E+00,
    -1.2911497640951572E+00,
    -8.2109157399334343E-01
  ],
  "coordination numbers": [
     2.8859700547520610E+00,
     9.9843840284417240E-01,
     9.3355779981987741E-01,
     9.5803418257584472E-01
  ]
}
