{
  "version":  "0.2.0",
  "energy":    -1.2661481009728520E-01,
  "charges": [
    -3.7816507586144488E-01,
     2.0637963513967592E-01,
     2.0651661151405856E-01,
     1.8969902264324262E-01,
    -2.2443019343553222E-01
  ],
  "coordination numbers": [
     2.6249251365967252E+00,
     1.9624943863506612E+00,
     1.9574454551014435E+00,
     1.8944661779539675E+00,
     9.6806351440906901E-01
  ]
}
