{
  "version":  "0.2.0",
  "energy":    -4.2831359779896672E-01,
  "charges": [
     6.1657230890296943E-01,
     1.0200930245728517E+00,
    -8.0467112474480951E-01,
    -5.2187668406224386E-01,
    -3.1011752466876780E-01
  ],
  "coordination numbers": [
     3.9356648105579684E+00,
     2.9293246913196045E+00,
     1.9884972613364216E+00,
     1.9711207537748923E+00,
     9.9359278814779017E-01
  ]
}
