{
  "version":  "0.2.0",
  "energy":    -6.2175797293749079E-02,
  "charges": [
    -3.9459214235063866E-01,
     1.4553008269651979E-01,
     1.0359494846850004E-01,
     1.4546711118561861E-01
  ],
  "coordination numbers": [
     2.3684849615178472E+00,
     1.9088593388956516E+00,
     2.7888958611001158E+00,
     1.9090995390551306E+00
  ]
}
