{
  "version":  "0.2.0",
  "energy":    -6.9212230410925613E-02,
  "charges": [
     5.5687702212891987E-01,
    -1.7122869085874962E-01,
    -1.0334727320521653E-02,
    -1.8648842033767363E-01,
    -7.9505267122928214E-03,
    -1.8087465689968221E-01
  ],
  "coordination numbers": [
     4.9041741967366903E+00,
     1.0324647362018666E+00,
     1.7868637068674147E+00,
     9.9629623636494014E-01,
     1.8139211673480533E+00,
     1.0065298078234575E+00
  ]
}
