{
  "version":  "0.2.0",
  "energy":     2.0733904971658514E+00,
  "charges": [
     7.1512828196528311E-01,
    -5.6851398228782069E-01,
     2.1514914928157491E-02,
     2.1192149521414017E-02,
    -5.6025665378553491E-01,
     2.9669102558532501E-01,
     2.9090195320263906E-01,
     2.0059091621323216E-01,
     1.7835160608277376E-01,
     1.8300149805146898E-01,
     2.0006599915213077E-01,
     3.0042243475566888E-01,
     2.8700147080442351E-01,
    -7.1267858600587619E-01,
     3.2462034861266442E-01,
     3.3108310394002127E-01,
     3.2429789819518434E-01,
     2.9405850920328880E-02,
     1.7731771174518407E-02,
     8.6206900626576322E-02,
    -3.5955534388419619E-01,
     9.4050206964650218E-02,
     5.2711727854407309E-03,
     2.4084175072476455E-01,
     2.2804248805295710E-01,
     1.7707745576239811E-01,
     1.5490504805541791E-01,
     2.2284881718889685E-01,
     1.9368433959059850E-02,
    -2.9464745649187163E-01,
     3.1640033161322983E-01,
    -2.4933968722906777E-01,
    -3.4250690337829515E-02,
    -2.4949030248680609E-01,
    -3.5866216340121271E-02,
     2.1829215337999827E-01,
     2.1940261461939042E-01,
     2.1278289244401316E-01,
     2.0258887061391817E-01,
     1.9862070532556333E-01,
     1.7616250296403191E-01,
     1.7123242986773948E-01,
     1.9612831614921078E-01,
     2.0237460464663404E-01
  ],
  "coordination numbers": [
     7.1921511860255389E+00,
     3.9272046882588558E+00,
     4.1170800610311380E+00,
     4.0727362090508779E+00,
     3.9254696748843276E+00,
     9.9892195393455463E-01,
     1.0010734720839221E+00,
     9.9133889128663100E-01,
     9.9118116172099047E-01,
     9.9130856208255747E-01,
     9.9141165407595189E-01,
     9.9875858910528237E-01,
     1.0052396709761835E+00,
     3.9228644690439438E+00,
     9.9799844376937230E-01,
     9.9713296383824801E-01,
     1.0047725765727922E+00,
     3.0214989270068262E+00,
     3.0053295084727143E+00,
     3.1178132563947623E+00,
     2.9967713237878257E+00,
     3.6389747343979888E+00,
     3.0036765840047508E+00,
     9.9231498023506770E-01,
     9.9255921906594580E-01,
     9.9247669537083105E-01,
     1.1032275102735039E+00,
     9.9264824175276090E-01,
     4.0737739141467095E+00,
     1.9740599986312857E+00,
     4.0343757032451668E+00,
     2.9523487713468146E+00,
     4.0897693862076689E+00,
     2.9533370582858849E+00,
     4.0924897314866078E+00,
     9.9239414159834727E-01,
     9.9239374112079126E-01,
     9.9195228793794055E-01,
     9.9174408362863087E-01,
     9.9193431520548003E-01,
     9.9217174239725203E-01,
     9.9219783717451548E-01,
     9.9191112661295122E-01,
     9.9182025142095132E-01
  ]
}
