{
  "version":  "0.2.0",
  "energy":     9.9082804218644382E-01,
  "charges": [
     5.2779495407958099E-01,
     1.0645992995659657E+00,
     2.7093845050485821E-01,
     1.3666729584959514E-01
  ],
  "coordination numbers": [
     1.9521531813228252E+00,
     8.0585438262262166E-01,
     9.6964935802524721E-01,
     1.8032382778797471E+00
  ]
}
