{
  "version":  "0.2.0",
  "energy":     1.6924937495460696E-01,
  "charges": [
     7.5992747836497920E-01,
    -2.2566670935724642E-01,
     2.0099000798234612E-01,
    -4.1733281714525738E-01,
    -2.2264396340986914E-01,
    -2.2449124309626067E-01,
     1.2430489762563712E-01,
     1.1785379814680352E-01,
     1.2714267529227932E-01,
     1.1712022944226222E-01,
     1.2408297697092038E-01,
     1.2429093354171220E-01,
     1.1780962497353775E-01,
     1.2783638844489731E-01,
     1.2696401076330044E-01,
    -7.7136639920845074E-01,
     2.8753838046072888E-01,
     2.6779584305752469E-01,
     2.6978299471360118E-01,
    -3.3844702096902224E-01,
     4.3567971997362287E-02,
    -3.0702826467184940E-01,
    -2.1580169151219386E-01,
     6.0921752125349504E-02,
    -1.9978474661421552E-01,
    -2.2568315537497530E-01,
     1.2164771553332990E-01,
     1.1912658942441454E-01,
     1.4212716129860054E-01,
     1.2027813758156974E-01,
     1.6300013921266959E-01,
     1.4180237074645916E-01,
     1.1893557577388758E-01,
     1.2128077965602235E-01,
     1.1874657321443916E-01,
    -6.6779355724212675E-02,
    -6.6770909478651053E-02,
    -6.0782692291294849E-02,
     2.6049358275679002E-02,
    -6.2867797407229198E-02,
    -7.2661146516323660E-02,
     2.6110783886454314E-01,
    -3.4250250995492570E-01,
    -4.2523479777603607E-01,
     1.4117337820136022E-01,
     1.4291826090069190E-01,
     1.3983426375270586E-01,
     1.3918535172490795E-01,
     1.3791267309338781E-01,
     2.5969675735011216E-01,
    -1.6690766800000351E-01
  ],
  "coordination numbers": [
     6.0650488569349363E+00,
     3.9574064122218848E+00,
     4.2914635959508560E+00,
     1.9758317141064774E+00,
     3.9576630070643954E+00,
     3.9573577577605565E+00,
     9.9415169934812297E-01,
     9.9340157080221037E-01,
     9.9526960400023601E-01,
     9.9336496652643991E-01,
     9.9419902791455872E-01,
     9.9420421412475246E-01,
     9.9341250402956582E-01,
     9.9413334420322119E-01,
     9.9506581433926833E-01,
     3.8816134839098755E+00,
     1.0080854138696100E+00,
     9.9626989705805968E-01,
     9.9896663183055434E-01,
     1.9906925429802946E+00,
     2.1516800721797411E+00,
     1.0049501576932727E+00,
     3.9562106052406047E+00,
     3.8839977000671162E+00,
     3.9561015598556235E+00,
     3.9560858880638525E+00,
     9.9234674803706646E-01,
     9.9281387047541436E-01,
     9.9324727523066514E-01,
     9.9241461948903886E-01,
     9.9268808103511397E-01,
     9.9293829942448131E-01,
     9.9224743141690119E-01,
     9.9300264420871809E-01,
     9.9288882915194598E-01,
     3.0146314679929258E+00,
     3.0118412997838160E+00,
     3.0150505937318632E+00,
     3.0185624779483176E+00,
     3.0169626229048676E+00,
     3.0124726745673875E+00,
     3.0367840144695259E+00,
     1.9564571827971342E+00,
     1.9918061404170295E+00,
     9.9285820674463032E-01,
     9.9297681826218831E-01,
     9.9252846953765683E-01,
     9.9271410123511217E-01,
     9.9292530686965730E-01,
     9.9343441140662136E-01,
     9.8402671787669238E-01
  ]
}
