{
  "version":  "0.2.0",
  "energy":    -7.8358714598072698E-02,
  "charges": [
     5.0047157944430587E-01,
    -5.0047157944430587E-01
  ],
  "coordination numbers": [
     9.9513732653413189E-01,
     9.9513732653413189E-01
  ]
}
