{
  "version":  "0.2.0",
  "energy":    -1.7110008383957995E+00,
  "charges": [
     6.0161041027249551E-01,
     7.1880584231341534E-03,
     3.2855872182329104E-03,
    -3.6956592005071376E-01,
     7.2245478616950631E-02,
     2.3625510475023259E-02,
    -4.3007536604980301E-01,
     6.9522166764543564E-02,
     8.2804295889159205E-02,
     1.0367840070806014E-01,
     8.2833050559472488E-02,
    -1.4710866097895259E-01,
    -1.4964426573700984E-01,
    -1.1365892831435553E-01,
     1.0456457709656641E-03,
    -9.9334529981422309E-02,
    -1.3558179977692947E-01,
     2.7532486198093142E-01,
    -4.7608837319419778E-01,
    -3.6082992194496921E-01,
     6.1890851281121206E-02,
     6.2667624269558062E-02,
     1.0575950003619763E-01,
     1.4157888558892612E-01,
     7.7979474374774399E-02,
    -2.7423663648117036E-01,
     2.2933735488687743E-01,
    -3.9317361943904261E-01,
    -2.4633728997672705E-01,
    -2.7261521192743771E-01,
     1.2555954894167654E-01,
     5.9202751993352419E-02,
     7.6183621393866766E-02,
     6.2654064581066288E-02,
     1.4490143992919355E-01,
     1.2810073003504163E-01,
     5.7858005928022628E-02,
     1.1123162992508348E-01,
     8.6052863856799916E-02,
    -1.3974907661288449E-01,
    -2.4538487461485459E-01,
    -2.4325480419885009E-01,
    -3.5975146834065130E-01,
     5.7375563900508919E-01,
    -5.0867902746159532E-01,
    -4.6280767762404912E-01
  ],
  "coordination numbers": [
     7.1823852828567478E+00,
     3.0620719336641953E+00,
     3.1267845237915814E+00,
     2.9966417821459403E+00,
     4.3201842619655135E+00,
     3.0783959323604613E+00,
     2.0093169420545465E+00,
     9.9258275513196725E-01,
     9.9155611617335548E-01,
     9.9361179885963491E-01,
     9.9167831261579575E-01,
     3.0113766430625608E+00,
     3.0111053073406371E+00,
     3.0167920367051941E+00,
     3.0123453254001458E+00,
     3.0133722500135498E+00,
     3.0123159919608842E+00,
     3.0426486792304459E+00,
     1.0007430353486360E+00,
     1.9855233769134850E+00,
     9.9252699877588579E-01,
     9.9247521656781679E-01,
     9.9272940011914557E-01,
     9.9380385723178755E-01,
     9.9248033916812517E-01,
     3.9562705427247309E+00,
     4.5251884583066735E+00,
     1.9785585362416107E+00,
     3.9590082157386703E+00,
     3.9565045130387038E+00,
     9.9814474388443220E-01,
     9.9260076967725652E-01,
     9.9380945308372937E-01,
     9.9419258978139879E-01,
     9.9543237782631877E-01,
     9.9516127351713557E-01,
     9.9247818569298918E-01,
     9.9569848734700717E-01,
     9.9328035327472008E-01,
     2.5282540073681989E+00,
     1.9292131927650775E+00,
     1.8767174491432863E+00,
     1.9634028863951150E+00,
     4.4868767785155965E+00,
     9.9903814289101334E-01,
     9.9920055334581104E-01
  ]
}
