{
  "version":  "0.2.0",
  "energy":    -1.5142543981996535E+00,
  "charges": [
     5.1147230523833453E-01,
    -1.6229516557776077E-01,
    -1.6182449218582873E-01,
    -1.2771835431472622E-01,
    -1.8005911124225671E-02,
    -1.2519708209398700E-01,
    -1.5992782499226088E-01,
     2.4222088498297850E-01,
    -4.0974381128373361E-01,
    -3.8975330419889670E-01,
     4.6471213999285318E-02,
     5.0677378850550639E-02,
     9.2949204469105373E-02,
     9.7958175821441507E-02,
     5.2867278961603585E-02,
    -3.6382733731649264E-01,
    -2.6324267573706522E-01,
    -2.9576643975606787E-01,
     6.6316185258033247E-02,
    -2.7717432228507566E-01,
    -2.7792867560917933E-01,
     4.6569980261328608E-02,
     5.7986517179020092E-02,
     6.4078003680083692E-02,
     4.8923537044100206E-02,
     7.5016914955655004E-02,
     9.8936447840292346E-02,
     4.7821762703853299E-02,
     9.6075131735508801E-02,
     6.7640975084774083E-02,
    -1.0329235603426073E-01,
    -3.7477736763375569E-01,
    -2.5350677792263177E-01
  ],
  "coordination numbers": [
     6.3923941664306909E+00,
     3.0120351379640269E+00,
     3.0114576403081594E+00,
     3.0156749639738774E+00,
     3.0138974001460639E+00,
     3.0155116771234871E+00,
     3.0115527275558014E+00,
     3.7191946235305586E+00,
     1.8360320449408567E+00,
     1.9199583686598620E+00,
     9.9253395955402013E-01,
     9.9252332514316333E-01,
     9.9275457889399643E-01,
     9.9277442071616484E-01,
     9.9253736327723097E-01,
     1.0127205829027579E+00,
     9.9141861474464843E-01,
     3.9538408084819938E+00,
     3.9400061952301515E+00,
     3.9750316601055653E+00,
     3.9545099187094586E+00,
     9.9101293860129402E-01,
     9.9221422036596518E-01,
     9.9368397106030848E-01,
     9.9118735184724560E-01,
     9.9349103654577853E-01,
     9.9573167080983183E-01,
     9.9110253561781470E-01,
     9.9669039113632696E-01,
     9.9238138031427336E-01,
     2.2117974271265393E+00,
     1.0024772242175271E+00,
     1.9787174460413519E+00
  ]
}
