{
  "version":  "0.2.0",
  "energy":     3.4623989815570144E-01,
  "charges": [
     1.0634139287346480E+00,
    -3.7846663144865200E-01,
     4.3050547158599617E-01,
    -2.5546948425137811E-01,
    -2.2363601442841508E-01,
     5.1874844282438659E-02,
     2.1310469972132157E-01,
    -4.0676571471683631E-01,
    -3.8576588715957844E-02,
    -4.6586422598487345E-02,
    -4.3917724401069155E-02,
     2.5345209969182006E-02,
    -5.0334390752480168E-02,
    -4.0827572957012406E-02,
     2.6931621960698865E-01,
    -3.1528831879483915E-01,
    -3.5179552334934239E-01,
     1.7033333354748581E-01,
     1.6474293308914362E-01,
     1.5857054869145604E-01,
     1.5577910746523282E-01,
     1.7098149882386018E-01,
     2.7519683673312056E-01,
     2.4997541635957948E-03
  ],
  "coordination numbers": [
     5.1274312291559312E+00,
     9.9938996596525254E-01,
     2.1285407439439581E+00,
     1.9240208979928362E+00,
     9.9930385295695690E-01,
     1.0148825765386924E+00,
     2.0981696472387972E+00,
     2.0110411145341240E+00,
     3.0154698966597318E+00,
     3.0113043692550736E+00,
     3.0182463898875653E+00,
     3.0186591952739663E+00,
     3.0149800050355369E+00,
     3.0111636552720586E+00,
     3.0494790366010109E+00,
     1.9856890099764204E+00,
     1.9921097035010265E+00,
     9.9285780780595356E-01,
     9.9294671947264490E-01,
     9.9300963052759617E-01,
     9.9247846306038490E-01,
     9.9300821375573989E-01,
     9.9325838949834910E-01,
     9.9470843655962149E-01
  ]
}
