{
  "version":  "0.2.0",
  "energy":     5.3310379835077237E-01,
  "charges": [
     7.0394209017543796E-01,
     4.6512707541332970E-01,
     3.2600465254166294E-02,
    -9.0915860755410888E-02,
    -1.1075377008752309E-01
  ],
  "coordination numbers": [
     3.3615505461848310E+00,
     1.6958654235343555E+00,
     1.8010392650123244E+00,
     1.1186812047536101E+00,
     1.8544407776073388E+00
  ]
}
