{
  "version":  "0.2.0",
  "energy":    -1.5685348318936945E-01,
  "charges": [
     9.6480321502703492E-01,
    -1.9480976401306763E-01,
    -1.9482745280617819E-01,
    -1.8542439380914374E-01,
    -1.9466702192913415E-01,
    -1.9507458246951129E-01
  ],
  "coordination numbers": [
     4.9496706271730213E+00,
     9.9898070461159261E-01,
     9.9899929338933458E-01,
     9.9892869479660096E-01,
     9.9902827223392432E-01,
     9.9900397701481225E-01
  ]
}
