{
  "version":  "0.2.0",
  "energy":     2.2184762306961110E+00,
  "charges": [
     7.2433844551303794E-01,
    -3.5402338590455407E-01,
     8.6276171139050950E-02,
     2.7076431054227079E-03,
     1.4398216499635907E-02,
    -1.5943311777096958E-02,
     1.4676181202661254E-01,
     1.4662647254282513E-01,
    -1.5232099929896270E-02,
     1.6079525708229125E-02,
     7.1999394515590565E-03,
     9.0651615308075639E-02,
    -3.5361082894910506E-01,
     1.6705982689904636E-01,
     2.1697184047536761E-01,
     2.2800915680715905E-01,
     1.8918888045952431E-01,
     1.8945739633341407E-01,
     2.2923300111090150E-01,
     2.2079888647212176E-01,
     1.7483264498225853E-01,
     2.4623050403628000E-02,
     9.4919819158223451E-04,
     9.8971537057828352E-02,
    -3.6255113686158535E-01,
     1.0055679114157334E-01,
     1.7368181155321738E-02,
     2.3294246936674406E-01,
     2.1285415598520224E-01,
     1.5560198334915265E-01,
     1.8240274432112058E-01,
     2.2369219381285263E-01,
    -1.8481346909965446E-02,
    -7.0768437155942276E-02,
    -7.1266270248647401E-02,
    -1.7641967758394619E-02,
    -3.0195568961328245E-01,
     1.7799567859181870E-01,
     1.6788139433796270E-01,
     1.9088055788568700E-01,
     2.0651077889861022E-01,
     2.0381506848857828E-01,
     1.9378771184064275E-01,
     1.7057265731596119E-01,
     1.6947684812996100E-01
  ],
  "coordination numbers": [
     6.2646197149098537E+00,
     3.0059106151175268E+00,
     3.3701388403885773E+00,
     3.0044629767778313E+00,
     3.0196768660210012E+00,
     3.0077431891211175E+00,
     3.3122937452262802E+00,
     3.3066795572918783E+00,
     3.0077811911813432E+00,
     3.0197331776959722E+00,
     3.0045341609418488E+00,
     3.3524068218998648E+00,
     3.0053793662216393E+00,
     9.9476946882757034E-01,
     9.9265499196790685E-01,
     9.9239559257656573E-01,
     9.9286905944268877E-01,
     9.9287243856411234E-01,
     9.9239881316616874E-01,
     9.9264652834818534E-01,
     9.9399692208741364E-01,
     3.0214500512857505E+00,
     3.0034505045691633E+00,
     3.6806872853598849E+00,
     2.9997759374195523E+00,
     3.1584331330983737E+00,
     3.0049954494207611E+00,
     9.9233456266006126E-01,
     9.9270513180707720E-01,
     1.1351680188908606E+00,
     9.9244475040889402E-01,
     9.9258062167862704E-01,
     4.1099715423097791E+00,
     3.9800380490084306E+00,
     3.9792947415067719E+00,
     4.1325910768425338E+00,
     2.9093222216975647E+00,
     9.9163150170012759E-01,
     9.9157671083230348E-01,
     9.9157630953232712E-01,
     9.9145033732739130E-01,
     9.9146216679903443E-01,
     9.9155675399195520E-01,
     9.9175999891591626E-01,
     9.9164629355849510E-01
  ]
}
