{
  "version":  "0.2.0",
  "energy":     2.6717504832337041E-01,
  "charges": [
     9.1941311890944899E-01,
    -5.9025471009857400E-01,
    -1.1449207293113939E-02,
    -9.3696783889003210E-03,
    -5.8053285493607731E-01,
     2.6158315775632712E-01,
     2.6711501349861588E-01,
     1.5280340709517720E-01,
     1.4112685852978143E-01,
     1.4400978175086462E-01,
     1.4781218804854432E-01,
     2.8182523688701788E-01,
     2.7690983158278748E-01,
     6.5336606669552474E-02,
     2.1069359910550606E-01,
    -4.1951465321254777E-01,
    -7.4656327642180864E-01,
     3.0348465358890570E-01,
     2.9666753183343220E-01,
     3.1268911152193801E-01,
     1.8888973554383656E-01,
    -2.3117385003967053E-01,
    -2.2164438602439157E-01,
    -1.5985721590665214E-01
  ],
  "coordination numbers": [
     6.4881215511497397E+00,
     3.9056605734292473E+00,
     4.0522401432505806E+00,
     4.0363492804438694E+00,
     3.9144290382165412E+00,
     1.0003748048280636E+00,
     9.9735309835197850E-01,
     9.9129542043155361E-01,
     9.9142288374554077E-01,
     9.9139597532909107E-01,
     9.9132970240984619E-01,
     1.0043860226738603E+00,
     9.9996018153420430E-01,
     1.0141794821584700E+00,
     2.0819705019057366E+00,
     2.0101589555919972E+00,
     3.9082458227937096E+00,
     1.0039664857395447E+00,
     9.9627403782561874E-01,
     1.0011968347168860E+00,
     3.6925376172943967E+00,
     1.9688233004802651E+00,
     1.9663421885736883E+00,
     1.0014111917232009E+00
  ]
}
