{
  "version":  "0.2.0",
  "energy":    -8.5290098108279910E-01,
  "charges": [
     6.9885799015332140E-01,
    -3.3472610490935489E-01,
    -2.4882284147249689E-02,
    -2.8701679702248822E-01,
    -4.1990676362616675E-01,
     4.1110620234833872E-01,
    -3.4017244028182564E-01,
    -3.8291686824255122E-01,
    -3.2034293427202370E-01
  ],
  "coordination numbers": [
     5.4483420460953740E+00,
     9.9869393825138975E-01,
     1.0032223271937548E+00,
     1.5695062299238387E+00,
     1.0003651814833132E+00,
     3.9376861621027741E+00,
     1.9921992855193844E+00,
     1.9922634018537817E+00,
     9.9852836432476533E-01
  ]
}
