{
  "version":  "0.2.0",
  "energy":    -1.0168032851603941E-02,
  "charges": [
     2.1823831791951076E-01,
    -5.4626632462387935E-02,
    -5.4530281621374216E-02,
    -5.4529048400752116E-02,
    -5.4552355434996487E-02
  ],
  "coordination numbers": [
     3.9198702662393252E+00,
     9.8485687743894790E-01,
     9.8309763196188094E-01,
     9.8310140112415034E-01,
     9.8327606360643216E-01
  ]
}
