{
  "version":  "0.2.0",
  "energy":    -1.5572057434405580E+00,
  "charges": [
     6.2938542419977406E-01,
    -3.8459997579046745E-01,
     2.9331499905331571E-01,
    -3.9752854414603001E-01,
    -3.6502749104186150E-01,
     1.8102711658325532E-01,
    -2.9243705147040366E-01,
    -2.9882383809070223E-01,
    -4.2151858899256084E-01,
    -1.5566857262383671E-01,
    -2.4887257354859327E-01,
    -2.3346166915711433E-01,
    -1.5204356789174944E-01,
    -1.4642294650600174E-01,
     7.0732482579941303E-03,
    -3.1203188849404118E-01,
     1.4805664359113860E-02,
    -1.4598374611109416E-01,
     5.0939712437540627E-02,
     5.7200156337840126E-02,
     1.2539199271727069E-01,
     1.3877011644072126E-01,
     5.6512023477630340E-02
  ],
  "coordination numbers": [
     7.7862534378265398E+00,
     1.9562239047116137E+00,
     3.9599835030757538E+00,
     1.8697587465208718E+00,
     1.9152432564901893E+00,
     3.4954180530734202E+00,
     1.8556617117355021E+00,
     1.8891597017504518E+00,
     1.0016997242639345E+00,
     2.5228257633695161E+00,
     1.8997102170598641E+00,
     1.9027998034087590E+00,
     3.0185050127544741E+00,
     3.0108965400823617E+00,
     3.0973559166644620E+00,
     2.9286475809103516E+00,
     3.2053110099914370E+00,
     3.0115591744421817E+00,
     9.9242081678545091E-01,
     9.9272984601899594E-01,
     9.9229609669311358E-01,
     9.9441694067606257E-01,
     9.9271662245013559E-01
  ]
}
