{
  "version":  "0.2.0",
  "energy":    -4.2212676765939261E-01,
  "charges": [
     8.1243807250122813E-01,
    -5.7188776756516269E-01,
     2.8103353461238889E-01,
     2.5146082100618500E-01,
    -1.2801374683854722E-01,
    -4.1447106955476110E-01,
     9.3820834977487749E-02,
     1.0447537000802867E-01,
     1.0450784579238996E-01,
     2.5996321065367678E-01,
    -2.1943860246352437E-01,
    -2.9439924002277740E-02,
    -4.4340509137975920E-01,
     8.5981834211635494E-02,
     1.1399372247186201E-01,
     1.0697404146179160E-01,
     1.0138417753121928E-01,
     9.7592002369394748E-02,
    -4.0793364977694080E-01,
     2.1111615850839294E-01,
    -9.4415699105868861E-02,
    -4.0932073761498194E-01,
     9.6452850642682539E-02,
     9.4924935001430816E-02,
     9.2681462415092633E-02,
     4.1767896947892708E-02,
     1.4179119247620117E-01,
    -3.6323605344665710E-01,
     3.2771080698324462E-02,
     3.5350902301381340E-02,
    -3.8662226149334011E-01,
     1.0528179382451758E-01,
     8.2619677412582623E-02,
     1.2450808147375389E-01,
     1.1058856273202007E-01,
    -2.2020955490340038E-01,
    -2.2189049089568001E-02,
    -3.8652317381493678E-01,
     8.6673557143673627E-02,
     1.0962881936089103E-01,
     1.0467866611124754E-01,
     1.0588045462422632E-01,
     1.0676482177812659E-01
  ],
  "coordination numbers": [
     7.4694567130064931E+00,
     2.8596122208446060E+00,
     1.2549258069945353E+00,
     1.0051434835455764E+00,
     3.9923800607294586E+00,
     2.8551133763752823E+00,
     9.9131752608057067E-01,
     9.9133713999880957E-01,
     9.9199773864937946E-01,
     1.2652566234102185E+00,
     4.0223961721641395E+00,
     4.0855895029550489E+00,
     1.9780794521112055E+00,
     9.9160794494084215E-01,
     9.9141240902359939E-01,
     9.9266277508947542E-01,
     9.9039262598168420E-01,
     9.9020949165219729E-01,
     2.8767940602003721E+00,
     9.9529179112315447E-01,
     4.0274866629570880E+00,
     1.9918627344111703E+00,
     9.9051646594577747E-01,
     9.9058683287873972E-01,
     9.9055222824239308E-01,
     3.0536364950308901E+00,
     4.4540938728135480E+00,
     2.9743320839652885E+00,
     3.2578081319050254E+00,
     3.0592102224422391E+00,
     2.0102864117200205E+00,
     9.9184188746374247E-01,
     9.9046863786662520E-01,
     9.9243022042085904E-01,
     9.9292935056488307E-01,
     3.9542785324835918E+00,
     4.0387580612733718E+00,
     1.9922776448303940E+00,
     9.9156030648387361E-01,
     9.9147053547426722E-01,
     9.9147606489798079E-01,
     9.9045201913481851E-01,
     9.9060730000026620E-01
  ]
}
