{
  "version":  "0.2.0",
  "energy":     4.4806797148411071E-01,
  "charges": [
     8.1664100686457219E-01,
    -6.8161730941753942E-02,
    -4.3698026865279216E-01,
     1.6592262257872759E-01,
     1.5733312315297981E-01,
     1.4883732983973180E-01,
     2.7328250280464506E-01,
     5.8027812053857361E-02,
     8.7865326170804350E-02,
     2.2979147040165235E-01,
    -4.2476830663604176E-01,
    -7.7908876363826400E-03
  ],
  "coordination numbers": [
     4.2425956826962512E+00,
     4.0415170839441910E+00,
     2.9508743411812937E+00,
     9.9208189868054042E-01,
     9.9204580080015159E-01,
     9.9234436158783978E-01,
     1.0108222230859791E+00,
     9.9704778338348188E-01,
     1.0152035051059674E+00,
     2.1800204983519800E+00,
     2.0129221521547507E+00,
     9.9785538128831330E-01
  ]
}
