{
  "version":  "0.2.0",
  "energy":     1.0042911707884463E+00,
  "charges": [
     7.0555916673623331E-01,
    -1.3991994424247012E-01,
     1.1990135689337611E-01,
    -5.1793418721014839E-02,
     1.1832521644554211E-01,
    -3.6214014954298485E-01,
    -1.4505706647906097E-01,
    -3.3538238271617804E-01,
     1.4818954912252966E-01,
     1.5974168585019605E-01,
     1.5692248589259028E-01,
     1.4309265527488105E-01,
     1.4758239990417740E-01,
     1.5003925178988847E-01,
     1.5366589445115769E-01,
    -2.0817584288338070E-01,
     4.3007179562162157E-02,
    -2.0579978321612552E-01,
    -2.0315828310053613E-01,
     1.4624316438285534E-01,
     1.3434387286403979E-01,
     1.4045928478109804E-01,
     1.4762775882034115E-01,
     1.4444006060718775E-01,
     1.3698445312969987E-01,
     1.4697524490381333E-01,
     1.3904457620423602E-01,
     1.4388886437373749E-01,
    -3.5470394782520953E-02,
    -4.2603670958931292E-02,
     6.4505664477471650E-02,
    -3.6562995167085310E-01,
     4.8420421663192645E-02,
    -4.5900330655332139E-02,
     1.7171243696884628E-01,
     1.6447877235816488E-01,
     1.4774603351576771E-01,
     1.2801952145016526E-01,
     1.6091026337671221E-01,
    -7.0796016830675157E-02
  ],
  "coordination numbers": [
     5.7434870641004405E+00,
     3.9604293204259760E+00,
     3.2534057074805265E+00,
     3.0118969690615893E+00,
     3.2473013822444674E+00,
     1.9968768334979661E+00,
     3.9603321524105413E+00,
     1.9970184616688060E+00,
     9.9242261268495557E-01,
     9.9148917536344428E-01,
     9.9111983388610714E-01,
     9.9323711970288553E-01,
     9.9242320446228227E-01,
     9.9122645025912171E-01,
     9.9139878497098621E-01,
     3.9564795825866348E+00,
     3.9688615636715179E+00,
     3.9568312642035988E+00,
     3.9576092232515494E+00,
     9.9273490154912292E-01,
     9.9267167106930998E-01,
     9.9274661400040287E-01,
     9.9290275880361367E-01,
     9.9322394666658820E-01,
     9.9287655116068585E-01,
     9.9289349160522455E-01,
     9.9306190151388662E-01,
     9.9311535723304889E-01,
     3.0233189864963865E+00,
     3.0086502103002033E+00,
     3.2552229987079810E+00,
     2.9891978129496639E+00,
     3.2216686796891310E+00,
     3.0083501164010658E+00,
     9.9277997667923845E-01,
     9.9298189492960898E-01,
     9.9321274031903162E-01,
     9.9236954117510390E-01,
     9.9299129837502687E-01,
     1.0195376467561079E+00
  ]
}
