{
  "version":  "0.2.0",
  "energy":    -3.0856859790868612E+00,
  "charges": [
     7.8677704837556206E-01,
    -6.9454810968334024E-01,
     2.8885835141150795E-01,
    -6.0573302063770917E-01,
     2.8542198051189560E-01,
    -6.2530592653935380E-01,
    -4.3379041439589927E-01,
    -6.3157469693208168E-01,
     2.5092278054491213E-01,
    -4.6869879546011584E-01,
    -4.5443035070102955E-01,
    -3.5948845801894502E-02,
    -6.3540138760776588E-01,
    -4.5932489496240630E-01,
     2.3455700243791761E-01,
    -3.4514543866665359E-01,
    -4.5663528189354574E-01
  ],
  "coordination numbers": [
     7.1291758578704174E+00,
     1.9862601910435531E+00,
     1.2535394427322144E+00,
     9.9882730775369932E-01,
     3.2582865637647087E+00,
     9.9886529520703338E-01,
     1.9851295972781999E+00,
     9.9893590822533884E-01,
     3.8159300378220395E+00,
     1.9666905007665285E+00,
     1.9382376452670478E+00,
     1.9756489277024505E+00,
     9.9938802726262033E-01,
     1.7599556823874414E+00,
     3.7574311913124392E+00,
     1.9222026815013313E+00,
     1.9132578559487534E+00
  ]
}
