{
  "version":  "0.2.0",
  "energy":    -1.6125207661881686E+00,
  "charges": [
     6.5092050187907802E-01,
     1.8028219299710777E-01,
    -3.7151041096605308E-01,
    -2.5226839752919422E-01,
    -2.5601879895627144E-01,
    -1.4050424963340802E-01,
    -1.3746816799930900E-01,
    -1.0397117712793549E-01,
    -3.0061172714736795E-03,
    -1.0603055957929239E-01,
    -1.3875732274552310E-01,
     2.5978548820151726E-01,
    -3.4826229298683520E-01,
    -3.4266329819811414E-01,
     6.6968552996874209E-02,
     7.3595677465955356E-02,
     1.1554744537389636E-01,
     1.1364496951804288E-01,
     7.2357503097972509E-02,
    -3.3966428497103596E-01,
     4.8187465297143017E-01,
    -4.3364277351391961E-01,
    -4.3677896390613336E-01,
    -1.4026822053478794E-01,
    -1.3705912299094219E-01,
    -1.0303578837023111E-01,
    -1.6536275413713969E-03,
    -1.0562277231116597E-01,
    -1.3845413709199061E-01,
     2.6796382204084762E-01,
    -3.5858140919873449E-01,
    -3.3143165730098745E-01,
     6.7154727450278479E-02,
     7.3857688664980395E-02,
     1.1675851203331676E-01,
     1.1333343030797323E-01,
     7.2608385725438970E-02
  ],
  "coordination numbers": [
     7.7782851253300667E+00,
     3.5494302068213823E+00,
     1.0017125322579128E+00,
     1.9084029124662427E+00,
     1.9097251170077554E+00,
     3.0125992421211905E+00,
     3.0121445978024859E+00,
     3.0159145487860490E+00,
     3.0162974311735162E+00,
     3.0158655038934308E+00,
     3.0120989469991573E+00,
     3.7597802629436776E+00,
     1.9211429086986893E+00,
     1.9199669552495644E+00,
     9.9259127866231811E-01,
     9.9263734081710986E-01,
     9.9282592940615277E-01,
     9.9282298069041275E-01,
     9.9261842484608032E-01,
     1.9881460336670482E+00,
     3.9463190270737636E+00,
     9.9929414386697779E-01,
     9.9930398138741072E-01,
     3.0125023789181862E+00,
     3.0119335804311493E+00,
     3.0159156579672475E+00,
     3.0156549179230847E+00,
     3.0157858040275052E+00,
     3.0120363012138780E+00,
     3.6881855603080540E+00,
     1.9308763447822201E+00,
     1.7959436360283716E+00,
     9.9257870257826131E-01,
     9.9259449651884690E-01,
     9.9279243462657529E-01,
     9.9281310653994304E-01,
     9.9261416787804713E-01
  ]
}
