{
  "version":  "0.2.0",
  "energy":     2.0443932899563533E-01,
  "charges": [
     8.9912507226209537E-01,
     2.3656045638891569E-02,
     2.4916884237633247E-01,
    -3.6648112334124416E-01,
    -3.5224090303371297E-01,
    -6.3259782626161543E-01,
     1.2914124387979045E-01,
     1.3939697638101325E-01,
     2.9040063686706652E-01,
     2.7943976395789211E-01,
    -3.4736788477283598E-01,
     3.8296765786330511E-02,
    -7.0685993077397841E-02,
    -6.6910952991431932E-02,
    -7.3954939610358428E-02,
     1.1837305029336338E-01,
     1.1802867236242057E-01,
    -7.3801955931110580E-02,
    -6.6500806313499736E-02,
    -6.5798300599926973E-02,
     4.7009464529542209E-02,
    -3.4113207660711381E-01,
     1.3348513202539364E-01,
     1.3701074551445347E-01,
     1.4268551746069114E-01,
     1.2614019219136793E-01,
     1.2609429085102439E-01,
     1.4330035061575361E-01,
     1.4066755118837174E-01,
     1.6273117790720201E-01,
    -4.6529151716419317E-02,
    -4.1794114486658329E-01,
     1.2741759073607339E-01,
     1.3818886502668454E-01,
     1.3412742351138940E-01,
    -7.6506692244199459E-01,
     2.7427557318078410E-01,
     2.7845117841214329E-01,
     2.9039785860917361E-01
  ],
  "coordination numbers": [
     6.6475447657846365E+00,
     3.9590640514985100E+00,
     3.8402807028584647E+00,
     1.9574536068454922E+00,
     1.9688754264114809E+00,
     2.9906278253001100E+00,
     9.8962764195576014E-01,
     9.9174679092166507E-01,
     9.9628624581913083E-01,
     9.9643109820982811E-01,
     2.9587646976095163E+00,
     3.1548330955891268E+00,
     3.0100051721382899E+00,
     3.0217222634169758E+00,
     3.0135049751187104E+00,
     3.1226897052141007E+00,
     3.1162926521007668E+00,
     3.0145277893962357E+00,
     3.0200595587217078E+00,
     3.0112373439717235E+00,
     3.1039726962312466E+00,
     2.9301018101382974E+00,
     9.9271788559801610E-01,
     9.9305771704522261E-01,
     9.9287674809108672E-01,
     9.9324053208521246E-01,
     9.9323035921322855E-01,
     9.9288337531184467E-01,
     9.9305334627811170E-01,
     9.9214459195143334E-01,
     4.0156240489520414E+00,
     1.9920435461756671E+00,
     9.9071802040129331E-01,
     9.9108824165441600E-01,
     9.9095355220708381E-01,
     3.9122097854045137E+00,
     9.9839695900449676E-01,
     9.9660781286987987E-01,
     1.0112606145461047E+00
  ]
}
