{
  "version":  "0.2.0",
  "energy":    -6.9821015226746969E-02,
  "charges": [
     5.6892499373842420E-01,
    -1.8961883118768100E-01,
    -1.8955831840525267E-01,
    -1.8974784414549045E-01
  ],
  "coordination numbers": [
     2.9926685537810185E+00,
     9.9915811316024250E-01,
     9.9916069724845524E-01,
     9.9915477560814558E-01
  ]
}
