{
  "version":  "0.2.0",
  "energy":     1.0190807853217494E+00,
  "charges": [
     8.3064694261720207E-01,
     6.1197830076065364E-02,
     3.1856442846067440E-01,
    -1.9943992404626204E-01,
    -2.0860241518617822E-01,
    -5.5525439470381766E-01,
     2.0701774937832404E-01,
     2.0327426158117104E-01,
     3.1163902127370119E-01,
     2.9661584618026199E-01,
     2.4481858162198092E-01,
    -1.0447669136596394E-01,
    -1.1105247000186480E-01,
     4.5811865745943037E-02,
    -3.4111390554631621E-01,
     2.0523863354399113E-01,
     1.8401527983331889E-01,
     2.0406476239377905E-01,
     1.9704210363493546E-01,
     2.0999249450905441E-01
  ],
  "coordination numbers": [
     5.8439131094913410E+00,
     4.1210875609313735E+00,
     4.0391386918897130E+00,
     1.9820878399291697E+00,
     1.9923729821149356E+00,
     3.9508871184498355E+00,
     9.9223564912131756E-01,
     9.9221731271153679E-01,
     9.9688595900314692E-01,
     9.9860260664482947E-01,
     1.8225411069924000E+00,
     9.9956310592023279E-01,
     3.9555663045775793E+00,
     4.0716394118282766E+00,
     1.9839780676682546E+00,
     9.9168612977999526E-01,
     9.9160052339227533E-01,
     9.9170945887357576E-01,
     9.9178923755654225E-01,
     9.9182105307293433E-01
  ]
}
