{
  "version":  "0.2.0",
  "energy":    -3.7451149343331347E-01,
  "charges": [
     8.5193932311213660E-01,
    -3.4802983391743952E-01,
     4.4937211766015783E-02,
    -7.7186520315219900E-02,
    -8.2960489395567952E-02,
    -8.5984373874501405E-02,
     1.2016189350347245E-01,
     1.1832315374599325E-01,
    -8.6307611869735359E-02,
    -8.2148353130097995E-02,
    -7.6655630424915161E-02,
     5.4250254692354269E-02,
    -3.3287379421778329E-01,
     1.3894851276566242E-01,
     1.2535496795369100E-01,
     1.2383251448783991E-01,
     1.1265592058782137E-01,
     1.1286012678767227E-01,
     1.2466315838498622E-01,
     1.2746166033141088E-01,
     1.5096121188133207E-01,
    -2.3851368620542240E-01,
    -1.0671249062865366E-01,
     1.7170718999655477E-01,
    -4.2742633806611929E-01,
    -2.0014353468638968E-01,
    -4.6672836381398068E-02,
    -4.3158819792673364E-01,
     1.1569272226468315E-01,
     1.1713482234406793E-01,
     1.4770755603358240E-01,
     1.2625219653563208E-01,
     1.4955160045605381E-01,
     2.4119390036073612E-01,
     5.6628921859156439E-02,
    -3.9351503017755296E-01,
     6.6169812073650497E-02,
    -3.8166991070697531E-01
  ],
  "coordination numbers": [
     7.1329168744862894E+00,
     2.9735648661112570E+00,
     3.1898995032540469E+00,
     3.0113640327251643E+00,
     3.0215132243971681E+00,
     3.0145271000098068E+00,
     3.1732183027772933E+00,
     3.1740098382223687E+00,
     3.0140802002860800E+00,
     3.0218991499162033E+00,
     3.0110330551632236E+00,
     3.1948582420670562E+00,
     2.9730794414593920E+00,
     9.9322910467068581E-01,
     9.9310774972725646E-01,
     9.9289038498719506E-01,
     9.9325390499924016E-01,
     9.9324452949672626E-01,
     9.9289126266893923E-01,
     9.9311317111820951E-01,
     9.9311837074036458E-01,
     9.9124512537838960E-01,
     1.0133774403262628E+00,
     2.1436360296996577E+00,
     2.0093138025239075E+00,
     3.9550693943747310E+00,
     3.9923365939929738E+00,
     2.9504886075486576E+00,
     9.9173552876929350E-01,
     9.9130751905008996E-01,
     9.9179995108324004E-01,
     9.9135483564548998E-01,
     9.9212021126270500E-01,
     1.0654957511089371E+00,
     1.9857769472326510E+00,
     1.0237179810212549E+00,
     1.9879421473837207E+00,
     1.0282383281076433E+00
  ]
}
