{
  "version":  "0.2.0",
  "energy":    -1.2367876565084326E-01,
  "charges": [
     7.7115109291012685E-01,
    -2.5700712433559120E-01,
    -2.5711660747679144E-01,
    -2.5702736109774432E-01
  ],
  "coordination numbers": [
     2.9893856257495397E+00,
     9.9800422419496648E-01,
     9.9800618205853553E-01,
     9.9800239168471361E-01
  ]
}
