{
  "version":  "0.2.0",
  "energy":     5.1609988075999425E-01,
  "charges": [
     7.9287658649429704E-01,
    -1.4312969930480546E-01,
     3.5025311281050886E-01
  ],
  "coordination numbers": [
     1.9694754621332562E+00,
     9.9863263471650932E-01,
     9.7178860136390188E-01
  ]
}
