{
  "version":  "0.2.0",
  "energy":    -1.5699050556738231E-02,
  "charges": [
    -1.9267872634912084E-01,
     1.9267872634912084E-01
  ],
  "coordination numbers": [
     9.6516222642248017E-01,
     9.6516222642248017E-01
  ]
}
