{
  "version":  "0.2.0",
  "energy":     3.2928024589420779E-01,
  "charges": [
     6.9185942051666638E-01,
    -3.2248445594952990E-01,
     4.7100912489656810E-02,
    -6.5342989818449992E-02,
    -6.5159035673130333E-02,
    -7.3979661912672162E-02,
     1.2050385617036175E-01,
     1.2195722571967266E-01,
    -7.4018742327153497E-02,
    -6.6249305468320835E-02,
    -6.7877453509533003E-02,
     4.7597698578171636E-02,
    -3.1892212559606498E-01,
     1.5786856383797715E-01,
     1.4315408105598088E-01,
     1.4499392950501144E-01,
     1.2740918418182873E-01,
     1.2633127469851707E-01,
     1.4298363589762775E-01,
     1.3782042783009624E-01,
     1.3961629133607042E-01,
    -3.1834137152629316E-01,
     4.3792214240364646E-01,
    -2.8670323146116278E-01,
    -3.2170237289024323E-01,
    -7.0688549581984811E-02,
    -3.1412686927266043E-01,
     2.6619498382467088E-01,
    -2.6345640170693324E-01,
    -9.5393723468273656E-02,
    -2.5012448393221731E-01,
    -8.9920651191694845E-02,
     1.3192587504568556E-01,
     1.2507502304423171E-01,
     1.3395056878822806E-01,
     1.5571680430662210E-01,
     1.3156775126234535E-01,
     1.3205876919844786E-01,
     1.3621530435263740E-01,
     1.3071500577737308E-01,
     1.3395269546479058E-01
  ],
  "coordination numbers": [
     7.5595774357062115E+00,
     2.9683145199474943E+00,
     3.1492185385176219E+00,
     3.0105847058172719E+00,
     3.0211191592233160E+00,
     3.0136803423331848E+00,
     3.1391332676996155E+00,
     3.1337736116171371E+00,
     3.0136758489239339E+00,
     3.0221692076106184E+00,
     3.0100045459388749E+00,
     3.1185714446651627E+00,
     2.9555666245485908E+00,
     9.9236735238504714E-01,
     9.9305260411506246E-01,
     9.9288811891010198E-01,
     9.9322207093481740E-01,
     9.9324537751576703E-01,
     9.9288463531538262E-01,
     9.9307316447591543E-01,
     9.9254196535601658E-01,
     1.9679105502593162E+00,
     3.9686452945865200E+00,
     1.9682869284902091E+00,
     1.9736550674556472E+00,
     4.1488563672449281E+00,
     1.9883458192945422E+00,
     4.0884306343725232E+00,
     2.8885849118471514E+00,
     4.1245302976898204E+00,
     2.8988701669137731E+00,
     4.1305859288385554E+00,
     9.9193475486975391E-01,
     9.9143837260876122E-01,
     9.9208262492163257E-01,
     9.9202771743019191E-01,
     9.9176033961067755E-01,
     9.9201998675417347E-01,
     9.9176439121758886E-01,
     9.9166282314778886E-01,
     9.9225835410697449E-01
  ]
}
