{
  "version":  "0.2.0",
  "energy":     3.8008298101836141E-01,
  "charges": [
     8.8619515046984665E-01,
    -3.2902216289205408E-02,
    -3.8789639008427379E-01,
     1.4283966349959565E-01,
     1.4883676605284685E-01,
     1.4460617658878183E-01,
    -3.2203565178559906E-02,
    -3.8892625487763660E-01,
     1.4813687099529949E-01,
     1.4817022099605978E-01,
     1.4210969124023864E-01,
    -3.2903119299818470E-02,
    -3.8860029775435667E-01,
     1.4169311490284370E-01,
     1.4800043691402373E-01,
     1.4680503750078702E-01,
    -1.3596130588721994E-01,
     1.1758081544963733E-01,
    -3.6120791034322358E-01,
     1.4914305901660851E-01,
     1.4781278428228403E-01,
     1.4867127180544118E-01
  ],
  "coordination numbers": [
     4.2843544592754395E+00,
     4.0645882349075464E+00,
     1.9915066279483975E+00,
     9.9152031352980430E-01,
     9.9161140780440515E-01,
     9.9156668209003129E-01,
     4.0633986531233388E+00,
     1.9915033519325167E+00,
     9.9159490758169344E-01,
     9.9158196367390516E-01,
     9.9150105146061396E-01,
     4.0648331485719602E+00,
     1.9915203002181459E+00,
     9.9152984956555912E-01,
     9.9160278244710653E-01,
     9.9155534658430344E-01,
     3.9582118956074179E+00,
     2.0120894159180924E+00,
     1.9539136401865491E+00,
     9.9174650129108954E-01,
     9.9173626107072899E-01,
     9.9174704727030960E-01
  ]
}
