{
  "version":  "0.2.0",
  "energy":    -3.8099501780926401E-02,
  "charges": [
     4.4057035859169058E-01,
    -5.1690557211445116E-02,
    -1.1654259009665516E-01,
    -1.1654168803713581E-01,
    -5.1676574067152890E-02,
    -5.2046876754715921E-02,
    -5.2072072424585711E-02
  ],
  "coordination numbers": [
     5.8253816959219309E+00,
     1.5061179711460957E+00,
     9.9758747678447257E-01,
     9.9758111877598310E-01,
     1.5062508965736230E+00,
     1.5110383845533093E+00,
     1.5109375778527685E+00
  ]
}
