{
  "version":  "0.2.0",
  "energy":     1.7867477300983308E+00,
  "charges": [
     1.5243144516225680E+00,
     1.4756855483774320E+00
  ],
  "coordination numbers": [
     9.9859221883215366E-01,
     9.9859221883215366E-01
  ]
}
