{
  "version":  "0.2.0",
  "energy":    -4.4661609585012346E-01,
  "charges": [
     6.2522597266385749E-01,
    -9.8601856753167710E-02,
    -9.9984310544366323E-02,
     3.3290743193908262E-02,
    -3.1965458319509921E-01,
     4.0234180330185783E-02,
    -9.6402593451958396E-02,
     1.1138667690450532E-01,
     1.1111867333192871E-01,
     1.3970872817861363E-01,
     1.4411635562377903E-01,
     1.1047652550958544E-01,
    -9.8321713636293384E-02,
    -1.0003225491573776E-01,
    -8.2507033860982598E-02,
     2.6789211680820074E-03,
    -9.0113023722063382E-02,
    -1.0278218352313755E-01,
     2.6324637252450944E-01,
    -3.5717173758687459E-01,
    -3.5150934600656808E-01,
     1.1198392861252886E-01,
     1.1331702864959371E-01,
     1.3145177369614264E-01,
     1.2599928942646696E-01,
     1.1130710732854031E-01,
    -6.5623229406949049E-02,
    -3.2555272264451307E-01,
     3.5108371594301785E-01,
    -3.2637339412832866E-01,
    -6.2929973824690927E-02,
    -3.4420239342897074E-01,
    -7.2933720898761295E-02,
     1.0913456786413506E-01,
     1.5155102088299213E-01,
     1.2878863931043627E-01,
     1.1554009107008739E-01,
     1.4904920958148787E-01,
     1.1992483380773422E-01,
     1.0204136615984058E-01,
     1.1724826827819822E-01,
     1.2278387550826964E-01,
    -1.7818191562045396E-01,
     9.8051921288610122E-02,
    -3.5806263270999877E-01,
     1.0679841108634212E-01,
     1.1652308222433025E-01,
     1.3647879155555676E-01,
     1.7442748014884379E-01,
    -2.6517630883373938E-01,
    -2.7508404320268548E-01,
    -3.2671483945230378E-01,
    -9.1965375769717791E-02,
    -9.5397933705875737E-02,
     3.6100584957760022E-02,
    -3.1724480053111215E-01,
     4.5441294091925086E-02,
    -9.0142365460438897E-02,
     1.1380060709637535E-01,
     1.1061268930268452E-01,
     1.4181232827105208E-01,
     1.5393688048140092E-01,
     1.1599435076148075E-01
  ],
  "coordination numbers": [
     7.8442749469570110E+00,
     3.0216534398307910E+00,
     3.0108933790848829E+00,
     3.1584210269351143E+00,
     2.9502877077888243E+00,
     3.1682077446316521E+00,
     3.0109989274147191E+00,
     9.9277164153172937E-01,
     9.9297242964479526E-01,
     9.9281249999271015E-01,
     9.9275749096827504E-01,
     9.9297770528159113E-01,
     3.0135986426824495E+00,
     3.0122140857506157E+00,
     3.0162668163544497E+00,
     3.0164351793613813E+00,
     3.0162557710520481E+00,
     3.0118763164675721E+00,
     3.8095325439609979E+00,
     1.9343300162535568E+00,
     1.9570374884798820E+00,
     9.9278278394924691E-01,
     9.9280153288737694E-01,
     9.9293287908382410E-01,
     9.9281100501755315E-01,
     9.9279117178899767E-01,
     4.1527558816921992E+00,
     1.9889494757101325E+00,
     4.5211783774929089E+00,
     1.9891774215800515E+00,
     4.1704803366681240E+00,
     1.9892148221738575E+00,
     4.1504798725553691E+00,
     9.9170715566215861E-01,
     9.9184531290843125E-01,
     9.9134053888057316E-01,
     9.9175904775452750E-01,
     9.9128523054777862E-01,
     9.9161603172848434E-01,
     9.9194680083665432E-01,
     9.9176969559342432E-01,
     9.9153835586407446E-01,
     3.9580833941967093E+00,
     2.3338335976801163E+00,
     1.9325179909524941E+00,
     9.9188658851358102E-01,
     9.9194081418033164E-01,
     9.9139985400695885E-01,
     3.6217287166036156E+00,
     1.9137059210588943E+00,
     1.9462242318340106E+00,
     1.0016914830611148E+00,
     3.0215523919238256E+00,
     3.0108649393194229E+00,
     3.1967877766897734E+00,
     2.9646422426453141E+00,
     3.1751113526783064E+00,
     3.0108665108691524E+00,
     9.9278215489571764E-01,
     9.9296313214582366E-01,
     9.9304417016664193E-01,
     9.9268585014133759E-01,
     9.9298391753554061E-01
  ]
}
