{
  "version":  "0.2.0",
  "energy":    -3.0496738549955582E-01,
  "charges": [
     7.9216959911298401E-01,
     1.7245423362261950E-01,
    -2.9675260108975365E-01,
    -2.7176799059224926E-01,
    -2.7582118670980105E-01,
    -2.3520000641906696E-01,
     2.1634295251849855E-01,
    -3.7710224083182298E-01,
    -2.4153572709350676E-01,
    -2.3015275638868066E-01,
     1.2127127077695045E-01,
     1.1685470554589521E-01,
     9.9446070579109896E-02,
     9.7734957193017460E-02,
     1.1522441604030151E-01,
     1.2091753687448586E-01,
     9.8137126520625159E-02,
     1.2745902495412031E-01,
     1.3672072402220276E-01,
    -2.6361597208471421E-01,
    -2.0361183229390245E-01,
    -5.7800521765238144E-02,
    -4.1094186841199210E-01,
     9.8474788255584894E-02,
     1.3158655896146365E-01,
     1.3067458486184172E-01,
     1.1204138940701575E-01,
     1.1749529011259478E-01,
     2.5893023140879523E-01,
    -8.8451473690952007E-02,
    -4.1388635821066178E-01,
     1.0646980314396123E-01,
     9.8254140237721291E-02,
     9.7981131432552923E-02
  ],
  "coordination numbers": [
     6.4310967151507956E+00,
     3.4785823720903677E+00,
     1.0017264508152568E+00,
     1.8837403858646251E+00,
     1.8896823584194324E+00,
     3.9576842155540097E+00,
     4.4435681028706000E+00,
     1.9719755404472510E+00,
     3.9574767995147546E+00,
     3.9579013852060330E+00,
     9.9441071459836294E-01,
     9.9430437184110598E-01,
     9.9321416128625462E-01,
     9.9306884193007861E-01,
     9.9417033455625692E-01,
     9.9593400310095248E-01,
     9.9323914670794178E-01,
     9.9559743312630822E-01,
     9.9423935310266565E-01,
     9.8496604585309289E-01,
     3.9547027895484836E+00,
     3.9712454251605909E+00,
     2.8782368382087595E+00,
     9.9168524052718343E-01,
     9.9132834142556980E-01,
     9.9163213920130122E-01,
     9.9121041713789726E-01,
     9.9187836461036927E-01,
     1.0126910732569829E+00,
     4.0011655419573007E+00,
     1.9905529646600471E+00,
     9.9044159134193865E-01,
     9.9004682233166807E-01,
     9.8989472807891143E-01
  ]
}
