{
  "version":  "0.2.0",
  "energy":     1.0119778982195444E+00,
  "charges": [
     6.7576939555705673E-01,
     1.4539252696106904E-02,
    -2.4542986455229693E-01,
    -1.8931960221158284E-01,
     5.0696498065731899E-02,
    -1.9478089702173307E-01,
    -1.8610024321869328E-01,
     1.5962976701920883E-01,
     1.5247566773623286E-01,
     1.5935747241297410E-01,
     1.5893687883643159E-01,
     1.5011683204905252E-01,
     1.5065830315104511E-01,
     1.5873839749238899E-01,
     1.6200904168467256E-01,
     1.5233249424834086E-01,
    -2.0064788991943416E-02,
    -2.7763795871453834E-02,
     6.8099038824109601E-02,
    -3.5408920586452086E-01,
     7.4999712854374873E-02,
    -2.7615464085576857E-02,
     1.8661671277081304E-01,
     1.7855729126186318E-01,
     1.5054508977184122E-01,
     1.6133086972183291E-01,
     1.7939268721547288E-01,
    -5.2511981569076793E-01,
     3.1995947914641026E-01,
     3.0552279499260826E-01
  ],
  "coordination numbers": [
     5.2741322483550785E+00,
     1.0030817155508629E+00,
     9.9885778293056848E-01,
     3.9585340252861885E+00,
     3.9564653928625093E+00,
     3.9569529959685985E+00,
     3.9569827767572701E+00,
     9.9292821994112224E-01,
     9.9287083558613709E-01,
     9.9273187684952369E-01,
     9.9305826384570839E-01,
     9.9287116205178449E-01,
     9.9321366375246534E-01,
     9.9293279154897540E-01,
     9.9293366117142501E-01,
     9.9285954145976341E-01,
     3.0225948812064232E+00,
     3.0078001802773588E+00,
     3.2473624229599531E+00,
     2.9890149712803087E+00,
     3.2496216637051019E+00,
     3.0077784650251314E+00,
     9.9273861273206698E-01,
     9.9294803833150969E-01,
     9.9303588113020691E-01,
     9.9293129194771712E-01,
     9.9295616851394453E-01,
     2.9461960935970088E+00,
     1.0004157892716385E+00,
     9.9988745881738428E-01
  ]
}
