{
  "version":  "0.2.0",
  "energy":    -6.1380337953915648E-02,
  "charges": [
     3.8906917426122828E-01,
    -3.8906917426122828E-01
  ],
  "coordination numbers": [
     9.9869916986419671E-01,
     9.9869916986419671E-01
  ]
}
