{
  "version":  "0.2.0",
  "energy":     9.3688348159894552E-01,
  "charges": [
     8.9610444902115050E-01,
    -2.6644358258486562E-02,
    -3.5009019212499104E-02,
     7.4306271239802213E-02,
    -3.4115508968175634E-01,
     8.4852258860088792E-02,
    -3.0489635620106315E-02,
     1.7884555080818459E-01,
     1.6869141457293205E-01,
     1.6227483214438188E-01,
     1.7234221663743154E-01,
     1.7546363597677039E-01,
     1.9056989850670591E-01,
    -1.4798022179278980E-01,
    -2.1732256425548047E-01,
    -1.8863981635790833E-01,
    -3.1442692825698615E-02,
    -3.6920172582260852E-02,
    -3.4866816864004085E-02,
     3.4090106589793306E-02,
    -3.5561882275929879E-02,
    -3.7369234674481250E-02,
     2.7355475749123087E-01,
    -3.1234183194958187E-01,
    -3.2576053398139793E-01,
     1.7956889592876690E-01,
     1.7752728735611173E-01,
     1.7744300730506440E-01,
     1.7718072485469172E-01,
     1.7706657318184116E-01,
    -3.2871170931246363E-02,
    -4.1436448069544246E-02,
    -4.0720531519462227E-02,
     2.1014869148803995E-02,
    -4.9562725904660279E-02,
    -3.6839436867057387E-02,
     2.4242987355634385E-01,
    -3.2966691323152147E-01,
    -3.4475066020647227E-01,
     1.7809964654880941E-01,
     1.7320317008479905E-01,
     1.6824903440672390E-01,
     1.5619316122134902E-01,
     1.7728649652089029E-01,
     2.6099362509967811E-01
  ],
  "coordination numbers": [
     7.7984372923406227E+00,
     3.0224965173320699E+00,
     3.0090745479857386E+00,
     3.1932452632284249E+00,
     2.9908610016451762E+00,
     3.3070179165650115E+00,
     3.0086820558388760E+00,
     9.9278473992217275E-01,
     9.9299451078164491E-01,
     9.9278051400701450E-01,
     9.9461706628028068E-01,
     9.9298667147021202E-01,
     3.7735429719565028E+00,
     1.0011640945385700E+00,
     1.9845391964725918E+00,
     1.9839448428307689E+00,
     3.0155843582780157E+00,
     3.0103182986871087E+00,
     3.0166044768800733E+00,
     3.0207926985673890E+00,
     3.0164130962219060E+00,
     3.0102783761538854E+00,
     3.9263775860758940E+00,
     1.9926147680855300E+00,
     1.9934207267745849E+00,
     9.9278172729528524E-01,
     9.9297231444971157E-01,
     9.9294995086458027E-01,
     9.9294558611509842E-01,
     9.9297453264672875E-01,
     3.0157397619136495E+00,
     3.0095990408681343E+00,
     3.0198252303883386E+00,
     3.0184780264894249E+00,
     3.0136460571343147E+00,
     3.0096357729185881E+00,
     3.6194753511787603E+00,
     1.9781443367034051E+00,
     2.8051680081307655E+00,
     9.9278281905331056E-01,
     9.9297592688107628E-01,
     9.9294643109765879E-01,
     9.9250184096963689E-01,
     9.9297738120692447E-01,
     9.9257202825746660E-01
  ]
}
