{
  "version":  "0.2.0",
  "energy":    -1.4580896745437004E+00,
  "charges": [
     6.4951896258262742E-01,
    -7.6809525735554973E-01,
    -1.2657004504069966E+00,
    -6.1572325482008128E-01
  ],
  "coordination numbers": [
     2.9180390242597527E+00,
     9.9925363893126917E-01,
     9.4185680944777683E-01,
     9.8115763798498090E-01
  ]
}
