{
  "version":  "0.2.0",
  "energy":    -1.5363517995874421E-01,
  "charges": [
    -2.7433107971354193E-01,
     2.6292917960327611E-01,
     2.7631845572138547E-01,
     2.6306307329338119E-01,
    -2.8251425029489885E-01,
    -2.4546537860960199E-01
  ],
  "coordination numbers": [
     4.3836272968002010E+00,
     3.2660758412385649E+00,
     3.0662343118541031E+00,
     3.2640417770923333E+00,
     2.5207207896041979E+00,
     1.8827912852822548E+00
  ]
}
