{
  "version":  "0.2.0",
  "energy":    -3.0923128252903193E-02,
  "charges": [
     3.7920117099709905E-01,
    -2.0972958187904328E-01,
    -8.4664418511477907E-02,
    -8.4807170606577831E-02
  ],
  "coordination numbers": [
     2.9701836881230994E+00,
     9.9894738490822022E-01,
     1.9836098297766318E+00,
     1.9824805887398131E+00
  ]
}
