{
  "version":  "0.2.0",
  "energy":    -8.7203327171629319E-02,
  "charges": [
     5.5701170387278232E-01,
    -2.7837603913745251E-01,
    -2.7863566473532980E-01
  ],
  "coordination numbers": [
     1.9966543645591637E+00,
     9.9881059467078348E-01,
     9.9883004304512468E-01
  ]
}
