{
  "version":  "0.2.0",
  "energy":    -2.0064031469134727E-02,
  "charges": [
     2.9697609822709126E-01,
    -7.4506885441709442E-02,
    -7.4520990699468298E-02,
    -7.3973455150383005E-02,
    -7.3974766935530525E-02
  ],
  "coordination numbers": [
     3.8590942816677236E+00,
     9.5769261769998160E-01,
     9.5769597505211124E-01,
     9.7862409488335977E-01,
     9.7858497442177139E-01
  ]
}
