{
  "version":  "0.2.0",
  "energy":    -4.2644769079243944E-02,
  "charges": [
     3.5184453085124201E-01,
    -3.5184453085124201E-01
  ],
  "coordination numbers": [
     9.9893429981284143E-01,
     9.9893429981284143E-01
  ]
}
