{
  "version":  "0.2.0",
  "energy":    -7.5417958147555725E-03,
  "charges": [
     1.2084534851087750E-01,
     4.8589036184523322E-02,
    -1.6943438469540081E-01
  ],
  "coordination numbers": [
     1.9269513523914714E+00,
     1.7186055156352831E+00,
     1.7447923916638954E+00
  ]
}
