{
  "version":  "0.2.0",
  "energy":     2.9489337663176091E-01,
  "charges": [
     8.9963786525589906E-01,
    -1.4099990973757442E-01,
     1.2126220929251880E-01,
    -6.3309764539008634E-02,
     1.1139770131815763E-01,
    -3.4758962818653977E-01,
    -1.5005325644537201E-01,
    -3.3438337104201277E-01,
     1.3729220238451312E-01,
     1.5874171960352459E-01,
     1.6303208304641922E-01,
     1.3383426432419096E-01,
     1.3571418593390994E-01,
     1.4773905076197066E-01,
     1.5361069335249183E-01,
    -3.0060615441281069E-01,
     5.9480462421261282E-01,
    -3.5093254538857610E-01,
    -3.3607696655111213E-01,
    -6.5455840824723749E-02,
    -4.1285729712072383E-01,
     1.5310836320506499E-01,
     1.5174643393369333E-01,
     1.7901620499951798E-01,
     2.6132713262396912E-01
  ],
  "coordination numbers": [
     4.9608963582218042E+00,
     3.9604728032769367E+00,
     3.2573060717881051E+00,
     3.0095517809102610E+00,
     3.2007282478827968E+00,
     1.9911888251839152E+00,
     3.9606696844545342E+00,
     1.9976439955579179E+00,
     9.9238749024885742E-01,
     9.9133160402055776E-01,
     9.9155262912924336E-01,
     9.9325952971986009E-01,
     9.9237060231560736E-01,
     9.9159783921301337E-01,
     9.9139495815155954E-01,
     9.9980989913046958E-01,
     3.4326601484730590E+00,
     1.9924585510256145E+00,
     9.9923140072577077E-01,
     4.0108199065634729E+00,
     2.9564294682236563E+00,
     9.9201830155276127E-01,
     9.9208440151596911E-01,
     9.9256465757269652E-01,
     1.0429996049565196E+00
  ]
}
