{
  "version":  "0.2.0",
  "energy":    -1.3861527459986028E-01,
  "charges": [
    -3.4123381842402201E-01,
     2.9764408128723735E-01,
     2.9762900136077075E-01,
    -2.5403926422398615E-01
  ],
  "coordination numbers": [
     2.6519682692564830E+00,
     8.3829446957616849E-01,
     8.3822695990165474E-01,
     9.7844088657344308E-01
  ]
}
