{
  "version":  "0.2.0",
  "energy":    -2.9520893205665599E-01,
  "charges": [
     7.8213823313886777E-01,
    -3.1835100707116970E-01,
    -8.5675018476119247E-02,
    -8.6202739210602397E-02,
     3.7874835222785452E-02,
    -3.3889963243926657E-01,
     4.1629303458204037E-02,
    -8.4922542089783781E-02,
     1.1881076493982540E-01,
     1.1746619845675532E-01,
     1.3778024625465010E-01,
     1.5212638570915210E-01,
     1.1850413174160429E-01,
    -1.0694340124828061E-01,
     1.2679615342184225E-01,
    -3.9823667864938994E-01,
    -9.0116679785481768E-02,
    -9.2673338706761976E-02,
    -7.5377605513258783E-02,
     1.3549251355149616E-02,
    -7.3882601370570344E-02,
    -9.1891315148362296E-02,
     2.5819724132832145E-01,
    -3.4443404635710467E-01,
    -3.6091382212837664E-01,
     1.1950297465643989E-01,
     1.2040668160911003E-01,
     1.4040561491140685E-01,
     1.4196574541516821E-01,
     1.2136666657524525E-01
  ],
  "coordination numbers": [
     6.9877256106226469E+00,
     9.9756995867902454E-01,
     3.0222018407318325E+00,
     3.0106562913251187E+00,
     3.1588027362171349E+00,
     2.9408474152659920E+00,
     3.1002499547453670E+00,
     3.0108540227323619E+00,
     9.9281765570769043E-01,
     9.9303633088913035E-01,
     9.9272096975367141E-01,
     9.9252512541302895E-01,
     9.9300655758226419E-01,
     1.8961083131553611E+00,
     2.8946884879979020E+00,
     1.8263294015714617E+00,
     3.0143233052180065E+00,
     3.0125020193971901E+00,
     3.0163740942831021E+00,
     3.0195489703069578E+00,
     3.0164268942751340E+00,
     3.0125694793466113E+00,
     3.8170339248299570E+00,
     1.9552077067621605E+00,
     1.9639685444543904E+00,
     9.9280152545643308E-01,
     9.9285872794595065E-01,
     9.9293322738804601E-01,
     9.9294175142535135E-01,
     9.9287433493691690E-01
  ]
}
