{
  "version":  "0.2.0",
  "energy":    -1.8977562975472026E-01,
  "charges": [
     6.0793055617510983E-01,
     6.8132324396976696E-02,
     3.8697469424922248E-02,
    -3.2361696514180260E-01,
     5.2386560287729464E-02,
     7.0201077341195045E-02,
    -3.5491509562744844E-01,
     1.3431787631436595E-01,
     1.2928536210925171E-01,
     1.5326382843462732E-01,
     1.3721943025442074E-01,
    -5.5520480650028708E-02,
    -3.5624897152320045E-01,
     1.3085363234844516E-01,
     1.2560345106210302E-01,
     1.2404187870065696E-01,
     1.8516485607929062E-01,
    -2.5201690562190060E-01,
    -2.3863029254592502E-01,
    -2.1866446860791255E-01,
    -1.5748512321087638E-01
  ],
  "coordination numbers": [
     5.7088428115738701E+00,
     3.0743967863277817E+00,
     3.1646722045813096E+00,
     2.9655924125907598E+00,
     3.1385969024252898E+00,
     3.0745579573824786E+00,
     2.0149675853821210E+00,
     9.9257073873428148E-01,
     9.9255487312638557E-01,
     9.9269015570840402E-01,
     9.9255731661275792E-01,
     4.0382808726211348E+00,
     1.9925823746906781E+00,
     9.9091934798465875E-01,
     9.9086400360839910E-01,
     9.9090667622400019E-01,
     3.6630037542725171E+00,
     1.0016742800940266E+00,
     1.9525916602560507E+00,
     1.9567078804526483E+00,
     9.9237126293497635E-01
  ]
}
