{
  "version":  "0.2.0",
  "energy":    -6.0382150431199016E-02,
  "charges": [
     4.9971357921788384E-01,
    -2.4985393992420429E-01,
    -2.4985963929367952E-01
  ],
  "coordination numbers": [
     1.9910260902249055E+00,
     9.9600093046046201E-01,
     9.9600266787794833E-01
  ]
}
