{
  "version":  "0.2.0",
  "energy":    -1.7255217880111673E+00,
  "charges": [
     8.4722626443817983E-01,
    -2.4177309584731341E-02,
     2.6760836033876911E-01,
    -5.1419310445889355E-01,
    -3.6633602014268796E-01,
    -5.9820340876722744E-01,
     6.4123364707534283E-02,
     9.9069503493529443E-02,
     2.2997493220330661E-01,
     2.3676999490591316E-01,
    -3.9846481357614427E-01,
     2.9159418506288365E-01,
    -3.9728510893142061E-01,
    -4.0056699868944812E-01,
    -1.1466004900605070E-01,
    -3.6549975963689973E-01,
     2.6187068905412547E-01,
    -3.5851285426243706E-01,
    -1.2279659705928578E-01,
    -2.4984308436253680E-01,
    -1.2120880265851287E-01,
     5.2639551158464144E-02,
     9.6501982888269194E-02,
     9.8009542242960462E-02,
     1.0040566434457159E-01,
     4.8818571966696103E-02,
     9.6234242283448929E-02,
     1.0351345060800504E-01,
     8.8410464750631329E-02,
     1.0344059120959331E-01,
    -3.5146954848678474E-01,
     9.3409003814765829E-02,
    -4.2254062615260585E-01,
    -3.7386227369598096E-01
  ],
  "coordination numbers": [
     7.5141721781904751E+00,
     4.0552262300870527E+00,
     3.1465476768113918E+00,
     1.0002878861247995E+00,
     1.9646701021050834E+00,
     3.8684738242457239E+00,
     9.9064176234734358E-01,
     9.9148556034709578E-01,
     9.9809988426607621E-01,
     1.0236487507624981E+00,
     1.8509960903959515E+00,
     3.9237549776239549E+00,
     1.8065992394031882E+00,
     1.8282155358903909E+00,
     4.2311403659235927E+00,
     1.9896487429261844E+00,
     3.8203624766899980E+00,
     1.9895033804699338E+00,
     4.1776974253225703E+00,
     2.7209818962595067E+00,
     4.1523481171639567E+00,
     9.9144983068753412E-01,
     9.9095872411086017E-01,
     9.9076592004193120E-01,
     9.9129155765836874E-01,
     9.9121069726252653E-01,
     9.9139979332765193E-01,
     9.9198075950680664E-01,
     9.9137676588287693E-01,
     9.9173541914760310E-01,
     1.0086614810697183E+00,
     2.0037799041498552E+00,
     1.9456280127001540E+00,
     9.9448036524188765E-01
  ]
}
