{
  "version":  "0.2.0",
  "energy":    -8.6445196056634394E-03,
  "charges": [
     1.1750266376821061E-01,
    -1.1750266376821039E-01
  ],
  "coordination numbers": [
     9.8057759483790452E-01,
     9.8057759483790452E-01
  ]
}
