{
  "version":  "0.2.0",
  "energy":     1.3139589893165760E-01,
  "charges": [
     9.5090066559598807E-01,
    -7.3662423464284477E-01,
     2.9736170591766570E-01,
     3.1501747226160537E-01,
     2.9526656173846327E-01,
     1.3835146097252060E-02,
     1.8503559124565630E-01,
    -4.3377088162835897E-01,
    -7.6764030150407814E-01,
     2.9542702954866779E-01,
     2.7485619456253502E-01,
     2.7488342935253068E-01,
    -1.6921038239726127E-01,
     2.4160275181057606E-01,
    -1.2690628496313450E-01,
    -1.8731385649684773E-01,
    -2.1030980038404762E-01,
     5.6286194412426084E-02,
    -2.0755659817295791E-01,
    -2.0921390194247008E-01,
     1.3325828864782660E-01,
     1.4389418981155472E-01,
     1.2635556539617840E-01,
     1.3327457002400647E-01,
     1.2801269974634785E-01,
     1.4786562640994502E-01,
     1.3262689709569681E-01,
     1.3230382162559515E-01,
     1.3821409091073625E-01,
    -7.6190437902798847E-01,
     2.8244309530942552E-01,
     3.0084332750361686E-01,
     2.8433212374362110E-01,
    -3.5604438111182579E-02,
    -2.5575404003753460E-01,
    -1.8208793945921056E-01
  ],
  "coordination numbers": [
     7.6145331999430583E+00,
     3.9044793974770560E+00,
     9.9952394581064219E-01,
     1.0012662708478350E+00,
     9.9681414036659621E-01,
     1.1945390142056684E+00,
     2.2823716753687995E+00,
     1.9992702645680351E+00,
     3.9107322095875734E+00,
     1.0010424365956645E+00,
     1.0082162309371130E+00,
     9.9652272721727808E-01,
     9.9887947233361274E-01,
     3.3726785723266266E+00,
     1.8255810831718939E+00,
     1.1438265367166185E+00,
     3.9563453299982099E+00,
     3.9376233331374300E+00,
     3.9565803521479284E+00,
     3.9564247026066512E+00,
     9.9239322126088680E-01,
     9.9323907062340133E-01,
     9.9266704662693428E-01,
     9.9247310740509764E-01,
     9.9271669875273982E-01,
     9.9331488459879402E-01,
     9.9241675450633693E-01,
     9.9286420715823631E-01,
     9.9312693416102160E-01,
     3.9233595516623181E+00,
     1.0001780409632053E+00,
     1.0067478075867795E+00,
     9.9829168808442592E-01,
     2.5977423582049255E+00,
     1.9614915042898335E+00,
     1.9274261183604642E+00
  ]
}
