{
  "version":  "0.2.0",
  "energy":    -8.3765430214003733E-01,
  "charges": [
    -2.8410534433150003E-02,
    -5.7652966877544298E-01,
     6.1759486664400842E-01,
    -1.0126546634354154E+00
  ],
  "coordination numbers": [
     2.8837632626058012E+00,
     9.9348141345714680E-01,
     1.8827623187411318E+00,
     1.9767021637516873E+00
  ]
}
