{
  "version":  "0.2.0",
  "energy":     8.5208270547196530E-01,
  "charges": [
     1.0270061630050551E+00,
    -1.6811998379734919E-02,
    -2.1604526301311155E-02,
    -2.0203455478909116E-02,
     4.9587823822370924E-02,
    -2.2108538025508384E-02,
    -2.1966322590692422E-02,
     3.1009909066307600E-01,
    -3.4347176334427199E-01,
    -3.4335380961196160E-01,
     1.9422724341569464E-01,
     1.9281417063048437E-01,
     1.9392530077771788E-01,
     1.8962942453899900E-01,
     1.9240816976040997E-01,
    -1.6276805945844816E-01,
     2.7547529522994879E-01,
    -1.1348523514336201E-01,
    -1.2904896931341661E-01,
    -1.0558026255604990E-02,
    -4.1114226414928609E-02,
    -2.7900830480427746E-01,
    -7.4291096699127057E-01,
     2.9685625429862200E-01,
     3.2460172042514568E-01,
     3.3523853706600371E-01,
    -1.8547374548474993E-01,
     5.9126201685717056E-02,
    -1.7066657766437118E-01,
    -1.7169246288304010E-01,
     1.6375018782054956E-01,
     1.5478183364379858E-01,
     1.6383522423023478E-01,
     1.6380272014868530E-01,
     1.7439106263687087E-01,
     1.7001469716866924E-01,
     1.6402338889302420E-01,
     1.7205350706146183E-01,
     1.7476813596623381E-01,
    -1.7078930410893423E-02,
    -3.9724435680987547E-02,
    -2.8936579865103329E-01
  ],
  "coordination numbers": [
     5.9694532300115348E+00,
     3.0153027725051817E+00,
     3.0108993497785699E+00,
     3.0183184004026602E+00,
     3.0194663987777757E+00,
     3.0147384860084276E+00,
     3.0109844587470143E+00,
     3.2028575202274912E+00,
     1.1140968974377525E+00,
     1.9940004160409348E+00,
     9.9283930852265634E-01,
     9.9297031608150110E-01,
     9.9295170388005616E-01,
     9.9300146422972269E-01,
     9.9296780706971255E-01,
     9.9900543990957047E-01,
     3.1572095282893091E+00,
     1.9378310844254614E+00,
     9.9905301660462609E-01,
     1.6370125858112949E+00,
     9.9940670437855683E-01,
     1.6320691102347045E+00,
     3.9140491495878411E+00,
     9.9723595252579411E-01,
     9.9920899648544559E-01,
     1.0077404603784927E+00,
     3.9562057102873824E+00,
     3.9184483682445350E+00,
     3.9566726029833008E+00,
     3.9568748134679028E+00,
     9.9265038045057086E-01,
     9.9268141021379197E-01,
     9.9283643711042124E-01,
     9.9280092255612118E-01,
     9.9303925340840227E-01,
     9.9304054641386763E-01,
     9.9278048429010823E-01,
     9.9314189184925095E-01,
     9.9309643442551998E-01,
     1.5900835560244193E+00,
     9.9940515376450101E-01,
     1.5856334533598719E+00
  ]
}
