{
  "version":  "0.2.0",
  "energy":    -1.8373902121643515E-01,
  "charges": [
     8.1795094511186217E-01,
     1.1833726125949125E-01,
    -3.4338368892779075E-01,
    -2.4978473247901101E-01,
    -5.1194273521178846E-01,
     3.2330513061157351E-01,
     1.2032265849439365E-01,
    -2.7480483885873042E-01
  ],
  "coordination numbers": [
     4.5226656056222225E+00,
     1.7863569904272065E+00,
     1.9789452096848734E+00,
     9.9788114103753855E-01,
     1.9912807055538186E+00,
     1.0001372480003150E+00,
     1.7806311093394216E+00,
     9.9944108001859355E-01
  ]
}
