{
  "version":  "0.2.0",
  "energy":     3.0272899210438298E-01,
  "charges": [
     8.7092049709548669E-01,
    -5.9151326755600753E-01,
    -2.2962269605599384E-02,
    -2.6048252466795332E-02,
    -4.4967210474604846E-01,
    -3.3726790109731619E-02,
    -2.4841898780968111E-02,
    -6.0376703356520312E-01,
     2.6640310955217383E-01,
     2.5749300919636653E-01,
     1.2588506222507898E-01,
     1.2957454026385185E-01,
     1.2266763903147565E-01,
     1.4132453813873216E-01,
     2.3671477446323314E-01,
     1.2416025736911952E-01,
     1.3245998434944839E-01,
     1.2576312640608667E-01,
     1.2979711689042231E-01,
     2.5803885394347148E-01,
     2.5093196615144786E-01,
    -1.2526300153205563E-01,
     1.2323428490574738E-01,
    -4.1757414161973322E-01
  ],
  "coordination numbers": [
     5.4892217885953620E+00,
     3.9047174427693525E+00,
     4.0595493624704160E+00,
     4.1325422647959211E+00,
     3.9423866014143805E+00,
     4.1403792768487193E+00,
     4.0460826529007079E+00,
     3.9023817700681152E+00,
     1.0278651543057045E+00,
     9.9644327424988166E-01,
     9.9189069767718507E-01,
     9.9128877775271640E-01,
     9.9114578626709093E-01,
     9.9162205758946076E-01,
     1.0409079067179627E+00,
     9.9111695452902993E-01,
     9.9150074795243448E-01,
     9.9189937438821030E-01,
     9.9131005404395811E-01,
     9.9642287002359353E-01,
     1.0305693491178003E+00,
     9.9637334091823337E-01,
     1.0866993275459187E+00,
     1.9938638838612226E+00
  ]
}
