{
  "version":  "0.2.0",
  "energy":     9.5926408042095845E-01,
  "charges": [
     5.0743425295562639E-01,
    -8.5075438998366268E-02,
    -3.9757848686081776E-01,
     1.5061308160404685E-01,
     1.4663385246025806E-01,
     1.3598351263008207E-01,
     2.5209488747354986E-01,
    -4.5874129727947410E-02,
    -1.2113824457016298E-01,
    -1.1516950260122849E-01,
    -4.6763159872546839E-02,
    -2.9016275031981897E-01,
     1.1768932178149652E-01,
     1.3820089179939191E-01,
     1.4461228702535689E-01,
     1.2887211925079534E-01,
     1.4538347864866635E-01,
     1.4285038780810982E-01,
     1.3381191602934567E-01,
     1.2039041995333055E-01,
    -5.7252220680337507E-01,
     2.6976170214245537E-01,
     2.8386815472608123E-01,
    -2.1572349889309594E-01,
     4.5265103565663670E-02,
    -2.1608332432428135E-01,
    -2.1306362037916995E-01,
     1.4057484220599975E-01,
     1.3107377609751059E-01,
     1.2537066280063594E-01,
     1.4045432853441803E-01,
     1.1925569438921946E-01,
     1.3214755397718700E-01,
     1.4238091118632595E-01,
     1.3428831097471083E-01,
     1.2752277165971346E-01,
    -1.7213812122563982E-01,
    -4.4259230786574760E-02,
    -4.2558768609596964E-01,
     1.3795588627524474E-01,
     1.0936137253426213E-01,
     1.2691926679038676E-01,
     1.3822773135965843E-01,
     1.4253314252932167E-01,
     2.4960778029014385E-01
  ],
  "coordination numbers": [
     5.7918283445033989E+00,
     4.0203617482892708E+00,
     2.9354500477007184E+00,
     9.9179320978972463E-01,
     9.9177950098494083E-01,
     9.9221934775589826E-01,
     1.0028975362931591E+00,
     4.1598158486792753E+00,
     3.9827671202526203E+00,
     3.9864019232383843E+00,
     4.1361552843828857E+00,
     2.9538238568781692E+00,
     9.9185539128453293E-01,
     9.9125730410983337E-01,
     9.9198332783697207E-01,
     9.9140409809346242E-01,
     9.9158610812314674E-01,
     9.9199269914581389E-01,
     9.9164332252037468E-01,
     9.9120546390748032E-01,
     2.9496578948773546E+00,
     9.9790112743431258E-01,
     1.0053858771562405E+00,
     3.9566495732102354E+00,
     3.9386960274290486E+00,
     3.9563826045719495E+00,
     3.9561976030190733E+00,
     9.9245104064078582E-01,
     9.9273543168738332E-01,
     9.9267785932124752E-01,
     9.9245054255282295E-01,
     9.9279294558751463E-01,
     9.9262299695771095E-01,
     9.9248918232585570E-01,
     9.9266415635962346E-01,
     9.9268571883478529E-01,
     4.3270181435306228E+00,
     4.1263846679668825E+00,
     2.9513057258416486E+00,
     9.9181210800873387E-01,
     1.0578819692722163E+00,
     1.0202776655213599E+00,
     9.9155063088833018E-01,
     9.9152002508578363E-01,
     1.0004824688312022E+00
  ]
}
