{
  "version":  "0.2.0",
  "energy":     2.7497703557742798E-01,
  "charges": [
     5.6729196730374887E-01,
    -7.9437345987582217E-02,
    -8.4089712715704423E-02,
    -7.3855907721104175E-02,
     8.7576059796554973E-03,
    -7.5666408584699335E-02,
    -8.4841976625193660E-02,
     2.7148746196897305E-01,
    -3.4248257312659691E-01,
    -3.6939367179299432E-01,
     1.3786679490178438E-01,
     1.3772451213076320E-01,
     1.4856108296460480E-01,
     1.4141537934778678E-01,
     1.3531040409717532E-01,
     6.6939442776347918E-02,
     2.7597240629847211E-02,
    -3.4013452628573726E-01,
     4.6923041876318322E-02,
     7.3006265871059614E-02,
    -3.4402219808900447E-01,
     1.3762626826363844E-01,
     1.0957982222080001E-01,
     1.4561111241809638E-01,
     1.4303633295796991E-01,
    -2.2264282326126544E-01,
     5.6447048541161560E-02,
    -2.2129936381860796E-01,
    -2.3128607783535179E-01,
     1.1884499290009964E-01,
     1.3275663065774107E-01,
     1.1965164407037979E-01,
     1.1813783662630233E-01,
     1.2260353827676797E-01,
     1.3234171010500395E-01,
     1.1613150070709562E-01,
     1.1991314692925288E-01,
     1.1688104695178990E-01,
    -7.4734638694355726E-01,
     2.6220698178242557E-01,
     2.8499405795999549E-01,
     2.7394035913312931E-01,
    -1.6419086769613345E-01,
     8.8393537385288212E-02,
    -3.6399065646376705E-01,
     1.3086558101594639E-01,
     1.2662436791618348E-01,
     1.2521178028016672E-01
  ],
  "coordination numbers": [
     6.7644046366446187E+00,
     3.0134196078509241E+00,
     3.0115674925068294E+00,
     3.0155987055630815E+00,
     3.0175918507899135E+00,
     3.0156054549979077E+00,
     3.0116077258857628E+00,
     3.9020056192577099E+00,
     1.9697884037048228E+00,
     1.9776031404592027E+00,
     9.9281657522633004E-01,
     9.9284480575847844E-01,
     9.9290534536457997E-01,
     9.9290208717040773E-01,
     9.9285056589605958E-01,
     3.0736641006820955E+00,
     3.1927062927563430E+00,
     2.9539378620997132E+00,
     3.1344705303782181E+00,
     3.0739933182646846E+00,
     2.0156173175934029E+00,
     9.9250252085579227E-01,
     9.9278742064011993E-01,
     9.9268655057927635E-01,
     9.9251538593049826E-01,
     3.9579294052445499E+00,
     3.9483657127352281E+00,
     3.9639592258849401E+00,
     3.9559232150071049E+00,
     9.9234692658365109E-01,
     9.9371334917367804E-01,
     9.9276680675472040E-01,
     9.9229954892918304E-01,
     9.9263496070859158E-01,
     9.9350871875093905E-01,
     9.9272537523437521E-01,
     9.9229962968809371E-01,
     9.9270555756525347E-01,
     3.9344541974425278E+00,
     9.9910198378816606E-01,
     1.1258531176308537E+00,
     9.9898972441859790E-01,
     3.9579905188139239E+00,
     2.0602579390055169E+00,
     1.9595384642926517E+00,
     9.9185065521527882E-01,
     9.9143680868049255E-01,
     9.9184278648074020E-01
  ]
}
