{
  "version":  "0.2.0",
  "energy":     2.6724745507009678E-01,
  "charges": [
     9.1345477815397746E-01,
    -5.8535207583560150E-02,
    -6.4460444233672365E-02,
    -5.6239759967519468E-02,
     2.7800627042473408E-02,
    -5.0579507801079962E-02,
    -6.1372153824249320E-02,
     2.6403510531101881E-01,
    -3.8751362737132800E-01,
    -3.4970561429826086E-01,
     1.5142873325207717E-01,
     1.4829222027607730E-01,
     1.5160134206209994E-01,
     1.6306668941293515E-01,
     1.5196318607281437E-01,
    -5.9767274765377604E-02,
    -6.6910529371468602E-02,
    -5.9537772130511729E-02,
     1.3604279847844375E-02,
    -6.7383067797275209E-02,
    -6.1132893125533362E-02,
     2.5824442542025466E-01,
    -3.4338895990411167E-01,
    -3.8139121884251243E-01,
     1.4944350688518190E-01,
     1.4321286343580653E-01,
     1.5734517512405627E-01,
     1.3922209738443012E-01,
     1.5114487617300940E-01,
     2.6370604956202914E-01,
     1.5058781223476556E-01,
    -2.7429118383789752E-01,
    -1.1260973001784116E-01,
    -1.3632869438769279E-01,
     1.2392402868305891E-01,
    -3.7318348440482429E-01,
     1.4951414942497579E-01,
     1.4715573693142284E-01,
     1.4558344097440729E-01
  ],
  "coordination numbers": [
     6.4083243463865571E+00,
     3.0147561970328054E+00,
     3.0120900496893297E+00,
     3.0163339142293948E+00,
     3.0198460571758323E+00,
     3.0166847335508162E+00,
     3.0120602914936843E+00,
     3.8819107912673285E+00,
     1.9811219867032612E+00,
     1.9820341178590635E+00,
     9.9283420650750021E-01,
     9.9292593511057436E-01,
     9.9296915961453180E-01,
     9.9295878121023495E-01,
     9.9292785771609715E-01,
     3.0147734312098509E+00,
     3.0122419067832071E+00,
     3.0166834134577227E+00,
     3.0181934232672205E+00,
     3.0151304021399721E+00,
     3.0113783502852733E+00,
     3.0582835530790575E+00,
     1.9836181085780691E+00,
     1.9919862084193252E+00,
     9.9287402285863724E-01,
     9.9295904209525077E-01,
     9.9283919467481851E-01,
     9.9246838513804914E-01,
     9.9298217174404613E-01,
     9.9338660963520908E-01,
     1.7557201481396838E+00,
     9.9943615036206968E-01,
     9.9658038926306869E-01,
     3.9582772280573986E+00,
     2.0149823469380861E+00,
     1.9611889087564842E+00,
     9.9180104819844939E-01,
     9.9177456852181400E-01,
     9.9176197095116159E-01
  ]
}
