{
  "version":  "0.2.0",
  "energy":    -3.3718019319269216E-01,
  "charges": [
     8.2418615854294930E-01,
    -1.0172391145189570E-01,
    -1.0380633580059129E-01,
    -8.6964372778971649E-02,
     4.7528929552211052E-04,
    -9.2761516276893843E-02,
    -1.0654079514179175E-01,
     2.4827605593409710E-01,
    -3.9214487621006100E-01,
    -3.8089327592243638E-01,
     1.0933250643517251E-01,
     1.1123247695231099E-01,
     1.3186857550361281E-01,
     1.2276782101889444E-01,
     1.0841772568131916E-01,
    -6.1139481630400366E-02,
    -1.4861754556636131E-01,
    -1.4728224207666593E-01,
    -5.8081751574735205E-02,
    -2.8455305347058235E-01,
     1.2438072994074599E-01,
     9.6990053507351306E-02,
     9.0873263883859634E-02,
     1.0622630376324671E-01,
     9.2526790106775947E-02,
     1.1045777884850633E-01,
     1.0067945390898211E-01,
     1.2239667310598562E-01,
    -2.1967442091799511E-01,
    -6.0749470681218450E-02,
    -4.0601437879009361E-01,
     9.2556538340738334E-02,
     1.0595290000622304E-01,
     1.2428037311909243E-01,
     1.0724292007507860E-01,
     1.2274704327139951E-01,
     2.3868286598312935E-01,
    -1.5634899281082248E-01,
     1.3969298828620019E-01,
    -4.3576534884890511E-01,
    -8.2339028235459799E-02,
    -4.1272194123826267E-01,
     9.3854681173139720E-02,
     1.0430504899795494E-01,
     1.0771972374185593E-01
  ],
  "coordination numbers": [
     6.4069388489284416E+00,
     3.0139723221958699E+00,
     3.0122651229121784E+00,
     3.0160592472874281E+00,
     3.0180587677657300E+00,
     3.0163212300763496E+00,
     3.0121560244774095E+00,
     3.7428315101385170E+00,
     1.8989356811215314E+00,
     1.9489428882925939E+00,
     9.9279448791866720E-01,
     9.9285255560881591E-01,
     9.9292338275412018E-01,
     9.9292424200400031E-01,
     9.9284476473500938E-01,
     4.0971176973055030E+00,
     3.9688548400809589E+00,
     3.9685244780031352E+00,
     4.1583987641672664E+00,
     2.9060580804118610E+00,
     9.9219464491984866E-01,
     9.9101663024978492E-01,
     9.9187057132980261E-01,
     9.9191917635737248E-01,
     9.9192421512404838E-01,
     9.9187519320570949E-01,
     9.9101764716980778E-01,
     9.9282701257013084E-01,
     3.9545439068482153E+00,
     3.9620485216856238E+00,
     2.8080044912225102E+00,
     9.9166645884560101E-01,
     9.9124940063648470E-01,
     9.9170086742864694E-01,
     9.9106776711466171E-01,
     9.9173594848429136E-01,
     9.9619949130388541E-01,
     1.0120741897550580E+00,
     2.0283776617049609E+00,
     1.9972454874721732E+00,
     3.9973072737028286E+00,
     1.9914086797496529E+00,
     9.8994808465405359E-01,
     9.9040455107047887E-01,
     9.9059350924380762E-01
  ]
}
