{
  "version":  "0.2.0",
  "energy":     3.3086631752469198E-01,
  "charges": [
     7.5000714438099325E-01,
    -5.5928504882248653E-02,
    -6.0730398405904662E-02,
    -5.4374739340015132E-02,
     2.3161760670274756E-02,
    -5.0631054604194148E-02,
    -5.9112600413287808E-02,
     2.6846398925945181E-01,
    -3.2225969780471053E-01,
    -3.3321123266519326E-01,
     1.5447140827455813E-01,
     1.5294286298180099E-01,
     1.5791144377550265E-01,
     1.6394580095010555E-01,
     1.5467840477580536E-01,
     1.8706969853347122E-01,
    -1.9759436876166891E-01,
    -1.9816464680199886E-01,
    -2.0358151661018953E-01,
    -5.8835864749835931E-02,
    -3.0183344659646150E-01,
     2.7304563381885322E-01,
    -2.5005178517396875E-01,
    -8.2042744183602467E-02,
    -2.4658907014448039E-01,
    -8.6538966254870231E-02,
     1.4730051859384813E-01,
     1.3095004576821193E-01,
     1.4764043621712153E-01,
     1.4301230411880692E-01,
     1.3646043126726781E-01,
     1.4700018514125934E-01,
     1.4689027964490387E-01,
     1.4270903725176237E-01,
     1.3381925196863229E-01
  ],
  "coordination numbers": [
     7.4101749273466204E+00,
     3.0148424224159340E+00,
     3.0118978462590889E+00,
     3.0163627314209922E+00,
     3.0201045708013590E+00,
     3.0162959210571305E+00,
     3.0119512210481902E+00,
     3.8950318804822350E+00,
     1.9858901711431098E+00,
     1.9816530002032637E+00,
     9.9284015979274631E-01,
     9.9293844163805467E-01,
     9.9295995795265313E-01,
     9.9296839568833839E-01,
     9.9293359555260441E-01,
     3.7464261869648725E+00,
     1.0016493823675932E+00,
     1.9764347249213277E+00,
     1.9697955028377976E+00,
     4.1281582484274502E+00,
     1.9884603321256780E+00,
     4.1525131293317790E+00,
     2.9081502889925090E+00,
     4.1683758990215640E+00,
     2.9287057920945410E+00,
     4.1617155721334722E+00,
     9.9214483735694170E-01,
     9.9154130862448664E-01,
     9.9213820927804353E-01,
     9.9215204022984338E-01,
     9.9166766006779383E-01,
     9.9182664248890706E-01,
     9.9223670478583070E-01,
     9.9187399005899390E-01,
     9.9178665204742700E-01
  ]
}
