{
  "version":  "0.2.0",
  "energy":    -3.4417417327778432E-01,
  "charges": [
     7.2120591516564270E-01,
    -2.0597760343413477E-01,
    -5.1875444699152840E-02,
    -4.0026681016616111E-01,
     9.9707892597241748E-02,
     1.0980159494130827E-01,
     1.4466011160497266E-01,
     1.0447138669514237E-01,
     1.3804213611784177E-01,
     2.3311968126407767E-01,
    -2.6395519312319676E-01,
    -8.2625240852743587E-02,
    -3.2139382774028358E-01,
     2.7544794023428054E-01,
    -3.3857230416587647E-01,
    -7.5812542112229001E-02,
    -2.5133244362341506E-01,
    -9.3640777759440325E-02,
     1.0902677298503510E-01,
     1.0118762278652427E-01,
     1.2263343339680223E-01,
     1.0870940329939406E-01,
     1.4210798298573807E-01,
     1.2013825712225197E-01,
     1.2110941600719351E-01,
     1.0883016646855384E-01,
     1.2484556953267470E-01,
    -7.0740771404211825E-02,
    -3.9383540500812503E-01,
     1.0041126620787683E-01,
     1.0886586301738628E-01,
     1.1037282141723662E-01,
    -1.8678670415767562E-01,
     6.3287418520359628E-02,
    -3.7274551172061327E-01,
     1.0665148442203520E-01,
     1.2139187587104038E-01,
     1.1125924049586615E-01,
    -7.4053128992423473E-02,
    -2.0696671939412389E-01,
    -2.1670482480266984E-01
  ],
  "coordination numbers": [
     7.5778600351204792E+00,
     3.9549587002992501E+00,
     4.0179101128891990E+00,
     2.9558104388646695E+00,
     9.9165350400374042E-01,
     9.9136587782319996E-01,
     9.9176872598453247E-01,
     9.9123309515810920E-01,
     9.9208437048275577E-01,
     1.1278519519269610E+00,
     9.9185482567605199E-01,
     4.0779816019308752E+00,
     1.9898094948577691E+00,
     3.8283315034409302E+00,
     1.9889170845002013E+00,
     4.1661063441669519E+00,
     2.9405369544373032E+00,
     4.3081979954334262E+00,
     9.9202719661409056E-01,
     9.9155384489429910E-01,
     9.9187772154405529E-01,
     9.9203781373314648E-01,
     9.9150534201154272E-01,
     9.9110694328568094E-01,
     9.9182353348469121E-01,
     9.9174720965829799E-01,
     1.0124056376191897E+00,
     4.1235795915560258E+00,
     1.9936162831799926E+00,
     9.9015937107692675E-01,
     9.9055204717478951E-01,
     9.9057263305142929E-01,
     3.9580201609657673E+00,
     2.1581068027365751E+00,
     1.9279939761296925E+00,
     9.9195178513016735E-01,
     9.9129915173676331E-01,
     9.9184135656016892E-01,
     2.6984696222109390E+00,
     1.9710059290332831E+00,
     1.9665191336173811E+00
  ]
}
