{
  "version":  "0.2.0",
  "energy":    -2.5922052139122091E+00,
  "charges": [
    -6.6842216908260665E-01,
    -1.9790534558646278E+00,
    -1.3525243750527656E+00
  ],
  "coordination numbers": [
     1.9948309866498830E+00,
     9.9782660653859168E-01,
     9.9798780683984223E-01
  ]
}
