{
  "version":  "0.2.0",
  "energy":     3.4655336594856356E-01,
  "charges": [
     7.8607684957864499E-01,
     2.0732948910921145E-02,
     2.7934687605511765E-01,
    -2.7747208233848231E-01,
    -2.8417170623026222E-01,
    -5.8791195602397694E-01,
     1.5612852530221422E-01,
     1.6005992977315681E-01,
     2.7115371648129283E-01,
     2.7962125969049789E-01,
     1.6735438832840455E-01,
    -2.1719181883131955E-01,
    -1.6114882404961728E-01,
     1.5877021164873439E-02,
    -3.8610539174421732E-01,
     1.5146203381748385E-01,
     1.5690094035492011E-01,
     1.5043779278880101E-01,
     1.6341619036504457E-01,
     1.5543330660650478E-01
  ],
  "coordination numbers": [
     5.5014891615470756E+00,
     4.0428505032280642E+00,
     3.9842900667041548E+00,
     1.9555640692336747E+00,
     1.9761048639675973E+00,
     3.7294222691783059E+00,
     9.9219556956786281E-01,
     9.9229921251550302E-01,
     9.9623063561937553E-01,
     9.9618920649210363E-01,
     1.8306386787386408E+00,
     9.9950087677342925E-01,
     3.9551463990777593E+00,
     4.0205361996560445E+00,
     1.9905964653246002E+00,
     9.9177692572315124E-01,
     9.9167898597721660E-01,
     9.9155083738838901E-01,
     9.9128930686527905E-01,
     9.9105522338161833E-01
  ]
}
