{
  "version":  "0.2.0",
  "energy":    -8.5654447311055981E-01,
  "charges": [
    -4.1116115679588261E-01,
     3.5043755280241695E-01,
    -1.3123636928890190E+00,
     3.7308729688248460E-01
  ],
  "coordination numbers": [
     2.8142066502026477E+00,
     2.2322833850939059E+00,
     2.9255819037885260E+00,
     2.0894594088928020E+00
  ]
}
