{
  "version":  "0.2.0",
  "energy":    -5.2180099651217504E-02,
  "charges": [
     4.2594026439963101E-01,
    -2.1297264449621564E-01,
    -2.1296761990341537E-01
  ],
  "coordination numbers": [
     1.9902639357218197E+00,
     9.9562183560226636E-01,
     9.9561842633913145E-01
  ]
}
