{
  "version":  "0.2.0",
  "energy":    -1.2186920290534445E-01,
  "charges": [
    -3.9518599721837444E-01,
     2.0347560840785600E-01,
     2.0302450680880610E-01,
     2.0341220020834364E-01,
    -2.1472631820663132E-01
  ],
  "coordination numbers": [
     3.3945400277563049E+00,
     2.2722865306806579E+00,
     2.2551837194434476E+00,
     2.2441614799445881E+00,
     9.6764773930690229E-01
  ]
}
