{
  "version":  "0.2.0",
  "energy":     7.7350332576212844E-01,
  "charges": [
     7.7404578431351800E-01,
    -3.5793586323493476E-01,
     3.0280551761878494E-02,
    -6.7941822201575963E-02,
    -5.9834036565437732E-02,
    -7.3092307212340057E-02,
     1.0534996121718765E-01,
     1.0346205052214663E-01,
    -7.2831084929942169E-02,
    -5.8946632182171887E-02,
    -6.6022039615759920E-02,
     2.9996629753842763E-02,
    -3.5408187238570460E-01,
     1.3214668846808325E-01,
     1.4812271204001048E-01,
     1.5683001335499772E-01,
     1.3473024463920893E-01,
     1.3474486043878178E-01,
     1.5715778257663862E-01,
     1.4875700536759684E-01,
     1.3696033284305001E-01,
    -5.7955299661913706E-02,
    -2.4469165507298063E-01,
    -2.4549413277521193E-01,
     8.0801364502320006E-02,
     3.9203457146143927E-02,
    -3.5941529754513513E-01,
     2.6288101033603073E-02,
     7.3116023476045511E-02,
    -3.2382083761626451E-01,
     1.5986183031126683E-01,
     1.4073801983896039E-01,
     1.2793515035686537E-01,
     1.5370554062454533E-01,
    -4.2397482752156379E-02,
    -1.1459588050136793E-01,
    -1.1705272938172862E-01,
    -4.7388584984973336E-02,
    -2.8189730726452195E-01,
     1.4706102766637338E-01,
     1.3059998853468302E-01,
     1.3946709700722240E-01,
     1.3864477384287854E-01,
     1.3695711303376712E-01,
     1.3901322988715969E-01,
     1.2566412039760411E-01,
     1.2492501281134731E-01,
     8.1728089804539494E-02,
     4.4320518017510024E-02,
    -3.4287613633822206E-01,
     3.4712742529872331E-02,
     7.7058272002954897E-02,
    -3.2345188618476739E-01,
     1.6173951118938018E-01,
     1.5806215701726986E-01,
     1.3536874437379581E-01,
     1.5645806772615450E-01,
    -1.9637577006510365E-01,
     6.4627049832960554E-02,
    -2.0141905976558738E-01,
    -2.1458452558697261E-01,
     1.3609582558198852E-01,
     1.5186575547627762E-01,
     1.3988224174433891E-01,
     1.3611943020878070E-01,
     1.2618020775273564E-01,
     1.5474935491532929E-01,
     1.3424821048415814E-01,
     1.2358472050942691E-01,
     1.3073487688957725E-01
  ],
  "coordination numbers": [
     7.4382370777138345E+00,
     2.9561287161889709E+00,
     3.1647082112191880E+00,
     3.0092564549187957E+00,
     3.0214012724884753E+00,
     3.0127127026285807E+00,
     3.1132049757173297E+00,
     3.1033118888825229E+00,
     3.0130117615921295E+00,
     3.0210935789398308E+00,
     3.0094963967038568E+00,
     3.0986396366483682E+00,
     2.9122107788813993E+00,
     9.9249372448557516E-01,
     9.9299482155757879E-01,
     9.9283720929357067E-01,
     9.9318738002271711E-01,
     9.9319812814895769E-01,
     9.9284317535512123E-01,
     9.9299671104511589E-01,
     9.9258327070446217E-01,
     2.5169492052848108E+00,
     1.9449700336534832E+00,
     1.8982618642461420E+00,
     3.0723440972329641E+00,
     3.1028160532416198E+00,
     2.9051809466187111E+00,
     3.0992634189319457E+00,
     3.0720898475800062E+00,
     2.0156920828227323E+00,
     9.9249538987250041E-01,
     9.9286539030237986E-01,
     9.9256308897070422E-01,
     9.9247897381903716E-01,
     4.0565361750814883E+00,
     3.9696890114187742E+00,
     3.9684082155557743E+00,
     4.0609033258968452E+00,
     2.8884898557313265E+00,
     9.9215861135549499E-01,
     9.9119924807938897E-01,
     9.9201552245154279E-01,
     9.9183434221610778E-01,
     9.9200071194577255E-01,
     9.9173636771952900E-01,
     9.9108486894616110E-01,
     9.9198518632464694E-01,
     3.0722766130263839E+00,
     3.0891341353806219E+00,
     2.9012886812055161E+00,
     3.1102927612958275E+00,
     3.0719087103011837E+00,
     2.0155969410668213E+00,
     9.9250381826947010E-01,
     9.9271396576712867E-01,
     9.9247053970239651E-01,
     9.9248407185185972E-01,
     3.9563578270536572E+00,
     3.8806475840308305E+00,
     3.9564569035235957E+00,
     3.9559543130613974E+00,
     9.9259980079173360E-01,
     9.9301467361602569E-01,
     9.9277288965728783E-01,
     9.9264213870176565E-01,
     9.9276134830565788E-01,
     9.9301177949375763E-01,
     9.9246403607148270E-01,
     9.9263751718696103E-01,
     9.9260434754681182E-01
  ]
}
