{
  "version":  "0.2.0",
  "energy":    -8.2352050221658618E-03,
  "charges": [
     1.6879547921318572E-01,
    -5.6272827386810935E-02,
    -5.6260533149284531E-02,
    -5.6262118677090259E-02
  ],
  "coordination numbers": [
     2.8854785700951169E+00,
     9.6321314704892735E-01,
     9.6308624440768309E-01,
     9.6323791945307935E-01
  ]
}
