{
  "version":  "0.2.0",
  "energy":     4.5960558246785732E-01,
  "charges": [
     6.4531455707403418E-01,
     7.9951104276656013E-02,
    -3.1584884625391085E-01,
     2.4014613036723420E-01,
    -2.5042455952984055E-01,
     6.0086161406582694E-01
  ],
  "coordination numbers": [
     4.7946427114606802E+00,
     9.6635906375380376E-01,
     2.9535464182178437E+00,
     1.9490952627525129E+00,
     9.9881221849822666E-01,
     1.8932431430411345E+00
  ]
}
