{
  "version":  "0.2.0",
  "energy":    -1.9728129710879585E+00,
  "charges": [
     2.3077989932470810E-01,
    -4.4212094550216158E-01,
    -7.9538683682462286E-01,
    -1.1480034571277533E+00,
    -8.4526865987017030E-01
  ],
  "coordination numbers": [
     3.4722942992077170E+00,
     2.3786642308550672E+00,
     1.9125021977078180E+00,
     9.9941087530204431E-01,
     1.9429701307308402E+00
  ]
}
