{
  "version":  "0.2.0",
  "energy":    -3.7781169298350951E-02,
  "charges": [
     3.7999741828618494E-01,
    -7.6117672543102755E-02,
    -7.6114904986268050E-02,
    -7.5503617406287749E-02,
    -7.6315027510272193E-02,
    -7.5946195840254416E-02
  ],
  "coordination numbers": [
     4.7625533306122003E+00,
     9.5475549607278154E-01,
     9.5485476912013389E-01,
     9.8004540527190098E-01,
     9.5506716560873794E-01,
     9.5483314170145039E-01
  ]
}
