{
  "version":  "0.2.0",
  "energy":    -4.2063481279147136E-02,
  "charges": [
     3.8254782960638922E-01,
    -3.8254782960638922E-01
  ],
  "coordination numbers": [
     9.9459135756293193E-01,
     9.9459135756293193E-01
  ]
}
