{
  "version":  "0.2.0",
  "energy":     8.8617526697793081E-01,
  "charges": [
     8.1674378897013344E-01,
    -3.2687188987537069E-01,
     7.3895008345780222E-02,
    -4.6217533500574115E-02,
    -4.3827290597812096E-02,
    -5.6800780413804430E-02,
     1.3308627157928038E-01,
     1.3237029397293132E-01,
    -5.5767929125572657E-02,
    -3.9564559327344706E-02,
    -4.1959176865243614E-02,
     6.2404405267601437E-02,
    -3.3466197571148976E-01,
     1.7406948971946162E-01,
     1.6280090288301075E-01,
     1.6825272062018232E-01,
     1.4383134474985343E-01,
     1.4450358471925598E-01,
     1.7100645726331426E-01,
     1.6670817382713365E-01,
     1.5433869767682037E-01,
     1.2824318657800038E-03,
     1.5170959228796527E-01,
    -3.4045368620012306E-01,
    -2.4179578870189844E-01,
    -3.7446746413308668E-02,
    -3.1425209665997572E-01,
     3.3992979474664481E-01,
    -3.1769396749846757E-01,
    -4.2996606111584401E-02,
    -3.1977598535581264E-01,
    -3.3112777073432964E-02,
     1.4264837608145498E-01,
     1.5662769427243206E-01,
     1.6260028725578307E-01,
     1.6078571112753698E-01,
     1.4546245474500644E-01,
     1.4511915601021064E-01,
     1.6851807097303970E-01,
     1.6399584270941450E-01,
     1.5182380298785741E-01,
    -1.1133974280170458E-01,
     1.3979601932871122E-01,
    -3.3489964173695780E-01,
     1.6857080733820187E-01,
     1.6521417661089674E-01,
     1.7134281603478280E-01
  ],
  "coordination numbers": [
     7.4791447185622255E+00,
     2.9884508376057317E+00,
     3.2146890659365130E+00,
     3.0098457419445452E+00,
     3.0209115649237646E+00,
     3.0134344265485122E+00,
     3.2069334402544056E+00,
     3.2022193275292503E+00,
     3.0131636440128657E+00,
     3.0216726966673653E+00,
     3.0093276101503879E+00,
     3.1993052502248229E+00,
     2.9850187755089026E+00,
     9.9338940158092459E-01,
     9.9301864980095012E-01,
     9.9283901237121697E-01,
     9.9322873667544354E-01,
     9.9322337199827793E-01,
     9.9283870979386446E-01,
     9.9302213227230407E-01,
     9.9281830217816402E-01,
     1.9071722493321586E+00,
     2.9559026331874181E+00,
     2.0017751983796312E+00,
     9.9897174896596219E-01,
     4.0874451129595109E+00,
     1.9901979735325277E+00,
     4.4366358855479140E+00,
     1.9881290262881439E+00,
     4.1117543505784431E+00,
     1.9877267148754800E+00,
     4.1327311779977194E+00,
     9.9183539078667238E-01,
     9.9233379393826926E-01,
     9.9207122280246907E-01,
     9.9224013825723034E-01,
     9.9176584537207368E-01,
     9.9173051669335965E-01,
     9.9234284582671162E-01,
     9.9164032895015541E-01,
     9.9179102568605781E-01,
     3.9578312504871960E+00,
     2.0286520596015860E+00,
     1.9730572876557044E+00,
     9.9156605181303448E-01,
     9.9163265207892248E-01,
     9.9156088282372590E-01
  ]
}
