{
  "version":  "0.2.0",
  "energy":    -7.9008657664240312E-02,
  "charges": [
     5.4323121883009862E-01,
    -2.7163632888127848E-01,
    -2.7159488994882014E-01
  ],
  "coordination numbers": [
     1.9956665704366108E+00,
     9.9832847499899113E-01,
     9.9832282565544705E-01
  ]
}
