{
  "version":  "0.2.0",
  "energy":    -7.3826108833113108E-02,
  "charges": [
     6.1713916363710597E-01,
    -1.7606375660010079E-01,
    -2.2039465475206288E-01,
    -2.2068075228494238E-01
  ],
  "coordination numbers": [
     2.9920299669686390E+00,
     1.0168540708118536E+00,
     1.0088589138275843E+00,
     1.0078710210719493E+00
  ]
}
