{
  "version":  "0.2.0",
  "energy":     1.5695629090029910E+00,
  "charges": [
     1.0918453903155010E+00,
    -1.3741663948651003E-01,
     2.0007400333242631E-01,
    -3.7149133424623587E-01,
    -1.4389025806892164E-01,
    -1.3708779345068511E-01,
     1.9067396020929200E-01,
     1.9412626089448448E-01,
     1.9905982570292707E-01,
     1.8934656176501435E-01,
     1.9082455305826257E-01,
     1.8913054290182174E-01,
     1.9170151947915587E-01,
     1.9940090120744974E-01,
     1.9692070556262958E-01,
     1.7327920029448496E-02,
     1.2940748632296051E-02,
    -1.0441793675335459E-02,
     4.9935255723533051E-02,
    -3.7384474493334097E-03,
     6.3831603180523333E-03,
     2.8971167264213954E-01,
    -3.2308860837786868E-01,
    -3.2028726344827302E-01,
     2.2741297837196772E-01,
     2.2593915187553765E-01,
     1.9152318971371840E-01,
     1.9696654301925184E-01,
     2.1967903661246019E-01,
     3.0904462450484527E-01,
    -2.8132471982920115E-01,
     1.4206128016212347E-01,
    -2.8498355886972228E-02,
    -1.6476457211500203E-01
  ],
  "coordination numbers": [
     4.4424853771296640E+00,
     3.9570963923416782E+00,
     4.2366027043529915E+00,
     1.9946938524816495E+00,
     3.9570824808923932E+00,
     3.9569383733256824E+00,
     9.9501954906095147E-01,
     9.9384829342575465E-01,
     9.9383241524609911E-01,
     9.9485979203564856E-01,
     9.9377976163739135E-01,
     9.9380916868860325E-01,
     9.9477440665323247E-01,
     9.9368321182024566E-01,
     9.9369042818295128E-01,
     3.0155912744336550E+00,
     3.0065239241898514E+00,
     3.0148807723336573E+00,
     3.0151606087067764E+00,
     3.0154767398296878E+00,
     3.0068467240049266E+00,
     3.1135392679833602E+00,
     1.9953115424828640E+00,
     1.9920419759933061E+00,
     9.9262285614539980E-01,
     9.9288402485008298E-01,
     9.9250266827478928E-01,
     9.9301131587622482E-01,
     9.9292570764713250E-01,
     9.9227323679606272E-01,
     2.0017099896673409E+00,
     2.1235648427856653E+00,
     1.0039283674631978E+00,
     9.9896269993096531E-01
  ]
}
