{
  "version":  "0.2.0",
  "energy":    -1.5495516949580229E-01,
  "charges": [
     8.7304594116693879E-01,
    -1.7400718162129872E-01,
    -1.7395100645628023E-01,
    -1.7710726898805193E-01,
    -1.7387787015074233E-01,
    -1.7410261395056559E-01
  ],
  "coordination numbers": [
     4.9461748128554870E+00,
     9.9821391065984511E-01,
     9.9820882532143074E-01,
     9.9843215467595758E-01,
     9.9820892855813614E-01,
     9.9821130019695659E-01
  ]
}
