{
  "version":  "0.2.0",
  "energy":     1.9536889568013066E-01,
  "charges": [
     9.3403279102964243E-01,
    -1.6567950673655626E-01,
    -1.8652508331509990E-01,
    -3.5233976799593503E-03,
    -4.2182090336790878E-01,
     1.2524369716521574E-01,
     1.3532770238736022E-01,
     1.2987223058612771E-01,
     1.2914665977635570E-01,
     1.2959298842968436E-01,
    -8.9885624434593497E-02,
    -1.7641388663311725E-01,
    -2.4183109228895311E-01,
    -5.9910561726485928E-02,
    -5.9350136653287977E-02,
     6.1416117488945529E-02,
    -3.3471344089504657E-01,
     5.2366752060624605E-02,
    -6.7213295025249656E-02,
     1.4628749485684256E-01,
     1.4582889135406840E-01,
     1.6934854028411434E-01,
     1.2880468783877044E-01,
     1.3744922973152837E-01,
     7.7058422719363084E-02,
     4.2232601866644209E-02,
    -3.4311045094539599E-01,
     6.5588084604691982E-02,
     8.8519948980920665E-02,
    -3.3091208074641915E-01,
     1.4634065192626017E-01,
     1.2669048227587562E-01,
     1.5643258819782377E-01,
     1.5551004859510070E-01,
    -1.5462973640982369E-01,
     9.2848022848317099E-02,
    -3.6826215529166878E-01,
     1.3818642412380999E-01,
     1.3664558314979050E-01,
     1.3067206330928346E-01,
    -8.5053569910031379E-02,
    -3.8466176812533492E-01,
     1.3119634902354288E-01,
     1.4041322186500563E-01,
     1.3774605034800855E-01,
     2.8269836336121346E-01
  ],
  "coordination numbers": [
     7.2459809495656691E+00,
     9.9592442928042146E-01,
     3.9558369320230202E+00,
     4.1299947040612910E+00,
     1.9916980414266510E+00,
     9.9175838026942387E-01,
     9.9156166890175967E-01,
     9.9153590614435583E-01,
     9.9097031765756505E-01,
     9.9095262997869415E-01,
     2.2345805817086566E+00,
     1.0021246537310997E+00,
     1.9881848502774693E+00,
     3.0224225004234659E+00,
     3.0110788647672253E+00,
     3.1214902856410811E+00,
     2.9586950675594030E+00,
     3.2238312090052670E+00,
     3.0105871926353673E+00,
     9.9283704675437967E-01,
     9.9301764365225242E-01,
     9.9277727740061383E-01,
     9.9358882522939673E-01,
     9.9301605608243371E-01,
     3.0749979068511113E+00,
     3.1943875053997131E+00,
     2.9740328674421344E+00,
     3.1706826931018330E+00,
     3.0752229686733026E+00,
     2.0153459234048681E+00,
     9.9253649330127658E-01,
     9.9299124479472578E-01,
     9.9283658991280621E-01,
     9.9256947037453980E-01,
     3.9582771762955122E+00,
     2.0103498966345406E+00,
     1.9475171178016364E+00,
     9.9180495955257886E-01,
     9.9181294444148094E-01,
     9.9178458220205012E-01,
     4.0160137958692772E+00,
     2.9479536845738981E+00,
     9.9144626207023379E-01,
     9.9168374776201151E-01,
     9.9211545226854803E-01,
     1.0680695786335095E+00
  ]
}
