{
  "version":  "0.2.0",
  "energy":    -4.0212779516933618E-02,
  "charges": [
     4.4763007621116258E-01,
    -5.0377268089778507E-02,
    -1.1513393084090710E-01,
    -1.1679534661616786E-01,
    -5.0261347800673969E-02,
    -1.1506218286363509E-01
  ],
  "coordination numbers": [
     4.9216485426543830E+00,
     1.5173140681490889E+00,
     9.9755599709169296E-01,
     9.9773491226811206E-01,
     1.5171447823641877E+00,
     9.9754718620308580E-01
  ]
}
