{
  "version":  "0.2.0",
  "energy":    -1.7138572832510954E-02,
  "charges": [
     2.1924740846999818E-01,
    -2.1924740846999818E-01
  ],
  "coordination numbers": [
     9.9520549621657484E-01,
     9.9520549621657484E-01
  ]
}
