{
  "version":  "0.2.0",
  "energy":    -1.2181467918270347E-01,
  "charges": [
     6.7040683099700416E-01,
    -3.3521436116369585E-01,
    -3.3519246983330825E-01
  ],
  "coordination numbers": [
     1.9952312063623845E+00,
     9.9810907526176429E-01,
     9.9810618190376221E-01
  ]
}
