{
  "version":  "0.2.0",
  "energy":     3.2735404586838024E-01,
  "charges": [
     7.5686604284039316E-01,
     1.6124427776977906E-02,
     2.8096690668834445E-01,
    -2.5577362763106171E-01,
    -2.9733312930998823E-01,
    -5.6334758420201347E-01,
     1.4694730602274375E-01,
     1.5438272980834336E-01,
     2.6894306396057860E-01,
     2.7888402558282388E-01,
     1.9188916690136815E-01,
    -1.7169117252270322E-01,
    -1.7324577221467399E-01,
    -2.0804728348353221E-01,
    -1.2050114330019962E-01,
     1.3481195260373482E-01,
    -3.2706560502064524E-01,
     1.5650485264670511E-01,
     1.6405180112505102E-01,
     1.6220539247280194E-01,
     1.0142637407495765E-01,
     7.1716516005484579E-02,
    -3.2265923835018467E-01,
     7.7523790591937175E-02,
     1.0386636147020993E-01,
    -3.0474966989496288E-01,
     1.7171700044178753E-01,
     1.6591095968112632E-01,
     1.6589056339154654E-01,
     1.7378499184304944E-01
  ],
  "coordination numbers": [
     7.7209421776050116E+00,
     4.1361152798891112E+00,
     4.0113186964978791E+00,
     1.9898904516657065E+00,
     1.9850584770652224E+00,
     3.8369367451161613E+00,
     9.9223363389997488E-01,
     9.9220730016546010E-01,
     9.9640669432262818E-01,
     9.9677378041770126E-01,
     3.8238281264922849E+00,
     1.0016021208218246E+00,
     1.9918750589450269E+00,
     1.9806030441624101E+00,
     3.9581971834036835E+00,
     2.0424606626684874E+00,
     1.9793898997546115E+00,
     9.9179468338140886E-01,
     9.9174244728207217E-01,
     9.9172596084714293E-01,
     3.0736453360166287E+00,
     3.2078644880288012E+00,
     2.9895864306297941E+00,
     3.2506056477832557E+00,
     3.0732883969445703E+00,
     2.0152225901472542E+00,
     9.9255387288512420E-01,
     9.9295567339468871E-01,
     9.9323151381122532E-01,
     9.9255815925028568E-01
  ]
}
