{
  "version":  "0.2.0",
  "energy":    -2.5846967126316484E-01,
  "charges": [
     2.9932568541667959E-01,
     9.3966724550352221E-01,
    -4.9472343637398852E-01,
    -7.4426949454621327E-01
  ],
  "coordination numbers": [
     2.9233730246179643E+00,
     2.9267599476219015E+00,
     1.9473514721724658E+00,
     1.9946239820915848E+00
  ]
}
