{
  "version":  "0.2.0",
  "energy":    -2.5772111826499922E-01,
  "charges": [
     2.0009383114038465E-01,
    -1.0034122225458318E-01,
     7.0764050259789979E-01,
    -4.0196581835479700E-01,
    -4.0542729312890430E-01
  ],
  "coordination numbers": [
     3.9203788447242198E+00,
     1.6788891423847092E+00,
     3.5290825979481637E+00,
     1.8975115451670117E+00,
     1.9532747261220820E+00
  ]
}
