{
  "version":  "0.2.0",
  "energy":    -2.3945000066733446E-02,
  "charges": [
     2.2276670971061024E-01,
    -2.2276670971061024E-01
  ],
  "coordination numbers": [
     9.9745835129202476E-01,
     9.9745835129202476E-01
  ]
}
