{
  "version":  "0.2.0",
  "energy":    -6.9075129247634304E-01,
  "charges": [
     4.1958854853939176E-01,
    -8.9582938552832225E-02,
    -4.6925520545710686E-01,
    -7.7049693630025140E-01,
    -9.0253468229201175E-02
  ],
  "coordination numbers": [
     3.8662388599329995E+00,
     9.4786148906287337E-01,
     9.9365491559094643E-01,
     9.9120384604535428E-01,
     9.4713100547166729E-01
  ]
}
