{
  "version":  "0.2.0",
  "energy":    -2.6095636294833691E-01,
  "charges": [
     6.7013214822062828E-01,
    -8.2257914919232594E-02,
    -8.7047998139643645E-02,
    -7.4948501715444135E-02,
     1.3847787942530485E-02,
    -6.3137333624792569E-02,
    -8.1161600467950165E-02,
     2.5923462381800128E-01,
    -3.5082261054068070E-01,
    -2.9983682110916504E-01,
     1.2731153079452312E-01,
     1.2544069993014337E-01,
     1.3563806182436158E-01,
     1.6021779925276172E-01,
     1.3248407400443804E-01,
     1.7880166074737841E-01,
    -2.5334282364828953E-01,
    -2.3766587428868668E-01,
    -2.0567171516797370E-01,
    -2.6411804287867130E-01,
    -1.7438187960005302E-01,
     2.3295576756772707E-01,
    -7.9080180981888279E-02,
    -1.8214992011766437E-01,
    -4.0629379643740693E-02,
    -1.4178642504141545E-01,
    -1.3675634576085677E-01,
    -4.0148631862028820E-02,
    -2.4184781372626368E-01,
     1.3427232201350883E-01,
     1.2999235175492813E-01,
     1.1584229584553998E-01,
     1.0944633018998973E-01,
     1.1012035551755524E-01,
     1.2658378357278383E-01,
     1.2753547619382388E-01,
     1.4693474404381826E-01
  ],
  "coordination numbers": [
     7.5494919667281000E+00,
     3.0143281314320856E+00,
     3.0125476394958399E+00,
     3.0159385175020335E+00,
     3.0194389644990220E+00,
     3.0167357172542255E+00,
     3.0122975046003697E+00,
     3.8017235527044937E+00,
     1.9456077209044302E+00,
     2.0653656591106131E+00,
     9.9280930845036242E-01,
     9.9288370209290377E-01,
     9.9292229327828974E-01,
     9.9290064445372739E-01,
     9.9287365310372167E-01,
     3.6275916461808810E+00,
     1.0016887709969549E+00,
     1.9280059337292723E+00,
     1.9574843753323012E+00,
     9.9812572788569920E-01,
     9.9899452022877622E-01,
     3.3603329312695429E+00,
     1.8350235234969121E+00,
     9.9899613235560913E-01,
     4.1670523797599408E+00,
     3.9886824469593458E+00,
     3.9820561360198719E+00,
     4.0768818750201126E+00,
     2.9305739292286672E+00,
     9.9300408767045845E-01,
     9.9202294998611862E-01,
     9.9146370103594705E-01,
     9.9189705647484772E-01,
     9.9190866174592784E-01,
     9.9147571606917584E-01,
     9.9110125417603712E-01,
     9.9212404549213762E-01
  ]
}
