{
  "version":  "0.2.0",
  "energy":    -2.5405452918606125E-01,
  "charges": [
     6.0064193555155643E-01,
    -5.4390281813304164E-01,
     2.6542738686296469E-01,
     2.6065200060282878E-01,
     6.8253733876292355E-02,
     4.0735355185217176E-02,
    -3.2812890644766168E-01,
     4.5888965553618190E-02,
     6.5212175499729075E-02,
    -3.5974449309157541E-01,
     1.3377936880497993E-01,
     1.4180885045276331E-01,
     1.4381633047360198E-01,
     1.3152395717804910E-01,
     5.1557653116387381E-02,
    -3.6332146526317188E-01,
     9.0524663529661209E-02,
    -3.8459881893599096E-01,
    -6.1231252563816535E-02,
    -3.6507417289025956E-01,
     1.2183660728172069E-01,
     1.2197669565218647E-01,
     1.2236624770396105E-01
  ],
  "coordination numbers": [
     5.6770789793461738E+00,
     2.9197976857686383E+00,
     9.9858669908836895E-01,
     1.0447693761271264E+00,
     3.0749385077204412E+00,
     3.1275191414600698E+00,
     2.9560660203819760E+00,
     3.1475806866695573E+00,
     3.0747827356398529E+00,
     2.0148209308896075E+00,
     9.9257274818836905E-01,
     9.9253328001833552E-01,
     9.9271536363953405E-01,
     9.9255375803618051E-01,
     1.6243854142615426E+00,
     1.9759752900363274E+00,
     1.9737979744848761E+00,
     1.0088294424847088E+00,
     4.0315732549226908E+00,
     1.9924638809159143E+00,
     9.9089299952802623E-01,
     9.9080486475001717E-01,
     9.9088148787546793E-01
  ]
}
