{
  "version":  "0.2.0",
  "energy":    -2.9285213797220899E-01,
  "charges": [
     8.0333023167068385E-01,
    -5.7960213915487757E-01,
    -2.6379459463900357E-02,
    -2.8359457185211545E-02,
    -5.8673853273568910E-01,
     2.4637432123543543E-01,
     2.5588481288378939E-01,
     1.4516653679931546E-01,
     1.0792892675077168E-01,
     1.0910943469982977E-01,
     1.2634637446848906E-01,
     2.5853570840178208E-01,
     2.4637231655128100E-01,
    -7.3587309698005227E-02,
     1.7696939114545340E-01,
    -4.2098532948288470E-01,
    -1.7646682151726978E-01,
     9.7085636968423122E-02,
    -3.8801815252779498E-01,
     9.1917370208859261E-02,
    -3.8488386001848002E-01
  ],
  "coordination numbers": [
     6.2300406695952626E+00,
     3.9262227997827024E+00,
     4.0750527397206273E+00,
     4.0886853897786954E+00,
     3.9237777046956532E+00,
     1.0129701990552649E+00,
     1.0079873399088637E+00,
     9.9165954535358747E-01,
     9.9131119569421333E-01,
     9.9128518438295199E-01,
     9.9153426837291558E-01,
     1.0128051025974525E+00,
     1.0031273904951776E+00,
     1.0141019858649063E+00,
     2.1107847369913229E+00,
     2.0104376430201754E+00,
     9.9448337703643475E-01,
     1.9822711963906174E+00,
     1.0244762123805611E+00,
     1.1011036265239111E+00,
     1.9941441831399818E+00
  ]
}
