{
  "version":  "0.2.0",
  "energy":    -3.2204608749704378E-01,
  "charges": [
     8.3613041346696637E-01,
    -1.1568392617128441E-02,
     2.5966693488849973E-01,
    -3.3764235195922404E-01,
    -3.2139842437356453E-01,
    -5.9745741483167181E-01,
     1.1560214139658562E-01,
     1.2127021618146429E-01,
     2.4233014379374396E-01,
     2.4186174572806746E-01,
    -3.0228133415130920E-01,
     5.4031435588244442E-02,
    -3.3533481465825832E-01,
    -1.0632973733895774E-01,
    -3.9890464890953209E-01,
     1.2031673961742334E-01,
     1.2421750485921552E-01,
     1.1788785289681188E-01,
     2.9140162892875549E-01,
    -6.4677185984124350E-02,
    -4.0059390236814307E-01,
     1.2082135469928830E-01,
     1.0954520408238563E-01,
     1.2110489106446165E-01
  ],
  "coordination numbers": [
     6.5691651339539323E+00,
     4.0284971768056916E+00,
     3.9442856016284047E+00,
     1.9384634912136454E+00,
     1.8847121458219718E+00,
     3.6928865961297337E+00,
     9.9193958550428096E-01,
     9.9220799138929650E-01,
     9.9667054578352943E-01,
     9.9640404182828934E-01,
     1.9864515971684753E+00,
     2.3310244338803132E+00,
     1.0051539894564758E+00,
     3.9956522099221932E+00,
     2.8901864957719452E+00,
     9.9148175017277040E-01,
     9.9155411260657278E-01,
     9.9202928847546090E-01,
     9.9420635887275655E-01,
     4.0016134097476170E+00,
     1.9916579726426651E+00,
     9.9065433789824553E-01,
     9.9024187633763727E-01,
     9.9057947747984709E-01
  ]
}
