{
  "version":  "0.2.0",
  "energy":    -1.5206989679283556E-01,
  "charges": [
    -2.0031348839846369E-01,
     2.6867153748485023E-01,
     2.9308283687114484E-01,
     2.1746819324824679E-01,
    -3.0491806085397322E-01,
    -2.7399101835180495E-01
  ],
  "coordination numbers": [
     3.8550202587772704E+00,
     2.4793843135365625E+00,
     2.4965392237248949E+00,
     3.2791994423772053E+00,
     2.4666132548882462E+00,
     1.7681611140040658E+00
  ]
}
