{
  "version":  "0.2.0",
  "energy":     9.4647319346458747E-01,
  "charges": [
     6.8534419612991382E-01,
    -3.3657937473728994E-01,
     3.6347082926650565E-02,
    -5.6805059919954992E-02,
    -4.7857104441100751E-02,
    -6.0835838042460955E-02,
     1.2161193371278815E-01,
     1.2380251322464195E-01,
    -6.0174097771129864E-02,
    -4.7106813506151368E-02,
    -5.4141699512378627E-02,
     3.5767692187075636E-02,
    -3.5262166645927662E-01,
     1.3466773747631711E-01,
     1.5359455950513440E-01,
     1.6381297641730544E-01,
     1.4084678847417031E-01,
     1.4107546350049144E-01,
     1.6431094333818042E-01,
     1.5580725748035174E-01,
     1.2974394193375696E-01,
    -5.6852148290585724E-01,
     2.9234014841922257E-01,
     2.8688965213864770E-01,
    -4.8047638624918287E-02,
    -1.1901702993861046E-01,
    -1.1773578673139279E-01,
    -5.9065033523313486E-02,
    -3.1022108087962047E-01,
     1.4032223615033659E-01,
     1.2425897732638733E-01,
     1.2996250537409609E-01,
     1.4413004296274939E-01,
     1.3868204624873248E-01,
     1.3900223056848907E-01,
     1.1200478791930729E-01,
     1.2450442894875216E-01,
    -2.1252746902622652E-01,
     3.8592804361026141E-02,
    -2.1819829730933785E-01,
    -2.1419298881315268E-01,
     1.4172390744110017E-01,
     1.2905252928177222E-01,
     1.3633463218557712E-01,
     1.1770269729092388E-01,
     1.3989680398939600E-01,
     1.3370681198563411E-01,
     1.3932511421787883E-01,
     1.2274987823512039E-01,
     1.3449142989377944E-01,
    -1.6875828910353391E-01
  ],
  "coordination numbers": [
     6.0225660987688130E+00,
     2.9442012685781647E+00,
     3.1161594507482651E+00,
     3.0091266038648952E+00,
     3.0215218748857691E+00,
     3.0129111134535655E+00,
     3.1256914808345639E+00,
     3.1358520911633274E+00,
     3.0127877607852929E+00,
     3.0213190890142840E+00,
     3.0091198533495422E+00,
     3.1738803213938773E+00,
     2.9716150459355788E+00,
     9.9238447068488966E-01,
     9.9299894165911073E-01,
     9.9284114688310332E-01,
     9.9320533368869857E-01,
     9.9320956407274785E-01,
     9.9283839669387408E-01,
     9.9301036803400589E-01,
     9.9263391699574210E-01,
     2.8993738492080219E+00,
     9.9340187758992116E-01,
     1.0015356437725726E+00,
     4.0882412851711818E+00,
     3.9845353927639859E+00,
     3.9828434276127664E+00,
     4.0257917669207997E+00,
     2.9203929705080558E+00,
     9.9155016108638705E-01,
     9.9155417317183581E-01,
     9.9149718909393059E-01,
     9.9197560233096560E-01,
     9.9195849002248870E-01,
     9.9147590937135277E-01,
     9.9132999276713019E-01,
     9.9170073096803080E-01,
     3.9564156562535304E+00,
     3.9156278077707087E+00,
     3.9564503442252930E+00,
     3.9562370929300110E+00,
     9.9270136321201896E-01,
     9.9288159780854190E-01,
     9.9303994876487689E-01,
     9.9270749235849820E-01,
     9.9251726912156890E-01,
     9.9300135784050347E-01,
     9.9258061522587404E-01,
     9.9260768153435652E-01,
     9.9286579873515279E-01,
     9.9464242730364205E-01
  ]
}
