{
  "version":  "0.2.0",
  "energy":     1.2896521151587734E+00,
  "charges": [
     9.9224144205138520E-01,
    -2.0436199909580122E-02,
    -3.7888295813198525E-02,
    -4.9170351620405617E-02,
     2.2346415359396299E-02,
    -4.4165289078977099E-02,
    -2.4170924654019932E-02,
     2.6497042221567946E-01,
    -3.4497839687166010E-01,
    -4.0191324256842037E-01,
     1.9272996927034777E-01,
     1.7916139688411331E-01,
     1.5282531568573401E-01,
     1.6171020930633279E-01,
     1.9177535811228563E-01,
     2.8262025692022280E-01,
     1.2603411060177505E-01,
    -3.8685188317275443E-01,
    -7.4522652211009943E-01,
     2.9708433283337449E-01,
     2.9146582494234080E-01,
     2.8894653126040765E-01,
    -2.7756806817994084E-02,
    -3.3479566337148953E-01,
     2.9735193949537114E-01,
    -2.5768860577434505E-01,
    -5.0292311452871719E-02,
    -2.6458135570169122E-01,
    -6.7548792397137292E-02,
     1.7467415241476308E-01,
     1.7387128617283784E-01,
     1.6801331737196196E-01,
     1.7775024322236010E-01,
     1.6598081300977841E-01,
     1.6415978152603905E-01,
     1.4647296372511315E-01,
     1.5904604995936275E-01,
     1.6519851363540120E-01,
    -1.8079412287188790E-01,
     2.0700401173571989E-01,
    -3.9630115990953962E-01,
    -1.9302911952765511E-01,
    -1.8359439309824407E-01,
     1.5667016495680625E-01,
     1.6001817325061130E-01,
     1.6338236817809906E-01,
     1.5118046220386630E-01,
     1.5481418533317745E-01,
     1.4172832081007966E-01,
     1.6006490462970871E-01,
     1.5697633306873768E-01,
     1.5782645309796656E-01,
    -7.4188343415896596E-01,
     3.0178223971734697E-01,
     3.1317391343946877E-01,
     2.9201469448296480E-01
  ],
  "coordination numbers": [
     7.5024482880607328E+00,
     3.0154197003804430E+00,
     3.0093124800124826E+00,
     3.0174419979910221E+00,
     3.0168241823481630E+00,
     3.0147917466598910E+00,
     3.0091310881501077E+00,
     3.1628988227432098E+00,
     1.9915253992910289E+00,
     1.9934155701040828E+00,
     9.9277231809679556E-01,
     9.9293462350610717E-01,
     9.9295880446544782E-01,
     9.9241815671912104E-01,
     9.9294076647073748E-01,
     9.9264407025831947E-01,
     1.2582275437784798E+00,
     1.9953498211116552E+00,
     3.9302077591211777E+00,
     1.0012020901207208E+00,
     1.0109470377930867E+00,
     9.9958806918035137E-01,
     4.1086695111526321E+00,
     1.9837024843495028E+00,
     4.1252305765505870E+00,
     2.9497964476150953E+00,
     4.1580309842419121E+00,
     2.9202492054895899E+00,
     4.1411883352798107E+00,
     9.9229912147080856E-01,
     9.9226986444886389E-01,
     9.9180375289060230E-01,
     9.9259397531595894E-01,
     9.9177317137120635E-01,
     9.9203812533725788E-01,
     9.9225321539235178E-01,
     9.9178198549146135E-01,
     9.9166082170581760E-01,
     3.9574860599177866E+00,
     4.3676124519282240E+00,
     1.9950963642277584E+00,
     3.9571802594365799E+00,
     3.9572590816319559E+00,
     9.9392033489843978E-01,
     9.9410624182459539E-01,
     9.9399298517366219E-01,
     9.9398553264102407E-01,
     9.9418667897872748E-01,
     9.9391619489819227E-01,
     9.9423516526146649E-01,
     9.9401086274168904E-01,
     9.9380590662854651E-01,
     3.9436877723627770E+00,
     1.0164613636138498E+00,
     1.0117551259692510E+00,
     1.0027384316064092E+00
  ]
}
