{
  "version":  "0.2.0",
  "energy":    -3.3231358663435351E-02,
  "charges": [
     3.8283980991779809E-01,
    -1.9109130874648581E-01,
    -1.9174850117131226E-01
  ],
  "coordination numbers": [
     1.9963497223556921E+00,
     1.0292158164585299E+00,
     1.0292758850698789E+00
  ]
}
