{
  "version":  "0.2.0",
  "energy":     1.1048794877597672E-01,
  "charges": [
     1.0065374909820377E+00,
    -7.8784767946263795E-02,
    -8.2528297434019376E-02,
    -7.3796048663153688E-02,
     5.6254132713650790E-03,
    -7.8858819787829604E-02,
    -8.5931019184832966E-02,
     2.4659471741560582E-01,
    -3.7568074581813915E-01,
    -3.4272067970097930E-01,
     1.3454643542374159E-01,
     1.3363613444244951E-01,
     1.4064725167482531E-01,
     1.4210827780037316E-01,
     1.3245097767672567E-01,
    -7.2318363480855005E-02,
    -7.8265446128825411E-02,
     4.5838844077426097E-02,
    -3.2255082181185896E-01,
     5.2880946827923159E-02,
    -7.6481580833506979E-02,
     1.3484794974498623E-01,
     1.2824451955542696E-01,
     1.3542399260070948E-01,
     1.5350923672023145E-01,
     1.2996186259932782E-01,
    -7.3770506546553899E-02,
    -7.7398926503606386E-02,
     4.8677907043252311E-02,
    -3.2406302119745850E-01,
     4.4832216603007180E-02,
    -7.9437998625286499E-02,
     1.3376616468476754E-01,
     1.2821670585192937E-01,
     1.4631271935392662E-01,
     1.4219685134021354E-01,
     1.2840977540654047E-01,
    -7.4628795389315508E-02,
    -7.4516708523397257E-02,
    -7.3533610006871863E-02,
     1.3284742681929203E-02,
    -6.4206484313067247E-02,
    -8.1057840348648408E-02,
     2.5779910102247733E-01,
    -2.9747630271764158E-01,
    -4.2276639048692100E-01,
     1.3460907144899095E-01,
     1.3770670796384654E-01,
     1.3216554902976144E-01,
     1.5641296247366102E-01,
     1.2980280343816009E-01,
     2.6003026697528536E-01,
    -1.0888099305317014E-01,
     1.6612697665536097E-01,
    -3.9901850550050944E-01,
    -3.9474201870145373E-02,
    -3.9998497315043025E-01,
     1.4741203122149601E-01,
     1.2958005359006544E-01,
     1.2417272108556994E-01,
    -1.6087652341668676E-01,
     9.7326328503832549E-02,
    -3.4934117313573521E-01,
     1.3120013873498301E-01,
     1.2738115690211460E-01,
     1.2807254275138288E-01
  ],
  "coordination numbers": [
     7.8088365230406698E+00,
     3.0142263746214155E+00,
     3.0120991508347572E+00,
     3.0158641580737866E+00,
     3.0189428947301629E+00,
     3.0163924540141256E+00,
     3.0118635586805409E+00,
     3.8352248960108444E+00,
     1.9677860031122574E+00,
     1.9694230639293737E+00,
     9.9282158612862936E-01,
     9.9290374516474511E-01,
     9.9292169490522308E-01,
     9.9287829651332782E-01,
     9.9287075828596549E-01,
     3.0221156110548932E+00,
     3.0110782974643460E+00,
     3.1746556669757791E+00,
     2.9624973274347024E+00,
     3.1670293295919878E+00,
     3.0113526014717715E+00,
     9.9284892115272871E-01,
     9.9301800435296173E-01,
     9.9291545901477285E-01,
     9.9304652673505700E-01,
     9.9301670901975747E-01,
     3.0220048078560842E+00,
     3.0112115386141962E+00,
     3.1363486057552752E+00,
     2.9525542911230858E+00,
     3.1775147762379001E+00,
     3.0109599303717456E+00,
     9.9284058811963227E-01,
     9.9301544129400021E-01,
     9.9278401700194685E-01,
     9.9295810687916219E-01,
     9.9300033093124007E-01,
     3.0146839192622954E+00,
     3.0117870686850381E+00,
     3.0143075881167007E+00,
     3.0174979629712242E+00,
     3.0188711043434706E+00,
     3.0113586076086811E+00,
     3.2344726355979239E+00,
     1.9648630270725800E+00,
     1.9901971738498645E+00,
     9.9283201097561413E-01,
     9.9296161093648294E-01,
     9.9280207513672902E-01,
     9.9286006553577622E-01,
     9.9283094065757194E-01,
     9.9176370252960044E-01,
     1.0120256943189903E+00,
     2.0899917993138901E+00,
     2.0043168591751623E+00,
     4.1341769933447985E+00,
     1.9921589086668590E+00,
     9.9128638663337743E-01,
     9.9122692193414341E-01,
     9.9114696843483419E-01,
     3.9584041834921555E+00,
     2.0152472633813225E+00,
     1.9470576764538778E+00,
     9.9180513170600637E-01,
     9.9187790158859190E-01,
     9.9187504096703449E-01
  ]
}
