{
  "version":  "0.2.0",
  "energy":    -1.0379225586188595E-01,
  "charges": [
     6.3692243367660484E-01,
    -2.1258054112590538E-01,
    -2.1167412731583052E-01,
    -2.1266776523486916E-01
  ],
  "coordination numbers": [
     2.9798922603145908E+00,
     9.9479979228522719E-01,
     9.9487561252152190E-01,
     9.9479195983881663E-01
  ]
}
