{
  "version":  "0.2.0",
  "energy":    -1.1477307029895982E-01,
  "charges": [
     1.3860656083916412E-01,
     4.5246926983094965E-01,
    -1.2641215102026884E-01,
    -1.2627686911682251E-01,
    -1.9351147014002468E-01,
    -1.4487534039299771E-01
  ],
  "coordination numbers": [
     4.7552084125422560E+00,
     1.8545786459715208E+00,
     9.6732059102603252E-01,
     9.6732275326909090E-01,
     1.8357536447726286E+00,
     9.7262479486757503E-01
  ]
}
