{
  "version":  "0.2.0",
  "energy":     1.0245848901321308E+00,
  "charges": [
     7.3377065912319961E-01,
    -9.6547310195721117E-02,
     1.4711990124817498E-01,
    -3.2896296642140921E-01,
     1.7662355000723978E-01,
     1.8011015564429192E-01,
     1.8563980136555852E-01,
    -2.5755492466892932E-01,
     9.8143767381229485E-02,
    -1.1132832782185355E-01,
    -1.2904766014649016E-02,
    -9.7707698917632146E-02,
    -9.3312403078226969E-02,
    -2.9900922949406050E-02,
    -2.6732098723379921E-01,
     1.7470782612837313E-01,
     1.6415922699970839E-01,
     1.6235918746129382E-01,
     1.7198046238390241E-01,
     1.7044756116521972E-01,
     1.7095316102506794E-01,
     1.5697392637459581E-01,
     1.6291348511094289E-01,
    -8.5385326115703652E-02,
     1.6725809405005088E-01,
    -2.9247518640581405E-01,
     1.8816012146115843E-01,
     1.9113485618488418E-01,
     1.8520834643728035E-01,
     8.5736730270971867E-02
  ],
  "coordination numbers": [
     5.2909884396612119E+00,
     3.9575825480233568E+00,
     2.0248489289294316E+00,
     1.9744327632376217E+00,
     9.9150881125778412E-01,
     9.9146801478865942E-01,
     9.9149364663546447E-01,
     2.0022590714619906E+00,
     2.1131649131401211E+00,
     1.0047259443801400E+00,
     4.1654737602452583E+00,
     3.9810801857419520E+00,
     3.9861487219478775E+00,
     4.0510067003721959E+00,
     2.9418097908951637E+00,
     9.9172485175331904E-01,
     9.9191682119037416E-01,
     9.9152779220652043E-01,
     9.9194524817122609E-01,
     9.9193999698210611E-01,
     9.9162012434150348E-01,
     9.9181866312839073E-01,
     9.9216229788411070E-01,
     3.9576580240557782E+00,
     2.0235988492585788E+00,
     1.9732428829818431E+00,
     9.9147348778272093E-01,
     9.9153782546458835E-01,
     9.9153498211516489E-01,
     9.9673046889109607E-01
  ]
}
