{
  "version":  "0.2.0",
  "energy":    -2.4776368157054462E-01,
  "charges": [
     1.1833759157637624E-02,
     6.3564234528349639E-01,
    -6.4747610444113401E-01
  ],
  "coordination numbers": [
     1.7329536137896806E+00,
     7.3483399468518673E-01,
     9.9874367596058278E-01
  ]
}
