{
  "version":  "0.2.0",
  "energy":     8.4300171149652403E-01,
  "charges": [
     7.4817828542884812E-01,
     2.8042362756884431E-02,
     3.2472520305953601E-01,
    -2.7310525901685190E-01,
    -3.2246044914336747E-01,
    -5.6342799951210765E-01,
     1.6457064116483039E-01,
     1.5680232977850270E-01,
     2.7409057154779026E-01,
     2.7232358047820998E-01,
    -7.1086854025186752E-01,
     3.0403219571134610E-01,
     3.0244671445172522E-01,
     3.0688038528568196E-01,
     1.1528705232877501E-01,
     7.9177686661837443E-02,
    -3.3052568469754395E-01,
     7.0879247656405631E-02,
     1.1607371802506650E-01,
    -2.8377150989596323E-01,
     1.8823979862312168E-01,
     1.6301428329903239E-01,
     1.5718014460507262E-01,
     1.8652781188798712E-01,
    -2.7948131719584213E-02,
    -3.5112175902674903E-02,
    -3.5352885453830862E-02,
     2.2645885530498289E-02,
    -4.9851191728404465E-02,
    -3.3697306716319209E-02,
     2.4342768868348119E-01,
    -3.0014753546623657E-01,
    -3.8488568746859819E-01,
     1.8277919096709930E-01,
     1.7921457037769276E-01,
     1.7334329609975158E-01,
     1.5152370793536582E-01,
     1.7966185720880964E-01,
     2.6008614742000141E-01
  ],
  "coordination numbers": [
     6.4094005021257248E+00,
     4.1308757142788082E+00,
     3.3735077701282989E+00,
     1.0002297230291264E+00,
     1.9954887949055724E+00,
     3.8986996066634969E+00,
     9.9170885210248994E-01,
     9.9131747023950645E-01,
     1.0076757505394847E+00,
     9.9888855898854878E-01,
     3.9161808733137358E+00,
     9.9917590733975725E-01,
     1.0027082072985465E+00,
     1.0240910740037723E+00,
     3.0675971161747988E+00,
     3.3084760794915145E+00,
     2.9594011996471039E+00,
     3.1125490433934626E+00,
     3.0679648304863463E+00,
     2.0162128601828284E+00,
     9.9250904528923467E-01,
     1.0012228925121365E+00,
     9.9253120665341932E-01,
     9.9251327282104285E-01,
     3.0155981633762474E+00,
     3.0100255616740732E+00,
     3.0198710518187095E+00,
     3.0174977530795681E+00,
     3.0136596748198592E+00,
     3.0099335059315742E+00,
     3.4213639808312788E+00,
     1.9596300422614608E+00,
     2.4787798135412347E+00,
     9.9281475609404168E-01,
     9.9296375200163300E-01,
     9.9298509504297083E-01,
     9.9237255363224630E-01,
     9.9298609033130969E-01,
     9.9277600575724279E-01
  ]
}
