{
  "version":  "0.2.0",
  "energy":     2.7767259630505070E-01,
  "charges": [
     6.6232313810690302E-01,
    -1.5749873943904125E-01,
     8.8751923038936864E-02,
    -3.7111452478767959E-01,
     1.3148495353829592E-01,
     1.3346726261102448E-01,
     1.3328166002355563E-01,
    -1.4548193266284382E-01,
     1.6277946849318559E-01,
    -3.4050299518706895E-01,
    -7.1794587462247650E-02,
    -3.2961323844083013E-01,
     3.0247988824520772E-01,
    -3.1102276067216583E-01,
    -6.0463689769888584E-02,
    -2.6759006167508897E-01,
    -7.7666583868645944E-02,
     1.3395468398588267E-01,
     1.2131213210173432E-01,
     1.3182821633298078E-01,
     1.3579295533050748E-01,
     1.2454837080500392E-01,
     1.3697464647221647E-01,
     1.3293864069605288E-01,
     1.4132539287085016E-01,
     1.4184808229397300E-01,
    -9.6530961493708656E-02,
    -4.1174709708149138E-01,
     1.3344147898327940E-01,
     1.3679661170679502E-01,
     1.2636754869202033E-01,
     2.4244829843953467E-01,
    -1.8376272354361189E-01,
    -1.6720817835923607E-02,
    -2.9080223196585137E-01,
     1.2224125351749154E-01,
     1.3613613513579803E-01,
     1.3712780886732848E-01,
     1.3742855447326224E-01,
     1.4523384112426713E-01
  ],
  "coordination numbers": [
     6.5578640778117654E+00,
     3.9582678256371562E+00,
     2.0118004204547333E+00,
     1.9273096137344208E+00,
     9.9181174122325277E-01,
     9.9177238457202765E-01,
     9.9179034752447226E-01,
     9.9318156332086538E-01,
     2.9945718690927672E+00,
     1.9821948452884941E+00,
     4.1480912603115367E+00,
     1.9881405921394162E+00,
     4.3909822471779645E+00,
     1.9890037260141202E+00,
     4.1677639710547254E+00,
     2.9083269776989544E+00,
     4.0923723069760580E+00,
     9.9210287713116596E-01,
     9.9156100988247253E-01,
     9.9190875899415598E-01,
     9.9227994608302250E-01,
     9.9141948096610122E-01,
     9.9169623749768387E-01,
     9.9210877902887074E-01,
     9.9208432115640477E-01,
     9.9191156325174212E-01,
     3.9941966938759270E+00,
     2.9379695638132493E+00,
     9.9174915442130018E-01,
     9.9221448195262596E-01,
     9.9182528008861670E-01,
     1.0955905712728722E+00,
     3.9554385367497327E+00,
     3.9709294196083862E+00,
     1.9878960897484443E+00,
     9.9173570037565462E-01,
     9.9179047392287689E-01,
     9.9184010215643870E-01,
     9.9208922115121112E-01,
     9.9189170102942548E-01
  ]
}
