{
  "version":  "0.2.0",
  "energy":     1.9312400077702457E-01,
  "charges": [
     6.6646471816695674E-01,
    -7.1962391364424103E-02,
    -7.5593283537913003E-02,
    -6.5417877474542446E-02,
     1.3208568255557440E-02,
    -6.7761920916285856E-02,
    -7.6709381005929889E-02,
     2.6054212510579500E-01,
    -3.4221222990628042E-01,
    -3.1188121434784294E-01,
     1.3887961551788250E-01,
     1.3847685962564688E-01,
     1.5066229235828610E-01,
     1.4367455395801182E-01,
     1.3730403144254327E-01,
    -7.3068755424675602E-01,
     2.7001510378387705E-01,
     2.7925778239914495E-01,
     2.6960970679674867E-01,
     8.6180256345072231E-02,
    -4.2781418183857584E-01,
    -7.3080749452642119E-02,
    -7.6026610153662411E-02,
    -7.0539651389803643E-02,
     2.0417052476858003E-03,
    -8.1848948418124276E-02,
    -7.6587739969419005E-02,
     2.3313637967928189E-01,
    -3.0434271973030835E-01,
    -4.2519826799883914E-01,
     1.3841448200658463E-01,
     1.4029306902903979E-01,
     1.5753668104228771E-01,
     1.2994614824421746E-01,
     1.3763726395195824E-01,
     2.5400381049705500E-01,
    -2.1716011300728216E-01,
     2.0539110951463246E-01,
    -3.5407821746961954E-01,
    -2.1763955874966417E-01,
    -2.1082761821612014E-01,
     1.3008020917798438E-01,
     1.3351266005819606E-01,
     1.1697647372828240E-01,
     1.2705769217779478E-01,
     1.1915327251232909E-01,
     1.4818928789596725E-01,
     1.4207338057165836E-01,
     1.4813572514345258E-01,
     1.1724124743524607E-01,
    -9.6833790694054678E-02,
    -3.9733706318376205E-01,
     1.2460782568584843E-01,
     1.2544771173118729E-01,
     1.4687177088670986E-01,
     2.3951756309893019E-01
  ],
  "coordination numbers": [
     7.2865459762198155E+00,
     3.0144875750745532E+00,
     3.0122204774402936E+00,
     3.0164363355180770E+00,
     3.0189973872653901E+00,
     3.0164145082180438E+00,
     3.0121170299031119E+00,
     3.8288620859136424E+00,
     1.9700843755758379E+00,
     1.9591406806594183E+00,
     9.9283151821678928E-01,
     9.9290222141050855E-01,
     9.9294067663428365E-01,
     9.9297479535097555E-01,
     9.9289606435016520E-01,
     3.9091329046155243E+00,
     1.0024150927162427E+00,
     1.0007755645745027E+00,
     9.9730998727608267E-01,
     1.9499737605048937E+00,
     1.0063568380870533E+00,
     3.0140279681120967E+00,
     3.0125683750920205E+00,
     3.0159266904513764E+00,
     3.0188650575571518E+00,
     3.0140466783426287E+00,
     3.0116983445099663E+00,
     3.0191413850499433E+00,
     1.9578939106893136E+00,
     1.9914799533424956E+00,
     9.9285953397248949E-01,
     9.9291804725523214E-01,
     9.9251372619525036E-01,
     9.9246159900511266E-01,
     9.9294834491220385E-01,
     9.9340452700385384E-01,
     3.9577282777924268E+00,
     4.3161459405330760E+00,
     1.9847010669104908E+00,
     3.9574587662767611E+00,
     3.9573029107515154E+00,
     9.9428789294542330E-01,
     9.9426733054343330E-01,
     9.9337099024763642E-01,
     9.9418435200822053E-01,
     9.9362203346348288E-01,
     9.9474796071206928E-01,
     9.9424459570972967E-01,
     9.9477273694952473E-01,
     9.9347231302096883E-01,
     3.9756283941920554E+00,
     2.9269411538629635E+00,
     9.9163340841580627E-01,
     9.9169552349545143E-01,
     9.9230325876845527E-01,
     1.0131981056766710E+00
  ]
}
