{
  "version":  "0.2.0",
  "energy":     2.5629527485373432E-01,
  "charges": [
     7.4236750931050222E-01,
    -1.9821238753491915E-01,
    -1.8495382858203124E-02,
    -3.9743552394639159E-01,
     1.1648644315370926E-01,
     1.1742565772676700E-01,
     1.2657415708764164E-01,
     1.2106035403140619E-01,
     1.1589376390124026E-01,
    -6.4678801008669434E-02,
    -6.4197089447755290E-02,
     5.4345338680484891E-02,
    -3.1399759846105912E-01,
     4.4438004468214359E-02,
    -7.4221462321670664E-02,
     1.4183936047123788E-01,
     1.4232629727074661E-01,
     1.6525860819037358E-01,
     1.3317175321618099E-01,
     1.3128424484905024E-01,
    -3.1531970082978789E-01,
     3.6949006660843095E-02,
    -2.6673280217766215E-01,
    -2.6293724408293240E-01,
    -2.1097716047889467E-01,
     7.7224682757529639E-02,
    -2.2198340024435545E-01,
    -1.9842887897558603E-01,
     1.2385503210962677E-01,
     1.4741546057432653E-01,
     1.2387466649605786E-01,
     1.2124250745777923E-01,
     1.1628816063699722E-01,
     1.2732528953877659E-01,
     1.2456660411746291E-01,
     1.3999906233567136E-01,
     1.6093814469453693E-01,
    -6.7765302049640957E-02,
    -7.8215596028281986E-02,
    -6.8436567689241251E-02,
     1.2167442476040832E-02,
    -7.3002250320961332E-02,
    -6.9231600881057787E-02,
     2.5164701115426341E-01,
    -3.0285200458438088E-01,
    -3.9769328602925713E-01,
     1.4190621530821701E-01,
     1.3368005323773882E-01,
     1.3373045961960253E-01,
     1.3409062285586237E-01,
     1.4358804417225388E-01,
     2.6185408138956606E-01
  ],
  "coordination numbers": [
     6.0931603561198209E+00,
     3.9545525585067161E+00,
     4.0292033701688066E+00,
     1.9917621690541276E+00,
     9.9171892473448953E-01,
     9.9136643643060118E-01,
     9.9154394408212276E-01,
     9.9066818706660342E-01,
     9.9090200631458636E-01,
     3.0223319123032457E+00,
     3.0104989577939900E+00,
     3.1183412711795437E+00,
     2.9361050994283557E+00,
     3.1374018513439337E+00,
     3.0104935999891724E+00,
     9.9283728910876334E-01,
     9.9302262812524322E-01,
     9.9277561133861436E-01,
     9.9287982563766519E-01,
     9.9301325202476232E-01,
     1.9998679810559672E+00,
     2.0742597046630831E+00,
     1.0051585574951023E+00,
     9.9829083832252596E-01,
     3.9563516638636465E+00,
     3.9413617551356266E+00,
     3.9565304295775787E+00,
     3.9566348090061023E+00,
     9.9240988864508939E-01,
     9.9296009075625236E-01,
     9.9286951635706266E-01,
     9.9241412096627979E-01,
     9.9312290607510612E-01,
     9.9305329324586467E-01,
     9.9252440929651531E-01,
     9.9324896706105115E-01,
     9.9289951476488980E-01,
     3.0150260516023950E+00,
     3.0118989960890881E+00,
     3.0187122077604442E+00,
     3.0183457950273942E+00,
     3.0147778565527243E+00,
     3.0115603788821215E+00,
     3.1143075932756537E+00,
     1.9584785679219321E+00,
     1.9925824609610823E+00,
     9.9286894191343755E-01,
     9.9294010796101873E-01,
     9.9295018393617163E-01,
     9.9249541862986668E-01,
     9.9298003054384854E-01,
     9.9336442498961564E-01
  ]
}
