{
  "version":  "0.2.0",
  "energy":    -1.6996305588816765E+00,
  "charges": [
     7.4360085960522149E-01,
    -7.4151987634344629E-01,
     2.9488470764899000E-01,
     2.3735465794850447E-01,
     2.6624380011785248E-01,
    -1.5196302086208169E-01,
    -1.5420950412078271E-01,
    -1.1703237135895023E-01,
     1.6297255580024483E-03,
    -1.0244560489724103E-01,
    -1.4093431997425529E-01,
     2.7417650983420899E-01,
    -4.8034911260602775E-01,
    -3.4859203588137949E-01,
     5.6442745376737810E-02,
     5.8000075430827205E-02,
     1.0210553636862811E-01,
     1.3548285343587085E-01,
     7.2040381900439140E-02,
    -3.6957180579556131E-01,
     3.5919095298500814E-01,
    -3.6347813948448748E-01,
    -4.9935871300177165E-01,
    -5.6871615212132043E-01,
     2.5731557098796942E-01,
     1.6855042804240239E-01,
    -2.8866008933775245E-01,
    -2.9041758963891845E-01,
    -4.0977046981668674E-01
  ],
  "coordination numbers": [
     7.2706620524176611E+00,
     3.8824563078845724E+00,
     1.0070141862080524E+00,
     9.9653410614665638E-01,
     1.0034763041481023E+00,
     3.0112566873518247E+00,
     3.0109261255252653E+00,
     3.0160515516133417E+00,
     3.0140059375278936E+00,
     3.0113361000431507E+00,
     3.0127609861674873E+00,
     3.0178607179570189E+00,
     1.0005814354343086E+00,
     1.9723736698189098E+00,
     9.9246210987069894E-01,
     9.9243589538788246E-01,
     9.9271913335636164E-01,
     9.9197920645245841E-01,
     9.9258120892930002E-01,
     1.9682500714303490E+00,
     3.8532335483572728E+00,
     1.9719949505582699E+00,
     9.9925982360146026E-01,
     1.9833477115193787E+00,
     1.0709645198889230E+00,
     3.4161396600848111E+00,
     1.8166580581610496E+00,
     1.8660320304132618E+00,
     1.0015864747680823E+00
  ]
}
