{
  "version":  "0.2.0",
  "energy":     8.9938085508217525E-01,
  "charges": [
     7.1453128033590363E-01,
    -5.6487256228794447E-01,
    -6.2424876223898806E-03,
    -2.4491581707608123E-02,
    -4.2793562618157532E-01,
    -2.6373570156692394E-02,
     6.3043057795774127E-03,
    -5.6581952304482452E-01,
     2.6957972026509608E-01,
     2.8763784171257639E-01,
     1.4616818342217322E-01,
     1.5464899538602694E-01,
     1.4420815808491555E-01,
     1.4783330755905694E-01,
     2.4319104357402394E-01,
     1.3909261476106727E-01,
     1.4986881532298613E-01,
     1.4841044249158536E-01,
     1.5340461410140482E-01,
     2.9265855524880857E-01,
     2.7673112163251001E-01,
    -2.1086449543819663E-02,
    -1.0004769245121381E-01,
    -1.0039738352470318E-01,
    -3.4866470912503611E-02,
    -2.8007000842753138E-01,
     1.5944167524168446E-01,
     1.5706760847503559E-01,
     1.6624333297335250E-01,
     1.6151693353173335E-01,
     1.6144805659668621E-01,
     1.6355742958472072E-01,
     1.5053203064192947E-01,
     1.4772861242649402E-01,
     1.8574826129367983E-01,
    -1.4743870379560997E-01,
    -2.1254189762039838E-01,
    -2.1536898316621089E-01
  ],
  "coordination numbers": [
     7.2259218366653224E+00,
     3.9215778770298195E+00,
     4.1154061326945728E+00,
     4.0784208728458218E+00,
     3.8740232053714534E+00,
     4.1021475147336552E+00,
     4.4124340433945326E+00,
     3.9277239234884336E+00,
     1.0052684357321207E+00,
     1.0205048974559245E+00,
     9.9131482374224689E-01,
     9.9141782231444342E-01,
     9.9115890342744084E-01,
     9.9117393945564380E-01,
     1.0016729689326951E+00,
     9.9138663488351053E-01,
     9.9135927822086600E-01,
     1.0294607678928349E+00,
     9.9128416193462421E-01,
     1.0254966536674912E+00,
     9.9815428818768304E-01,
     4.2297573280848280E+00,
     3.9814753550510389E+00,
     3.9855112359351716E+00,
     4.0649891859969127E+00,
     2.9392863181759550E+00,
     9.9593327905528994E-01,
     9.9142113902497098E-01,
     9.9196060976089218E-01,
     9.9151560552637008E-01,
     9.9160512764080266E-01,
     9.9196155363596450E-01,
     9.9172924730172873E-01,
     9.9138642979594405E-01,
     3.7602762106460172E+00,
     1.0015016475008061E+00,
     1.9755107733676383E+00,
     1.9807519124157995E+00
  ]
}
