{
  "version":  "0.2.0",
  "energy":    -1.5953627647622564E+00,
  "charges": [
     7.4399909506806838E-01,
    -1.5327226944171390E-01,
    -4.3616587685358765E-01,
     1.0023311625736658E-01,
     4.7868410930848315E-02,
     1.0444352144358515E-01,
     2.2447457588140937E-01,
    -5.1017314168667971E-01,
     3.3513282103183162E-02,
    -5.3077635086281305E-01,
    -6.0192705519211742E-02,
    -3.8508833368554840E-01,
    -2.7819058553526377E-01,
    -5.2351664157534716E-01,
    -2.6312936661327968E-01,
    -4.4809250143407392E-02,
    -4.1035652243626697E-01,
     3.2937790530167842E-02,
     6.6483908138836617E-02,
     9.7090205925514789E-02,
     5.9659414529807747E-02,
     8.4967723544330576E-02
  ],
  "coordination numbers": [
     6.4107879884765708E+00,
     3.9741912660877201E+00,
     2.7993659698579227E+00,
     9.9135259931187569E-01,
     9.9017540750579780E-01,
     9.9181362110771065E-01,
     1.0833325252425725E+00,
     9.7449164476649219E-01,
     1.9092748192621940E+00,
     1.0006338670791814E+00,
     2.8744518512706607E+00,
     1.0017168653961681E+00,
     1.9310390284419574E+00,
     9.6247087342328719E-01,
     3.9525437578946425E+00,
     4.0754333607969464E+00,
     1.9900054908340659E+00,
     9.9077940157950284E-01,
     9.9120118498166754E-01,
     9.9137836495806031E-01,
     9.8837811049862889E-01,
     9.8938387912481573E-01
  ]
}
