{
  "version":  "0.2.0",
  "energy":    -1.0067475627737887E+00,
  "charges": [
     7.0534934955286199E-01,
    -5.5421899199145297E-01,
    -5.2329000433482764E-02,
    -5.3097078044364920E-02,
    -3.9122174644513052E-01,
    -5.9179940483720855E-02,
    -5.4946812323430683E-02,
    -5.6455941581338831E-01,
     2.2225230344093860E-01,
     2.5312262085343357E-01,
     6.5965306088767023E-02,
     9.0778540973357330E-02,
     1.0830448025067341E-01,
     6.5379850443729431E-02,
     2.1889708643718231E-01,
     1.0449036658446241E-01,
     6.2269673939832640E-02,
     6.2773241896349405E-02,
     8.5996301272710837E-02,
     2.4310931430376156E-01,
     2.1810534842247276E-01,
    -2.4398153701486749E-01,
     8.4896088445766377E-02,
    -2.5385287598960432E-01,
    -2.4500417304844979E-01,
     7.6635192588664525E-02,
     1.1071522805242975E-01,
     1.1459506574339293E-01,
     7.4467881156728671E-02,
     1.0300778887189319E-01,
     1.0264845119079138E-01,
     7.4917500130942283E-02,
     1.1012925189075450E-01,
     1.0543446821919006E-01,
    -3.5185369007002354E-01,
    -4.9363507405766660E-01,
    -2.5815191849318198E-01,
     1.1624047690410444E-01,
    -4.1305537317347807E-01,
    -2.7536967668549972E-01,
     1.0086595535450006E-01,
    -4.1688982894194876E-01
  ],
  "coordination numbers": [
     7.5156091809760994E+00,
     3.9270472039389830E+00,
     4.0225074782177739E+00,
     4.0149685875499026E+00,
     3.8453745260766681E+00,
     4.0525691848135708E+00,
     4.0101379874065417E+00,
     3.9241206154037638E+00,
     1.0069836469471962E+00,
     1.1057210115438725E+00,
     9.9031689100472597E-01,
     9.9149176290604402E-01,
     9.9121587538593570E-01,
     9.9006877121194581E-01,
     1.0277401212354187E+00,
     9.9165885100577711E-01,
     9.8980576290784850E-01,
     9.9031558494067617E-01,
     9.9132380766506145E-01,
     1.2270592050613107E+00,
     9.9909487566144062E-01,
     3.9557452111241735E+00,
     3.9784507722291007E+00,
     3.9570732977807737E+00,
     3.9561478040327112E+00,
     9.9206512179439788E-01,
     9.9355691536931001E-01,
     9.9272300808316949E-01,
     9.9186703104405094E-01,
     9.9358087979214638E-01,
     9.9362908650394743E-01,
     9.9186775110007375E-01,
     9.9324886192230277E-01,
     9.9307735339031478E-01,
     9.9805848668146790E-01,
     1.0057821477719475E+00,
     1.0101112477800482E+00,
     2.0651488160274738E+00,
     1.9976465259333569E+00,
     1.0101199990273493E+00,
     2.0784027509094649E+00,
     1.9992953071942026E+00
  ]
}
