{
  "version":  "0.2.0",
  "energy":    -4.3922392125202825E-02,
  "charges": [
     8.5077448787345711E-01,
    -5.6353127903807998E-01,
    -2.4185520160675655E-02,
    -1.6462152223266246E-02,
    -5.8348136346450097E-01,
     2.4455143103949467E-01,
     2.3770055314716285E-01,
     1.2890659659420020E-01,
     1.1615811471434664E-01,
     1.2008751975114573E-01,
     1.4872805589160817E-01,
     2.7351324182766801E-01,
     2.5718015067895261E-01,
    -7.0371746748960184E-01,
     3.2324284716218388E-01,
     3.1147431715047491E-01,
    -6.4787930122204587E-02,
    -4.0350933739131795E-01,
     1.2032063413779764E-01,
     1.1717742718956788E-01,
     1.1395078933862680E-01,
    -7.2787318124538725E-01,
     2.6101822945836506E-01,
     2.9256821345640588E-01,
     2.6477485781144194E-01,
    -2.1050795300927172E-01,
     7.0121761525988854E-02,
    -2.1991114739704687E-01,
    -1.9386510116508654E-01,
     1.2701225585820691E-01,
     1.4834946402219154E-01,
     1.1624506569146986E-01,
     1.2675831211393329E-01,
     1.3049724630785825E-01,
     1.3319848286545935E-01,
     1.2867107586811588E-01,
     1.5055806149300438E-01,
     1.6514910649657324E-01,
    -7.4421640074614348E-01,
     2.6444505413271141E-01,
     2.7187965503295958E-01,
     2.9383729970361511E-01,
    -6.6083960924353605E-02,
     1.4077643941694290E-01,
    -4.2585942756267620E-01,
    -7.4113748406761304E-01,
     2.9390160920738506E-01,
     2.7119064048332209E-01,
     2.6345305398551233E-01,
    -3.3973176737128274E-01,
     2.8779317778967972E-02,
    -2.7808989582860977E-01
  ],
  "coordination numbers": [
     7.6606482704432990E+00,
     3.8901074454891846E+00,
     4.0380534736128206E+00,
     4.0082782336373395E+00,
     3.9069174714402299E+00,
     1.0077779000259914E+00,
     9.9760632458980769E-01,
     9.9187081130374377E-01,
     9.9116869482074854E-01,
     9.9131441970398271E-01,
     9.9152190639514259E-01,
     1.0176730131351039E+00,
     1.0005751566791181E+00,
     1.9848942573930852E+00,
     9.9097453541706937E-01,
     9.9384163222701094E-01,
     4.1461688986855059E+00,
     1.9888026600901902E+00,
     9.9045697274960176E-01,
     9.9010231461344489E-01,
     9.9059671500121915E-01,
     3.8658814292999182E+00,
     9.9684645512986236E-01,
     1.0128737180642151E+00,
     9.9646169163191622E-01,
     3.9554781456025747E+00,
     3.8534383062697861E+00,
     3.9555099045083484E+00,
     3.9567576348932665E+00,
     9.9252662436022820E-01,
     9.9230378305723210E-01,
     9.9230488812891426E-01,
     9.9243541761557630E-01,
     9.9244820422064350E-01,
     9.9253250501581203E-01,
     9.9291575159382273E-01,
     9.9330112138182436E-01,
     9.9288460418855884E-01,
     3.9113237280556756E+00,
     9.9809113001670191E-01,
     1.0007522654558620E+00,
     1.0071472918027977E+00,
     1.9477774052694619E+00,
     2.0137835760853848E+00,
     1.0071369704279896E+00,
     3.8773414215985005E+00,
     1.0063562773839765E+00,
     9.9871079335593649E-01,
     9.9630535194143555E-01,
     1.9983500457364967E+00,
     2.0895389665757147E+00,
     1.0050459527523463E+00
  ]
}
