{
  "version":  "0.2.0",
  "energy":    -2.6726809480607733E-01,
  "charges": [
     9.2690474624399677E-01,
    -3.2326032398865567E-01,
     9.0372952326877476E-02,
    -2.2174876286129264E-01,
     9.1759211920839995E-02,
    -3.1352741839214837E-01,
    -3.0666861136674169E-02,
    -4.0698422876067381E-01,
     1.3967461722897939E-01,
     1.4129712190160026E-01,
     1.4357521225541678E-01,
    -1.9657947902794515E-02,
     2.0034767204349854E-01,
    -4.1808599087897019E-01
  ],
  "coordination numbers": [
     4.3559451316100413E+00,
     2.0025829042899366E+00,
     2.1099600873336195E+00,
     1.0054049846221531E+00,
     1.9881684170882661E+00,
     1.0274223138280041E+00,
     4.0890995936740566E+00,
     1.9923343695767697E+00,
     9.9148057071918050E-01,
     9.9154493762119778E-01,
     9.9150611542904521E-01,
     1.0141163742876511E+00,
     2.1145419935575998E+00,
     2.0105014324884625E+00
  ]
}
