{
  "version":  "0.2.0",
  "energy":    -5.6409511180305787E-02,
  "charges": [
     4.8365966868596000E-01,
    -9.1844835626479215E-02,
    -1.5058693211094110E-01,
    -9.0333439220157519E-02,
    -1.5089446172838214E-01
  ],
  "coordination numbers": [
     3.9687383635312781E+00,
     1.3969366850200604E+00,
     9.9825179829630972E-01,
     1.3968948566595731E+00,
     9.9819209442276424E-01
  ]
}
