{
  "version":  "0.2.0",
  "energy":     8.8267215614986616E-01,
  "charges": [
     1.0014155080632903E+00,
    -1.5967899078313658E-02,
    -4.1335367109887716E-01,
     1.6527114855904823E-01,
     1.6217166585277409E-01,
     1.6090569570776905E-01,
    -3.5307738345307815E-02,
    -3.1294529883458344E-01,
     3.1534326575931243E-01,
    -2.7895084755164706E-01,
    -6.4927444708061832E-02,
    -2.8928969283810702E-01,
    -3.3515558129828538E-02,
     1.6997668643583982E-01,
     1.5897012581067196E-01,
     1.5509427055926711E-01,
     1.5442688983312025E-01,
     1.6618268094942254E-01,
     1.5390703023189883E-01,
     1.7218963874014476E-01,
     1.6378715448062492E-01,
     1.4991593621894431E-01,
     5.8962533208600440E-02,
     1.9777774198569315E-01,
    -4.5006596845165170E-01,
    -3.0734333978945899E-02,
    -1.0611187332872468E-01,
    -1.0393946375970850E-01,
    -3.0439505985105288E-02,
    -2.9612367986621940E-01,
     1.5262679370525706E-01,
     1.4653374319484444E-01,
     1.5323004930399728E-01,
     1.5624083899721783E-01,
     1.5776240539143335E-01,
     1.5508116702246869E-01,
     1.5628884374033988E-01,
     1.5312447403625257E-01,
    -2.7551331183315114E-01
  ],
  "coordination numbers": [
     6.1702725649584247E+00,
     4.0485216607301453E+00,
     1.9895494240421590E+00,
     9.9198805210688779E-01,
     9.9198247568812636E-01,
     9.9194666473676030E-01,
     4.1160317009489216E+00,
     1.9862221879355459E+00,
     4.2880225767949307E+00,
     2.9340613597846117E+00,
     4.0148945940044101E+00,
     1.9863688866893163E+00,
     4.0790862821730931E+00,
     9.9242969154767380E-01,
     9.9191254003081841E-01,
     9.9189574275128489E-01,
     9.9222435545750098E-01,
     9.9217056494885458E-01,
     9.9208588390176011E-01,
     9.9234624662202275E-01,
     9.9208784999949984E-01,
     9.9193709501626781E-01,
     1.0150762273676239E+00,
     2.1232371354199211E+00,
     2.0122905514586824E+00,
     4.1120760901089977E+00,
     3.9817618059530906E+00,
     3.9833579027988169E+00,
     4.0570466451216873E+00,
     2.9367447399659419E+00,
     9.9179011319913091E-01,
     9.9189543433731941E-01,
     9.9157195267851606E-01,
     9.9192183102975218E-01,
     9.9194889479563297E-01,
     9.9161777919187877E-01,
     9.9179541486172251E-01,
     9.9203855595424706E-01,
     9.9866927074758127E-01
  ]
}
