{
  "version":  "0.2.0",
  "energy":     8.5395774345368214E-01,
  "charges": [
     6.8464118056812451E-01,
    -5.7696943126200195E-01,
    -1.7829233906579867E-02,
    -2.7675449198554358E-02,
    -4.2429060670705865E-01,
    -2.9407835997994458E-02,
    -1.7484662101527881E-02,
    -5.7946489449030691E-01,
     2.5758890388903255E-01,
     2.6049195937382125E-01,
     1.3798766282697195E-01,
     1.4451957041763486E-01,
     1.3667545010946378E-01,
     1.4053558864538110E-01,
     2.3428510985096268E-01,
     1.3588350001306276E-01,
     1.3912495095208799E-01,
     1.3793027843683825E-01,
     1.4409001231860086E-01,
     2.6077746687564352E-01,
     2.5601900589590965E-01,
    -5.7434434390971201E-01,
    -1.4980410643011755E-02,
    -1.2059685360721051E-02,
    -5.7164702444989046E-01,
     2.5020838732995615E-01,
     2.5999255302470659E-01,
     1.4190053291188834E-01,
     1.3618008526823033E-01,
     1.5054106473463155E-01,
     1.4408779873766397E-01,
     2.6128609814468795E-01,
     2.5747480998488226E-01,
    -1.6887996922048731E-01,
    -1.6822271467178268E-04,
    -3.9325818345359448E-01,
     1.5474173140337036E-01,
     1.3962498191685066E-01,
     1.4479338037131917E-01,
     1.5162670921810120E-01,
     1.4545118019628892E-01
  ],
  "coordination numbers": [
     6.0201396433011611E+00,
     3.8975139151204772E+00,
     4.0300533935402054E+00,
     4.0377285060028063E+00,
     3.8855059948067376E+00,
     4.0163163553932897E+00,
     4.0509388638996668E+00,
     3.8938733482091967E+00,
     9.9940857207625999E-01,
     9.9646255971617936E-01,
     9.9153365888383771E-01,
     9.9144007100217380E-01,
     9.9120275665607949E-01,
     9.9132493383534914E-01,
     1.0047824204354043E+00,
     9.9129237500338618E-01,
     9.9134580122364646E-01,
     9.9145890217089061E-01,
     9.9140393087519652E-01,
     9.9652663293070542E-01,
     9.9731980109357110E-01,
     3.9007805495534198E+00,
     4.0721315120948613E+00,
     4.0262329752026718E+00,
     3.8965713606559946E+00,
     9.9883347676458545E-01,
     9.9632623333256021E-01,
     9.9150137580085040E-01,
     9.9147307305893762E-01,
     9.9130994541456285E-01,
     9.9148789368870638E-01,
     9.9626951205368286E-01,
     1.0052684132594898E+00,
     3.9545398914781345E+00,
     4.0084340096481004E+00,
     1.9909403663917997E+00,
     9.9174933033713053E-01,
     9.9140715222954512E-01,
     9.9138224598049263E-01,
     9.9106309956007266E-01,
     9.9083117815503474E-01
  ]
}
