{
  "version":  "0.2.0",
  "energy":    -1.4340486574506006E-01,
  "charges": [
    -2.3885350865114660E-01,
     3.0481722590818244E-01,
     3.1108923226419577E-01,
    -1.8834609276709124E-01,
    -1.8870685675414037E-01
  ],
  "coordination numbers": [
     3.4629067190388003E+00,
     1.4054940564868375E+00,
     1.2990169178322173E+00,
     9.6626266385514192E-01,
     9.6704862366259281E-01
  ]
}
