{
  "version":  "0.2.0",
  "energy":    -5.6434355661826002E-02,
  "charges": [
     5.0352100249234644E-01,
    -1.0665641118635419E-01,
    -1.3760382388347070E-01,
    -1.3822855606728157E-01,
    -1.2103221135524000E-01
  ],
  "coordination numbers": [
     3.9723700872823926E+00,
     1.3618722951638054E+00,
     1.3017613515479711E+00,
     1.2965544233449053E+00,
     1.2634565116671670E+00
  ]
}
