{
  "version":  "0.2.0",
  "energy":    -6.4926083805212503E-02,
  "charges": [
     5.3451067843460209E-01,
    -2.6722222819354280E-01,
    -2.6728845024105929E-01
  ],
  "coordination numbers": [
     1.9861561823582052E+00,
     9.9354924057800886E-01,
     9.9357825704024005E-01
  ]
}
