{
  "version":  "0.2.0",
  "energy":    -2.0426257018771737E-01,
  "charges": [
     6.8539026938320835E-01,
    -1.7323343982772754E-01,
     9.1775117406391965E-02,
    -7.7408769763991747E-02,
     9.1278232265216877E-02,
    -3.1379887980304783E-01,
    -1.7337216330296032E-01,
    -3.1291145047823027E-01,
     1.1334316918798507E-01,
     1.4089940475839863E-01,
     1.3559707639305787E-01,
     1.4060118874974786E-01,
     1.1248831434202025E-01,
     1.3807591274515163E-01,
     1.3880036990685324E-01,
    -4.7016253195219071E-02,
     1.8550722255867663E-01,
    -3.8768394263052197E-01,
    -2.9772882962087088E-01,
     5.8918664983424601E-02,
    -2.4952121405756336E-01
  ],
  "coordination numbers": [
     6.7093705119313194E+00,
     3.9581525748743580E+00,
     3.8073077568254154E+00,
     3.9207360183628968E+00,
     3.8168649160247812E+00,
     1.9626293911363915E+00,
     3.9582951699160960E+00,
     1.9611717111059539E+00,
     9.9228486545199424E-01,
     9.9186205351225176E-01,
     9.9126516120741215E-01,
     1.4105540824330207E+00,
     9.9232807309594762E-01,
     9.9135041423323500E-01,
     9.9174988254276197E-01,
     1.0135889249648544E+00,
     2.0556977155807878E+00,
     2.0078636764370943E+00,
     2.0013342468493880E+00,
     2.0513544137872151E+00,
     1.0056377056429797E+00
  ]
}
