{
  "version":  "0.2.0",
  "energy":     8.6872328600466875E-01,
  "charges": [
     7.0139283469580782E-01,
    -2.7003973531422054E-01,
     4.8692667039161519E-01,
    -3.0149990185767012E-01,
    -3.2035783816519681E-01,
    -3.6660045526598073E-02,
    -3.7690267363824748E-02,
    -4.9339943104369177E-02,
     2.5514373280796282E-02,
    -4.7674887604698957E-02,
    -5.2092482279472746E-02,
     2.6461664226379072E-01,
    -3.0922111237541838E-01,
    -3.7021215992463019E-01,
     1.7328716691164650E-01,
     1.7550699091807453E-01,
     1.5535861388774594E-01,
     1.6245260139066361E-01,
     1.5605981132686988E-01,
     2.7653811496872888E-01,
    -3.1066330803003750E-02,
    -4.3230657876708795E-02,
     6.5171421573846880E-02,
    -3.3386415905761013E-01,
     7.6850525878611159E-02,
    -3.3174834123724600E-02,
     1.7465326018312743E-01,
     1.6205706578417065E-01,
     1.4476528815776785E-01,
     1.6748418285467245E-01,
     1.7160824162025642E-01,
    -3.8793744751227266E-02,
    -3.2024242903995959E-01,
     3.4298844457466648E-01,
    -3.2931518051029540E-01,
    -2.9351967314378946E-02,
    -3.1153100155047442E-01,
    -3.9916110383573566E-02,
     1.4889042224547702E-01,
     1.6583915037414987E-01,
     1.5808055247572536E-01,
     1.5624887329148715E-01,
     1.5890583479585141E-01,
     1.5861458880661700E-01,
     1.6882333721781456E-01,
     1.5263520033875311E-01,
     1.5400457871832191E-01
  ],
  "coordination numbers": [
     6.8424768183466149E+00,
     1.9909289315214798E+00,
     3.9623920060963158E+00,
     1.7861720450104004E+00,
     1.9890002497407755E+00,
     3.0152366000192767E+00,
     3.0098994463948108E+00,
     3.0149122804127328E+00,
     3.0183523369301630E+00,
     3.0165959463852143E+00,
     3.0107407847598671E+00,
     3.0986098287246877E+00,
     1.9920869990854868E+00,
     1.9919717589975718E+00,
     9.9281173420494273E-01,
     9.9297579190293117E-01,
     9.9246038293566308E-01,
     9.9282169232280282E-01,
     9.9295736112779043E-01,
     9.9289999086132141E-01,
     3.0232325091860419E+00,
     3.0083599574077668E+00,
     3.3261904181493183E+00,
     2.9875368502923676E+00,
     3.1537704532902637E+00,
     3.0088676794759683E+00,
     9.9278954566862421E-01,
     9.9301154506020239E-01,
     9.9582229200074401E-01,
     9.9248378465515064E-01,
     9.9298194619122615E-01,
     4.1179594993797028E+00,
     1.9872240838052084E+00,
     4.4562090284528875E+00,
     1.9976304283246078E+00,
     4.1171771578724803E+00,
     1.9877788475857923E+00,
     4.1233372568377478E+00,
     9.9230611911319055E-01,
     9.9209895807992865E-01,
     9.9181497792077344E-01,
     9.9245307899022617E-01,
     9.9193423253671753E-01,
     9.9208668384779752E-01,
     9.9235603353995927E-01,
     9.9184028156480597E-01,
     9.9155546201182609E-01
  ]
}
