{
  "version":  "0.2.0",
  "energy":    -6.4512200856473675E-02,
  "charges": [
     5.2178829375500801E-01,
    -1.7393739192212218E-01,
    -1.7394465723809310E-01,
    -1.7390624459479270E-01
  ],
  "coordination numbers": [
     2.9815463979670165E+00,
     9.9537751377093908E-01,
     9.9537643992750446E-01,
     9.9537441723579700E-01
  ]
}
