{
  "version":  "0.2.0",
  "energy":    -9.4565798973723103E-01,
  "charges": [
     5.9240508299851768E-01,
    -2.3360030632100889E-02,
     2.7537114794882911E-01,
    -4.7511985106230004E-01,
    -3.6146961043936943E-01,
    -5.9190216214268665E-01,
     7.9766263920715258E-02,
     9.1493064090062637E-02,
     2.1864502904101157E-01,
     2.1415053152534785E-01,
    -1.3191785843539439E-01,
    -4.2916493537724132E-01,
     8.8954519055811129E-02,
     6.9043318810089627E-02,
     1.0356961938778952E-01,
     2.9461677205691061E-01,
    -6.3142014225358445E-01,
     2.4931494084295339E-01,
    -1.2579190672308888E-01,
    -2.5528922329587256E-01,
    -2.5189456931639975E-01
  ],
  "coordination numbers": [
     7.1689188632383134E+00,
     4.1493826179168867E+00,
     3.3062617850045015E+00,
     1.0005780441203918E+00,
     1.9874780657314934E+00,
     3.9319331534245503E+00,
     9.9091151559912927E-01,
     9.9126104029254236E-01,
     1.0516667017093013E+00,
     1.0053334983978592E+00,
     4.1031826545466812E+00,
     2.8309581012884237E+00,
     9.9045895301908615E-01,
     9.8983769463224558E-01,
     9.9094995408650810E-01,
     1.7136105015270422E+00,
     2.0703738700041603E+00,
     1.0046113160803491E+00,
     2.6253894829823583E+00,
     1.9525562085728829E+00,
     1.9265313616773847E+00
  ]
}
