{
  "version":  "0.2.0",
  "energy":     3.6057738788897453E-01,
  "charges": [
     6.3044019306176191E-01,
    -5.6322711048271845E-01,
    -1.9749101014222448E-02,
    -2.4898784568531174E-02,
    -4.1401471069070361E-01,
    -2.9974751890808837E-02,
    -1.9161848667635123E-02,
    -5.6397536495819001E-01,
     2.6450882915725615E-01,
     2.7257175664580757E-01,
     1.3373317018561631E-01,
     1.3332491421109621E-01,
     1.4783393949361695E-01,
     1.2625500121733108E-01,
     2.5417974314643543E-01,
     1.3886605342572425E-01,
     1.2491326766828673E-01,
     1.3276027738334592E-01,
     1.3398532599129787E-01,
     2.6747843092676887E-01,
     2.6434088318803373E-01,
    -3.0552603307700832E-01,
     4.7001509122213081E-01,
    -2.5910259374672012E-01,
    -2.9557657782797181E-01
  ],
  "coordination numbers": [
     6.9603016275099492E+00,
     3.9094754206218534E+00,
     4.0704720009631927E+00,
     4.1059071249756744E+00,
     3.9255075151199286E+00,
     4.0585588609212362E+00,
     4.1095779498425857E+00,
     3.8981903540794844E+00,
     9.9649860685508074E-01,
     1.0321780845458557E+00,
     9.9127678769297134E-01,
     9.9127840577131199E-01,
     9.9154941213468017E-01,
     9.9115429997557225E-01,
     1.0818892675225129E+00,
     9.9136239165484774E-01,
     9.9128461563695502E-01,
     9.9123264102952025E-01,
     9.9116696111934299E-01,
     1.0023820705875206E+00,
     9.9660506039622554E-01,
     1.9757888023524535E+00,
     3.9703935785064983E+00,
     1.9810684934145755E+00,
     1.9802098203325178E+00
  ]
}
