{
  "version":  "0.2.0",
  "energy":    -2.2304022731511369E-01,
  "charges": [
     5.6344299860900449E-01,
    -2.5124376884102706E-01,
     5.9647198626587350E-02,
    -2.3981223631152915E-01,
    -2.3245397130487078E-01,
     9.6156245183686484E-02,
     9.7991654876580500E-02,
     1.0169100957148555E-01,
     9.5239458424243639E-02,
     1.2276653569801504E-01,
     9.7651654969271459E-02,
     9.7030766367757149E-02,
     1.0851447023327192E-01,
     1.3238991975975078E-01,
    -3.1136475222344318E-01,
    -3.8364182529465091E-01,
     3.8182116221461632E-01,
    -3.3665914529922358E-01,
    -3.4431448919329732E-01,
    -5.3324906075457715E-02,
    -1.5349789870558989E-01,
    -1.5116594779021653E-01,
    -6.8316060330068248E-02,
    -2.7125963770803008E-01,
     1.2222064471280272E-01,
     1.2369646970691910E-01,
     9.7635572551802469E-02,
     9.4299366208619700E-02,
     9.1619644551320323E-02,
     1.0556721175589399E-01,
     9.5797201832564016E-02,
     1.1187545322321138E-01
  ],
  "coordination numbers": [
     6.4835468474579017E+00,
     3.9559007801359538E+00,
     3.9223559906233918E+00,
     3.9566366130617494E+00,
     3.9568523713630075E+00,
     9.9220689524588490E-01,
     9.9274311686120775E-01,
     9.9287072344858363E-01,
     9.9224296934893275E-01,
     9.9409216422835289E-01,
     9.9268617686401761E-01,
     9.9237690657212063E-01,
     9.9304243951508031E-01,
     9.9490830635448724E-01,
     9.9784982917130272E-01,
     1.7293423276273536E+00,
     3.9623105416047553E+00,
     1.9816359270959945E+00,
     1.9806615531385310E+00,
     4.0910166438110043E+00,
     3.9844020637622872E+00,
     3.9846645364772080E+00,
     4.0590406458865775E+00,
     2.9311540768284052E+00,
     9.9154825874600938E-01,
     9.9201428828829918E-01,
     9.9130410594443941E-01,
     9.9190814152461293E-01,
     9.9188965274499807E-01,
     9.9148657274926588E-01,
     9.9097750953619279E-01,
     9.9163479095578300E-01
  ]
}
