{
  "version":  "0.2.0",
  "energy":    -1.6325819116942453E-01,
  "charges": [
    -7.6402687071927711E-02,
     3.8035043865567814E-01,
     3.8559159846306934E-01,
    -2.2358655669603314E-01,
    -2.4398674847789081E-01,
    -2.2196604487289587E-01
  ],
  "coordination numbers": [
     4.6935251957826729E+00,
     1.8872285301820151E+00,
     2.8687021406043476E+00,
     1.8781865050000954E+00,
     1.8615842849236106E+00,
     1.8637733168633144E+00
  ]
}
