{
  "version":  "0.2.0",
  "energy":    -1.5512442244594176E+00,
  "charges": [
     6.7875102162068179E-01,
    -3.7599859978753214E-01,
    -1.1712600499538128E-01,
    -3.8731627130720825E-01,
     4.9872021275424894E-02,
     4.8395400235548502E-02,
     8.6221204383091887E-02,
    -3.5423148554238626E-01,
    -3.4415240222032795E-01,
    -8.5964383823388113E-03,
    -4.6680373010070586E-01,
    -6.8671008309155324E-01,
    -2.5743332344107905E-01,
    -8.0807456601771077E-02,
    -4.3481317084055132E-01,
     3.9966490371384479E-02,
     6.9588927148915111E-02,
     1.3383586144061771E-01,
     5.0888896678775962E-02,
     9.1033353577957124E-02,
     2.6543578957843772E-01
  ],
  "coordination numbers": [
     5.7501742484019625E+00,
     1.0050183151279652E+00,
     4.0285820002232615E+00,
     1.9887001192858644E+00,
     9.8743507958302690E-01,
     9.8697086600065642E-01,
     9.8845621398056061E-01,
     9.9664399932721004E-01,
     1.9767690559766544E+00,
     2.0189575653697442E+00,
     1.0051313298705029E+00,
     9.3558653755092980E-01,
     3.9531747440141984E+00,
     3.9629869721092099E+00,
     2.6118467562050025E+00,
     9.9110635722998364E-01,
     9.9121331194713669E-01,
     9.9116382917764767E-01,
     9.8894702945325896E-01,
     9.9085053030721681E-01,
     1.2243717671238432E+00
  ]
}
