{
  "version":  "0.2.0",
  "energy":    -1.6830783750740136E-01,
  "charges": [
     8.0187823358103472E-01,
    -1.8946009627294011E-01,
    -6.1241813730809458E-01
  ],
  "coordination numbers": [
     1.9968594671457183E+00,
     9.9843046344475539E-01,
     9.9941559725522122E-01
  ]
}
