{
  "version":  "0.2.0",
  "energy":    -1.7196983512327439E+00,
  "charges": [
     6.4945609640285351E-01,
    -1.4780556353701041E-01,
    -1.4347210733826565E-01,
     6.3097754635944581E-03,
    -3.4370055966516977E-01,
     8.6517672958920100E-03,
    -1.3722347877639790E-01,
     5.6713482174761770E-02,
     6.1024468427045744E-02,
     1.2386130494453676E-01,
     1.5832524686550081E-01,
     6.7545091661498718E-02,
    -1.3952249894444546E-01,
    -1.3481279001382473E-01,
    -1.0112089753587328E-01,
    -4.0456522618103619E-03,
     6.7765536533614917E-02,
     1.4491955263763309E-01,
     2.7025606328397972E-01,
    -5.0349294350345097E-01,
    -3.9111075155920061E-01,
     5.6874393082404419E-02,
     6.4392392176047281E-02,
     1.0880779374658553E-01,
     9.2687754282505752E-02,
     6.8253703499386087E-02,
    -3.8954031015426110E-01,
     3.4411474153838406E-01,
    -4.9238916341894801E-01,
    -3.0377003116815326E-01,
    -1.4311023859826394E-01,
    -3.7764041696798839E-01,
     3.3127834593416727E-01,
    -2.5502541700791981E-01,
    -1.3258370123681953E-01,
    -2.9397162537347155E-01,
    -1.1197872334779187E-01,
     5.2874406856281919E-02,
     5.9432134140570234E-02,
     5.4081914793846886E-02,
     1.2146582556522265E-01,
     8.3087238998499693E-02,
     8.3734103946172006E-02,
     8.8219942831811185E-02,
     1.2576557297228563E-01,
     8.0855737212233950E-02,
    -3.5777544630848868E-01,
     2.1570789151745468E-01,
    -3.5778706803064220E-01,
    -3.8458289403657320E-01
  ],
  "coordination numbers": [
     7.7302809066861808E+00,
     3.0181723092970962E+00,
     3.0111466493686345E+00,
     3.1813113130536586E+00,
     2.9514116771145842E+00,
     3.1235012783021734E+00,
     3.0114806734206230E+00,
     9.9249163412763419E-01,
     9.9280616420362744E-01,
     9.9289495962496588E-01,
     9.9018147804820078E-01,
     9.9280809405127002E-01,
     2.9875307740853172E+00,
     2.9900922970945780E+00,
     2.9966764365946972E+00,
     3.0053654343146547E+00,
     3.9390523017703325E+00,
     4.0728546581205052E+00,
     3.3087639924030920E+00,
     1.0005051725949370E+00,
     1.9811550518752261E+00,
     9.9259351894629066E-01,
     9.9204650462170374E-01,
     9.9256515269343382E-01,
     9.9226582718445400E-01,
     9.9122490560393395E-01,
     1.9815000452384472E+00,
     3.8722776133976922E+00,
     9.9907192154114810E-01,
     2.7563183969409772E+00,
     4.1346394677053961E+00,
     1.9865271966561444E+00,
     5.0590344731346120E+00,
     2.8379165824861170E+00,
     4.1452574930952331E+00,
     2.6681937894665504E+00,
     4.1674863010480045E+00,
     9.9009524362244772E-01,
     9.8930317771300036E-01,
     9.8957331114109515E-01,
     9.9115835966051691E-01,
     9.9091089082989203E-01,
     9.9156051196441464E-01,
     9.9142562093224651E-01,
     9.9167725875580892E-01,
     9.9115980332418196E-01,
     1.9355694005937369E+00,
     3.6406136902767177E+00,
     1.9746944506427404E+00,
     2.0044511298327850E+00
  ]
}
