{
  "version":  "0.2.0",
  "energy":    -1.1121383585874827E+00,
  "charges": [
    -7.1244144233131435E-01,
    -9.2461759185739378E-01,
    -3.6294096581129187E-01
  ],
  "coordination numbers": [
     1.9398795168608816E+00,
     1.9218220841727298E+00,
     1.9250924889571452E+00
  ]
}
