{
  "version":  "0.2.0",
  "energy":    -1.5449106842778927E-02,
  "charges": [
     2.5835937673035803E-01,
    -6.4782831341260172E-02,
    -6.4049797895665839E-02,
    -6.4778319230713824E-02,
    -6.4748428262718233E-02
  ],
  "coordination numbers": [
     3.8838780936465174E+00,
     9.8545214583923268E-01,
     9.6620911876054549E-01,
     9.8497517141592805E-01,
     9.6112830211263667E-01
  ]
}
