{
  "version":  "0.2.0",
  "energy":    -1.0864810391251534E+00,
  "charges": [
     7.4587338800404490E-01,
    -8.7872224892189231E-03,
     2.7173705430425266E-01,
    -4.6338773088332330E-01,
    -3.4031479760550659E-01,
    -5.7903538198496896E-01,
     9.2655461198219019E-02,
     1.1048062175602022E-01,
     2.4456739382363288E-01,
     2.3866323788469163E-01,
    -3.1580391018581788E-01,
     2.7327299435593033E-02,
    -3.8630196382882864E-01,
    -5.4558282575923644E-01,
     3.1433454054745102E-01,
     2.4209778976776392E-01,
    -2.5094734030295479E-01,
     2.1820292347559495E-01,
    -3.4163703970708414E-01,
    -2.4742975378197862E-01,
    -2.2262954916986824E-01,
     7.9816462583279194E-02,
     9.5787549982742068E-02,
     1.2596470285085476E-01,
     7.7602530304660966E-02,
     1.2887048134647672E-01,
     9.7473522602456994E-02,
     1.4877463072743843E-01,
     8.2418532957451468E-02,
     1.4647019791671231E-01,
    -3.5120263122712203E-01,
     4.0773407808553025E-01,
    -3.5402773823530720E-01,
    -4.8976451439365165E-01
  ],
  "coordination numbers": [
     7.4686958897541533E+00,
     4.0603282851165892E+00,
     3.1658063618970962E+00,
     1.0001465984787261E+00,
     1.9649232443480757E+00,
     3.9151601481760734E+00,
     9.9125943324697730E-01,
     9.9151031758417396E-01,
     1.0084620637945294E+00,
     1.0040194898777077E+00,
     1.9795646998289804E+00,
     2.1033786085776311E+00,
     1.0050263079307769E+00,
     2.8607290737949320E+00,
     1.0181733370032555E+00,
     1.0009750989470607E+00,
     3.9572341459779183E+00,
     4.3264696132108567E+00,
     1.9635957960619175E+00,
     3.9571107279517932E+00,
     3.9568729597544596E+00,
     9.9290281067830222E-01,
     9.9385917266469903E-01,
     9.9688557711173154E-01,
     9.9273465046328724E-01,
     9.9585468693238788E-01,
     9.9403971337076147E-01,
     9.9404792168423484E-01,
     9.9443601260965941E-01,
     9.9337953365711318E-01,
     1.9676862042947283E+00,
     3.8661657820914161E+00,
     1.9732267770046743E+00,
     1.0290531767013027E+00
  ]
}
