{
  "version":  "0.2.0",
  "energy":    -6.3980479447615535E-02,
  "charges": [
     5.8462006917873355E-01,
    -1.4727055725545610E-01,
    -1.4579814747450953E-01,
    -1.4602337554140188E-01,
    -1.4552798890736596E-01
  ],
  "coordination numbers": [
     3.9701766094357449E+00,
     9.9775060078790556E-01,
     9.9829648165498774E-01,
     9.9873007418987392E-01,
     9.9842585325332145E-01
  ]
}
