{
  "version":  "0.2.0",
  "energy":    -2.6577845504289332E-01,
  "charges": [
     7.2174417657942724E-01,
    -5.5842365733857813E-01,
     2.9372082642537367E-01,
    -1.9934927303100064E-01,
    -9.2964214786773469E-03,
    -3.9208076375060325E-01,
     1.0311256608941030E-01,
     1.2570810386504799E-01,
     1.3215780744910799E-01,
     1.1481252289745160E-01,
     1.1757558645632898E-01,
    -1.1001450733379917E-01,
    -4.1158011539645362E-01,
     1.1930347024317042E-01,
     1.1213606774241462E-01,
     1.2469307289795860E-01,
     2.6136989483894302E-01,
     6.1010828827229163E-02,
    -3.7979658506250275E-01,
     1.1551992335332745E-01,
    -3.4232352427357621E-01
  ],
  "coordination numbers": [
     5.5629203300558920E+00,
     1.9922522501803694E+00,
     1.0142993386254275E+00,
     3.9542942443239744E+00,
     4.0802188753985744E+00,
     1.9937291506227197E+00,
     9.9156710220946920E-01,
     9.9147943281209727E-01,
     9.9146821247033223E-01,
     9.9018623305025333E-01,
     9.9026978086702044E-01,
     4.0185887465923047E+00,
     2.9542514738047059E+00,
     9.9152029961831101E-01,
     9.9162597303691769E-01,
     9.9216138503036344E-01,
     1.3994867527028205E+00,
     1.1147490811880401E+00,
     1.9943209017983836E+00,
     1.9420813386790732E+00,
     1.0008325793733990E+00
  ]
}
