{
  "version":  "0.2.0",
  "energy":    -1.4401734988279985E-01,
  "charges": [
    -4.3696474617905223E-01,
     1.7435580593820360E-01,
     2.4933976553901149E-01,
     2.4924742736189048E-01,
    -2.3597825266005332E-01
  ],
  "coordination numbers": [
     3.0297800321345063E+00,
     2.3458593327906785E+00,
     1.4188017699341078E+00,
     1.4253448699994413E+00,
     9.6621086549209600E-01
  ]
}
