{
  "version":  "0.2.0",
  "energy":    -9.8343624685029163E-02,
  "charges": [
     6.7121918675412462E-01,
    -2.2370567082683243E-01,
    -2.2376062436231950E-01,
    -2.2375289156497274E-01
  ],
  "coordination numbers": [
     2.9900313748777272E+00,
     9.9822258750269910E-01,
     9.9822408467110080E-01,
     9.9821561733328146E-01
  ]
}
