{
  "version":  "0.2.0",
  "energy":    -1.0092614967582336E+00,
  "charges": [
    -9.0192522923783758E-01,
    -1.0980747707621625E+00
  ],
  "coordination numbers": [
     7.4407599559572724E-01,
     7.4407599559572724E-01
  ]
}
