{
  "version":  "0.2.0",
  "energy":    -1.4037905396831453E-02,
  "charges": [
     1.9590831583386081E-01,
    -7.0210963986246488E-02,
    -1.2569735184761444E-01
  ],
  "coordination numbers": [
     1.9216715965656972E+00,
     1.9034289197397634E+00,
     1.9573001067959002E+00
  ]
}
