{
  "version":  "0.2.0",
  "energy":    -1.6317706316620093E-01,
  "charges": [
    -5.1397838877990565E-01,
     5.1397838877990565E-01
  ],
  "coordination numbers": [
     4.2595525318366967E-01,
     4.2595525318366967E-01
  ]
}
