{
  "version":  "0.2.0",
  "energy":    -5.5050520604815856E-02,
  "charges": [
     5.1449534118892915E-01,
    -2.5731742222643994E-01,
    -2.5717791896248920E-01
  ],
  "coordination numbers": [
     1.9860739206095825E+00,
     9.9355482471537560E-01,
     9.9348953234422055E-01
  ]
}
