{
  "version":  "0.2.0",
  "energy":    -6.9251992250377759E-01,
  "charges": [
     2.2725117114385829E-01,
    -3.8911662397627983E-01,
    -8.3813454716757840E-01
  ],
  "coordination numbers": [
     1.9721857594686396E+00,
     9.8542555461460957E-01,
     9.8770883487126859E-01
  ]
}
