{
  "version":  "0.2.0",
  "energy":    -9.8450360703581208E-02,
  "charges": [
     7.2713054322752368E-01,
    -2.2129945416050592E-01,
    -2.5288184199815655E-01,
    -2.5294924706886129E-01
  ],
  "coordination numbers": [
     2.9912301901014589E+00,
     9.9819421866506097E-01,
     9.9894310081017323E-01,
     9.9894235697033817E-01
  ]
}
