{
  "version":  "0.2.0",
  "energy":    -1.6903647763581158E+00,
  "charges": [
     8.3653176404120000E-01,
    -5.9052085939726806E-01,
     2.5248319123610796E-01,
     1.8340799364301885E-01,
    -3.3798274260094419E-01,
    -3.2425672320834842E-01,
    -4.2924427700283885E-01,
    -2.5849451344851310E-01,
    -5.0566503842237431E-02,
    -4.2872871988477085E-01,
     3.3519138858618153E-02,
     8.4934321047659841E-02,
     9.9061327539626487E-02,
     5.4908721473825736E-02,
     6.0328496758667347E-02,
    -7.2906733739610319E-02,
    -1.5691246876320059E-01,
    -1.7109815200531564E-01,
    -6.2119973943476042E-02,
    -2.5623152343357719E-01,
     6.5189639188200560E-02,
     1.1582770218669661E-01,
     1.3640117447230904E-01,
     5.1037913304500561E-02,
     1.0139349506326505E-01,
     4.5534038793105511E-02,
     1.3060694120243518E-01,
     7.3474006164743658E-02,
    -2.6034364728945975E-01,
    -4.8295487452584523E-02,
    -2.9608453476792285E-01,
    -2.5162877272300177E-01,
     6.1599651132157700E-02,
     1.3243287375548432E-01,
     5.0629210894128668E-02,
     4.8889566478150667E-02,
     4.0094782937713749E-02,
     4.1841787393180424E-02,
     6.2243588054113626E-02,
     6.1886120319489930E-02,
     1.3386650931270588E-01,
    -4.0008433915176161E-01,
     3.4388075912729466E-01,
    -4.0593342498644436E-01,
    -5.0057131673712452E-01
  ],
  "coordination numbers": [
     7.1328512076022239E+00,
     1.9757954846136814E+00,
     1.0810920628892928E+00,
     3.3695179806835185E+00,
     1.7751376476252192E+00,
     1.8297918455637676E+00,
     1.0017313780079879E+00,
     3.9540184874523669E+00,
     4.0299440842931045E+00,
     1.9866134747235789E+00,
     9.9064136332156316E-01,
     9.9118222431299241E-01,
     9.9125968994868785E-01,
     9.8733196281399582E-01,
     9.8778118379163171E-01,
     4.0544134955034217E+00,
     3.9747543382381787E+00,
     3.9767206249838782E+00,
     4.0408153283579606E+00,
     2.7463687705610971E+00,
     9.8948301530214344E-01,
     9.9173744522186880E-01,
     9.9156501658477136E-01,
     9.9151049283783443E-01,
     9.9169951892985875E-01,
     9.9089812690175716E-01,
     9.9186204230566943E-01,
     9.9066657974501560E-01,
     3.9516452720065693E+00,
     2.9887743028259361E+00,
     3.9530453457586550E+00,
     3.9528055295437223E+00,
     9.9146969122886475E-01,
     9.8986965688828121E-01,
     9.9229329349763518E-01,
     9.9121665300100315E-01,
     9.9190855596057048E-01,
     9.9194601811164773E-01,
     9.9152440007704179E-01,
     9.9242392440850846E-01,
     9.9034305714828808E-01,
     1.9593816711043122E+00,
     3.7773869101084330E+00,
     1.9461842588114626E+00,
     9.9901804625181612E-01
  ]
}
