{
  "version":  "0.2.0",
  "energy":    -1.6194467526199168E+00,
  "charges": [
     8.6675352507622572E-01,
     1.7359376211655045E-01,
    -4.0974794566024519E-01,
    -2.9107797786068157E-01,
    -2.6180097293678095E-01,
    -3.5987994424578046E-01,
    -7.2137380574489041E-02,
    -1.6168195507195479E-01,
    -1.6808303556352810E-01,
    -6.8503496871327507E-02,
    -2.6869577456020177E-01,
     5.3846915511707505E-02,
     1.0956281770974979E-01,
     1.2203348698401960E-01,
     4.1212287930714749E-02,
     1.0111663325072309E-01,
     4.0374735241744335E-02,
     1.2058234984214483E-01,
     5.5132744941773823E-02,
    -9.2894212409074750E-02,
    -3.6966860378440836E-01,
     1.8228114419721242E-01,
    -2.9266584344988661E-01,
    -2.8166958035175332E-01,
    -4.1244292265821597E-01,
    -3.5554075680423775E-01
  ],
  "coordination numbers": [
     7.4313519978559208E+00,
     3.4200194267913968E+00,
     1.0017600835206713E+00,
     1.8227006705371043E+00,
     1.8549317880555094E+00,
     9.9733964535561714E-01,
     4.0575019159522210E+00,
     3.9703909690111674E+00,
     3.9710213090593456E+00,
     4.0846856134565765E+00,
     2.7366931856057706E+00,
     9.8934466614222316E-01,
     9.9215973340082364E-01,
     9.9177061853890791E-01,
     9.9135099706726582E-01,
     9.9209921511997123E-01,
     9.9114247339797501E-01,
     9.9257831028825017E-01,
     9.8985597108267065E-01,
     1.0130815093112675E+00,
     1.9617125636018242E+00,
     3.5505574613257753E+00,
     1.9141037994804027E+00,
     1.9035260511610499E+00,
     1.0016093025928585E+00,
     9.9659078886365293E-01
  ]
}
