{
  "version":  "0.2.0",
  "energy":    -7.8151980179809122E-01,
  "charges": [
     6.3567672133638120E-01,
    -1.0253593241704161E-01,
    -1.4552814068458597E-01,
    -7.3203735757934196E-01,
    -6.5557529065541165E-01
  ],
  "coordination numbers": [
     3.9155396649086391E+00,
     1.9583357661985126E+00,
     1.9514975633725236E+00,
     9.9940103151328596E-01,
     9.9111068953710912E-01
  ]
}
