{
  "version":  "0.2.0",
  "energy":    -4.5812478033562065E-01,
  "charges": [
     6.5965797225555189E-01,
    -2.1350684386153110E-01,
    -1.4933934496073220E-02,
    -3.4756147367906598E-01,
     9.1429227783779710E-02,
     1.1330754637758904E-01,
     1.1698124851320064E-01,
     1.2729585222080425E-01,
     1.0251962820018701E-01,
    -5.5941420041122147E-01,
     2.6383489144745531E-01,
    -9.1459091296189843E-02,
    -3.2063804210631996E-01,
     2.5969322592073840E-01,
    -3.1115344270744838E-01,
    -9.2585933787570157E-02,
    -2.4522697400367049E-01,
    -8.2503064248141439E-02,
     1.0638048468393695E-01,
     9.0305206229971610E-02,
     1.1356879016192205E-01,
     1.0904156824955796E-01,
     1.1668795328315701E-01,
     1.0043816194299160E-01,
     1.3232036153889665E-01,
     1.3529972279923655E-01,
     1.2657927476305153E-01,
    -9.8818720465243412E-02,
    -1.0004032695295267E-01,
     3.2308714591429852E-02,
    -3.1948248642102806E-01,
     1.7030375976629958E-02,
    -1.0239985407360677E-01,
     1.0763517359337312E-01,
     1.0555723678034576E-01,
     1.3554076791769218E-01,
     1.2813646647765684E-01,
     1.0534924494465785E-01,
    -2.4858211280541878E-01,
     7.7237409659511924E-02,
    -2.4293943581242225E-01,
    -2.3277131946887525E-01,
     9.2522633483323569E-02,
     1.0223447812503959E-01,
     9.3046545755058774E-02,
     9.3360126504770713E-02,
     9.6625653909794024E-02,
     1.1388192682396057E-01,
     9.2586648948980249E-02,
     1.1908217464111884E-01,
     1.1127320046159091E-01,
    -7.5372278658465564E-01,
     2.4105938208166469E-01,
     2.6860717396897749E-01,
     2.3654617805831921E-01,
    -3.2465260157197806E-02,
    -3.7499916518739534E-01,
     1.4589724204286808E-02,
    -3.6434788475418312E-01
  ],
  "coordination numbers": [
     6.7766222668038587E+00,
     3.9556221325906327E+00,
     4.0982276194289033E+00,
     1.9844864670060218E+00,
     9.9137725404022436E-01,
     9.9110095031768353E-01,
     9.9139487172752805E-01,
     9.8922458069627694E-01,
     9.8893495306595369E-01,
     1.9907837497272922E+00,
     9.9957652021825538E-01,
     4.1995291680214253E+00,
     1.9903451954750677E+00,
     3.8851491020801010E+00,
     1.9891573503639046E+00,
     4.1625126367810807E+00,
     2.8239009934503505E+00,
     4.1440193528054117E+00,
     9.9187481113114639E-01,
     9.9046682660529672E-01,
     9.9102667930724575E-01,
     9.9205395575427335E-01,
     9.9130565663189962E-01,
     9.9130332779392383E-01,
     9.9166390740609955E-01,
     9.9203921633564196E-01,
     9.9178922174346607E-01,
     3.0216005040841640E+00,
     3.0113090457947402E+00,
     3.1018110074086911E+00,
     2.9012239936817021E+00,
     3.1088255990477789E+00,
     3.0111658274883943E+00,
     9.9278060389937206E-01,
     9.9299335814912215E-01,
     9.9275629973629176E-01,
     9.9260339097390293E-01,
     9.9297113836996598E-01,
     3.9551771683111312E+00,
     3.8937493293488608E+00,
     3.9558011115645737E+00,
     3.9569067584513480E+00,
     9.9187565029331992E-01,
     9.9295145026262954E-01,
     9.9232064863839486E-01,
     9.9205675098664425E-01,
     9.9277834658870034E-01,
     9.9354799590047715E-01,
     9.9210428210246882E-01,
     9.9363202227157199E-01,
     9.9358995590654864E-01,
     3.8943787724202146E+00,
     1.0007839940190264E+00,
     1.0079236569591243E+00,
     9.9663454365070070E-01,
     1.0152318654625789E+00,
     1.9654108807789310E+00,
     9.9941392218302560E-01,
     9.9940215507182284E-01
  ]
}
