{
  "version":  "0.2.0",
  "energy":    -1.0550072420929899E+00,
  "charges": [
     9.0363623346898625E-01,
    -3.3497183576266953E-01,
     1.8046644014769853E-02,
    -1.1977168999147275E-01,
    -1.2285335185761537E-01,
    -1.1503219645191748E-01,
     1.0569722528400977E-01,
     1.1314788808716675E-01,
    -1.0621425547440230E-01,
    -1.1478625746960566E-01,
    -1.0988091888820559E-01,
     1.3497898775413464E-02,
    -3.5146683571534576E-01,
     1.3944176442434716E-01,
     8.7782955943852298E-02,
     8.6280182205346292E-02,
     8.6902109732666988E-02,
     8.9976487539728520E-02,
     8.8759482998211042E-02,
     8.9500786401968596E-02,
     1.1321216321634453E-01,
    -8.0190989608905722E-02,
    -4.2339551849643331E-01,
     8.7927635585814790E-02,
     8.4835815007460735E-02,
     1.0089045538667479E-01,
    -2.0611733087195866E-01,
     8.4218711387690104E-02,
    -4.2567965036975181E-01,
    -1.2045844071733465E-01,
    -1.1676437045497845E-01,
    -8.4740936232633568E-02,
     2.0911898478800234E-02,
    -9.2921631637964172E-02,
    -1.2325145585535162E-01,
     2.3324729520304061E-01,
    -3.8423795727410681E-01,
    -4.7945288558583760E-01,
     8.7890604139025219E-02,
     9.6127203752495741E-02,
     1.4306229578463209E-01,
     1.2114373642383039E-01,
     8.9431543667088081E-02,
     2.6210247489376898E-01,
    -3.1906762299547309E-02,
    -4.0357622078709543E-01
  ],
  "coordination numbers": [
     6.6896006149267668E+00,
     2.9176557047838854E+00,
     3.1227937721355854E+00,
     3.0122655821040105E+00,
     3.0199601437535932E+00,
     3.0159189780020528E+00,
     3.1119381996393347E+00,
     3.1114277998508033E+00,
     3.0159917753417229E+00,
     3.0207357432211310E+00,
     3.0124025920002921E+00,
     3.1041359778438000E+00,
     2.8846052401384172E+00,
     9.9266877020556343E-01,
     9.9300062307777104E-01,
     9.9277921227643429E-01,
     9.9315040866114312E-01,
     9.9315661719796111E-01,
     9.9279312967326927E-01,
     9.9300012571770946E-01,
     9.9242797346223366E-01,
     4.0371424916938574E+00,
     1.9925952466371681E+00,
     9.8937971672596259E-01,
     9.8956123242500116E-01,
     9.8866845637456802E-01,
     1.0645299111530013E+00,
     1.9515040333567306E+00,
     1.0036211332314604E+00,
     3.0133797403218239E+00,
     3.0130999264465634E+00,
     3.0168614411487553E+00,
     3.0207598613030511E+00,
     3.0143155954820458E+00,
     3.0126365480022184E+00,
     3.0774821061558582E+00,
     1.9396982549275110E+00,
     1.9814718140014884E+00,
     9.9269558470754493E-01,
     9.9283778857506100E-01,
     9.9251093064276308E-01,
     9.9295807640146627E-01,
     9.9277813717862262E-01,
     1.0876780714917498E+00,
     1.0265732601791706E+00,
     1.9771034107649035E+00
  ]
}
