{
  "version":  "0.2.0",
  "energy":    -3.7213462536788577E-01,
  "charges": [
     7.6752435057983837E-01,
    -1.9206247583376776E-01,
     1.0462258305413319E-01,
    -8.5562464829233187E-02,
     1.0146111912652478E-01,
    -3.5024184691498178E-01,
    -1.9427058203576344E-01,
    -3.1537973406037173E-01,
     9.7152711058580712E-02,
     1.1502704207994946E-01,
     1.1778264723935719E-01,
     1.0150681424723373E-01,
     9.6388731840702319E-02,
     1.1822706025737459E-01,
     1.0790372472837723E-01,
     5.0697502833179031E-02,
     4.0440884928768461E-02,
    -3.0799385955468955E-01,
     4.9144246100562818E-02,
     5.2559171421510786E-02,
    -3.7587821079281619E-01,
     1.1686091051625064E-01,
     1.2998324657209398E-01,
     1.4054179393305577E-01,
     1.1937316581348235E-01,
    -2.1671776515194321E-01,
    -6.0687790934757624E-02,
    -3.9465042904343106E-01,
     9.8763057544197508E-02,
     1.0493360023200569E-01,
     1.2911999575136585E-01,
     1.0673701152275498E-01,
     1.2727187177636121E-01,
     2.5704363887516207E-01,
    -6.9562936504349193E-02,
    -2.0044590123148565E-01,
    -1.8311068883279402E-01,
    -9.7459506217462077E-02,
    -9.9800078396337838E-02,
    -8.4458209377359317E-02,
    -1.2154897068499676E-04,
    -8.6798234432307109E-02,
    -1.0062894826830782E-01,
     2.5389709890157863E-01,
    -3.4323255339101605E-01,
    -3.5284634652944136E-01,
     1.1332339908365070E-01,
     1.1480909461489290E-01,
     1.3544273302445159E-01,
     1.2955060923810655E-01,
     1.1382029440779778E-01
  ],
  "coordination numbers": [
     7.9154096216280836E+00,
     3.9604866876948543E+00,
     3.2389603633489967E+00,
     3.0129896921763235E+00,
     3.2253299922432275E+00,
     1.9884515897635220E+00,
     3.9604934998636914E+00,
     1.9892708175267746E+00,
     9.9221015111883837E-01,
     9.9165344336320516E-01,
     9.9145333540418967E-01,
     9.9320970669085895E-01,
     9.9221895590589337E-01,
     9.9150246957139743E-01,
     9.9160750297372591E-01,
     3.0774679170748316E+00,
     3.1721959417375025E+00,
     2.9738060002528570E+00,
     3.2037018051988984E+00,
     3.0776002210022648E+00,
     2.0147019955324055E+00,
     9.9250244201075333E-01,
     9.9296661669659070E-01,
     9.9325516907035460E-01,
     9.9252028831311012E-01,
     3.9547076026128600E+00,
     3.9894867210547966E+00,
     2.9355702568981572E+00,
     9.9170253029401145E-01,
     9.9132702398982531E-01,
     9.9172166515969984E-01,
     9.9099112229942055E-01,
     9.9180521679399991E-01,
     1.2043596976306441E+00,
     2.7445005517405887E+00,
     1.9822596462062574E+00,
     1.9711139346760165E+00,
     3.0139703924650902E+00,
     3.0124027993545752E+00,
     3.0161354122927042E+00,
     3.0184383290502952E+00,
     3.0163170686663472E+00,
     3.0122777803539451E+00,
     3.8707606174307525E+00,
     1.9846670899034109E+00,
     1.9596217438857799E+00,
     9.9279352053454861E-01,
     9.9284654430645869E-01,
     9.9289526339886258E-01,
     9.9289777978274341E-01,
     9.9283839703475163E-01
  ]
}
