{
  "version":  "0.2.0",
  "energy":     9.1923134282951691E-01,
  "charges": [
     7.9791891742414722E-01,
    -1.4356288386454952E-01,
     1.1091786952221616E-01,
    -6.0389870479419461E-02,
     1.0888094091053824E-01,
    -3.5145145076564621E-01,
    -1.4522085280150343E-01,
    -3.4504634001847589E-01,
     1.4275296097856549E-01,
     1.5661316590318905E-01,
     1.5326074534089659E-01,
     1.3846725637753507E-01,
     1.4248499275962573E-01,
     1.5347663060812070E-01,
     1.5226114669624732E-01,
    -3.4315334874110826E-01,
     5.2536953644821804E-02,
    -4.6415557777551131E-02,
    -4.2733290413688341E-02,
    -5.6469219008372096E-02,
     1.2600088533233994E-01,
     1.2536828123315014E-01,
    -5.7173131939293298E-02,
    -4.4008368333299464E-02,
    -4.8462234913713376E-02,
     4.9044034458980812E-02,
    -3.4661574500904391E-01,
     1.4732144049577084E-01,
     1.6069514172142119E-01,
     1.6711969220168524E-01,
     1.4304075646179706E-01,
     1.4297091602367509E-01,
     1.6647931996181398E-01,
     1.5987848799842214E-01,
     1.4352722357120640E-01,
    -3.8973987392266984E-02,
    -4.5825662965691571E-02,
     5.2026759622721852E-02,
    -3.6005275866111297E-01,
     5.5369815537150924E-02,
    -4.6386798010387420E-02,
     1.6791512554078972E-01,
     1.5969722348537257E-01,
     1.4324630218680973E-01,
     1.4354905327978984E-01,
     1.5911946181632200E-01
  ],
  "coordination numbers": [
     5.6487666414897770E+00,
     3.9606544400690069E+00,
     3.1634564521602684E+00,
     3.0027089953017487E+00,
     3.1634022283550030E+00,
     1.9919418576307963E+00,
     3.9607795835338369E+00,
     1.9921043018129039E+00,
     9.9241683028269190E-01,
     9.9140597894545568E-01,
     9.9149008288114082E-01,
     9.9326171395977969E-01,
     9.9241654868042506E-01,
     9.9144019065741329E-01,
     9.9145712829388088E-01,
     2.9634272177983929E+00,
     3.1455879557418971E+00,
     3.0091588951416846E+00,
     3.0215461864100330E+00,
     3.0128597696517536E+00,
     3.1355384183300510E+00,
     3.1360831159271374E+00,
     3.0127335529044972E+00,
     3.0218749934231219E+00,
     3.0089994781182545E+00,
     3.1505767855891458E+00,
     2.9649343877449814E+00,
     9.9244586497595666E-01,
     9.9302317426289033E-01,
     9.9285738107676824E-01,
     9.9321212764586342E-01,
     9.9321313360763863E-01,
     9.9284620853704553E-01,
     9.9302977352048494E-01,
     9.9234265107829334E-01,
     3.0230903656960475E+00,
     3.0090701447556452E+00,
     3.1346416940895123E+00,
     2.9621579403013572E+00,
     3.1579304296525752E+00,
     3.0090516432199461E+00,
     9.9281217678906053E-01,
     9.9300018058969197E-01,
     9.9237373094946690E-01,
     9.9248342218862007E-01,
     9.9299093977801967E-01
  ]
}
