{
  "version":  "0.2.0",
  "energy":     8.0537670400595118E-01,
  "charges": [
     8.6714334679987082E-01,
    -1.5398401521531127E-01,
     1.5906377509070646E-02,
    -3.6433201872599147E-01,
     1.6402147020692309E-01,
     1.5692135619477104E-01,
     1.5790348491563128E-01,
     1.6016730564042453E-01,
     1.6472104016593023E-01,
    -2.4039765325966800E-02,
    -3.2987956330591650E-02,
    -3.3099961008138390E-02,
     3.2228649206768961E-02,
    -4.2377722905902609E-02,
    -2.7954199252560374E-02,
     2.6679446947849567E-01,
    -3.0027370159378797E-01,
    -4.0554615906738700E-01,
     1.8593879805480956E-01,
     1.7988851818224771E-01,
     1.7080974536785742E-01,
     1.5861552334879012E-01,
     1.8488699617581400E-01,
     2.8309172293046236E-01,
    -7.0853676465245541E-01,
     3.2218478448366644E-01,
     3.1379463901292465E-01,
     3.0478633596016269E-01,
     1.2719637776139145E-02,
    -1.5290664453437783E-01,
    -1.4703312373588195E-01,
    -5.2637652646634758E-01,
     2.8633759182699448E-01,
     3.1240957783554263E-01,
    -7.0672557624092458E-01,
     3.0864558206786580E-01,
     2.9992897288532872E-01,
     3.1632820902913289E-01
  ],
  "coordination numbers": [
     7.1038935680512134E+00,
     3.9549265432066285E+00,
     4.0562481442876628E+00,
     1.9894338779955794E+00,
     9.9177602236205864E-01,
     9.9142143853809461E-01,
     9.9145774067093395E-01,
     9.9139972027415979E-01,
     9.9151720577371272E-01,
     3.0157748180137416E+00,
     3.0100385691492493E+00,
     3.0183003523391649E+00,
     3.0172421567031815E+00,
     3.0148952959660402E+00,
     3.0096911875700814E+00,
     3.0781410439541528E+00,
     1.9836599137483368E+00,
     1.9916818879395297E+00,
     9.9281448954166152E-01,
     9.9298054005425751E-01,
     9.9303310147068125E-01,
     9.9240968594858714E-01,
     9.9297853936390990E-01,
     9.9282019164425694E-01,
     3.9131323161482854E+00,
     1.0060447233118763E+00,
     1.0016045434874314E+00,
     9.9806171653714504E-01,
     2.6715762937728336E+00,
     1.9688974668688335E+00,
     1.9542441092500678E+00,
     2.9301792828902391E+00,
     9.9559277930050705E-01,
     1.0001062361195432E+00,
     3.9109592866265546E+00,
     1.0017341421647599E+00,
     9.9903264184566964E-01,
     1.0003703743870513E+00
  ]
}
