{
  "version":  "0.2.0",
  "energy":     5.4134640250681332E-01,
  "charges": [
     3.3176502754728321E-01,
     2.2227211710026076E-01,
     4.4596285535245606E-01
  ],
  "coordination numbers": [
     1.9320422598959412E+00,
     1.9341061325506423E+00,
     1.9205388559049874E+00
  ]
}
