{
  "version":  "0.2.0",
  "energy":    -9.4513455228887530E-02,
  "charges": [
    -4.2414308606437934E-01,
     1.1054471378869252E-01,
     3.1359837227568688E-01
  ],
  "coordination numbers": [
     1.0517858245434502E+00,
     1.0604741784583247E+00,
     1.0336893945948962E+00
  ]
}
