{
  "version":  "0.2.0",
  "energy":     1.4508993299209558E+00,
  "charges": [
     8.0589494575999554E-01,
    -5.5607494777231714E-01,
     3.1231771536451480E-01,
     3.2201362974168996E-01,
    -9.7007148142724708E-02,
     1.3179564821070339E-01,
    -3.6881722463334105E-01,
     1.8969799173425572E-01,
     1.8815265812152560E-01,
     1.7301569446079507E-01,
    -1.7122236643887234E-02,
    -3.0782629837989106E-01,
     3.2394331612194599E-01,
    -2.9425539906040737E-01,
    -7.7266464370319810E-02,
    -3.3349372410458283E-01,
    -2.0563113241210962E-02,
     1.8843570757025624E-01,
     1.8037562773894336E-01,
     1.7134790234618888E-01,
     1.4658784280426279E-01,
     1.7403486270252594E-01,
     1.2735434798040349E-01,
     1.9135179292125248E-01,
     1.6978864911995423E-01,
     1.6529069690106185E-01,
    -2.8720841139777387E-01,
     9.9466117021571404E-02,
    -1.0297554580274795E-01,
    -1.9007494247987128E-01,
     5.8528770210476352E-02,
    -1.9275789465635879E-01,
    -1.7277831711436079E-01,
     1.6607221521228432E-01,
     1.5815538994719791E-01,
     1.3741111663771854E-01,
     1.6548226121884468E-01,
     1.4009669389749446E-01,
     1.5282929035092274E-01,
     1.6613899567838430E-01,
     1.6232777320581684E-01,
     1.6727555602973684E-01,
     1.1311916516866488E-01,
     6.6474350429161250E-02,
    -3.3818656920394208E-01,
     8.5396633512331621E-02,
     1.2715828581961436E-01,
    -2.6781430740718309E-01,
     1.9056921346018540E-01,
     1.2255328580380800E-01,
     1.7959273999530112E-01,
     2.0417566121112987E-01
  ],
  "coordination numbers": [
     6.9452354252396153E+00,
     2.9437846111458725E+00,
     1.0043857734075523E+00,
     9.9764219308033564E-01,
     3.9572588788252636E+00,
     2.0313497206136928E+00,
     1.9777995287292116E+00,
     9.9139531657976043E-01,
     9.9133857065035969E-01,
     9.9144680847942368E-01,
     4.0827465664500462E+00,
     1.9843316435252740E+00,
     4.2115258156597877E+00,
     2.9378671600314901E+00,
     4.0384598507478255E+00,
     1.9840600173239080E+00,
     4.0400882159316343E+00,
     9.9245729124834359E-01,
     9.9214677277088992E-01,
     9.9198583902063131E-01,
     9.9190570658178778E-01,
     9.9209989173941882E-01,
     9.9218272710209998E-01,
     9.9225331695358587E-01,
     9.9219322717711211E-01,
     9.9214031359381760E-01,
     2.0020522136557561E+00,
     2.1374879452552378E+00,
     1.0042669698530320E+00,
     3.9567363501032986E+00,
     3.9383273964560397E+00,
     3.9563832859719756E+00,
     3.9569534237841522E+00,
     9.9275699286863706E-01,
     9.9298471748010098E-01,
     9.9282508363188970E-01,
     9.9270888280978831E-01,
     9.9261607949806940E-01,
     9.9283798307107141E-01,
     9.9282295692602318E-01,
     9.9298317685430426E-01,
     9.9271768835087748E-01,
     3.0625561164961610E+00,
     3.3443277222887797E+00,
     2.9893528398897802E+00,
     3.1394651023583373E+00,
     3.0634971013318371E+00,
     2.0172260386834040E+00,
     9.9242029527739639E-01,
     9.9656038295079341E-01,
     9.9279485016173208E-01,
     9.9240470326945474E-01
  ]
}
