{
  "version":  "0.2.0",
  "energy":    -5.9665428655602026E-01,
  "charges": [
     1.0142684511954960E+00,
    -3.4902921227489192E-01,
     5.2654323131553882E-02,
    -3.1928121880175753E-01,
    -3.4740566136471857E-01,
     4.0138493231637373E-02,
    -2.9941308412218709E-01,
    -4.1826371676801685E-02,
    -1.3678433087878955E-01,
    -1.3030559214170118E-01,
    -2.1344697771084067E-02,
    -2.5194351502686468E-01,
     1.5331165566183469E-01,
     1.2857702717861538E-01,
     1.1839669992361024E-01,
     1.1192259438555584E-01,
     1.1090061358653075E-01,
     1.4113439057891494E-01,
     1.4523018488194683E-01,
     1.5529736277308404E-01,
    -9.0679764274312402E-02,
    -3.8777124662055196E-01,
     1.4334066687777280E-01,
     1.1433661632928153E-01,
     1.4232253057199473E-01,
     2.6738349769246272E-01,
    -8.3440990064230072E-02,
    -3.2040162489335400E-01,
     2.5894204865731918E-01,
    -3.0159356906397061E-01,
    -5.6096779839436978E-02,
    -3.3023771273463426E-01,
    -7.7241792561564354E-02,
     1.1403068171234053E-01,
     1.1539555973891470E-01,
     1.1060954167376028E-01,
     1.2049319733320440E-01,
     1.3388435702033236E-01,
     1.5288915759568550E-01,
     1.1287368651282197E-01,
     1.2308833957786763E-01,
     1.1074246772865028E-01,
    -7.4354899020573129E-01,
     2.8521502947147515E-01,
     2.9100765267292861E-01,
     3.0202972714367105E-01,
    -1.9438312938286390E-01,
     7.9028944436871473E-02,
    -4.1610524300829066E-01,
    -5.4047520072318289E-01,
     2.8986422815478496E-01
  ],
  "coordination numbers": [
     7.3357038409612461E+00,
     1.9938481867797995E+00,
     2.1577143969128452E+00,
     1.0051289312736360E+00,
     2.0005442893327130E+00,
     2.0824980911664248E+00,
     1.0055294081075656E+00,
     4.0233063296274452E+00,
     3.9896027056793661E+00,
     3.9852576274807552E+00,
     4.0469149452581661E+00,
     2.8644988154399975E+00,
     9.9172052944880384E-01,
     9.9206199778000137E-01,
     9.9140943664826775E-01,
     9.9188880921057709E-01,
     9.9185630898725208E-01,
     9.9150147117527343E-01,
     9.9126293515536013E-01,
     9.9185234416573387E-01,
     3.9788978282871685E+00,
     2.8416335581153698E+00,
     9.9162817858975405E-01,
     9.9148945012328760E-01,
     9.9218048397224479E-01,
     1.0357991704992680E+00,
     4.1767297790141278E+00,
     1.9897933794946523E+00,
     3.6145889354327378E+00,
     1.9886361745646770E+00,
     4.1335995902937661E+00,
     1.9896445739382695E+00,
     4.1606217966204699E+00,
     9.9191807220778472E-01,
     9.9140097491632773E-01,
     9.9102364773078655E-01,
     9.9168733506764095E-01,
     9.9168444859330673E-01,
     9.9209219000764204E-01,
     9.9192846312390959E-01,
     9.9152643631355364E-01,
     9.9087970891847821E-01,
     3.9063320384720619E+00,
     1.0066963499422243E+00,
     9.9976320302484201E-01,
     9.9759394708641036E-01,
     9.8883787891851771E-01,
     1.9672152535582947E+00,
     1.0071831801903501E+00,
     1.9920851039127392E+00,
     1.0234938030012248E+00
  ]
}
