{
  "version":  "0.2.0",
  "energy":    -1.7770365179603267E-01,
  "charges": [
     1.6526373522495802E-01,
     5.7262427096294100E-01,
    -5.6909732113579670E-01,
    -1.6879068505210232E-01
  ],
  "coordination numbers": [
     1.9418722640052550E+00,
     1.9393806837388841E+00,
     2.9062818949946134E+00,
     2.9316685957128774E+00
  ]
}
