{
  "version":  "0.2.0",
  "energy":     3.5861786903544979E-01,
  "charges": [
     8.6229474346031765E-01,
    -4.5069194128116732E-02,
    -4.9048408472414651E-02,
    -4.3075991273839209E-02,
     3.1110610205493480E-02,
    -4.3149263011392228E-02,
    -4.9091098634718985E-02,
     2.7282913481614934E-01,
    -3.3610790955884168E-01,
    -3.3514803997323261E-01,
     1.6508099407021293E-01,
     1.6441498944455060E-01,
     1.6896310081719271E-01,
     1.6868460516209532E-01,
     1.6434133266073572E-01,
    -2.2616008463486137E-01,
    -5.3946536037019688E-01,
     2.9931074379205924E-01,
     3.0538779903664703E-01,
    -5.4031855342625701E-01,
     3.0531541554742903E-01,
     2.9890043447098835E-01
  ],
  "coordination numbers": [
     5.6173743806824046E+00,
     3.0151034923176949E+00,
     3.0117610898350717E+00,
     3.0165744967843340E+00,
     3.0200662139674650E+00,
     3.0167426720340496E+00,
     3.0118156596982928E+00,
     3.8459761072293608E+00,
     1.9753320794558293E+00,
     1.9745272323044167E+00,
     9.9284151111259966E-01,
     9.9295098854981934E-01,
     9.9298054926147739E-01,
     9.9299812757784256E-01,
     9.9294806720715112E-01,
     9.9843127170442436E-01,
     2.9136349154531702E+00,
     1.0145987796763087E+00,
     9.9357828948584004E-01,
     2.9132788823894691E+00,
     9.9355021929784026E-01,
     1.0152961172124844E+00
  ]
}
