{
  "version":  "0.2.0",
  "energy":    -1.2919755272384506E-01,
  "charges": [
     7.8640529634747858E-01,
    -1.9660654454286539E-01,
    -1.9646453990339985E-01,
    -1.9639995674636934E-01,
    -1.9693425515484392E-01
  ],
  "coordination numbers": [
     3.9786592975165638E+00,
     9.9852629150218863E-01,
     9.9853101506076669E-01,
     9.9852845297137360E-01,
     9.9852262055813146E-01
  ]
}
