{
  "version":  "0.2.0",
  "energy":     1.6215233765933446E+00,
  "charges": [
     7.5339818022005733E-01,
    -3.5249979051526564E-01,
     7.8133612769796246E-02,
    -7.2350699052902145E-03,
    -2.9195033955863314E-03,
    -2.7956787467885769E-02,
     1.4015136878084114E-01,
     1.4060048489422422E-01,
    -2.8067185567906938E-02,
    -3.2683482977768907E-03,
    -8.3750936730913050E-03,
     7.8163275190425846E-02,
    -3.5111941681918729E-01,
     1.6902428756722776E-01,
     2.0176690359218952E-01,
     2.0777449714585661E-01,
     1.7195894717878485E-01,
     1.7180365785351498E-01,
     2.0736197014157950E-01,
     2.0044482330760593E-01,
     1.6620821156104443E-01,
     2.8133295332692931E-03,
    -3.9542199130455369E-03,
     8.0912931553284440E-02,
    -3.6553987337875626E-01,
     7.9996465582148790E-02,
    -1.1647089154131207E-02,
     2.1000750166040827E-01,
     2.0138228749380144E-01,
     1.6378624217438986E-01,
     1.5500965701482183E-01,
     1.9521327269773797E-01,
    -4.2206119463764707E-02,
    -4.1417960465594117E-01,
     1.9480405487459812E-01,
     1.9173001283657545E-01,
     1.6162359835764814E-01,
     2.9489852822579737E-01
  ],
  "coordination numbers": [
     5.0220909436777479E+00,
     2.9950519932091204E+00,
     3.1977785261636189E+00,
     3.0070546856078035E+00,
     3.0207392820851062E+00,
     3.0109163273845247E+00,
     3.2386111181079471E+00,
     3.2420776054526677E+00,
     3.0109061622343880E+00,
     3.0207120213664194E+00,
     3.0070630551157862E+00,
     3.2083998560919813E+00,
     2.9963880256726902E+00,
     9.9220393190337397E-01,
     9.9286726236393896E-01,
     9.9267417138075320E-01,
     9.9311039366449805E-01,
     9.9310741411495673E-01,
     9.9267116228063923E-01,
     9.9287463829031353E-01,
     9.9227633884665245E-01,
     3.0225033413710731E+00,
     3.0071800476084096E+00,
     3.1438246831836274E+00,
     2.9884856310119092E+00,
     3.3100140813508450E+00,
     3.0067535536388412E+00,
     9.9264483589441266E-01,
     9.9285514451054357E-01,
     9.9240058644143669E-01,
     9.9426624608042946E-01,
     9.9289353308823802E-01,
     3.9962568141667099E+00,
     2.9380719072886725E+00,
     9.9208605216887147E-01,
     9.9209149873600211E-01,
     9.9200462691700597E-01,
     9.9809543072170559E-01
  ]
}
