{
  "version":  "0.2.0",
  "energy":     3.2863561144521619E-01,
  "charges": [
     9.4152779869254599E-01,
     1.4500056220696668E-02,
    -1.4835321889622075E-01,
    -1.6804663636769718E-01,
    -7.1899655250468553E-01,
     3.0458974267397021E-01,
     3.0814289493294750E-01,
     3.1056417679880205E-01,
    -4.9602339917364080E-01,
     3.4500667384467998E-01,
    -4.1421965314881320E-02,
    -4.4389118221168894E-02,
    -3.7091228804418605E-02,
     3.3187367253548844E-02,
    -4.0831634132949407E-02,
    -4.5968712325204941E-02,
     2.7243896810066787E-01,
    -3.1151258640661833E-01,
    -3.3016150686015378E-01,
     1.6844834982491749E-01,
     1.6906147262486035E-01,
     1.7736945227478690E-01,
     1.7069102521571378E-01,
     1.6726858054950169E-01
  ],
  "coordination numbers": [
     7.0751553008691834E+00,
     2.7231424677656522E+00,
     1.9810901732531274E+00,
     1.9767421437430786E+00,
     3.9344230222487377E+00,
     1.0060867439849002E+00,
     1.0005509071219842E+00,
     1.0086329035091728E+00,
     1.9915381917025998E+00,
     1.0137888693019823E+00,
     3.0154294720060379E+00,
     3.0114216017957203E+00,
     3.0169514055052158E+00,
     3.0211780533836796E+00,
     3.0164472388773280E+00,
     3.0114664103907662E+00,
     3.9046522204970460E+00,
     1.9902387284115575E+00,
     1.9880732619166546E+00,
     9.9283446989997515E-01,
     9.9296904881884540E-01,
     9.9294915328096334E-01,
     9.9296791420635078E-01,
     9.9296675002626689E-01
  ]
}
