{
  "version":  "0.2.0",
  "energy":    -5.3296751369025994E-02,
  "charges": [
    -3.6701549933017719E-01,
     1.3618435509674168E-01,
     1.3540418139343224E-01,
     9.5426962840003265E-02
  ],
  "coordination numbers": [
     1.1087249153224104E+00,
     1.6761447278530479E+00,
     1.7104713603682127E+00,
     2.6251376273767946E+00
  ]
}
