{
  "version":  "0.2.0",
  "energy":    -2.5480908629245724E-01,
  "charges": [
     1.1328333309443912E+00,
    -4.1454121965526242E-01,
    -3.0379330557336870E-01,
    -4.1449880571576020E-01
  ],
  "coordination numbers": [
     2.9933863698299223E+00,
     9.9941352249926396E-01,
     9.9920971907337908E-01,
     9.9941353123863319E-01
  ]
}
