{
  "version":  "0.2.0",
  "energy":    -1.3894700718792423E+00,
  "charges": [
     4.8224879010793731E-01,
    -7.9372478987126904E-01,
    -1.0897653834690142E+00,
    -5.9875861676765396E-01
  ],
  "coordination numbers": [
     2.9609565490041510E+00,
     9.8710857475142344E-01,
     9.8011951264685226E-01,
     9.9819344345883465E-01
  ]
}
