{
  "version":  "0.2.0",
  "energy":     3.5433820144694556E-01,
  "charges": [
     9.0524920584683954E-01,
    -1.9343975308815736E-01,
     2.1113052090228018E-01,
    -4.0093813039859949E-01,
    -2.0438351986606740E-01,
    -1.9194443974784589E-01,
     1.4123918490098991E-01,
     1.5773022225462527E-01,
     1.5009624481175660E-01,
     1.4678205519587406E-01,
     1.4127859368657036E-01,
     1.4702089717257968E-01,
     1.4061051036894801E-01,
     1.5112747329549664E-01,
     1.5671278500880706E-01,
     8.0925023948381344E-02,
     2.3359929536830604E-01,
    -4.0904871460381076E-01,
     1.6000229004989697E-01,
    -2.4156973179165350E-01,
     1.2116254140408797E-01,
    -3.6355878214283632E-01,
    -3.9783772576468771E-02
  ],
  "coordination numbers": [
     5.8588364425683652E+00,
     3.9574878858474474E+00,
     4.3939587006879748E+00,
     1.9933988175728361E+00,
     3.9574879286692628E+00,
     3.9577690568374493E+00,
     9.9384842112092198E-01,
     9.9422744346341396E-01,
     9.9472092485110331E-01,
     9.9391320768688995E-01,
     9.9400784737905390E-01,
     9.9425669137589789E-01,
     9.9380750027250198E-01,
     9.9442333601953425E-01,
     9.9425845736221952E-01,
     1.0149966731386337E+00,
     2.1650855560832944E+00,
     2.0123829454541902E+00,
     1.8934971760341472E+00,
     9.9982334920776683E-01,
     1.5235514242815027E+00,
     1.9953764230771762E+00,
     9.9743881006014146E-01
  ]
}
