{
  "version":  "0.2.0",
  "energy":    -3.4380098635272038E-01,
  "charges": [
     7.3176673659916436E-01,
    -8.8513525437244236E-02,
    -9.0416173567238106E-02,
    -7.3503182912569826E-02,
     1.2781582900991087E-02,
    -7.3430924363371272E-02,
    -9.0781033642309522E-02,
     2.5922900143100286E-01,
    -3.4178448211633594E-01,
    -3.4211824784028017E-01,
     1.2092390191911973E-01,
     1.2268830842227547E-01,
     1.4253219860496294E-01,
     1.4242080553182906E-01,
     1.2227464802348353E-01,
     1.0041491452308349E-01,
    -4.1528680892448527E-01,
    -4.1255329652434858E-01,
     4.6401768260860765E-01,
    -3.4852690904655875E-01,
    -3.1370992121773650E-01,
    -2.2018389607449859E-01,
     2.1642419777199337E-01,
    -3.5412553120810597E-01,
    -2.1394751023733960E-01,
    -2.2469630432096621E-01,
     1.2263653057600546E-01,
     1.5557278345465939E-01,
     1.0538613191315638E-01,
     1.0770441951325711E-01,
     1.5718013821666207E-01,
     1.4505252573279515E-01,
     1.0558793494408508E-01,
     1.4724392705980738E-01,
     1.2173937768644683E-01
  ],
  "coordination numbers": [
     7.3670189731381051E+00,
     3.0145195175367698E+00,
     3.0125738235829527E+00,
     3.0164119170030910E+00,
     3.0203690035004653E+00,
     3.0163842409912105E+00,
     3.0124914395837870E+00,
     3.8476231890098624E+00,
     1.9642067750846186E+00,
     1.9775171946389376E+00,
     9.9281480332315564E-01,
     9.9289752356389815E-01,
     9.9293500891817565E-01,
     9.9295794598543896E-01,
     9.9288970079092032E-01,
     1.9662667593409733E+00,
     1.0129319636305985E+00,
     1.0015784894551194E+00,
     3.9080052389058615E+00,
     1.9898050461830232E+00,
     1.9895577416976753E+00,
     3.9574722394282196E+00,
     4.4151054935834013E+00,
     1.9900023845127226E+00,
     3.9580520551025016E+00,
     3.9573871759516104E+00,
     9.9441238404089649E-01,
     9.9658864661330160E-01,
     9.9346739586942867E-01,
     9.9423419754042275E-01,
     9.9537076015095760E-01,
     9.9471954878634339E-01,
     9.9350528612768496E-01,
     9.9541095046508232E-01,
     9.9420250298449364E-01
  ]
}
