{
  "version":  "0.2.0",
  "energy":    -1.7708030245054671E-01,
  "charges": [
     9.3092074107141398E-01,
    -3.0998427171514920E-01,
    -3.1055388087012348E-01,
    -3.1038258848614136E-01
  ],
  "coordination numbers": [
     2.9931037399958527E+00,
     9.9924946904528777E-01,
     9.9925176888894374E-01,
     9.9925125943634807E-01
  ]
}
