{
  "version":  "0.2.0",
  "energy":    -2.5921362301785633E-01,
  "charges": [
     6.2193068841349541E-01,
    -3.1727737560076658E-01,
     3.8240174569249330E-02,
    -8.6418085300803679E-02,
    -8.8326100426412341E-02,
    -9.0158485409319575E-02,
     1.1537106020387564E-01,
     1.1459386675493707E-01,
    -9.0381397222377424E-02,
    -8.8538685206476841E-02,
    -8.6269114251537438E-02,
     3.8493787866150729E-02,
    -3.1503071962154372E-01,
     1.4490705492542452E-01,
     1.1986710823217657E-01,
     1.1991992396171840E-01,
     1.0965262042593418E-01,
     1.0973326373818640E-01,
     1.2027149018959872E-01,
     1.2110763305608108E-01,
     1.4900677818553332E-01,
    -1.6748100397443907E-01,
    -1.2067112427948987E-01,
     1.4211175915545743E-01,
    -4.0014341304200524E-01,
    -7.3106634042853424E-01,
     2.8004904414199916E-01,
     2.6559700067844738E-01,
     2.7648721142606925E-01,
    -5.7618317815198307E-02,
     1.4744781417041497E-01,
    -3.9540811751584509E-01
  ],
  "coordination numbers": [
     7.2126952228191019E+00,
     2.9450201981504716E+00,
     3.1409552783280210E+00,
     3.0113653685348263E+00,
     3.0216980661921937E+00,
     3.0150628329142881E+00,
     3.1268530108581380E+00,
     3.1275329101095641E+00,
     3.0154442252588707E+00,
     3.0209810199796463E+00,
     3.0115565974477096E+00,
     3.1348752700740068E+00,
     2.9446067824487665E+00,
     9.9269767998229153E-01,
     9.9307518509949588E-01,
     9.9288042398285370E-01,
     9.9327286876196119E-01,
     9.9327357096501334E-01,
     9.9288544743227192E-01,
     9.9307617293645922E-01,
     9.9290040281739778E-01,
     9.9194618356602149E-01,
     1.0124946362816258E+00,
     2.0489866664115892E+00,
     2.0036258956120694E+00,
     3.9128870207721560E+00,
     1.0012861588518929E+00,
     1.0024611253595541E+00,
     9.9904301572537602E-01,
     1.8241039525674632E+00,
     2.9261233234206108E+00,
     1.9287314389950154E+00
  ]
}
