{
  "version":  "0.2.0",
  "energy":     2.2135717968366153E+00,
  "charges": [
     1.0930589544709903E+00,
    -4.8668903091628579E-02,
    -5.1576659331784125E-02,
    -4.7219627855272894E-02,
     6.6583650545436135E-02,
    -3.5890271277735797E-01,
     2.3676073409626353E-01,
     2.4954802336203788E-01,
     2.3450674314548148E-01,
     2.4092342437661757E-01,
     2.0242342347712039E-01,
     2.0961825511320528E-01,
     2.1623947467189153E-01,
     2.1378626394958083E-01,
     3.7707166489368005E-01,
    -3.5038022791022205E-01,
    -4.8685943656167963E-02,
    -5.1538831229604010E-02,
    -4.7111754615413781E-02,
     6.6809734007288929E-02,
    -3.5778883254842470E-01,
     2.3671152110250296E-01,
     2.4089279555722154E-01,
     2.3453390869646157E-01,
     2.4971443024609263E-01,
     2.0948886351336171E-01,
     2.0259333656677772E-01,
     2.1415836328767368E-01,
     2.1630871001742707E-01,
     2.2270871505168366E-01,
    -7.2567497132920086E-02
  ],
  "coordination numbers": [
     4.2061204659687021E+00,
     3.9509091228332496E+00,
     2.9838427359690334E+00,
     3.9555222093699767E+00,
     4.0281841755196464E+00,
     1.9818837020470044E+00,
     9.9226164849448129E-01,
     9.8819445408181039E-01,
     9.9085361551775986E-01,
     9.8539510664099872E-01,
     9.9064514171045026E-01,
     9.8806759660477717E-01,
     9.9152487924491250E-01,
     9.9157283324741297E-01,
     1.1511177474154453E+00,
     1.9968468802078103E+00,
     3.9509263387026134E+00,
     2.9839269412695408E+00,
     3.9557062439853912E+00,
     4.0292679175789337E+00,
     1.9821704069759134E+00,
     9.9224969647158989E-01,
     9.8536088247642351E-01,
     9.9084263856478483E-01,
     9.8822249328183531E-01,
     9.8817789056163097E-01,
     9.9058450360557426E-01,
     9.9156781108174297E-01,
     9.9152251467319097E-01,
     1.9108030273749383E+00,
     9.9993694373098307E-01
  ]
}
