{
  "version":  "0.2.0",
  "energy":    -8.2673743629282681E-01,
  "charges": [
     1.4233905908754219E-01,
    -8.7285840826127903E-01,
    -6.9265856943051085E-01,
     4.2317791860424769E-01
  ],
  "coordination numbers": [
     2.8915441288690582E+00,
     1.9953766758772300E+00,
     9.9876639786250987E-01,
     1.8937717713060422E+00
  ]
}
