{
  "version":  "0.2.0",
  "energy":     3.2492778164674463E-01,
  "charges": [
     3.7256748216357805E-01,
     5.9312652951938834E-02,
     8.8089092003130964E-01,
     5.8655153650584956E-02,
    -3.7142620879741156E-01
  ],
  "coordination numbers": [
     1.2663049299109188E+00,
     8.5156567583369025E-01,
     1.2635354772887792E+00,
     8.5156570711279578E-01,
     1.9913484447335428E+00
  ]
}
