{
  "version":  "0.2.0",
  "energy":    -7.5881072557269724E-02,
  "charges": [
     6.2497976880113160E-01,
    -1.0379353990328692E-01,
    -1.0386454525863759E-01,
    -1.0366328316856960E-01,
    -1.0480182200917110E-01,
    -1.0381557500372710E-01,
    -1.0504100345773935E-01
  ],
  "coordination numbers": [
     5.7973865512506393E+00,
     1.6560743981767967E+00,
     1.6548160817897770E+00,
     1.6583304583174323E+00,
     1.6560495511661806E+00,
     1.6583193435187980E+00,
     1.6550272418443468E+00
  ]
}
