{
  "version":  "0.2.0",
  "energy":     1.0494559706209370E+00,
  "charges": [
     7.5698183908520988E-01,
    -3.2347527735844939E-01,
     8.1844672037388100E-02,
    -1.6688946425069795E-02,
    -1.4764074856787823E-02,
    -3.5785857312634783E-02,
     1.4401233379764050E-01,
     1.4424176882713236E-01,
    -3.6768824102064723E-02,
    -1.6806721021279003E-02,
    -2.3656564379803263E-02,
     7.9864769565475058E-02,
    -3.2141434383429218E-01,
     1.6940523101022525E-01,
     1.9068882049214453E-01,
     1.9345224618685941E-01,
     1.6251164092076270E-01,
     1.6219228075974729E-01,
     1.9224628168984029E-01,
     1.8507794764871213E-01,
     1.6001732836182833E-01,
    -1.3249125461015421E-02,
     9.4612014839448588E-04,
    -3.5738243227511796E-01,
     1.8908411569661324E-01,
     1.6493912445537395E-01,
     1.8248564634316675E-01
  ],
  "coordination numbers": [
     4.8477118248213031E+00,
     2.9891191648315578E+00,
     3.2368258361862354E+00,
     3.0078128089194145E+00,
     3.0222144667628932E+00,
     3.0116142408990472E+00,
     3.2176698316014889E+00,
     3.2349861030140312E+00,
     3.0123650973506333E+00,
     3.0211891376556537E+00,
     3.0087674706087757E+00,
     3.2989875736905043E+00,
     2.9969882543472846E+00,
     9.9261352302370920E-01,
     9.9296634113123972E-01,
     9.9278417535851560E-01,
     9.9317526636991094E-01,
     9.9317496610481282E-01,
     9.9279756874652048E-01,
     9.9298874516948121E-01,
     9.9474484927185092E-01,
     9.9748471361797275E-01,
     4.0761227065926757E+00,
     1.9889704548385501E+00,
     9.9205245540673825E-01,
     9.9189451923199901E-01,
     9.9200511681453740E-01
  ]
}
