{
  "version":  "0.2.0",
  "energy":    -1.6053992451946336E-01,
  "charges": [
     3.5333671053145921E-01,
     4.2021891427444202E-01,
     7.0124048887745039E-02,
    -8.4367967369364627E-01
  ],
  "coordination numbers": [
     1.5273364982621080E+00,
     2.4703478227374687E+00,
     9.4503051326100618E-01,
     1.9968331099515080E+00
  ]
}
