{
  "version":  "0.2.0",
  "energy":    -1.1009511286860951E+00,
  "charges": [
     8.7026428006437717E-01,
    -1.2769917249939947E-01,
    -1.2617394270065285E-01,
    -9.6202777108225168E-02,
     1.3847390764509415E-02,
    -1.0025732165089637E-01,
    -1.3075144280147344E-01,
     2.3025462299912580E-01,
    -3.6786759684894854E-01,
    -4.8964834320398620E-01,
     8.1776538042107993E-02,
     8.7791125349947763E-02,
     1.2611321135722281E-01,
     1.1586064691424672E-01,
     8.3238213901124458E-02,
     2.6041201324314467E-01,
     3.2194760002613843E-02,
     2.4797626773514908E-02,
    -3.4663659573643568E-01,
     1.6805425114219057E-02,
     3.0940326111009053E-02,
    -4.1626393791282257E-01,
     9.3457558290833603E-02,
     1.3892256385188978E-01,
     1.0879108524200228E-01,
     9.0483260181602854E-02,
    -1.0973135906588544E-01,
    -5.1567645046271271E-01,
     8.5997069725145495E-02,
     8.0426821446973135E-02,
     1.0962768968461337E-01,
     3.1136026811603151E-01,
    -6.1222861521341287E-01,
     2.6513007358847046E-01,
    -2.0523011733793556E-01,
    -1.0048568544795627E-01,
    -4.3273496412905832E-01,
     8.0561405542882727E-02,
     8.2641154485993171E-02,
     7.4935868136300321E-02,
    -2.4505884893200350E-01,
    -3.6851129834857332E-02,
    -4.4133054552701273E-01,
     6.0945605477500844E-02,
     9.0156266033170271E-02,
     8.9607343074736528E-02,
     8.0313925379111306E-02,
     8.3174707519253391E-02
  ],
  "coordination numbers": [
     5.7237012837542576E+00,
     3.0135647579905500E+00,
     3.0126978201335914E+00,
     3.0174329415817240E+00,
     3.0194521252108020E+00,
     3.0149620541438296E+00,
     3.0126399054254804E+00,
     3.0181659238746219E+00,
     1.8515766483549685E+00,
     1.9760168664473881E+00,
     9.9273976684744092E-01,
     9.9281148549090403E-01,
     9.9279113415966158E-01,
     9.9298005258026478E-01,
     9.9279222862894834E-01,
     1.1968939296090051E+00,
     3.0818869096041581E+00,
     3.0775299995397534E+00,
     2.8298812759420446E+00,
     3.0820844978305866E+00,
     3.0813833687598544E+00,
     2.0128203395290818E+00,
     9.9241774675712069E-01,
     9.9171302555703722E-01,
     9.9213809132307240E-01,
     9.9237504992595760E-01,
     3.9504764770680305E+00,
     1.9771245084890907E+00,
     9.9080073082269848E-01,
     9.8960431507753377E-01,
     9.9041936193458202E-01,
     9.9042845234388288E-01,
     1.9890679336080916E+00,
     1.0593216237474099E+00,
     1.1552432397307362E+00,
     4.0144779958816361E+00,
     1.9914273810287497E+00,
     9.8905311732903645E-01,
     9.8929399457270417E-01,
     9.8906858961875344E-01,
     3.9531554629248822E+00,
     4.0038841032018642E+00,
     1.9916658996771393E+00,
     9.9107616561161382E-01,
     9.9139394566602856E-01,
     9.9135454687728508E-01,
     9.8853271429804757E-01,
     9.8898895194592829E-01
  ]
}
