{
  "version":  "0.2.0",
  "energy":     2.5460548465959026E-01,
  "charges": [
     9.9839300973620426E-01,
    -1.4589040179145868E-01,
     1.1834644933387514E-01,
    -6.2644886295924102E-02,
     1.1636732021403268E-01,
    -3.5164110115658331E-01,
    -1.4834080944257738E-01,
    -3.4175699172795027E-01,
     1.3508301064772180E-01,
     1.5563881495107035E-01,
     1.5276972599364860E-01,
     1.3297581714264764E-01,
     1.3503278376637357E-01,
     1.4921993830358007E-01,
     1.5351344561273886E-01,
    -7.5173978419940679E-01,
     2.9926307024657139E-01,
     2.9405171815578024E-01,
     2.9069833802217560E-01,
    -3.2339885727595719E-01,
     9.3608614894674230E-02,
    -1.8591541682960611E-01,
    -1.2978035542496696E-01,
     1.2612888558070126E-01,
    -3.6963092292095490E-01,
     1.5237273337857560E-01,
     1.5553025841937076E-01,
     1.5174559266564377E-01
  ],
  "coordination numbers": [
     5.3719598767349535E+00,
     3.9607846537136959E+00,
     3.2062882337318586E+00,
     3.0080172304807578E+00,
     3.2045530103233242E+00,
     1.9920433575837704E+00,
     3.9609163625964436E+00,
     1.9927768709016052E+00,
     9.9237210623697880E-01,
     9.9149625322061308E-01,
     9.9159696604540670E-01,
     9.9327128031099754E-01,
     9.9236466530398371E-01,
     9.9155563068872254E-01,
     9.9153243534110480E-01,
     3.9189557560989643E+00,
     9.9743316047878583E-01,
     1.0051356735125818E+00,
     9.9985612156954673E-01,
     2.0021615025957624E+00,
     2.0859717709343171E+00,
     1.0053755118281984E+00,
     3.9582602680269066E+00,
     2.0129579176725505E+00,
     1.9567899698152482E+00,
     9.9175260222322947E-01,
     9.9176593214925379E-01,
     9.9180167428165689E-01
  ]
}
