{
  "version":  "0.2.0",
  "energy":     1.5449474812289750E+00,
  "charges": [
     6.9824046132872120E-01,
    -5.4655050730507482E-01,
     2.5571476902616963E-02,
     2.3122419096396785E-02,
    -5.7424738373914586E-01,
     3.1620359411108490E-01,
     3.1009959893838179E-01,
     2.0114102488440738E-01,
     1.8624756673421994E-01,
     1.9047469663580355E-01,
     1.9645721626624951E-01,
     2.9277318899335819E-01,
     2.8169021144122541E-01,
     1.6846174348444382E-01,
     1.1734890013914442E-01,
    -3.4519448967091820E-01,
     8.4125263297691433E-02,
     1.5831212579101439E-01,
    -2.1641281946983659E-01,
     2.4254371817386472E-01,
     2.0617239501697224E-01,
     1.5661039078287467E-01,
     2.3366266010973713E-01,
    -1.2711883037462962E-01,
     9.2382291908639502E-03,
    -3.7636179572617040E-01,
     1.9747588810628855E-01,
     1.5056481239194044E-01,
     1.4074126389595332E-01,
     2.0594276703910266E-01,
     2.0472481591758684E-01,
     3.1966701429301181E-01,
    -1.7534561829865628E-01,
     1.8052718918995633E-01,
    -1.3690918756848097E-01
  ],
  "coordination numbers": [
     6.7202260759457726E+00,
     3.9314345821628054E+00,
     4.0721176873624874E+00,
     4.0555479145312123E+00,
     3.9076971804706373E+00,
     1.0034914206120380E+00,
     1.0050782011192938E+00,
     9.9146605796594578E-01,
     9.9131265200631535E-01,
     9.9140464250415761E-01,
     9.9147002032746467E-01,
     9.9736406000784950E-01,
     9.9999287263054715E-01,
     3.0585935129262971E+00,
     3.1811765578025533E+00,
     2.9911953081662093E+00,
     3.2551946172504067E+00,
     3.0579352930335304E+00,
     2.0171033421831153E+00,
     9.9228528000156846E-01,
     9.9260056940941777E-01,
     9.9250874373777176E-01,
     9.9230454916700150E-01,
     4.4077076568162443E+00,
     4.1239115408302611E+00,
     2.9490228012473230E+00,
     9.9129624235580049E-01,
     1.0508137612171202E+00,
     1.0383042425740046E+00,
     9.9175079675471789E-01,
     9.9180382060340477E-01,
     9.9907733584221781E-01,
     9.9907563020349599E-01,
     1.8254844669643573E+00,
     9.9951840798590474E-01
  ]
}
