{
  "version":  "0.2.0",
  "energy":    -1.4392834959560128E+00,
  "charges": [
     1.6449436950924845E-01,
     2.2143730596673430E-01,
    -7.1369579802415639E-01,
    -6.7537874796490149E-01,
    -9.9685712948692473E-01
  ],
  "coordination numbers": [
     3.7299842415513673E+00,
     1.7221930116333333E+00,
     9.9798525823963402E-01,
     1.9735695543914789E+00,
     9.9833657584737612E-01
  ]
}
