{
  "version":  "0.2.0",
  "energy":    -9.3629494871559671E-01,
  "charges": [
     1.9629094659491608E-01,
     6.8709470136735362E-01,
    -1.3138803860342703E+00,
    -5.6950526192799944E-01
  ],
  "coordination numbers": [
     2.8913477236473915E+00,
     9.1038475269327179E-01,
     9.8672800363811763E-01,
     9.9834525384942552E-01
  ]
}
