{
  "version":  "0.2.0",
  "energy":    -1.0910799094499074E-01,
  "charges": [
    -1.4144878641447056E-01,
     4.7460981435607569E-01,
    -8.4555800570514913E-02,
    -8.4927046656125313E-02,
    -1.6367818071496490E-01
  ],
  "coordination numbers": [
     3.7313712542475432E+00,
     1.9078623758970918E+00,
     9.6411721109183279E-01,
     9.6497488962295286E-01,
     1.8103589450706599E+00
  ]
}
