{
  "version":  "0.2.0",
  "energy":    -2.0258527327897116E-01,
  "charges": [
     9.6979199421384421E-01,
    -2.4221121715152272E-01,
    -2.4244868573981113E-01,
    -2.4236598605911447E-01,
    -2.4276610526339598E-01
  ],
  "coordination numbers": [
     3.9800750641785321E+00,
     9.9888729776903862E-01,
     9.9888901732510771E-01,
     9.9888710970588335E-01,
     9.9888526586608695E-01
  ]
}
