{
  "version":  "0.2.0",
  "energy":    -7.1052267817941250E-01,
  "charges": [
     4.6102024743447534E-01,
    -2.0262005469865843E-01,
    -3.4067607899133578E-01,
    -2.2197221071784384E-01,
    -3.3736311417239573E-01,
    -3.5838878885424158E-01
  ],
  "coordination numbers": [
     4.8852972724827808E+00,
     1.6500471767442431E+00,
     9.9799485920758890E-01,
     9.9315854645256962E-01,
     1.1296170585040244E+00,
     1.5083102904022034E+00
  ]
}
