{
  "version":  "0.2.0",
  "energy":    -6.1651641336704288E-01,
  "charges": [
     9.6475877017107603E-01,
    -1.0487264651002802E-01,
    -1.0950652451009632E-01,
    -9.6869449449984574E-02,
    -2.5293363545701997E-03,
    -9.3463936194873171E-02,
    -1.0849329779612556E-01,
     2.4698851423529461E-01,
    -3.8960197025378707E-01,
    -4.0199453260441004E-01,
     1.0647832172989449E-01,
     1.0624941708498620E-01,
     1.2191126778421327E-01,
     1.2296530736627694E-01,
     1.0660542971581337E-01,
    -5.7974265754887488E-01,
    -3.5979256750075773E-02,
    -4.0393769366211849E-02,
    -5.8040631333737891E-01,
     2.6494126764535414E-01,
     2.4367780762594726E-01,
     1.1963872355517795E-01,
     8.6339239778731230E-02,
     8.5779807865241017E-02,
     1.1739108392940484E-01,
     2.5360802073874666E-01,
     2.3882729978183787E-01,
    -3.3115657655135633E-01,
     2.3266266936930173E-02,
    -1.0151297177445762E-01,
    -1.0198135593532184E-01,
    -1.0038012086316034E-01,
     1.1179381353234200E-01,
     1.1378002806328483E-01,
    -9.9057585198057463E-02,
    -1.0157672796390957E-01,
    -1.0026574340742131E-01,
     2.5125058662942363E-02,
    -3.3519744717321298E-01,
     1.4545094862970220E-01,
     1.0568705842776793E-01,
     1.0744262543346433E-01,
     1.0088390196783614E-01,
     1.0148149439040860E-01,
     1.0763654517627186E-01,
     1.0669066244278798E-01,
     1.4222669590700329E-01,
    -5.9582344398552756E-01,
     2.8886218474548719E-01,
    -3.3333948352685860E-01,
    -8.4440608310966142E-02,
    -3.4407195338195962E-01,
     3.2905644686636543E-01,
    -3.4799459767177693E-01,
    -7.2017342912214510E-02,
    -3.4242299499196133E-01,
    -8.5442328680628371E-02,
     1.1069728744991264E-01,
     1.3872125363400947E-01,
     1.0685761737705528E-01,
     1.0220448417914593E-01,
     1.1525549237899391E-01,
     1.1874216911754007E-01,
     1.0082042147008953E-01,
     1.1251489935163327E-01,
     1.1917733785623658E-01
  ],
  "coordination numbers": [
     7.7371412064130567E+00,
     3.0135704631631217E+00,
     3.0119751083396951E+00,
     3.0159858079276578E+00,
     3.0162437808750866E+00,
     3.0163890173255234E+00,
     3.0119283922696418E+00,
     3.6087068700080485E+00,
     1.9023315573449571E+00,
     1.7797316194223045E+00,
     9.9277722056996520E-01,
     9.9280129693906627E-01,
     9.9285586423034200E-01,
     9.9287389427728900E-01,
     9.9278630012359148E-01,
     3.8505785770336658E+00,
     4.0004588593481119E+00,
     4.0250135755616441E+00,
     3.8915985025576640E+00,
     1.1147094429696542E+00,
     9.9651375399127851E-01,
     9.9113702452892394E-01,
     9.9033810879244299E-01,
     9.9056268753493804E-01,
     9.9127364537441043E-01,
     1.0231764877521670E+00,
     9.9791464302204247E-01,
     2.9047975408025009E+00,
     3.1192406835749038E+00,
     3.0115275141611866E+00,
     3.0203503089695829E+00,
     3.0148643887999507E+00,
     3.1047830655767630E+00,
     3.1054893912409227E+00,
     3.0152729170565618E+00,
     3.0208517752652115E+00,
     3.0115335198779025E+00,
     3.0897649738159885E+00,
     2.8451286559848254E+00,
     9.9197384565796387E-01,
     9.9298918404969339E-01,
     9.9282502426801678E-01,
     9.9321273908628438E-01,
     9.9323203807284166E-01,
     9.9284056019716260E-01,
     9.9300927861431809E-01,
     9.9266370835902240E-01,
     1.9836779871961010E+00,
     1.0348982001911491E+00,
     9.9683653885232903E-01,
     4.1600213436302704E+00,
     1.9884658380945384E+00,
     4.4859287490453745E+00,
     1.9898747014335241E+00,
     4.1447313606787795E+00,
     1.9898520251665373E+00,
     4.1247632285262350E+00,
     9.9157406762115574E-01,
     9.9133191543273558E-01,
     9.9174659258744402E-01,
     9.9200486417205802E-01,
     9.9159490695359143E-01,
     9.9148706514373064E-01,
     9.9176419245357295E-01,
     9.9129583491006557E-01,
     9.9153684004914400E-01
  ]
}
