{
  "version":  "0.2.0",
  "energy":    -1.3804362531645662E+00,
  "charges": [
     3.1038745402825008E-01,
    -3.4141114524033245E-01,
    -6.2338200363535790E-01,
    -6.4658947092185404E-01,
    -6.9900483423070547E-01
  ],
  "coordination numbers": [
     3.9367726356638499E+00,
     1.8966103952079107E+00,
     9.9769838566028479E-01,
     9.9862708936094169E-01,
     1.9306770109794975E+00
  ]
}
