{
  "version":  "0.2.0",
  "energy":    -1.4626891421693600E-02,
  "charges": [
     1.5098534669068608E-01,
    -1.5098534669068608E-01
  ],
  "coordination numbers": [
     9.1693192412230484E-01,
     9.1693192412230484E-01
  ]
}
