{
  "version":  "0.2.0",
  "energy":     4.2796110763309592E-01,
  "charges": [
     5.7826978275118424E-01,
    -5.3625349860341553E-01,
     2.8146589234729580E-01,
     3.0030937528933510E-01,
    -8.4018044130048014E-02,
    -2.0779753934443548E-01,
     2.1722824419102471E-01,
    -3.4339046393987838E-01,
    -1.9468666293745143E-01,
    -2.0507815066477278E-01,
     1.4776824403545899E-01,
     1.3939333976282425E-01,
     1.3729377040045454E-01,
     1.3743107550735781E-01,
     1.5472649050582857E-01,
     1.5289550508796471E-01,
     1.3791534446240800E-01,
     1.4344959029064919E-01,
     1.5169896796548760E-01,
    -1.6204817736489718E-01,
     2.5920893173551574E-01,
    -9.2387704810729165E-02,
    -1.1339431253716115E-01
  ],
  "coordination numbers": [
     5.5493392060241096E+00,
     2.9594844197708650E+00,
     1.1703380091122764E+00,
     9.9489534371728361E-01,
     9.9668018970143279E-01,
     3.9574413054876558E+00,
     4.5072416863014304E+00,
     1.9932759393562609E+00,
     3.9577289413634515E+00,
     3.9573475086236813E+00,
     9.9403913140748834E-01,
     9.9445591414173684E-01,
     9.9328248155912835E-01,
     9.9336893174009600E-01,
     9.9432766830677899E-01,
     9.9422369513101572E-01,
     9.9343889461002721E-01,
     9.9432400218378181E-01,
     9.9405031576671021E-01,
     1.0185562218552233E+00,
     3.5369327125068839E+00,
     1.9250339236651772E+00,
     1.4652428010078928E+00
  ]
}
