{
  "version":  "0.2.0",
  "energy":    -3.0958271332439835E-02,
  "charges": [
     3.3261958754791426E-01,
    -1.1081527883066654E-01,
    -1.1087619374022595E-01,
    -1.1092811497702175E-01
  ],
  "coordination numbers": [
     2.9224553980481556E+00,
     9.7385718318257997E-01,
     9.7484029695970786E-01,
     9.7801142723230505E-01
  ]
}
