{
  "version":  "0.2.0",
  "energy":     1.0522453923378496E+00,
  "charges": [
     5.6687679001881097E-01,
     8.3635814294017910E-02,
    -1.8305637686822029E-01,
     5.5146402825080487E-02,
    -1.7409440200413828E-01,
    -1.7953112166337731E-01,
     1.6516628208685952E-01,
     1.6013856475778387E-01,
     1.5848758759456225E-01,
     1.6730517797137240E-01,
     1.7026867407459237E-01,
     1.6628998228193648E-01,
     1.6809195267132990E-01,
     1.6148927242227443E-01,
     1.7259352238012249E-01,
    -9.2270000741579927E-02,
     1.4743372781245995E-01,
    -3.4079765421427588E-01,
     1.8867670288466870E-01,
     1.8672486021332235E-01,
     1.7798109897856323E-01,
     1.3553817413801389E-01,
    -2.0207182519654465E-01,
    -5.0555845965897317E-01,
     3.2057835160888104E-01,
     3.2495690133245747E-01
  ],
  "coordination numbers": [
     4.7317209836119005E+00,
     9.9760444478318977E-01,
     3.9568913069976759E+00,
     3.9459899733194366E+00,
     3.9565921487039564E+00,
     3.9567418087174042E+00,
     9.9287491223665736E-01,
     9.9287263848846674E-01,
     9.9277203033411521E-01,
     9.9296565098613332E-01,
     9.9287900996941225E-01,
     9.9287343376036041E-01,
     9.9299047579820687E-01,
     9.9292769379113555E-01,
     9.9277275651925745E-01,
     3.9575391329093357E+00,
     2.0191692199459297E+00,
     1.9763367455111149E+00,
     9.9148507976125888E-01,
     9.9143373061408990E-01,
     9.9149452638688729E-01,
     1.8497610397032238E+00,
     9.9949302287408859E-01,
     2.9340820814042328E+00,
     9.9603249295760232E-01,
     9.9325628272186073E-01
  ]
}
