{
  "version":  "0.2.0",
  "energy":    -1.5290282481224464E+00,
  "charges": [
     6.5862159461344705E-01,
     1.8470527177484841E-01,
    -3.5497086074799356E-01,
    -2.3796988017091647E-01,
    -2.2686052579325727E-01,
    -1.2643753798633156E-01,
    -1.1697820728024205E-01,
     3.9098403334880127E-02,
    -3.0114644877903557E-01,
     3.0295056210644114E-02,
    -1.2003926772191736E-01,
     7.1926379746405131E-02,
     7.8959094451190467E-02,
     1.3152299095493736E-01,
     1.2594477789576369E-01,
     7.6026757159855449E-02,
     1.8563929601509166E-01,
    -2.2880128687286150E-01,
    -2.4624138571868090E-01,
    -3.6063158127445039E-01,
    -2.5246449601969473E-01,
     3.3880301026724013E-02,
    -3.6844574009106484E-01,
    -3.9778445374091870E-01,
    -2.7784825098642263E-01
  ],
  "coordination numbers": [
     7.5327947998547984E+00,
     3.4876168083565728E+00,
     1.0016817458774936E+00,
     1.9336596674832647E+00,
     1.8070869691182780E+00,
     3.0206823835699801E+00,
     3.0116331751511973E+00,
     3.0857635303615112E+00,
     2.8014873768097877E+00,
     3.0775496555240744E+00,
     3.0117531741835126E+00,
     9.9257392829754032E-01,
     9.9289122114349482E-01,
     9.9265678722013018E-01,
     9.9247024205270318E-01,
     9.9287294364055878E-01,
     3.6053563650582596E+00,
     1.9331296528720250E+00,
     1.9287917938338692E+00,
     1.0017006414931693E+00,
     1.9940818735386872E+00,
     2.0386786423270555E+00,
     1.0054737026138962E+00,
     9.6160502245245638E-01,
     9.7068114170930198E-01
  ]
}
