{
  "version":  "0.2.0",
  "energy":    -9.4116783685300975E-01,
  "charges": [
     8.0310508624029908E-01,
     1.8545051731823292E-01,
    -3.3292214370749418E-01,
    -2.3077626206412971E-01,
    -2.6890017794454774E-01,
    -5.4262835959350497E-02,
    -1.5832461976403933E-01,
    -1.5424491931001527E-01,
    -5.2378882653809508E-02,
    -2.4061855584830952E-01,
     1.1961748330676053E-01,
     1.0215773793616501E-01,
     7.9206111578314919E-02,
     1.0025343104653986E-01,
     7.9033160435533586E-02,
     1.1164201291071199E-01,
     1.0123437482421335E-01,
     1.3772697704107295E-01,
    -3.4705269818765611E-01,
     4.2734202076139760E-01,
    -3.2255516042815280E-01,
    -3.9065086449774322E-01,
    -7.6425586898856979E-03,
    -3.6432165732793947E-01,
    -3.2211757701616867E-01
  ],
  "coordination numbers": [
     7.4919198174113122E+00,
     3.6277966715952594E+00,
     1.0017624300934900E+00,
     1.9487537281235330E+00,
     1.9362268615393328E+00,
     4.1047817641278801E+00,
     3.9728750238414685E+00,
     3.9699422111418841E+00,
     4.0496207363988486E+00,
     2.8363222457353947E+00,
     9.9391543721651843E-01,
     9.9116760029939943E-01,
     9.9168112896868799E-01,
     9.9195068370897932E-01,
     9.9176083656431224E-01,
     9.9176525504981150E-01,
     9.9054542168338422E-01,
     9.9222918893164724E-01,
     1.9900184198737501E+00,
     3.8984526413281966E+00,
     1.9894591276113420E+00,
     9.9966235662417269E-01,
     1.0486943240917750E+00,
     1.9847235519060220E+00,
     9.8717493360412600E-01
  ]
}
