{
  "version":  "0.2.0",
  "energy":    -9.3007712262305337E-02,
  "charges": [
     5.7034907094834586E-01,
    -2.8519396187997437E-01,
    -2.8515510906837144E-01
  ],
  "coordination numbers": [
     1.9962007388971816E+00,
     9.9859506497662220E-01,
     9.9859123826708895E-01
  ]
}
