{
  "version":  "0.2.0",
  "energy":     4.3726148809926457E-01,
  "charges": [
     5.9382537883507103E-01,
     3.1789808456099571E-02,
     3.3263028246988857E-01,
    -2.4552921605405076E-01,
    -2.6804553943239134E-01,
    -5.6975713145853157E-01,
     1.7062449423196363E-01,
     1.6040709383039153E-01,
     2.8868467185837732E-01,
     2.7836476054932829E-01,
     1.9606688914870027E-01,
    -1.9289621786910913E-01,
    -5.0167844034629838E-01,
     3.1327388235725401E-01,
     3.1372541143694882E-01,
     9.8513871986358220E-02
  ],
  "coordination numbers": [
     5.2750038188124453E+00,
     4.1576166658147216E+00,
     3.3482466844349172E+00,
     1.0001857449752061E+00,
     1.9951965276533130E+00,
     3.9256790527104988E+00,
     9.9185290505167512E-01,
     9.9140018295249277E-01,
     1.0000006790492977E+00,
     1.0009281543656545E+00,
     1.8820306201437438E+00,
     9.9968472171007505E-01,
     2.9107091645542491E+00,
     9.9359570653334117E-01,
     9.9527418011092372E-01,
     9.9616628882094194E-01
  ]
}
