{
  "version":  "0.2.0",
  "energy":    -6.3142077180902667E-01,
  "charges": [
     9.6288784176079778E-01,
    -8.4577117025559801E-03,
     2.7893637164976620E-01,
    -4.3650112826237847E-01,
    -3.8628492313120572E-01,
    -6.1457301883101767E-01,
     1.0857272860769415E-01,
     1.2240923479843148E-01,
     2.4138785739299834E-01,
     2.5130746009209870E-01,
    -7.7686981605166028E-01,
     2.4773598858668258E-01,
     2.8290830875273987E-01,
     2.6622266369174391E-01,
    -2.4848632313452265E-01,
     2.1895145032105109E-01,
    -4.0792199716762889E-01,
    -2.3191801556459318E-01,
    -2.3839423559058243E-01,
     9.2329735598227825E-02,
     1.0521004400953991E-01,
     1.0750581249059785E-01,
     9.6852629322689412E-02,
     1.5796251083686541E-01,
     1.1034079571049783E-01,
     9.5410013732654009E-02,
     1.1702499773930414E-01,
     1.3458760003916900E-01,
    -9.8548581051040862E-02,
    -3.4845937582452607E-01,
     3.2226281534456958E-01,
    -3.5020359085940733E-01,
    -8.8336387773501335E-02,
    -3.4120961065020122E-01,
    -7.3975754821145767E-02,
     1.0512338950070316E-01,
     1.2167449966566600E-01,
     1.0087502937042252E-01,
     1.0101711565637077E-01,
     1.1341553413505891E-01,
     1.2473840163652866E-01,
     1.0333696079921241E-01,
     1.1837754400577881E-01,
     1.1542667825926960E-01,
    -6.1330622213095820E-01,
     2.7315540095644325E-01,
    -6.0749824090291493E-01,
     2.7299751898626817E-01
  ],
  "coordination numbers": [
     7.0226582124189081E+00,
     4.0247924117489209E+00,
     3.1982659414965218E+00,
     1.0001291737522635E+00,
     1.9776870788611518E+00,
     3.8575301479744102E+00,
     9.9137800001375087E-01,
     9.9129511974388951E-01,
     1.0082858244944033E+00,
     9.9648556989713111E-01,
     3.8183521949669652E+00,
     9.9639718821850742E-01,
     1.0985882522368140E+00,
     1.0012891127011034E+00,
     3.9573691382333571E+00,
     4.4360303789462012E+00,
     1.9626243245107604E+00,
     3.9562801706122430E+00,
     3.9588622188519365E+00,
     9.9288085724295438E-01,
     9.9396428585038255E-01,
     9.9406704930798462E-01,
     9.9353915707945184E-01,
     9.9242327169228428E-01,
     9.9421602141097054E-01,
     9.9332746188528542E-01,
     9.9472432998434179E-01,
     9.9598450577440900E-01,
     4.1664025061611554E+00,
     1.9887732879046318E+00,
     4.5205087871001766E+00,
     1.9888093686218973E+00,
     4.1539907563910017E+00,
     1.9895534388142755E+00,
     4.1440006959097824E+00,
     9.9156695397684480E-01,
     9.9080266669721961E-01,
     9.9157247534133131E-01,
     9.9185566594067875E-01,
     9.9150124628669722E-01,
     9.9104041122740227E-01,
     9.9205410586729581E-01,
     9.9152661174080414E-01,
     9.9168899239621311E-01,
     1.9852653671743248E+00,
     1.0212985620294663E+00,
     1.9893021137087450E+00,
     1.0234408793707974E+00
  ]
}
