{
  "version":  "0.2.0",
  "energy":     1.0094902755404935E+00,
  "charges": [
     5.8921185131001175E-01,
    -1.9550523934653938E-01,
     2.0003497345975363E-01,
    -3.7574645249346356E-01,
    -1.8898343764392345E-01,
    -1.9591664603649889E-01,
     1.4610133685804849E-01,
     1.4916234035804216E-01,
     1.4796759484157118E-01,
     1.4642171858280623E-01,
     1.5407323701474959E-01,
     1.5303550502316926E-01,
     1.4669439358587633E-01,
     1.4609463762019179E-01,
     1.5169378089162380E-01,
    -2.0660781288122121E-01,
     5.2670728220257368E-02,
    -2.0360095383601143E-01,
    -2.0072366499523195E-01,
     1.4564734892674622E-01,
     1.4117293498920902E-01,
     1.3381159077258864E-01,
     1.4594256182649185E-01,
     1.3660451347971095E-01,
     1.4419066301326774E-01,
     1.4783385060515650E-01,
     1.4649942462952542E-01,
     1.4508494987796056E-01,
    -1.2272598705278530E-01,
    -1.2716912687627829E-01,
    -4.1834008687327007E-02,
    -5.0116106317153880E-02,
     4.7803142035873609E-02,
    -3.6222181561301631E-01,
     4.3252028873868531E-02,
    -5.2781613366921887E-02,
     1.6847736294107424E-01,
     1.6103206090066183E-01,
     1.4161495679278222E-01,
     1.3332273092130928E-01,
     1.5848064679404458E-01
  ],
  "coordination numbers": [
     5.5165932301531404E+00,
     3.9574948706431234E+00,
     4.3244509275387681E+00,
     1.9943381095707791E+00,
     3.9576482927231025E+00,
     3.9573731025081695E+00,
     9.9397184984967346E-01,
     9.9413993827014124E-01,
     9.9436320845438964E-01,
     9.9413095615864577E-01,
     9.9429620031805044E-01,
     9.9427550910176699E-01,
     9.9393088103983906E-01,
     9.9405116856672837E-01,
     9.9407767100642275E-01,
     3.9566930381292877E+00,
     3.9584188868732788E+00,
     3.9567127153555912E+00,
     3.9573297798594345E+00,
     9.9274655255938438E-01,
     9.9305558324564736E-01,
     9.9276724326160437E-01,
     9.9280703791542990E-01,
     9.9288496471690646E-01,
     9.9316754990181266E-01,
     9.9295265551591338E-01,
     9.9321402451578411E-01,
     9.9327803692516525E-01,
     1.0060376653414966E+00,
     1.0000456775818405E+00,
     3.0227205950472209E+00,
     3.0083463053719077E+00,
     3.2086173862554563E+00,
     2.9854214005306208E+00,
     3.2195353005854583E+00,
     3.0082372997741009E+00,
     9.9277161314711648E-01,
     9.9296334057416136E-01,
     9.9256377533927953E-01,
     9.9251106803291922E-01,
     9.9295741536399618E-01
  ]
}
