{
  "version":  "0.2.0",
  "energy":    -1.6291473280569977E+00,
  "charges": [
     7.3839848683822673E-01,
    -3.9376511086789473E-01,
     3.5407207330918644E-01,
    -3.7639784410563681E-01,
    -4.9137227479182821E-01,
    -1.2596671878845700E-01,
    -3.9796430325247889E-01,
    -7.4447994360617087E-01,
     2.3629343839535860E-01,
     2.3730376650714885E-01,
     2.5505685294444785E-01,
     1.8125973476452517E-01,
    -2.8824720721911595E-01,
    -2.8839648187300571E-01,
    -4.2980596047302450E-01,
    -9.6460980459235846E-02,
    -3.6952752732204475E-01
  ],
  "coordination numbers": [
     7.2587227304828694E+00,
     1.9683075999206698E+00,
     3.8306430629874262E+00,
     1.9793300474191149E+00,
     9.9911649409124692E-01,
     1.0195765050654675E+00,
     1.9759534480079095E+00,
     3.8667591947777948E+00,
     9.9753817037014514E-01,
     9.9657237625184170E-01,
     1.0484987471419203E+00,
     3.4573931896860666E+00,
     1.7664258256674641E+00,
     1.9273958800169879E+00,
     1.0017141778611043E+00,
     1.0161434874943200E+00,
     1.9732843602202399E+00
  ]
}
