{
  "version":  "0.2.0",
  "energy":     2.8634798151984781E-01,
  "charges": [
     7.5436737061779002E-01,
    -1.7456339729235659E-01,
     1.0318107599503312E-01,
    -8.1038419561257097E-02,
     1.0542698185705357E-01,
    -3.3701272310455649E-01,
    -1.7222976344812058E-01,
    -3.4214987012086018E-01,
     1.1698471959046083E-01,
     1.2722930957204126E-01,
     1.3268665389049508E-01,
     1.1719686505453858E-01,
     1.1711099199288627E-01,
     1.3366354725126697E-01,
     1.3189594953861902E-01,
    -1.7057380679164824E-01,
     1.0749610156391304E-01,
    -8.0021992107052214E-02,
     1.0489812103300702E-01,
    -3.4173920843113825E-01,
    -1.7361819355937916E-01,
    -3.3635129154197707E-01,
     1.1761019639833324E-01,
     1.3434409087301791E-01,
     1.3393075104666927E-01,
     1.1774696991527402E-01,
     1.1741766931931831E-01,
     1.2961427503191283E-01,
     1.3158143701697567E-01,
    -5.7087446966911748E-01,
    -2.6214732674774338E-02,
    -2.5212628860405768E-02,
    -5.6805874152430424E-01,
     2.5242613992899421E-01,
     2.4382368772355562E-01,
     1.2606063934311121E-01,
     1.1068663097250911E-01,
     1.1039454870940051E-01,
     1.2576989443763334E-01,
     2.4923150147850093E-01,
     2.4688311853463682E-01
  ],
  "coordination numbers": [
     7.0984815955431610E+00,
     3.9608385532095225E+00,
     3.2608014274382118E+00,
     3.0190259187392758E+00,
     3.2899155789213310E+00,
     1.9962283531398697E+00,
     3.9607452199632105E+00,
     1.9933530475757237E+00,
     9.9233931573727041E-01,
     9.9157418151603416E-01,
     9.9152464046798983E-01,
     9.9325650587804226E-01,
     9.9235804347020817E-01,
     9.9148360293476046E-01,
     9.9162026828190708E-01,
     3.9608325580127017E+00,
     3.2954786750962350E+00,
     3.0210318504848743E+00,
     3.2732204191668206E+00,
     1.9942593379821805E+00,
     3.9608567443683569E+00,
     1.9961427725272740E+00,
     9.9234764331056624E-01,
     9.9152831124409690E-01,
     9.9157071928927731E-01,
     9.9325406527776838E-01,
     9.9235579171758470E-01,
     9.9159668278448532E-01,
     9.9150042198512711E-01,
     3.9412829237931888E+00,
     4.1291738746611628E+00,
     4.1480069202905412E+00,
     3.9465303804564531E+00,
     1.0590522785453063E+00,
     1.0027280485208347E+00,
     9.9130727842758404E-01,
     9.9124957338205189E-01,
     9.9124117670114398E-01,
     9.9132026980839250E-01,
     1.0416845168830058E+00,
     1.0117511224530205E+00
  ]
}
