{
  "version":  "0.2.0",
  "energy":    -1.2440423627403469E-02,
  "charges": [
     2.5953284139719679E-01,
    -4.3255015859754851E-02,
    -4.3255925038479984E-02,
    -4.3255594815498018E-02,
    -4.3255346131509644E-02,
    -4.3255371314767199E-02,
    -4.3255588237187129E-02
  ],
  "coordination numbers": [
     5.5957055241256350E+00,
     9.4780294746874905E-01,
     9.4780628472131401E-01,
     9.4780508278064524E-01,
     9.4780415090573911E-01,
     9.4780447135373702E-01,
     9.4780527887737875E-01
  ]
}
