{
  "version":  "0.2.0",
  "energy":     1.9949582577856778E-01,
  "charges": [
     9.2883087808566667E-01,
    -3.4504567559666710E-01,
     1.8497423768740254E-01,
    -6.3267927854555289E-02,
    -6.9016614279759608E-02,
    -7.3607688713028474E-02,
     1.2466063416161145E-01,
     1.2347748788650303E-01,
    -7.3395574920950071E-02,
    -6.5974946505027637E-02,
    -7.0303965502485327E-02,
     4.5711274182779101E-02,
    -3.3254488077059546E-01,
     1.4399212262962824E-01,
     1.4812426668260809E-01,
     1.4631515454774879E-01,
     1.2713822747195674E-01,
     1.2640558735747681E-01,
     1.4364674581637965E-01,
     1.3716780389167119E-01,
     1.3626865594513574E-01,
    -1.4702949697412945E-01,
     1.0793045272298300E-01,
    -3.7102125264605468E-01,
     1.4135391157897881E-01,
     1.3943419487870187E-01,
     1.3870828054896114E-01,
    -5.4168334695718123E-01,
     2.8533992512476863E-01,
    -3.3695962662099099E-01,
     4.4317550296585700E-01,
    -3.3097718914762703E-01,
    -2.8413243276734007E-01,
    -1.8382871146372304E-01,
    -6.2095953836155474E-03,
    -4.2680806638441338E-01,
     1.2618785366258142E-01,
     1.3395808072720572E-01,
     1.4753856903570242E-01,
     1.2316836017688419E-01,
     1.3739080995986003E-01,
     2.8090797475909218E-01
  ],
  "coordination numbers": [
     7.4752356107538782E+00,
     2.9592637049453110E+00,
     4.1690856410886719E+00,
     3.0063695445620313E+00,
     3.0001529194003309E+00,
     3.0129718059884469E+00,
     3.1241525088296331E+00,
     3.1543163634636624E+00,
     3.0140270504467628E+00,
     3.0213672802931457E+00,
     3.0108904225732340E+00,
     3.1744743791085126E+00,
     2.9623680163476331E+00,
     9.9010260399761840E-01,
     9.9294283245569748E-01,
     9.9292633795437357E-01,
     9.9338359426427658E-01,
     9.9329061989798539E-01,
     9.9289748526561628E-01,
     9.9304989004223199E-01,
     9.9318197176759426E-01,
     3.9583561706006503E+00,
     2.0126721219841714E+00,
     1.9308987954899930E+00,
     9.9178002966837298E-01,
     9.9185283443107863E-01,
     9.9183792037564622E-01,
     2.8825178458429583E+00,
     9.9632748260387594E-01,
     1.9731321430611066E+00,
     3.9561565775114236E+00,
     1.9339430328929685E+00,
     1.9894652287689647E+00,
     3.9565894893085147E+00,
     4.0592355939173652E+00,
     1.9907136457683814E+00,
     9.9167265631682699E-01,
     9.9138770337242743E-01,
     9.9161208902461073E-01,
     9.9023507037907788E-01,
     9.9079903051119356E-01,
     1.2916423875492260E+00
  ]
}
