{
  "version":  "0.2.0",
  "energy":    -1.7166748775824485E+00,
  "charges": [
     8.1700671910163658E-01,
    -1.8992292166666846E-01,
     1.1468229100549765E-01,
    -5.4435382658728770E-01,
    -3.6773609646008132E-01,
     3.6934744299991284E-01,
    -4.8070989664204611E-01,
    -4.0249273616175363E-01,
     1.7281657723521326E-01,
    -3.0120286871973206E-01,
    -2.9799261680288536E-01,
    -4.1209757347273535E-01,
    -2.3826208261475512E-01,
    -3.9890875917099611E-02,
    -4.0399123671253118E-01,
     4.2577479540413965E-02,
     1.2075175325517083E-01,
     9.6793966018374880E-02,
     8.1110276825371252E-02,
     6.3954943432422751E-02,
    -2.6795254182472561E-01,
     2.0627547864754198E-01,
    -3.8147417911587772E-01,
    -2.7746768927709731E-01,
    -2.6076586383939077E-01,
     5.3328825087328058E-02,
     7.5546462030731121E-02,
     1.3234443093873571E-01,
     5.1633329795584409E-02,
     9.0697642942621282E-02,
     8.0820096209853101E-02,
     5.7973017759115009E-02,
     1.1729581842106096E-01,
     1.2135645456807886E-01
  ],
  "coordination numbers": [
     7.2555554672709075E+00,
     1.7934216133036909E+00,
     1.9971750963308779E+00,
     1.0071770176862458E+00,
     1.9679417537083559E+00,
     3.8095785091360010E+00,
     9.9912642275849350E-01,
     1.9614548158441192E+00,
     3.4186197361020163E+00,
     1.8343369785922077E+00,
     1.8432535112583714E+00,
     1.0016829014027877E+00,
     3.9526284486381265E+00,
     4.0042046530344031E+00,
     1.9894643093263298E+00,
     9.9079465411970435E-01,
     9.9145234164503915E-01,
     9.9126010238869977E-01,
     9.8864337732131169E-01,
     9.8815335933386628E-01,
     3.9560407032440841E+00,
     4.2617107121523699E+00,
     1.9194567659860304E+00,
     3.9560359566458647E+00,
     3.9557734755807870E+00,
     9.9271171231753552E-01,
     9.9391296288167208E-01,
     9.9473158792833338E-01,
     9.9260628438846066E-01,
     9.9389374828393340E-01,
     9.9392720791533495E-01,
     9.9330154934272308E-01,
     9.9483401152202600E-01,
     9.9439852798088957E-01
  ]
}
