{
  "version":  "0.2.0",
  "energy":    -2.2658435760508075E-01,
  "charges": [
     6.2745354155272548E-01,
    -1.7894156917053092E-01,
     1.0035113832643947E-01,
    -8.1245732276059787E-02,
     9.6952149802842141E-02,
    -3.2169532441246823E-01,
    -1.8494195768784932E-01,
    -3.0835793688005425E-01,
     1.0610830118255925E-01,
     1.2623243579130664E-01,
     1.2928883338175348E-01,
     1.0878007644605947E-01,
     1.0583803797552431E-01,
     1.2149950492498642E-01,
     1.2045277985291231E-01,
    -2.7981670710825945E-01,
     5.4521638058962291E-02,
    -2.6287659389410273E-01,
     6.9772952489278048E-02,
     4.5036210914090574E-02,
    -3.1640948333012686E-01,
     4.6129169837615683E-02,
     6.5469151629839212E-02,
    -3.5763681111983159E-01,
     1.3350058053881014E-01,
     1.3284018621672747E-01,
     1.3843758771764711E-01,
     1.2955453521990518E-01,
    -1.6629669598070165E-01
  ],
  "coordination numbers": [
     5.3432998372915996E+00,
     3.9604944988000046E+00,
     3.1487448661688697E+00,
     3.0011997368897081E+00,
     3.1441301067931606E+00,
     1.9848816811325589E+00,
     3.9606524908105554E+00,
     1.9870638830058960E+00,
     9.9227330093603872E-01,
     9.9163163646566233E-01,
     9.9156772022884265E-01,
     9.9323671747509668E-01,
     9.9227401425997375E-01,
     9.9152195474245808E-01,
     9.9155300733839624E-01,
     2.0008986012575338E+00,
     2.0579124234150958E+00,
     1.0055586330387074E+00,
     3.0756389495622551E+00,
     3.1460196145457369E+00,
     2.9455169741188740E+00,
     3.1176056044719136E+00,
     3.0757593665417158E+00,
     2.0149150152593878E+00,
     9.9255756597783407E-01,
     9.9258649462367643E-01,
     9.9269259654762365E-01,
     9.9252973605609629E-01,
     9.9212780823266744E-01
  ]
}
