{
  "version":  "0.2.0",
  "energy":    -1.3369459209148846E+00,
  "charges": [
     3.5969836198297411E-01,
    -3.3343757064028862E-01,
    -8.4797041584070154E-01,
    -1.1782903755019838E+00
  ],
  "coordination numbers": [
     2.9233775659422303E+00,
     9.7713417780072298E-01,
     9.8448228394234416E-01,
     9.6602006196706380E-01
  ]
}
