{
  "version":  "0.2.0",
  "energy":    -3.2607743975873044E-03,
  "charges": [
     7.6402361372341215E-02,
    -7.6402361372341215E-02
  ],
  "coordination numbers": [
     9.7660468004093914E-01,
     9.7660468004093914E-01
  ]
}
