{
  "version":  "0.2.0",
  "energy":    -5.8989339568718796E-02,
  "charges": [
     3.4749143425555873E-01,
    -3.4749143425555873E-01
  ],
  "coordination numbers": [
     9.9533140394565223E-01,
     9.9533140394565223E-01
  ]
}
