{
  "version":  "0.2.0",
  "energy":    -1.9051794796591710E+00,
  "charges": [
    -1.5531205634150693E+00,
    -1.4468794365849307E+00
  ],
  "coordination numbers": [
     9.9799549700319190E-01,
     9.9799549700319190E-01
  ]
}
