{
  "version":  "0.2.0",
  "energy":    -1.3022472945798672E-01,
  "charges": [
    -6.0056632515341746E-01,
     2.2466538824865948E-01,
     2.2474924166150870E-01,
     1.5115169524324928E-01
  ],
  "coordination numbers": [
     1.5921608592813943E+00,
     1.3029625806521148E+00,
     1.3017312212028544E+00,
     2.1964547686037843E+00
  ]
}
