{
  "version":  "0.2.0",
  "energy":    -2.0014210526465681E+00,
  "charges": [
    -1.4575077225179367E-01,
     3.5007277053365082E-01,
    -1.1195300369084547E+00,
    -1.2936837994883021E+00,
    -7.9110816188510036E-01
  ],
  "coordination numbers": [
     3.5902209181524984E+00,
     2.5912035872492769E+00,
     1.9286076494782032E+00,
     1.9742130868007157E+00,
     9.9115246707968119E-01
  ]
}
