{
  "version":  "0.2.0",
  "energy":    -3.3177027877633783E-02,
  "charges": [
     4.2902272907941497E-01,
    -1.0740631044023642E-01,
    -1.0724101052981325E-01,
    -1.0725288764355059E-01,
    -1.0712252046581472E-01
  ],
  "coordination numbers": [
     3.9710644266292991E+00,
     9.9921203559390026E-01,
     9.9935809278023680E-01,
     9.9934968546208491E-01,
     9.9943836084575377E-01
  ]
}
