{
  "version":  "0.2.0",
  "energy":    -2.5225904479224242E+00,
  "charges": [
     7.9632185352560758E-01,
    -2.2176089535187016E-02,
     2.7566646154038121E-01,
    -5.0923872083625066E-01,
    -3.3360582184138710E-01,
    -5.8358553984031125E-01,
     9.3893471041529675E-02,
     6.9217067413389344E-02,
     2.5293606027625326E-01,
     2.7037248348293846E-01,
     1.4322386055941827E-02,
    -6.5841106384521009E-03,
    -2.9195239916706095E-01,
    -2.2627934080716949E-02,
     1.7820776884909684E-02,
    -4.5667474177554424E-01,
     6.2351979305813987E-02,
     1.1067383183828131E-01,
     9.6967295035085832E-02,
     6.3282364362879373E-02,
    -1.9512973807799217E-01,
     1.1455747118252702E-01,
    -5.3599529665398549E-01,
    -3.3693827519605324E-01,
     3.8296102591769410E-03,
    -4.6439885683913096E-01,
    -5.1878122298742757E-01,
     6.5529449451458821E-01,
    -3.9225158030676699E-01,
    -4.9476544559146796E-01,
    -3.1988600140985302E-01,
     2.2067287785103251E-02,
    -4.3498311972681958E-01
  ],
  "coordination numbers": [
     6.9405814854068009E+00,
     4.0183174532672874E+00,
     3.1333139726176773E+00,
     1.0003087020071453E+00,
     1.9732359776561941E+00,
     3.8586583738766036E+00,
     9.9100975709299544E-01,
     9.9065169312846724E-01,
     9.9650227072029463E-01,
     1.0036165617213273E+00,
     3.0996460871183915E+00,
     3.0780010394350628E+00,
     3.7577415716877827E+00,
     3.1479825964590260E+00,
     3.0998038559006833E+00,
     2.0052327708969484E+00,
     9.9104016208845991E-01,
     9.9300401411838024E-01,
     9.9274140749269257E-01,
     9.9123254764907553E-01,
     1.8703889965100791E+00,
     1.9970297834445194E+00,
     1.0063662748876459E+00,
     1.9675928437565959E+00,
     2.0881806494810142E+00,
     1.0049176817092560E+00,
     9.9917370823111096E-01,
     4.6550507466142550E+00,
     1.9270256124904437E+00,
     9.9922466866356086E-01,
     1.9828754549864662E+00,
     2.0141579061052468E+00,
     1.0053144816673036E+00
  ]
}
