{
  "version":  "0.2.0",
  "energy":     8.8902972684017711E-01,
  "charges": [
     9.3137650290865737E-01,
    -5.8831898860587117E-01,
     8.2084260596910763E-03,
    -4.3237149958206822E-03,
    -4.5112641796125486E-01,
    -9.7185944126700896E-03,
     1.3726911410299969E-02,
    -5.8692476185606379E-01,
     3.0706802888844503E-01,
     3.0906226554539051E-01,
     1.8249490940839166E-01,
     1.5811370218179582E-01,
     1.7573702461809071E-01,
     1.6923386011781419E-01,
     2.7546017029160202E-01,
     1.7579322381375503E-01,
     1.5936183507259882E-01,
     1.7953216891532287E-01,
     1.4981998830042839E-01,
     3.0707176080389559E-01,
     3.1221025465888957E-01,
    -2.5890032519212614E-01,
     5.7897740031331191E-01,
    -2.4072180763064152E-01,
    -2.5321382265393227E-01
  ],
  "coordination numbers": [
     7.3433907201851607E+00,
     3.9459435321515874E+00,
     4.1443548386423208E+00,
     4.1880544536823026E+00,
     3.9353972225665439E+00,
     4.1536838935152751E+00,
     4.4113114751421598E+00,
     3.9457054305816257E+00,
     1.0031497981398463E+00,
     1.0497459201916000E+00,
     9.9146869504475621E-01,
     9.9143342842678273E-01,
     9.9120280083694645E-01,
     9.9129296524099253E-01,
     1.0127041298369877E+00,
     9.9143758606964294E-01,
     9.9149981530958176E-01,
     9.9137496524609681E-01,
     9.9960115188566778E-01,
     1.0043245849064100E+00,
     1.0046101759228669E+00,
     1.9918293604950383E+00,
     3.9704036341023805E+00,
     1.9919433721746449E+00,
     1.9763930260433433E+00
  ]
}
