{
  "version":  "0.2.0",
  "energy":    -1.6925883918825364E+00,
  "charges": [
     9.9039828334358093E-01,
    -6.0621417025252866E-01,
     2.7319095387870929E-01,
    -2.5076493086760854E-01,
    -2.9409688265742751E-02,
    -4.0433621030761369E-01,
     4.3552571430179640E-02,
     8.9109296700126586E-02,
     8.8193864964693100E-02,
     7.6626025075491405E-02,
     8.3316556128327668E-02,
     1.7835313512197326E-01,
    -2.8361700231285947E-01,
    -2.1450158882204451E-01,
    -3.4377220649499590E-01,
    -2.2772717506637474E-01,
     2.3670108285394870E-01,
    -2.0380707890987398E-01,
    -2.7100758467334035E-01,
    -2.9144024132988411E-01,
     1.2483758507311460E-01,
    -4.2462063516700843E-01,
    -1.3811229888358034E-01,
    -2.5949033379009956E-01,
    -2.3545820942659001E-01
  ],
  "coordination numbers": [
     7.0889522454596294E+00,
     1.9887196567167713E+00,
     1.2153854571185301E+00,
     3.9524540843270817E+00,
     4.0621758845827483E+00,
     1.9922528164715514E+00,
     9.9072541853417295E-01,
     9.9135001570676096E-01,
     9.9139538026624852E-01,
     9.8808328242958332E-01,
     9.8850289845126849E-01,
     3.4150551693789142E+00,
     1.8566556765758175E+00,
     2.0470563989948571E+00,
     1.0017158979995564E+00,
     9.9882617099680093E-01,
     3.2523727850184496E+00,
     1.0027947619100219E+00,
     9.9860394567398547E-01,
     1.0093129660968820E+00,
     2.0215876775377000E+00,
     1.9841303617113653E+00,
     2.4135069126582218E+00,
     1.8217128637248754E+00,
     1.8895651077743123E+00
  ]
}
