{
  "version":  "0.2.0",
  "energy":    -2.3660772265101604E-02,
  "charges": [
     3.4594943651277854E-01,
    -5.7483918572634449E-02,
    -5.7486569999698284E-02,
    -5.8254202917091553E-02,
    -5.8252272717047235E-02,
    -5.7234742918315568E-02,
    -5.7237729387991480E-02
  ],
  "coordination numbers": [
     5.6040644475680139E+00,
     9.4723100825965023E-01,
     9.4726686336187171E-01,
     9.5855530104312336E-01,
     9.5853856596275655E-01,
     9.4219600263029779E-01,
     9.4222486693711271E-01
  ]
}
