{
  "version":  "0.2.0",
  "energy":     3.2869443551044031E-01,
  "charges": [
     9.1203313215164461E-01,
    -1.6034443599520323E-01,
     1.1554937160741377E-01,
    -6.6352681536247932E-02,
     1.1553626985263725E-01,
    -3.3549320582951264E-01,
    -1.6028007929104901E-01,
    -3.3588731567930746E-01,
     1.2561157089116165E-01,
     1.4198452921973120E-01,
     1.4176131474384396E-01,
     1.2469062387734015E-01,
     1.2564341962356146E-01,
     1.4203000557544446E-01,
     1.4185581586599752E-01,
    -3.2424612600660419E-01,
     5.3877541139160379E-02,
    -6.2859075963107636E-02,
    -6.1298890451450372E-02,
    -7.0167728419169559E-02,
     1.3086492247572459E-01,
     1.3081592192483824E-01,
    -7.0167686965978471E-02,
    -6.1317891674169303E-02,
    -6.2904188626296514E-02,
     5.3591530325762554E-02,
    -3.2436791814641819E-01,
     1.4179372130953266E-01,
     1.4312397083384271E-01,
     1.4663834350015362E-01,
     1.2877456799516371E-01,
     1.2876895198546148E-01,
     1.4662868103907062E-01,
     1.4309061086622601E-01,
     1.4176815312780391E-01,
     1.1620392864098815E-01,
    -3.6255938589154185E-01,
    -2.3218462961305975E-02,
     1.8873030553045378E-01,
    -3.9990213066559621E-01
  ],
  "coordination numbers": [
     6.8872588377708661E+00,
     3.9608612715381160E+00,
     3.2402759407705357E+00,
     3.0128753089194111E+00,
     3.2394776880144125E+00,
     1.9949862392996431E+00,
     3.9608468043458380E+00,
     1.9949705782226337E+00,
     9.9241066503001019E-01,
     9.9148615476747981E-01,
     9.9150391871945587E-01,
     9.9329735470207403E-01,
     9.9239822365616703E-01,
     9.9152364886790778E-01,
     9.9147521700503560E-01,
     2.9863958609479875E+00,
     3.2120953658600628E+00,
     3.0100782616389328E+00,
     3.0222678068436286E+00,
     3.0139419529387315E+00,
     3.2069528313819982E+00,
     3.2063526512018203E+00,
     3.0139412559517860E+00,
     3.0222769063416308E+00,
     3.0100671574149258E+00,
     3.2095885761572092E+00,
     2.9860792195444832E+00,
     9.9272663558912466E-01,
     9.9307924492724631E-01,
     9.9290177256559708E-01,
     9.9326792128132624E-01,
     9.9326073047119401E-01,
     9.9290532571418311E-01,
     9.9308568645312345E-01,
     9.9271176169782915E-01,
     1.0998224479561332E+00,
     1.9933171345833269E+00,
     1.0142350151417485E+00,
     2.1070554723953885E+00,
     2.0104534824843379E+00
  ]
}
