{
  "version":  "0.2.0",
  "energy":    -6.9307658033992081E-02,
  "charges": [
     4.7801972587185892E-01,
    -2.3900762903252584E-01,
    -2.3901209683933311E-01
  ],
  "coordination numbers": [
     1.9884239185117174E+00,
     9.9469702962339301E-01,
     9.9470036635936321E-01
  ]
}
