{
  "version":  "0.2.0",
  "energy":     3.6964531702328923E-01,
  "charges": [
     7.7206456735594675E-01,
    -1.0509930284282135E-01,
     1.4930605084651755E-01,
    -3.2221330439828405E-01,
     1.7088501050868959E-01,
     1.7224703096533456E-01,
     1.7556561810462884E-01,
    -7.0941728250428271E-01,
     3.2420563785463641E-01,
     3.1386509898783144E-01,
     3.1687729577449480E-01,
    -1.5085374204584157E-01,
     3.3053883836233799E-01,
    -6.5254752861583276E-02,
    -1.0225131133037046E-01,
     1.2822290342126802E-01,
     2.4182185482537299E-01,
    -3.4561841685823902E-01,
     2.1304194079246397E-01,
    -2.0776260798325208E-01,
    -6.0983331306314531E-02,
    -1.9528871666489298E-01,
    -4.3899079003640713E-02
  ],
  "coordination numbers": [
     7.3637382536477611E+00,
     3.9582705371286604E+00,
     2.0303179449402222E+00,
     1.9741084513020493E+00,
     9.9178879232131933E-01,
     9.9177539603935294E-01,
     9.9178415647699314E-01,
     3.9477905772970274E+00,
     1.0197313282193470E+00,
     1.0020403190229636E+00,
     1.0324437688897907E+00,
     1.0025483157046899E+00,
     3.8395648216247631E+00,
     1.9374273012990262E+00,
     1.1601391421703129E+00,
     1.0137735660353862E+00,
     2.1485398093585646E+00,
     2.0109110271526882E+00,
     1.9244168458183273E+00,
     1.0004380556358434E+00,
     1.3614829398344241E+00,
     1.9913928792435458E+00,
     1.0038254354469593E+00
  ]
}
