{
  "version":  "0.2.0",
  "energy":    -9.1835328756264711E-02,
  "charges": [
     5.2497596341273967E-01,
    -5.2497596341273967E-01
  ],
  "coordination numbers": [
     9.9938587973667659E-01,
     9.9938587973667659E-01
  ]
}
