{
  "version":  "0.2.0",
  "energy":    -1.9522267896226464E-01,
  "charges": [
     3.8256074745513957E-02,
     5.1645453896076698E-01,
     2.6057598392718423E-01,
    -8.1528659763346523E-01
  ],
  "coordination numbers": [
     2.8893680126063170E+00,
     1.8837002790922641E+00,
     1.9825218784952590E+00,
     2.9677259110886522E+00
  ]
}
