{
  "version":  "0.2.0",
  "energy":     5.4068786083744524E-01,
  "charges": [
     3.3661994696898756E-01,
     1.8843323795112407E-01,
     4.7494681507988834E-01
  ],
  "coordination numbers": [
     1.6565887554901977E+00,
     1.7700896444345817E+00,
     1.6621638237015439E+00
  ]
}
