{
  "version":  "0.2.0",
  "energy":    -2.8321117391659223E-01,
  "charges": [
     6.2803919388082763E-01,
    -1.7083817820119909E-01,
     8.7663170907940235E-02,
    -3.5613209271625823E-01,
     1.1957499891165221E-01,
     1.2285567503688952E-01,
     1.1896026599604650E-01,
    -6.5970761484186499E-02,
    -3.7284031204254181E-01,
     1.1612297664171069E-01,
     1.0281949554699579E-01,
     1.1635935086603164E-01,
    -5.3016791060608837E-01,
     2.9015251497597960E-01,
     2.7764214931816256E-01,
     1.8802155603716392E-01,
    -2.5208090652378767E-01,
    -2.3461207020718991E-01,
    -3.1970091477150420E-01,
    -1.0112873769702971E-01,
    -4.1300461832198110E-01,
     1.2387296968908842E-01,
     1.1618733482572194E-01,
     1.2748596379421728E-01,
     2.8071888614333879E-01
  ],
  "coordination numbers": [
     6.7599852697774718E+00,
     3.9584566946276025E+00,
     2.0212784980406502E+00,
     1.9640540550710615E+00,
     9.9188977216237362E-01,
     9.9187753800984524E-01,
     9.9188163175884903E-01,
     4.0521218794956937E+00,
     1.9934616934611773E+00,
     9.8946949072506385E-01,
     9.8874084018566144E-01,
     9.8947578534590974E-01,
     2.9287070277466194E+00,
     1.2363917934300863E+00,
     1.2196410029276956E+00,
     3.7871359362221915E+00,
     1.8513719059274694E+00,
     1.9609668116974142E+00,
     1.0026263372212982E+00,
     4.0754920583342837E+00,
     2.8178544272611692E+00,
     9.9147734531413700E-01,
     9.9132405328314199E-01,
     9.9446497407229284E-01,
     9.9471809787400556E-01
  ]
}
