{
  "version":  "0.2.0",
  "energy":     3.3805203112969495E-01,
  "charges": [
     5.7465647577010892E-01,
    -5.7884777276286081E-01,
    -2.8248044736843780E-02,
    -3.8043722303677419E-02,
    -4.2185146516477967E-01,
    -3.7567261636307747E-02,
    -2.8368395447804895E-02,
    -5.7898654440586483E-01,
     2.4415450033234334E-01,
     2.4530431605064559E-01,
     1.1404060183679743E-01,
     1.1956902340640869E-01,
     1.2067551244910500E-01,
     1.1007369016224736E-01,
     2.3887613556185636E-01,
     1.2078739433023886E-01,
     1.0993580727622251E-01,
     1.1390004924733300E-01,
     1.1946156674863961E-01,
     2.4533300717909914E-01,
     2.4423224850699532E-01,
    -6.5869187794348111E-02,
    -6.8996941450045285E-02,
    -5.9838900532629968E-02,
     1.6261570515618551E-02,
    -6.4111725805895955E-02,
    -7.1244915345082732E-02,
     2.6437058059754959E-01,
    -3.3632649554755534E-01,
    -3.5979140162825829E-01,
     1.4503989283311938E-01,
     1.4525460599018955E-01,
     1.5558622876115538E-01,
     1.4781094166771294E-01,
     1.4276862533856843E-01
  ],
  "coordination numbers": [
     6.5050919373373182E+00,
     3.9298705289733045E+00,
     4.1984617028272764E+00,
     4.1344697195016398E+00,
     3.9306906489529041E+00,
     4.1431455514986588E+00,
     4.1993164168340584E+00,
     3.9318020529326727E+00,
     1.0005342403370054E+00,
     1.0101153493079744E+00,
     9.9108207205057308E-01,
     9.9139552612520010E-01,
     9.9126477728725693E-01,
     9.9088081172861742E-01,
     1.0920270906538514E+00,
     9.9128142405976316E-01,
     9.9087324595303450E-01,
     9.9110527574462726E-01,
     9.9134527843361830E-01,
     1.0133497654675541E+00,
     1.0005279385484602E+00,
     3.0144190563443169E+00,
     3.0121886841436663E+00,
     3.0165249021512128E+00,
     3.0189195656518351E+00,
     3.0162553832156647E+00,
     3.0120493486072570E+00,
     3.9133336130124121E+00,
     1.9845285250912550E+00,
     1.9873396356594242E+00,
     9.9283325244535447E-01,
     9.9290520121961379E-01,
     9.9294906527171545E-01,
     9.9298548378779206E-01,
     9.9289738272234906E-01
  ]
}
