{
  "version":  "0.2.0",
  "energy":    -1.6148028048886492E-01,
  "charges": [
     8.4823036302210353E-01,
    -4.2446622310163901E-01,
    -4.2376413992046452E-01
  ],
  "coordination numbers": [
     1.9976484554881182E+00,
     9.9932044784529328E-01,
     9.9931583556666759E-01
  ]
}
