{
  "version":  "0.2.0",
  "energy":    -1.9208784927379390E+00,
  "charges": [
     9.1180995747312288E-01,
    -5.8986291264734125E-01,
    -6.2773190190633654E-02,
    -6.8425136395364405E-02,
    -4.1861243571981710E-01,
    -6.9618067070809975E-02,
    -5.7343593153322603E-02,
    -5.8922232931556229E-01,
     2.2811684624710837E-01,
     2.2625985830168305E-01,
     4.3452675002753613E-02,
     9.7680424693738443E-02,
     8.5347369833326359E-02,
     4.6973074268037332E-02,
     2.4256395078043833E-01,
     1.0691099906607787E-01,
     5.1153512165004023E-02,
     5.3247226369804480E-02,
     1.0295209403114185E-01,
     2.6591414401276886E-01,
     2.4281533943482086E-01,
    -3.3104866802931521E-01,
     1.0177569613610016E-01,
    -4.3548699026236026E-01,
    -4.4283616827480199E-01,
     4.8700920457346641E-02,
    -5.1995615871727574E-01,
    -7.7443186174743150E-01,
     2.5768480317075115E-01,
     2.4797442910817025E-01,
     2.9041040156831466E-01,
    -4.8766683296157898E-01,
     5.0484636762483459E-01,
    -4.8999864653593384E-01,
    -5.2483404832980307E-01,
    -5.9527297137484003E-01,
     3.0079992098084818E-01
  ],
  "coordination numbers": [
     7.7560553752134131E+00,
     3.9271729731377434E+00,
     4.0622223845188170E+00,
     4.0417066268720561E+00,
     3.8499343874015679E+00,
     4.0052141035376838E+00,
     4.0575280745579967E+00,
     3.9206138046934278E+00,
     1.0286862240374708E+00,
     1.0220281425150279E+00,
     9.8975209835411349E-01,
     9.9118098653354902E-01,
     9.9113924675237541E-01,
     9.8982766631082697E-01,
     1.0326108515864441E+00,
     9.9121166748697398E-01,
     9.9027515977370850E-01,
     9.8979831831019549E-01,
     9.9128478744516002E-01,
     1.0096390156710040E+00,
     1.0220926826332777E+00,
     1.0094957997278033E+00,
     2.0205874052364790E+00,
     1.9823665956134171E+00,
     9.2022999980928422E-01,
     1.9547182058954728E+00,
     1.0051854056686924E+00,
     3.9363517765989977E+00,
     1.0031377995648194E+00,
     1.0169908205808502E+00,
     1.0383785561522112E+00,
     1.0014987085461486E+00,
     3.9318713057700361E+00,
     9.9929764259025955E-01,
     1.0049923490049268E+00,
     1.9875445075591278E+00,
     1.1801575517040712E+00
  ]
}
