{
  "version":  "0.2.0",
  "energy":    -1.2806933306006532E-01,
  "charges": [
     7.4193809114587872E-01,
    -1.4877755158256015E-01,
    -1.4878452157732944E-01,
    -1.4695460492445830E-01,
    -1.4868682497029340E-01,
    -1.4873458809123746E-01
  ],
  "coordination numbers": [
     4.9449198212681491E+00,
     9.9959675841798035E-01,
     9.9965878687489340E-01,
     9.9838096146062405E-01,
     1.0000203789015600E+00,
     9.9925498954121128E-01
  ]
}
