{
  "version":  "0.2.0",
  "energy":     9.2087317857779405E-01,
  "charges": [
     7.5175247632091691E-01,
    -5.5614673638507905E-01,
     3.3442995501461459E-03,
     7.5942389406434274E-03,
    -5.5333543100045379E-01,
     2.8755899850767441E-01,
     2.7859963786170677E-01,
     1.6233020086312572E-01,
     1.6265963050850457E-01,
     1.6339019912412883E-01,
     1.7365616683740348E-01,
     2.8085820287910579E-01,
     2.9177151670889023E-01,
    -2.6895809894522610E-01,
     5.1552539278537912E-01,
    -2.7197309905051231E-01,
    -2.7602418030245168E-01,
    -1.6940086754977401E-01,
     2.0462876041783543E-01,
    -3.5195805741297781E-01,
    -1.7124874216225874E-01,
    -1.7594584043056652E-01,
     1.7249069890449459E-01,
     1.6366789279151644E-01,
     1.7019970879112753E-01,
     1.6391320244584243E-01,
     1.7205267274991082E-01,
     1.7345482255359831E-01,
     1.6309917011004343E-01,
     1.6766202942690983E-01,
     1.6478113416039594E-01
  ],
  "coordination numbers": [
     7.0175478839114129E+00,
     3.9313119614872525E+00,
     4.0658843443431021E+00,
     4.0982133656322643E+00,
     3.9000114738422749E+00,
     1.0326974201935313E+00,
     9.9969399389372171E-01,
     9.9134921455817171E-01,
     9.9154995804437185E-01,
     9.9156511576888207E-01,
     9.9144625080742532E-01,
     9.9715412124123937E-01,
     9.9898364897935998E-01,
     1.9845869256061066E+00,
     3.9684629749938738E+00,
     1.9900737198422416E+00,
     1.9649624414952367E+00,
     3.9576242638795662E+00,
     4.3517418107964323E+00,
     1.9937348379365059E+00,
     3.9573801024986031E+00,
     3.9573729153472152E+00,
     9.9423838505543038E-01,
     9.9424294551512737E-01,
     9.9417875839084413E-01,
     9.9409330613806990E-01,
     9.9399461210468942E-01,
     9.9402367092249566E-01,
     9.9403280632919078E-01,
     9.9405836218506050E-01,
     9.9403528638121141E-01
  ]
}
