{
  "version":  "0.2.0",
  "energy":     9.3481932520831412E-01,
  "charges": [
     7.3446920323538056E-01,
    -4.0569845642150298E-02,
    -4.7217510445052846E-02,
    -4.7728968825943185E-02,
     2.1208986786818151E-02,
    -4.9631444119436707E-02,
    -4.7909020815387227E-02,
     2.6067695531870438E-01,
    -3.4876039007845711E-01,
    -3.5085294667031619E-01,
     1.7162327101870209E-01,
     1.6891889661596293E-01,
     1.6634567409063869E-01,
     1.6331997709688986E-01,
     1.6798033162740225E-01,
    -7.8046618298396375E-02,
    -4.0410950312692739E-01,
     1.5428326702891546E-01,
     1.5646078507527061E-01,
     1.5243418222701163E-01,
     2.6463118795260610E-01,
    -1.7676614116219236E-01,
    -4.4230791142587794E-02,
    -4.2494711851933686E-01,
     1.4999603917752252E-01,
     1.4861504772072848E-01,
     1.3490966908213098E-01,
     1.4845293914440022E-01,
     1.4353557566149766E-01,
     2.5036887720188566E-01,
    -2.6830321146635194E-02,
    -4.7131010906439452E-02,
    -1.1388414240248620E-01,
    -1.1241187480311422E-01,
    -3.6385099955147791E-02,
    -2.8577690460906802E-01,
     1.3227833865296290E-01,
     1.3030418273464758E-01,
     1.4355695430227300E-01,
     1.4489938713186554E-01,
     1.4703370275888647E-01,
     1.4696116917933860E-01,
     1.4282159745493833E-01,
     1.3710345439169463E-01
  ],
  "coordination numbers": [
     6.8563439434432798E+00,
     3.0154651711993017E+00,
     3.0102620243004772E+00,
     3.0164950881682380E+00,
     3.0203149575065842E+00,
     3.0159789633610030E+00,
     3.0102513440668046E+00,
     3.9041075328191468E+00,
     1.9907645481152461E+00,
     1.9874026509738627E+00,
     9.9278994935524878E-01,
     9.9296512687383043E-01,
     9.9292565054002857E-01,
     9.9293758890772565E-01,
     9.9296632869500012E-01,
     3.9869101264699607E+00,
     2.9420310034560151E+00,
     9.9209847507653048E-01,
     9.9208260799499293E-01,
     9.9244004674824904E-01,
     1.0300280130276436E+00,
     3.9555185326387479E+00,
     4.0087961237230196E+00,
     2.9374926289651828E+00,
     9.9170508253061485E-01,
     9.9152582095835307E-01,
     9.9181754690332014E-01,
     9.9169356536754272E-01,
     9.9160127052209823E-01,
     1.0072517212419330E+00,
     9.9473925614766134E-01,
     4.0609036152309113E+00,
     3.9840518031110213E+00,
     3.9824667517883157E+00,
     4.1827698172063066E+00,
     2.9415464795148711E+00,
     9.9161699002755910E-01,
     9.9175931757014801E-01,
     9.9160258782730804E-01,
     9.9195524724169992E-01,
     9.9195193992834074E-01,
     9.9158400351547904E-01,
     9.9172877381994340E-01,
     9.9225201915981209E-01
  ]
}
