{
  "version":  "0.2.0",
  "energy":    -1.1073402984632572E-01,
  "charges": [
    -3.0108132643267954E-01,
     2.6214613619230626E-01,
     2.6259069254786022E-01,
    -2.2365550230748693E-01
  ],
  "coordination numbers": [
     2.5249448807516170E+00,
     1.5444263686297628E+00,
     1.5264487434374612E+00,
     9.5454815249903469E-01
  ]
}
