{
  "version":  "0.2.0",
  "energy":    -7.0470382521708272E-02,
  "charges": [
     6.3072563140839955E-01,
    -1.2556408720337228E-01,
    -1.2570449204686146E-01,
    -1.2830005058865035E-01,
    -1.2570734943783501E-01,
    -1.2544965213168052E-01
  ],
  "coordination numbers": [
     4.9430360428716931E+00,
     1.0375309071476346E+00,
     1.0374750999930695E+00,
     1.0017552191927308E+00,
     1.0386196709461482E+00,
     1.0366516092935587E+00
  ]
}
