{
  "version":  "0.2.0",
  "energy":    -5.2120496027095009E-02,
  "charges": [
     4.3190462622490100E-01,
    -4.3190462622490100E-01
  ],
  "coordination numbers": [
     9.9197829794153680E-01,
     9.9197829794153680E-01
  ]
}
