{
  "version":  "0.2.0",
  "energy":     1.8268747491513526E+00,
  "charges": [
     2.1062759376674682E+00,
     8.9372406233253154E-01
  ],
  "coordination numbers": [
     9.3352852693538235E-01,
     9.3352852693538235E-01
  ]
}
