{
  "version":  "0.2.0",
  "energy":     3.6170826978455239E-01,
  "charges": [
     7.1162852538869803E-01,
    -5.6372786647850415E-01,
    -1.7140919200507809E-02,
    -1.9891250178240116E-02,
    -5.6940047757212242E-01,
     2.6714866344740668E-01,
     2.5518628117405895E-01,
     1.3014659136321832E-01,
     1.4078109342988698E-01,
     1.3885356289079437E-01,
     1.2878891393302194E-01,
     2.5303208698779839E-01,
     2.5466338248525350E-01,
     9.3798220707564106E-03,
     1.8798136168279819E-01,
    -3.9820889779645063E-01,
    -1.6949875145550802E-01,
     8.0250602016302547E-04,
    -3.7900697189233790E-01,
     1.3828569373106353E-01,
     1.5004376155354376E-01,
     1.4785088185134251E-01,
     1.4412469994949295E-01,
     1.4321295109666668E-01,
    -8.5035644482293074E-02
  ],
  "coordination numbers": [
     5.1991038359519353E+00,
     3.9013751353401451E+00,
     4.0306556357403904E+00,
     4.0611935541550901E+00,
     3.9118473481055780E+00,
     9.9942804670628416E-01,
     1.0076906919522868E+00,
     9.9141547861141355E-01,
     9.9133436571853206E-01,
     9.9144828661725803E-01,
     9.9147376280572797E-01,
     1.0032910915316107E+00,
     9.9986956492279422E-01,
     1.0145784622116505E+00,
     2.1030576159993375E+00,
     2.0108392242532789E+00,
     3.9554383112377964E+00,
     4.0494315901101796E+00,
     1.9899698096267020E+00,
     9.9177844559820372E-01,
     9.9167406784579981E-01,
     9.9166391371689322E-01,
     9.9138629804110945E-01,
     9.9139889325484631E-01,
     9.9516472071852746E-01
  ]
}
