{
  "version":  "0.2.0",
  "energy":    -2.5043457802131336E-01,
  "charges": [
     7.2011544346009482E-01,
     1.0565660268063229E-01,
    -3.4904909754302610E-01,
    -3.0023926937253370E-01,
     4.3061662784522331E-01,
    -3.1211242659318994E-01,
    -3.1327508456987435E-01,
    -7.4410753530922746E-01,
     2.8908920925494674E-01,
     2.9829992409067063E-01,
     2.8437426472556476E-01,
    -1.0936865866928103E-01
  ],
  "coordination numbers": [
     6.5939766472174117E+00,
     1.9779324940760379E+00,
     1.0223457620391665E+00,
     1.8562983879260440E+00,
     3.9652003726336096E+00,
     1.9868064152589300E+00,
     1.9888562007594812E+00,
     3.9350511610570642E+00,
     1.0035599424086703E+00,
     1.0645702413224170E+00,
     1.0012396656855840E+00,
     9.9478845181099107E-01
  ]
}
