{
  "version":  "0.2.0",
  "energy":    -6.3821493834016890E-02,
  "charges": [
     5.8952261993502186E-01,
    -9.8229773457490926E-02,
    -9.8277718371185541E-02,
    -9.8258948139820612E-02,
    -9.8248723273110572E-02,
    -9.8249695924729472E-02,
    -9.8257760768684740E-02
  ],
  "coordination numbers": [
     5.8143917485030103E+00,
     1.0985169643792068E+00,
     1.0983140096478099E+00,
     1.0983927564270335E+00,
     1.0984365592108647E+00,
     1.0984323027362084E+00,
     1.0983991467006398E+00
  ]
}
