{
  "version":  "0.2.0",
  "energy":    -7.2075701809544840E-02,
  "charges": [
     6.4483405750337275E-01,
    -1.0747235472426671E-01,
    -1.0747235749707995E-01,
    -1.0747225877013572E-01,
    -1.0747241041125044E-01,
    -1.0747239515274989E-01,
    -1.0747228094789010E-01
  ],
  "coordination numbers": [
     5.8648284842835237E+00,
     1.0637785500819437E+00,
     1.0637767040308281E+00,
     1.0637778447847701E+00,
     1.0637773198192111E+00,
     1.0637774865678082E+00,
     1.0637776924213878E+00
  ]
}
