{
  "version":  "0.2.0",
  "energy":    -4.3991455817479486E-02,
  "charges": [
     4.6690158804681742E-01,
    -6.5726524065590874E-02,
    -1.6752018150663894E-01,
    -6.5943612907014615E-02,
    -1.6771126956757298E-01
  ],
  "coordination numbers": [
     3.9516432749765888E+00,
     1.5918031677842270E+00,
     9.9606856937228372E-01,
     1.5919070709758962E+00,
     9.9605653391015636E-01
  ]
}
