{
  "version":  "0.2.0",
  "energy":    -1.0038517217873422E+00,
  "charges": [
     9.3959762535386759E-01,
    -3.7544228322986900E-01,
     2.5983635222129875E-02,
    -3.7542303369532792E-01,
    -2.3643293084608921E-01,
    -2.6466151499709267E-02,
    -4.3764680302212322E-01,
     6.6707971324281370E-02,
     9.5588522238518464E-02,
     1.0509814296759078E-01,
     8.8881774811016473E-02,
     9.1122370325403476E-02,
    -1.1913681566133116E-01,
    -1.1693529457872368E-01,
     2.0962117772639149E-02,
    -3.5545819025480291E-01,
     2.5249109787379410E-02,
    -1.1295117508969943E-01,
     8.4454201418576624E-02,
     8.5201663243630793E-02,
     1.3607201381697545E-01,
     1.3733450280499804E-01,
     9.0412184459204514E-02,
    -3.9982204465019716E-01,
     3.2523946502205570E-01,
    -3.6586622748982345E-01,
    -3.9632435055057136E-01
  ],
  "coordination numbers": [
     6.7149940409794837E+00,
     1.9947371452425804E+00,
     2.0270689766242409E+00,
     1.0053847774865945E+00,
     3.9537625933881495E+00,
     4.0525583535221124E+00,
     1.9928091020523588E+00,
     9.9117612838642355E-01,
     9.9138579123980364E-01,
     9.9148141001669465E-01,
     9.8917133857753647E-01,
     9.8933827645329231E-01,
     3.0209316940479427E+00,
     3.0113241676038935E+00,
     3.1502297237535606E+00,
     2.9452294240789767E+00,
     3.1214739081758971E+00,
     3.0109101656238701E+00,
     9.9269010393347834E-01,
     9.9293713631993974E-01,
     9.9207725633145127E-01,
     9.9260092297430891E-01,
     9.9294841160534109E-01,
     1.9683949313226812E+00,
     3.9627435959848913E+00,
     1.9264217310594089E+00,
     1.9277765563514215E+00
  ]
}
