{
  "version":  "0.2.0",
  "energy":    -7.8555473657780824E-04,
  "charges": [
     5.6150417142353790E-02,
    -1.8718782275184843E-02,
    -1.8714845782271429E-02,
    -1.8716789084897514E-02
  ],
  "coordination numbers": [
     2.9239676035938951E+00,
     9.7601568415148510E-01,
     9.7613731645405810E-01,
     9.7607625458357905E-01
  ]
}
