{
  "version":  "0.2.0",
  "energy":    -2.7914728304553360E-01,
  "charges": [
     7.1614803979727881E-01,
    -2.1528265657327986E-01,
     2.1372436552542995E-01,
    -3.8738854059166133E-01,
    -2.2637217852107694E-01,
    -2.2417024050924417E-01,
     1.1247611043145628E-01,
     1.3178922140430380E-01,
     1.5586202406995928E-01,
     1.1401462858717461E-01,
     1.4864248612082692E-01,
     1.2805713183785522E-01,
     1.0943290195451580E-01,
     1.2640095816070096E-01,
     1.2957664492649110E-01,
     1.2557567369699879E-01,
    -3.1035381326742034E-01,
    -2.0520201458186885E-01,
    -3.4024478181814988E-01,
     4.2924348645287458E-01,
    -2.4806019650336131E-01,
    -3.1792698005936548E-01,
     2.2306846598626565E-01,
    -3.8901073652670359E-01
  ],
  "coordination numbers": [
     6.8340735137066009E+00,
     3.9575528250885972E+00,
     4.4113088848225086E+00,
     1.9868626633703466E+00,
     3.9575633968195607E+00,
     3.9575903999228830E+00,
     9.9348460254195547E-01,
     9.9422627981796197E-01,
     9.9539454732515864E-01,
     9.9348444745863596E-01,
     9.9577717283137446E-01,
     9.9416341603001879E-01,
     9.9325589014156712E-01,
     9.9424035548152556E-01,
     9.9414674778486933E-01,
     1.8336961377203220E+00,
     9.9951517212932117E-01,
     9.9360713106623777E-01,
     1.9716301451431955E+00,
     4.1256574681845262E+00,
     2.0778177982052259E+00,
     1.9603809965109500E+00,
     3.1744341950182111E+00,
     1.0167278223224194E+00
  ]
}
