{
  "version":  "0.2.0",
  "energy":     1.7745265769190217E+00,
  "charges": [
     2.0042383258814627E+00,
     9.9576167411853722E-01
  ],
  "coordination numbers": [
     9.9829646229290958E-01,
     9.9829646229290958E-01
  ]
}
