{
  "version":  "0.2.0",
  "energy":    -3.4250733129015742E-01,
  "charges": [
     2.9835360646520259E-02,
    -1.1983890463442639E+00,
     4.1116615798425554E-01,
     7.5738752771348805E-01
  ],
  "coordination numbers": [
     2.6997092638853175E+00,
     1.8852306638392218E+00,
     1.6683072606558627E+00,
     2.6318962796386112E+00
  ]
}
