{
  "version":  "0.2.0",
  "energy":     3.4515418207595089E-01,
  "charges": [
     5.5240285852408832E-01,
    -5.3610865861583801E-01,
    -6.6944350233728134E-02,
     5.2876859657810393E-01,
    -3.2399754422449134E-02,
     7.3646483192221268E-01,
    -1.8218352375238969E-01
  ],
  "coordination numbers": [
     5.6616842358993908E+00,
     2.9718735219227597E+00,
     1.9783586296043207E+00,
     3.0701739273442632E+00,
     1.9817529491966566E+00,
     3.0634017304035055E+00,
     9.9875973758265602E-01
  ]
}
