{
  "version":  "0.2.0",
  "energy":    -1.6874240785249006E-01,
  "charges": [
    -1.9716281794749269E-01,
     3.0928864997026462E-01,
     2.5110470563168658E-01,
     2.4104190626841393E-01,
    -3.0509702826419671E-01,
    -2.9917541565867500E-01
  ],
  "coordination numbers": [
     4.5037531125623707E+00,
     1.8774636908377236E+00,
     2.5322622191972277E+00,
     1.5296457399256624E+00,
     1.8336722867864612E+00,
     1.8237264225781509E+00
  ]
}
