{
  "version":  "0.2.0",
  "energy":    -2.8943245479160151E-01,
  "charges": [
     7.4172397494492692E-01,
    -8.8929532403563938E-02,
    -9.0441185447626360E-02,
    -7.2124814482354305E-02,
     1.4037042057115867E-02,
    -7.3230871482269366E-02,
    -9.0784315777597935E-02,
     2.6351787416939609E-01,
    -3.4237354682579424E-01,
    -3.3521647130800536E-01,
     1.2034470407631376E-01,
     1.2211953552846133E-01,
     1.4310858654779335E-01,
     1.4190640942281121E-01,
     1.2185902307109536E-01,
    -1.8094659641552813E-01,
     1.0499026751453366E-01,
    -7.9611843851426833E-02,
     1.0194252750412491E-01,
    -3.2512207153021022E-01,
    -1.8411875656306642E-01,
    -3.1798721394718454E-01,
     1.0381411209884864E-01,
     1.2941157893970293E-01,
     1.2023920249257444E-01,
     1.0775150781019868E-01,
     1.0302760658467033E-01,
     1.1888363049571116E-01,
     1.2481235434052393E-01,
     1.2753033501699573E-01,
    -3.4385734648892341E-01,
    -2.8627570609224573E-01
  ],
  "coordination numbers": [
     6.5126581429061643E+00,
     3.0140806965978610E+00,
     3.0124434157546061E+00,
     3.0161616210692079E+00,
     3.0186489789229629E+00,
     3.0162945842682083E+00,
     3.0123966549943892E+00,
     3.8444754680522157E+00,
     1.9645427170953509E+00,
     1.9634957042451857E+00,
     9.9280107305554655E-01,
     9.9285261976572414E-01,
     9.9292696636958677E-01,
     9.9293729569852474E-01,
     9.9285818071892784E-01,
     3.9603050648689875E+00,
     3.1875052326690456E+00,
     3.0087956041151518E+00,
     3.1872993483804271E+00,
     1.9831042910967014E+00,
     3.9604790613557341E+00,
     1.9817078768203880E+00,
     9.9220638684465623E-01,
     9.9148641817708683E-01,
     9.9164606591737225E-01,
     9.9316573576722611E-01,
     9.9221302558950786E-01,
     9.9147900204382022E-01,
     9.9169692567496082E-01,
     1.6091705807504022E+00,
     9.9942599802090992E-01,
     9.9833397145582659E-01
  ]
}
