{
  "version":  "0.2.0",
  "energy":     1.5222117895097609E+00,
  "charges": [
     5.8405948966070920E-01,
    -1.6982355162682169E-01,
     1.9574253560704791E-01,
    -3.6388653990178166E-01,
    -1.6859817178302616E-01,
    -1.7931442627881455E-01,
     1.7068768398167117E-01,
     1.7314462209478673E-01,
     1.6255570756632301E-01,
     1.6376535362658373E-01,
     1.7760055425968449E-01,
     1.6959277279002077E-01,
     1.6605945420062268E-01,
     1.6096071806409851E-01,
     1.5807156259230754E-01,
    -5.4359889307843856E-02,
    -3.9973758160340861E-01,
     1.7404372689605122E-01,
     1.7434259384217110E-01,
     1.7744892170155163E-01,
     2.7516946412893212E-01,
    -2.7191868133624397E-02,
    -3.4190919353574784E-01,
     3.0906889358702450E-01,
    -3.0445695873541312E-01,
    -3.0571085856828162E-02,
    -2.6477337426552594E-01,
    -6.6752329918670639E-02,
     1.6457030552545970E-01,
     1.7978399549922844E-01,
     1.6919162775392421E-01,
     1.7314026186006476E-01,
     1.5448989571198110E-01,
     1.8369126903985922E-01,
     1.6466842157445466E-01,
     1.5864104445339977E-01,
     1.5795742559759587E-01,
     1.5202076835475792E-01,
    -2.0478822916948669E-01,
     1.2949014580077264E-01,
     7.3338097876980701E-02,
    -3.3414849499171145E-01,
     7.7756716156926892E-02,
     1.2790411237802859E-01,
    -2.5845330080641526E-01,
     2.0368009804916778E-01,
     1.5297319860330208E-01,
     1.5229549742515738E-01,
     2.0085805965447187E-01
  ],
  "coordination numbers": [
     6.1204152110110153E+00,
     3.9573728275135185E+00,
     4.2485221800005135E+00,
     1.9939871093448591E+00,
     3.9572887904871461E+00,
     3.9571929680065328E+00,
     9.9410248825776470E-01,
     9.9388495574615199E-01,
     9.9389772817387723E-01,
     9.9378101687879639E-01,
     9.9376333708834341E-01,
     9.9396886658931649E-01,
     9.9386766914479008E-01,
     9.9390327271468148E-01,
     9.9368304137182051E-01,
     3.9770124890770138E+00,
     2.9369234012845942E+00,
     9.9198532012409046E-01,
     9.9206278934180236E-01,
     9.9193583180393041E-01,
     1.0099979944058219E+00,
     4.0952341624582207E+00,
     1.9842342510387292E+00,
     4.1789769344572436E+00,
     1.9850941500894193E+00,
     4.0462350589101757E+00,
     2.9521932391120380E+00,
     4.0439438540620447E+00,
     9.9204183278700064E-01,
     9.9236057413033230E-01,
     9.9177069764382342E-01,
     9.9220398955675648E-01,
     9.9204347395762937E-01,
     9.9220777301696117E-01,
     9.9209077000368406E-01,
     9.9209764209761886E-01,
     9.9211094806154776E-01,
     1.8258187071922034E+00,
     9.9949843584738041E-01,
     3.0631653401152708E+00,
     3.1954744640944517E+00,
     2.9877977624879835E+00,
     3.2009098579843451E+00,
     3.0632706748415686E+00,
     2.0168876734271963E+00,
     9.9241791347167840E-01,
     9.9245888835126106E-01,
     9.9270541852868188E-01,
     9.9241337099241100E-01
  ]
}
