{
  "version":  "0.2.0",
  "energy":     1.0534452303435779E-01,
  "charges": [
     6.5924848958245130E-01,
    -5.7045109122143267E-01,
    -2.1452173611136605E-02,
    -3.5283284645670376E-02,
    -4.0824037841454841E-01,
    -3.8892634453547237E-02,
    -2.3039602291418992E-02,
    -5.6935579000391279E-01,
     2.4376176236037281E-01,
     2.5188164847617545E-01,
     1.1518879642742208E-01,
     1.2301595919846231E-01,
     1.3557305103490658E-01,
     1.0958036228579868E-01,
     2.3812536262396955E-01,
     1.2194693560677264E-01,
     1.0831795856510558E-01,
     1.1264809435877583E-01,
     1.2293470736378430E-01,
     2.5481456038625999E-01,
     2.5177238868373814E-01,
    -6.9539471536882363E-02,
    -7.5405236148379934E-02,
    -6.8579563955329353E-02,
     9.9272707739805101E-03,
    -6.1346190075838712E-02,
    -6.9977282447596809E-02,
     2.5980161329215845E-01,
    -3.5762281478054475E-01,
    -3.1831984748289910E-01,
     1.4232002015197801E-01,
     1.3957202762988771E-01,
     1.4447200619677142E-01,
     1.7268453575122186E-01,
     1.4620812115151322E-01,
    -1.0301370901560739E-01,
    -3.9293153663939084E-01,
     1.2702153133536448E-01,
     1.2102916078805785E-01,
     1.3434306653764513E-01,
     2.5961499473560290E-01,
    -2.1612118590039148E-01,
    -1.9649820627502418E-01,
    -4.8469257308199065E-02,
    -3.9694008595635899E-01,
     1.2366170888394602E-01,
     1.2224469291799260E-01,
     1.3001148036856661E-01,
     1.2861857339919919E-01,
     1.2914125289339762E-01,
     3.0912052336634688E-01,
    -2.1121901594018722E-01,
     2.0836557625993757E-01,
    -1.6255351038909627E-01,
    -2.0223141142436799E-01,
    -6.8617499416374805E-01,
     3.0979565974031809E-01,
     3.3689438095362823E-01
  ],
  "coordination numbers": [
     7.8735544014994066E+00,
     3.9513054015132347E+00,
     4.2080857707361243E+00,
     4.1037665143009097E+00,
     3.9209052208015880E+00,
     4.1116823413248040E+00,
     4.1942689838817486E+00,
     3.9559958090301350E+00,
     1.0512761795335921E+00,
     1.0149005624012997E+00,
     9.9106992597668064E-01,
     9.9153343983568831E-01,
     9.9128463534577627E-01,
     9.9108060210652749E-01,
     1.0387153162824143E+00,
     9.9134143366013561E-01,
     9.9105390717926500E-01,
     9.9106668326386860E-01,
     9.9143072746240524E-01,
     1.0404987663185796E+00,
     1.0491786561890946E+00,
     3.0142735695162077E+00,
     3.0117826495225257E+00,
     3.0173989234659819E+00,
     3.0177059572385696E+00,
     3.0155823685717049E+00,
     3.0120483944609475E+00,
     3.8556119228359353E+00,
     1.9724650842351537E+00,
     1.9874638651691789E+00,
     9.9283779857401200E-01,
     9.9290098686552675E-01,
     9.9296660292047889E-01,
     9.9327206906829968E-01,
     9.9290070323058899E-01,
     4.0034606465930143E+00,
     2.9551851285477477E+00,
     9.9163428223844274E-01,
     9.9149246537407532E-01,
     9.9207824637850806E-01,
     1.0966530387090758E+00,
     9.9448348845122769E-01,
     3.9551228453171721E+00,
     4.0458740376965530E+00,
     2.9589950251036194E+00,
     9.9178053243429076E-01,
     9.9177696097280332E-01,
     9.9151242622941904E-01,
     9.9165109118433037E-01,
     9.9083693310165799E-01,
     1.0566160004515419E+00,
     9.9885248167528751E-01,
     3.0156446003825019E+00,
     9.9903914202107913E-01,
     9.9894786238579503E-01,
     1.9871436173764216E+00,
     9.9371846334054936E-01,
     9.9301596758187394E-01
  ]
}
