{
  "version":  "0.2.0",
  "energy":    -6.7696007555489923E-01,
  "charges": [
     6.8905243252096460E-02,
     2.8498105549000019E-01,
    -2.6573566630322309E-01,
    -6.5405264720056214E-02,
    -6.2922380619088325E-01,
    -3.9352156152793411E-01
  ],
  "coordination numbers": [
     4.5004267643641827E+00,
     1.6795316929995332E+00,
     9.5781175612209335E-01,
     9.2764702496374252E-01,
     1.9695796664383529E+00,
     9.9155065161434752E-01
  ]
}
