{
  "version":  "0.2.0",
  "energy":    -9.7146880649805945E-01,
  "charges": [
     7.2367839029521064E-01,
    -2.6260555187538587E-01,
     5.7523198542859255E-02,
    -2.4766499749427695E-01,
    -2.4271696933610815E-01,
     7.8288751042899313E-02,
     1.0496906169783170E-01,
     8.1938182828211539E-02,
     7.9142506061131129E-02,
     8.6165308157987314E-02,
     1.4056379186385332E-01,
     8.1482271123851049E-02,
     1.3325130575387942E-01,
     1.0269591735898960E-01,
    -4.1007655599590415E-01,
    -9.5265484998694916E-02,
    -1.1020716824225792E-01,
     2.2408816357533973E-02,
    -4.1678698219074706E-01,
     2.3046637053399807E-02,
    -1.0966431490988468E-01,
     1.3667686524043321E-01,
     1.0203799638749503E-01,
     9.2176792702187968E-02,
     9.2881046423113511E-02,
     1.0752471600816413E-01,
    -4.1881524832486317E-01,
     4.0065277739059496E-01,
    -4.6214676815601585E-01,
    -4.0156425868153295E-01,
    -2.4840014362859020E-01,
     4.5432173690271950E-02,
    -2.6746223601219354E-01,
    -2.5635510356107577E-01,
     8.2042351925706108E-02,
     1.0978032272873309E-01,
     1.0473990374833760E-01,
     7.7783692410645033E-02,
     8.3568802961557012E-02,
     8.5033111867793360E-02,
     7.9549836948277552E-02,
     9.6563167502528385E-02,
     1.0508003804185635E-01,
    -5.6694595070780229E-01
  ],
  "coordination numbers": [
     6.4694803569877886E+00,
     3.9556622021589574E+00,
     3.9441306941999077E+00,
     3.9555389822259555E+00,
     3.9566233745666111E+00,
     9.9208102320663549E-01,
     9.9309040095465040E-01,
     9.9277824723726749E-01,
     9.9204182267398000E-01,
     9.9270072190629310E-01,
     9.9443121622138531E-01,
     9.9208653067560348E-01,
     9.9423151998926507E-01,
     9.9312763077615962E-01,
     1.0050881162715051E+00,
     3.0211806527492540E+00,
     3.0109465129553383E+00,
     3.0741222668125712E+00,
     2.0095390109318521E+00,
     3.0744141666267062E+00,
     3.0107014434499915E+00,
     9.9265479470317519E-01,
     9.9281195801662570E-01,
     9.9212225228592033E-01,
     9.9212087969023255E-01,
     9.9274089612111638E-01,
     1.9834241210384214E+00,
     3.8827082774498765E+00,
     9.9917821571102028E-01,
     1.9872328929574641E+00,
     3.9561612268142774E+00,
     3.9333642690045636E+00,
     3.9555461450454299E+00,
     3.9559142323781735E+00,
     9.9202261297178307E-01,
     9.9362752368409346E-01,
     9.9313794219158513E-01,
     9.9197620954799071E-01,
     9.9274330997134985E-01,
     9.9290928472866646E-01,
     9.9201536823012404E-01,
     9.9312039416233944E-01,
     9.9364376438564950E-01,
     1.0026827462052834E+00
  ]
}
