{
  "version":  "0.2.0",
  "energy":     7.8726658227236479E-01,
  "charges": [
     6.5314529611720262E-01,
     9.0502542438640837E-02,
     4.3072401281543993E-02,
    -3.2850126840108501E-01,
     4.7496714049997890E-02,
     8.8712665927257461E-02,
    -3.1223284481220287E-01,
     1.6531372090811469E-01,
     1.3511196873095621E-01,
     1.4712304534062562E-01,
     1.6231686498217920E-01,
    -4.4093645228855560E-02,
    -5.3839522394957401E-02,
    -5.4068994996227138E-02,
     1.4656750244727040E-02,
    -6.0710511604158690E-02,
    -4.8325582608394341E-02,
     2.4627915668885403E-01,
    -3.1909557250233100E-01,
    -4.0781579125832240E-01,
     1.6780583441446417E-01,
     1.6164051163351020E-01,
     1.5608157995551053E-01,
     1.4425481048220828E-01,
     1.6642317219539343E-01,
     2.6808379062887766E-01,
    -4.3326893256885352E-02,
    -3.1342307607814496E-01,
     3.1621211491465456E-01,
    -3.2151975126456989E-01,
    -4.0619098497023054E-02,
    -2.6571348537693285E-01,
    -7.4923531872923332E-02,
     1.5229856648955803E-01,
     1.4761168101147218E-01,
     1.5971462363867397E-01,
     1.5840288797591542E-01,
     1.4580868626308349E-01,
     1.5463262194887989E-01,
     1.3968471171035871E-01,
     1.4398747931175315E-01,
     1.5891031102636322E-01,
    -5.1589652319279589E-02,
     1.6257557364383357E-01,
    -3.8007281929221914E-01,
    -7.2057623613404065E-01,
     2.7821217153467842E-01,
     2.8215181198117772E-01,
     2.7796144558125174E-01,
     9.7435931659130059E-02,
     6.2027871332014844E-02,
    -3.1614675404766213E-01,
     4.8770122842805907E-02,
     9.0115417824261454E-02,
    -3.0911161037620660E-01,
     1.7077979324107853E-01,
     1.5858253322396593E-01,
     1.3855646650913533E-01,
     1.6325299263831178E-01
  ],
  "coordination numbers": [
     7.0844361446908533E+00,
     3.0704758380735813E+00,
     3.1091380114567277E+00,
     2.9340217076925317E+00,
     3.1278513688551035E+00,
     3.0709012342578124E+00,
     2.0159617868650983E+00,
     9.9249271084676938E-01,
     9.9242908991237577E-01,
     9.9244371559036892E-01,
     9.9250815977047857E-01,
     3.0153278955084488E+00,
     3.0107398453130108E+00,
     3.0187068237670411E+00,
     3.0176926811275786E+00,
     3.0143858371463024E+00,
     3.0104596307574907E+00,
     3.1930888266194559E+00,
     1.9678071701251358E+00,
     2.0357090111594180E+00,
     9.9283527253214121E-01,
     9.9295992872047645E-01,
     9.9295733571758227E-01,
     9.9242593129297951E-01,
     9.9297365298870943E-01,
     9.9304510075614338E-01,
     4.1264673992687353E+00,
     1.9875917281342490E+00,
     4.3279276628636847E+00,
     1.9876153277610129E+00,
     4.1196871043501435E+00,
     2.9268017602803367E+00,
     4.0621613405114356E+00,
     9.9191422862797651E-01,
     9.9161362495468897E-01,
     9.9229461255387363E-01,
     9.9199189456397185E-01,
     9.9168016748450416E-01,
     9.9235417695862171E-01,
     9.9197719899713821E-01,
     9.9196187669180791E-01,
     9.9212379900242276E-01,
     1.0125910458656886E+00,
     2.4116891115734624E+00,
     2.0054520292427558E+00,
     3.9097273380123845E+00,
     9.9737015731175660E-01,
     9.9762736330876312E-01,
     1.0017366553231293E+00,
     3.0694667125583210E+00,
     3.1481991019322981E+00,
     2.9609052582688982E+00,
     3.1364570348703076E+00,
     3.0693029000748497E+00,
     2.0158860486082135E+00,
     9.9250527503116981E-01,
     9.9261851297523673E-01,
     9.9252570532004114E-01,
     9.9249581752335114E-01
  ]
}
