{
  "version":  "0.2.0",
  "energy":     2.3397945585262142E-01,
  "charges": [
     1.0208626346877243E+00,
    -7.0122026153899092E-02,
    -4.0077914795078923E-01,
     1.4117239183294786E-01,
     1.7335382502483687E-01,
     1.5693483752173723E-01,
     2.5794398858806705E-01,
     1.0373657198171495E-02,
     1.6170533891602512E-01,
    -3.8460128887347977E-01,
    -2.6577362651840353E-03,
    -1.3802025800691542E-01,
    -2.4354432019586672E-01,
    -4.6612716736082527E-02,
    -2.9267481943305140E-01,
     2.7673124107743535E-01,
    -2.7945361319860429E-01,
    -6.9546131433257163E-02,
    -3.0646585627778411E-01,
    -6.1905378580029591E-02,
     1.4578543864574228E-01,
     1.4035678124435255E-01,
     1.5043192398539887E-01,
     1.2624305469695324E-01,
     1.4471586873371386E-01,
     1.5790147710093275E-01,
     1.2627990996103583E-01,
     1.3260411965605612E-01,
     1.4671071531854896E-01,
    -1.8159334502288454E-01,
     5.9217052167298383E-03,
    -4.1132938071525271E-01,
     1.3079237188107234E-01,
     1.4710850834784903E-01,
     1.2778572752090714E-01,
     1.5175342039849110E-01,
     1.3697473383346423E-01,
    -2.8113765254511280E-01
  ],
  "coordination numbers": [
     7.4629023060784512E+00,
     3.9685652157680966E+00,
     2.9155944000580911E+00,
     9.9192459140984823E-01,
     9.9257219773084948E-01,
     9.9184858752645955E-01,
     1.0178679690258816E+00,
     1.8767333285111789E+00,
     2.9151777844888871E+00,
     1.9747738828007471E+00,
     1.9916962785776109E+00,
     1.0000843409456301E+00,
     1.9583280090779329E+00,
     4.1717374520362114E+00,
     1.9888212953584556E+00,
     3.8453194304370699E+00,
     2.9416932381148984E+00,
     4.2572099878870695E+00,
     1.9886836505311640E+00,
     4.1630340068131737E+00,
     9.9165701180019372E-01,
     9.9138872405449074E-01,
     9.9226378651261538E-01,
     9.9621294091621415E-01,
     9.9201983973895302E-01,
     9.9226422538103076E-01,
     9.9177996151306935E-01,
     9.9134283552779667E-01,
     9.9210328456246710E-01,
     3.9559399443275254E+00,
     4.0624730991889724E+00,
     1.9899998586832970E+00,
     9.9177189866384108E-01,
     9.9168403422052087E-01,
     9.9153094022566268E-01,
     9.9141019993946777E-01,
     9.9126408474224981E-01,
     9.9849543162933063E-01
  ]
}
