{
  "version":  "0.2.0",
  "energy":     3.2110411268729566E-01,
  "charges": [
     8.4065920405184535E-01,
    -5.7592663504396992E-02,
    -6.2928775267760889E-02,
     5.5133299005565004E-02,
    -3.5889270267041357E-01,
     4.6554621879076774E-02,
    -6.3530146593607117E-02,
     1.4953183213454252E-01,
     1.4281389188347779E-01,
     1.5408166330832362E-01,
     1.3309836221014779E-01,
     1.4429887200207070E-01,
     1.7621484419573319E-01,
    -3.1319594816328611E-01,
    -5.7663794185537603E-02,
    -6.3634620498070324E-02,
    -5.7617312932832121E-02,
     2.3738125927039458E-02,
    -5.1416248081123966E-02,
    -6.0730378599636516E-02,
     2.6281478787727358E-01,
    -3.5772849193930634E-01,
    -3.7572867836772922E-01,
     1.5269962781372975E-01,
     1.5017068724684707E-01,
     1.5290890486208825E-01,
     1.6370564792924083E-01,
     1.5348512959277646E-01,
    -1.1820502230198753E-01,
    -7.7444550941072374E-02,
    -2.7538881177099711E-01,
     1.6856318007713977E-01,
     1.3995901518598466E-01,
     1.4126644863485527E-01
  ],
  "coordination numbers": [
     6.8284820024120698E+00,
     3.0220654837987695E+00,
     3.0103425378226580E+00,
     3.1689867223863448E+00,
     2.9827081868128360E+00,
     3.2760427946287916E+00,
     3.0099199380972550E+00,
     9.9282182001199004E-01,
     9.9301863216469677E-01,
     9.9289221743134526E-01,
     9.9436524987061858E-01,
     9.9302586068352650E-01,
     2.9857287136876751E+00,
     1.0125152664068180E+00,
     3.0152684805339787E+00,
     3.0117242253421788E+00,
     3.0164273956142438E+00,
     3.0210534914006821E+00,
     3.0168458809137411E+00,
     3.0118080321785854E+00,
     3.9048943260149880E+00,
     1.9906722550214813E+00,
     1.9863889085937654E+00,
     9.9284133339034497E-01,
     9.9295697164016428E-01,
     9.9294844627344858E-01,
     9.9292853012683580E-01,
     9.9296725025797361E-01,
     9.9729323107370593E-01,
     3.9620488200626864E+00,
     2.9509613047919601E+00,
     9.9198042783970841E-01,
     9.9211792914809749E-01,
     9.9230305300801902E-01
  ]
}
