{
  "version":  "0.2.0",
  "energy":    -1.0254424659755057E-01,
  "charges": [
     7.0712584222469710E-01,
    -3.5355796170201265E-01,
    -3.5356788052268445E-01
  ],
  "coordination numbers": [
     1.9977300358627561E+00,
     9.9935897228978110E-01,
     9.9935901917808678E-01
  ]
}
