{
  "version":  "0.2.0",
  "energy":     2.7855042410983377E-01,
  "charges": [
     9.4999247428976363E-01,
    -5.0811210469016307E-02,
    -5.5161292014359736E-02,
    -4.7238734412456351E-02,
     2.9205441941620724E-02,
    -4.5850495099486230E-02,
    -5.4115037864014823E-02,
     2.6945223299838261E-01,
    -3.4590232689443723E-01,
    -3.3536466227128892E-01,
     1.5933456947364394E-01,
     1.5850472642153701E-01,
     1.6626387837838849E-01,
     1.6854649801676611E-01,
     1.5961407900363028E-01,
     1.2618500939274951E-02,
     1.5131944344532078E-01,
    -3.6552475033255893E-01,
    -5.5340856732938581E-01,
     3.3152730570332289E-01,
     9.7352577463507770E-02,
     6.6736025546063255E-02,
    -3.5100644154850469E-01,
     6.4982849028884765E-02,
     9.5670177433807624E-02,
    -3.1553680842081727E-01,
     1.6491175703225727E-01,
     1.6003744687830179E-01,
     1.5045205799269684E-01,
     1.6339828466915557E-01
  ],
  "coordination numbers": [
     7.3570776465988663E+00,
     3.0152388012460696E+00,
     3.0116561409077551E+00,
     3.0165687864486923E+00,
     3.0212634886906846E+00,
     3.0165258404792965E+00,
     3.0117314737910714E+00,
     3.9223234545922043E+00,
     1.9923720131459115E+00,
     1.9905042141532787E+00,
     9.9283569963625595E-01,
     9.9296408639247780E-01,
     9.9295017199830760E-01,
     9.9293680874019596E-01,
     9.9296205126824066E-01,
     1.9721791352911859E+00,
     2.9619863350060038E+00,
     1.9868829565341102E+00,
     1.9916900586700903E+00,
     1.0193177320844784E+00,
     3.0706882352497109E+00,
     3.1886873611762514E+00,
     2.9828545011885144E+00,
     3.2032609559676875E+00,
     3.0705755122372764E+00,
     2.0157412701919712E+00,
     9.9256382705142343E-01,
     9.9279147143907132E-01,
     9.9307332772312140E-01,
     9.9256803527947923E-01
  ]
}
