{
  "version":  "0.2.0",
  "energy":     3.4253976241661099E-01,
  "charges": [
     6.6827418845642561E-01,
    -3.2194959227088982E-01,
     4.6954600334479846E-02,
    -6.4761853811534542E-02,
    -6.3538757098916904E-02,
    -7.1696182698868710E-02,
     1.2164921276444488E-01,
     1.2126808096693069E-01,
    -7.1890043101306783E-02,
    -6.3481445199625203E-02,
    -6.3765680517888362E-02,
     4.7165970612005448E-02,
    -3.2316180622295609E-01,
     1.4803091303926533E-01,
     1.4167288057706312E-01,
     1.4524831183333045E-01,
     1.2844063686368778E-01,
     1.2843847844401163E-01,
     1.4571049341589334E-01,
     1.4346145462686372E-01,
     1.5610176953963764E-01,
    -2.8757555867440071E-01,
    -2.8385755907930960E-01,
    -5.3183195730397953E-02,
    -3.0122924732359546E-01,
     2.8399130951506091E-01,
    -2.6908287466418906E-01,
    -7.5998574582527900E-02,
    -3.1753374690040836E-01,
    -5.8416278969027069E-02,
     1.4143200275351689E-01,
     1.3450762867349914E-01,
     1.4283439083106458E-01,
     1.4290874200216916E-01,
     1.4900045451150992E-01,
     1.3207357599216915E-01,
     1.4113876203651546E-01,
     1.4061122159395381E-01,
     1.4020731746234413E-01
  ],
  "coordination numbers": [
     5.7126781252314505E+00,
     2.9618141854625479E+00,
     3.1393186437508014E+00,
     3.0099990024044896E+00,
     3.0218988316588948E+00,
     3.0128620516831353E+00,
     3.1237534397227833E+00,
     3.1244813755906469E+00,
     3.0130090395783462E+00,
     3.0214053265372476E+00,
     3.0100527288161567E+00,
     3.1380477985465820E+00,
     2.9622920659297751E+00,
     9.9260285424632855E-01,
     9.9307077663528442E-01,
     9.9288490721634837E-01,
     9.9321146459579523E-01,
     9.9321479465541351E-01,
     9.9287275317146317E-01,
     9.9305634777004936E-01,
     9.9257930832670738E-01,
     9.9769414468477358E-01,
     9.9747174452611631E-01,
     4.1499767665064340E+00,
     1.9889401275445335E+00,
     3.9690175039806013E+00,
     2.9505428749276392E+00,
     4.1996140581134718E+00,
     1.9880772568381344E+00,
     4.1503799774009851E+00,
     9.9228389630322944E-01,
     9.9146134679215780E-01,
     9.9177842642969338E-01,
     9.9230857583912435E-01,
     9.9206891727403601E-01,
     9.9390603829091440E-01,
     9.9179210133144924E-01,
     9.9212845710381004E-01,
     9.9150090478469455E-01
  ]
}
