{
  "version":  "0.2.0",
  "energy":    -1.1037391423267826E-01,
  "charges": [
     6.7066865505300377E-01,
    -2.2552796718751913E-01,
    -2.2345622723631303E-01,
    -2.2168446062917158E-01
  ],
  "coordination numbers": [
     2.9903037235659946E+00,
     1.1465527467585179E+00,
     1.1549430416653603E+00,
     1.1634375446297840E+00
  ]
}
