{
  "version":  "0.2.0",
  "energy":     1.5490216630510818E+00,
  "charges": [
     7.5052748483647025E-01,
    -5.5685085654046507E-02,
     1.8572202826019790E-01,
    -3.2162722390947152E-01,
     2.1294794905564940E-01,
     2.1248767838776733E-01,
     2.1281057175468715E-01,
    -1.7098421194676861E-01,
     4.6409780176196236E-02,
    -1.6202051803160189E-01,
    -1.6128426433501397E-01,
     1.8870780220209726E-01,
     1.6486604739814140E-01,
     1.6826951410464147E-01,
     1.8928689993005318E-01,
     1.8094564459066723E-01,
     1.7751794679087038E-01,
     1.8950265743689779E-01,
     1.7626917623557484E-01,
     1.8100602451689665E-01,
    -7.3289303562061292E-01,
     3.1162279367386553E-01,
     3.3107915937466287E-01,
     3.3233495379689909E-01,
    -4.4371359242724839E-02,
    -4.1623427289785087E-01,
     1.8777013368353501E-01,
     2.0454679566389744E-01,
     1.5677314125955957E-01,
     3.0369578850886186E-01
  ],
  "coordination numbers": [
     3.8653434790512415E+00,
     3.9564987207048459E+00,
     2.0218235814867143E+00,
     1.9768405886356071E+00,
     9.9107788996677559E-01,
     9.9108681440818991E-01,
     9.9104162327448986E-01,
     3.9562160670013480E+00,
     3.8981826877244874E+00,
     3.9560501745774559E+00,
     3.9560270071811114E+00,
     9.9314721169803377E-01,
     9.9287044516584633E-01,
     9.9276711351679925E-01,
     9.9300098969066930E-01,
     9.9256003653508973E-01,
     9.9258140083439894E-01,
     9.9309923783500409E-01,
     9.9271627052753875E-01,
     9.9262631381048649E-01,
     3.9107536930324880E+00,
     9.9655520957797439E-01,
     9.9747014989181437E-01,
     9.9741057459535565E-01,
     3.9915235715492905E+00,
     2.9396833581235775E+00,
     9.9207281223579535E-01,
     9.9205105327597298E-01,
     9.9208559661681228E-01,
     9.9966693842146714E-01
  ]
}
