{
  "version":  "0.2.0",
  "energy":    -1.3982664127704908E-01,
  "charges": [
    -1.5437948995834985E-01,
     2.9503181453924815E-01,
     2.9478456693435612E-01,
    -2.1767933624485253E-01,
    -2.1775755527040189E-01
  ],
  "coordination numbers": [
     3.4666578351887285E+00,
     1.2083145344971076E+00,
     1.2083464869680691E+00,
     9.6720646807701360E-01,
     9.6752548879404010E-01
  ]
}
