{
  "version":  "0.2.0",
  "energy":    -4.2897005881822625E-01,
  "charges": [
     8.1990609778599288E-01,
    -2.1240709200494523E-01,
    -6.0499948444052931E-02,
    -2.9045636352845050E-01,
     1.0025180905272679E-01,
     1.2427531635567329E-01,
     1.1980437406206765E-01,
     1.1274594624035289E-01,
     1.0784939660729925E-01,
    -2.5000264995299015E-01,
     2.8889849571334009E-01,
    -1.6636442339005508E-01,
    -2.2497253707757625E-01,
    -7.4482712836282816E-01,
     3.0074051456159590E-01,
     2.6066668347303446E-01,
     2.5602983464121704E-01,
    -3.2711250858044350E-01,
     3.9157208091008200E-02,
    -3.2328708157857200E-01,
    -7.3289617047363809E-02,
    -4.1444975404844081E-01,
     1.1461230558171648E-01,
     1.1262214807700058E-01,
     1.0407900947720619E-01,
    -1.9597620200016974E-01,
    -5.2326013305657559E-02,
    -4.1696785694851357E-01,
     1.0896765962710361E-01,
     1.3013572057449835E-01,
     1.4399190092357403E-01,
     1.1386279472986413E-01,
     1.3842664997984971E-01,
     2.5591531071493179E-01
  ],
  "coordination numbers": [
     6.6469202953664883E+00,
     3.9572128830329651E+00,
     4.0483800226291322E+00,
     2.8906340417564858E+00,
     9.9159660568348773E-01,
     9.9161428433854404E-01,
     9.9135055880908141E-01,
     9.8998973390087119E-01,
     9.9057681112880136E-01,
     9.9841386825066802E-01,
     4.6005770447676051E+00,
     1.8119464838396260E+00,
     1.4447136388791959E+00,
     3.8810289547942798E+00,
     9.9628745486826809E-01,
     9.9856115639972565E-01,
     9.9807692247190438E-01,
     1.9905491310244203E+00,
     2.1538938906708083E+00,
     1.0050133075189835E+00,
     4.0027846499884419E+00,
     1.9913127382230549E+00,
     9.9064415815368534E-01,
     9.9035271760336041E-01,
     9.9045902907189554E-01,
     3.9549863221491117E+00,
     3.9748529550807419E+00,
     2.8722659975500617E+00,
     9.9168868561596035E-01,
     9.9140551599335591E-01,
     9.9183176993464528E-01,
     9.9117918814173045E-01,
     9.9188549449453323E-01,
     1.0045439914713752E+00
  ]
}
