{
  "version":  "0.2.0",
  "energy":    -9.5489052122265483E-01,
  "charges": [
     8.4873811748328665E-01,
    -1.8666426049803858E-01,
     1.5070497283072792E-01,
    -4.1403480287851202E-01,
    -1.9364731431140980E-01,
     1.4742325413172883E-01,
    -4.2363924626504079E-01,
    -3.4774839940405877E-01,
     3.5249336483481586E-01,
    -3.6460208555566909E-01,
    -3.6463569426440617E-01,
    -1.0590230144087261E-01,
    -1.0883551298849285E-01,
    -1.0101479631902062E-01,
     3.2376579352581536E-03,
    -6.8112845108859135E-02,
    -9.6575145375774663E-02,
     2.3706196999397647E-01,
    -3.1512070689025556E-01,
    -4.5376890362667399E-01,
     9.7437064426324618E-02,
     9.7552012621126311E-02,
     1.0373764595429576E-01,
     1.6181249657200725E-01,
     1.1112372571296038E-01,
     2.3297973243057643E-01
  ],
  "coordination numbers": [
     6.6163678678139082E+00,
     1.0110302158433369E+00,
     2.0510324041254329E+00,
     1.9998833429604552E+00,
     1.0116139472729113E+00,
     2.0516112839430960E+00,
     2.0032910936835604E+00,
     1.9738185709516083E+00,
     3.9660506321267066E+00,
     1.9830269595411831E+00,
     1.8561309844256311E+00,
     3.0143116620531103E+00,
     3.0122585170091867E+00,
     3.0156740800063524E+00,
     3.0192472654347684E+00,
     3.0154710728737912E+00,
     3.0145755622504824E+00,
     3.0460005251297400E+00,
     1.9526550629263859E+00,
     1.9916400701451096E+00,
     9.9279533024087829E-01,
     9.9290774095514678E-01,
     9.9244086276926158E-01,
     9.9263441075416026E-01,
     9.9290953016446171E-01,
     9.9383982169732743E-01
  ]
}
