{
  "version":  "0.2.0",
  "energy":     1.0730003439670255E+00,
  "charges": [
     1.6710197685275034E+00,
     3.2898023147249661E-01
  ],
  "coordination numbers": [
     9.9927363186746021E-01,
     9.9927363186746021E-01
  ]
}
