{
  "version":  "0.2.0",
  "energy":     4.2525361084145025E-01,
  "charges": [
     7.0220776156519604E-01,
    -3.2779661525660492E-01,
     5.3252958206692708E-02,
    -5.2577447320051041E-02,
    -5.2500101015518441E-02,
    -6.3537915427911151E-02,
     1.2803923454514146E-01,
     1.2763966252412784E-01,
    -6.3584718574591970E-02,
    -5.2269778114686638E-02,
    -5.1482269062352218E-02,
     6.2124647686708501E-02,
    -3.2210899647776919E-01,
     1.4878185511388334E-01,
     1.5371577735120431E-01,
     1.5581256983001784E-01,
     1.3502595270741347E-01,
     1.3525052622350961E-01,
     1.5621398950723162E-01,
     1.5512985076185393E-01,
     1.6199773434178413E-01,
    -4.4968227196110766E-03,
    -1.6322252769558818E-01,
    -1.8190723657282298E-01,
    -2.9392463823329162E-02,
    -3.6179447658676134E-01,
     1.5356046765337772E-01,
     1.4888105693954526E-01,
     1.4903732368991057E-01
  ],
  "coordination numbers": [
     5.9110848286892104E+00,
     2.9738265878171948E+00,
     3.1329395860150608E+00,
     3.0096261588390094E+00,
     3.0221125814402416E+00,
     3.0135173681599117E+00,
     3.1686173245485669E+00,
     3.1741973084923201E+00,
     3.0135517351961845E+00,
     3.0216288167713321E+00,
     3.0100975584932170E+00,
     3.1613837249957699E+00,
     2.9834213044689299E+00,
     9.9241433035473303E-01,
     9.9306729333323940E-01,
     9.9288123962843677E-01,
     9.9326760783419132E-01,
     9.9325583019813468E-01,
     9.9289345581425437E-01,
     9.9307106077730545E-01,
     9.9260969260648935E-01,
     2.6820917581860657E+00,
     1.9654022966250633E+00,
     1.9643083074086967E+00,
     4.0143627249974330E+00,
     1.9917894423310107E+00,
     9.9127725938335143E-01,
     9.9131162890053393E-01,
     9.9127011322567515E-01
  ]
}
