{
  "version":  "0.2.0",
  "energy":    -1.9198902763972496E+00,
  "charges": [
     1.0152479331946118E+00,
    -1.4415587440368624E-01,
    -1.4270756369016935E-01,
    -1.1065525546364330E-01,
    -6.4755966272949106E-03,
    -1.0933939012493460E-01,
    -1.4151177338007648E-01,
     2.5785728577469030E-01,
    -3.7125546269106913E-01,
    -3.7300452301953263E-01,
     6.3977084127539732E-02,
     6.9416329431700577E-02,
     1.0965791636931500E-01,
     1.0953339936635551E-01,
     7.0336639338581433E-02,
    -1.5088862463656372E-02,
     2.8001652288758616E-01,
    -4.7985111845435097E-01,
    -3.3898387647960437E-01,
    -5.8533118075814317E-01,
     7.6228189648967826E-02,
     1.0516390319146343E-01,
     2.5691430380717656E-01,
     2.3904188063060067E-01,
    -8.3108138189554159E-01,
     2.8611942786540290E-01,
     2.9146673014237579E-01,
     2.8636644892066465E-01,
    -2.9454843946788334E-01,
    -3.3789236593142524E-01,
    -7.3543840677723593E-01,
     2.8749569819572524E-01,
     2.7748694895517684E-01,
     2.6998403122322695E-01,
    -3.0029702684422360E-01,
     1.0184356426004566E-01,
    -4.0519227757630871E-01,
    -3.3495722399516326E-01,
     2.6049583969200374E-02,
    -4.2243622125646468E-01
  ],
  "coordination numbers": [
     7.8584650428773761E+00,
     3.0126360570715622E+00,
     3.0119458891760900E+00,
     3.0160320092558353E+00,
     3.0159015590436011E+00,
     3.0159563285440765E+00,
     3.0121841749606846E+00,
     3.6921969542525162E+00,
     1.9376952563919465E+00,
     1.8099890682181865E+00,
     9.9260836439410483E-01,
     9.9262127119777865E-01,
     9.9281243390615348E-01,
     9.9281721993784711E-01,
     9.9264649877459199E-01,
     4.1058789457556584E+00,
     3.2008235236147735E+00,
     1.0002673546799441E+00,
     1.9748444550875428E+00,
     3.9202285405573729E+00,
     9.9074537925959838E-01,
     9.9160072245914233E-01,
     1.0228717687704956E+00,
     1.0175349045083211E+00,
     2.9828469844045546E+00,
     9.9584330471972127E-01,
     9.9573865782924909E-01,
     9.9583556654414984E-01,
     9.9792812646765139E-01,
     9.9715561418103960E-01,
     3.9207720481308694E+00,
     9.9772368240550424E-01,
     1.0263536786462168E+00,
     1.0194584594095186E+00,
     1.0086290365587161E+00,
     2.0069349527613500E+00,
     1.9515380505591864E+00,
     1.9866658284831864E+00,
     2.1594876538879104E+00,
     1.0050770253613290E+00
  ]
}
