{
  "version":  "0.2.0",
  "energy":    -3.5471644432686367E-01,
  "charges": [
     6.9997086210574633E-01,
    -3.5756437222563990E-02,
    -3.5211263377739899E-01,
    -7.4186335075988519E-01,
     2.6075900206883285E-01,
     2.5963750706293171E-01,
     2.5136066769840326E-01,
    -7.4470400511891105E-02,
    -3.5264005824152450E-01,
     1.0011710305914906E-01,
     1.0644999566193444E-01,
     1.1518354488819581E-01,
    -2.3037749531803042E-01,
     8.6991023614109791E-02,
    -2.4166685960104006E-01,
    -2.3544457774698255E-01,
     9.3340920014171949E-02,
     1.1992336136324511E-01,
     1.2011520693787200E-01,
     9.3382388839980471E-02,
     9.9580881961751716E-02,
     1.1150379596558468E-01,
     9.2661729083944627E-02,
     1.1366615694133216E-01,
     1.0764154311786125E-01,
    -5.3591823292239260E-01,
     2.7660488210038342E-01,
    -1.8689696100196268E-01,
     7.6266314373345648E-02,
    -3.8225623384543161E-01,
     9.8489645345007926E-02,
     1.2336382638006030E-01,
     1.0591736582090092E-01,
    -1.8448943721603406E-01,
     7.9543034185417680E-02,
    -3.6961362817274729E-01,
     1.0257017274045768E-01,
     1.0404887661472560E-01,
     1.2441649839253850E-01
  ],
  "coordination numbers": [
     6.4339438985877067E+00,
     1.0129588886114380E+00,
     1.9591270299530308E+00,
     3.9107999407148961E+00,
     9.9773618270110642E-01,
     1.0154912786923518E+00,
     1.0000269560387496E+00,
     4.0203555455210225E+00,
     1.9914644635305798E+00,
     9.8966232864574888E-01,
     9.8984989961380609E-01,
     9.8975269746274552E-01,
     3.9571921251057489E+00,
     3.8958203580904387E+00,
     3.9555589215904901E+00,
     3.9555293388141610E+00,
     9.9201429646471606E-01,
     9.9422686989518194E-01,
     9.9333178728604032E-01,
     9.9192108581845950E-01,
     9.9253085334044133E-01,
     9.9377038132542150E-01,
     9.9194275378671559E-01,
     9.9325696463519009E-01,
     9.9269683345292847E-01,
     1.9889219232105146E+00,
     1.0318386231822290E+00,
     3.9574797578797893E+00,
     2.0359771505700204E+00,
     1.7819377747863223E+00,
     9.9192509231309067E-01,
     9.9075591630624338E-01,
     9.9191572437085540E-01,
     3.9577462080124750E+00,
     2.0412029927468520E+00,
     1.8486743299221979E+00,
     9.9193792309272499E-01,
     9.9195006668193031E-01,
     9.9097828928703713E-01
  ]
}
