{
  "version":  "0.2.0",
  "energy":     8.8899947214328590E-01,
  "charges": [
     7.1272919261721257E-01,
    -3.2599997098194561E-01,
     4.6556766403391014E-02,
    -5.2119373908680600E-02,
    -4.5598029588973743E-02,
    -6.0397845322296917E-02,
     1.2014720822807654E-01,
     1.2402723253215234E-01,
    -5.8296893697804941E-02,
    -4.2412942666171294E-02,
    -4.6196336446333086E-02,
     5.7117862296272914E-02,
    -3.2770104245994919E-01,
     1.5079861981749157E-01,
     1.6028922164817078E-01,
     1.6745732370539318E-01,
     1.4349873373783217E-01,
     1.4383313108167550E-01,
     1.6857071469597476E-01,
     1.6339692559017094E-01,
     1.5086968943160656E-01,
     9.7619606416675025E-02,
     5.8145959929730373E-02,
    -3.3967814917271422E-01,
     5.2107371459110124E-02,
     9.7635376981454747E-02,
    -3.0400832879605544E-01,
     1.6959210436827510E-01,
     1.5550161630552525E-01,
     1.4351014553228220E-01,
     1.7119536438757138E-01,
    -3.1762354489185657E-02,
    -7.0629733301886399E-01,
     2.8815248457085874E-01,
     2.8908070949853398E-01,
     2.8927892731561838E-01,
    -3.9039703734878167E-02,
    -4.6642097878314318E-02,
    -4.9602842500159151E-02,
     2.2482368052221154E-02,
    -4.4479487607006360E-02,
    -4.4951799426396183E-02,
     2.6532222332858285E-01,
    -3.3692943009276882E-01,
    -3.4547856645234437E-01,
     1.7243960840728115E-01,
     1.6822290307382401E-01,
     1.5986324058532395E-01,
     1.6810290202570077E-01,
     1.7004699421685202E-01
  ],
  "coordination numbers": [
     7.4649203446680907E+00,
     2.9613832407608180E+00,
     3.1448133295637710E+00,
     3.0093139728092320E+00,
     3.0209411520938900E+00,
     3.0130783175447835E+00,
     3.1491939174520613E+00,
     3.1606866231052191E+00,
     3.0126487702684548E+00,
     3.0215065153429057E+00,
     3.0092773556012276E+00,
     3.2275443701859654E+00,
     2.9833392299853196E+00,
     9.9265774571249299E-01,
     9.9300152304460010E-01,
     9.9283273225169921E-01,
     9.9319763298337271E-01,
     9.9319388292514255E-01,
     9.9284235697951573E-01,
     9.9301467016313261E-01,
     9.9312688750148936E-01,
     3.0708159122163687E+00,
     3.1240145812044355E+00,
     2.9612521814341468E+00,
     3.1779947880446500E+00,
     3.0704886390102315E+00,
     2.0158410040573598E+00,
     9.9252950465224199E-01,
     9.9281709901896598E-01,
     9.9274692565736533E-01,
     9.9252560659870515E-01,
     9.9597340859181571E-01,
     3.8966802859011578E+00,
     9.9854989449158715E-01,
     9.9713118192578332E-01,
     9.9958315838494549E-01,
     3.0154063061050049E+00,
     3.0107303418159992E+00,
     3.0160786361774052E+00,
     3.0202064186562767E+00,
     3.0167433968402211E+00,
     3.0106912775866972E+00,
     3.8896340362455737E+00,
     1.9896093600312099E+00,
     1.9830872020179626E+00,
     9.9281381043790962E-01,
     9.9297125689214294E-01,
     9.9294142698158439E-01,
     9.9295048740859837E-01,
     9.9296733330068232E-01
  ]
}
