{
  "version":  "0.2.0",
  "energy":    -1.0107755053154781E+00,
  "charges": [
     8.3657926044072939E-01,
    -1.2637684179155695E-01,
    -1.2732963947739950E-01,
    -1.0112979747469120E-01,
    -9.7262390850261227E-04,
    -9.9759949830341088E-02,
    -1.2629681599592657E-01,
     2.4819426527718325E-01,
    -3.7820298555813192E-01,
    -3.7469647022147590E-01,
     8.2974750342027503E-02,
     8.5674994775255919E-02,
     1.1729088899454598E-01,
     1.1954811298375534E-01,
     8.6887453486467148E-02,
    -2.0621840844675288E-01,
     9.5100862741975378E-02,
    -1.0031393246381737E-01,
     8.4834353172147603E-02,
    -3.3909874798590062E-01,
    -2.1444477305221443E-01,
    -3.3336696371575858E-01,
     7.3584846643987845E-02,
     1.2656551301302812E-01,
     9.1302113376299510E-02,
     8.3759834245572012E-02,
     7.2472056876888596E-02,
     9.2170665298842575E-02,
     9.8696005231196843E-02,
    -2.3132010685799254E-01,
    -2.7380980466227389E-02,
    -3.9693100713707818E-01,
     6.6755016537575651E-02,
     9.7996965798225089E-02,
     1.1415079916688503E-01,
     8.8850007797810937E-02,
     9.4500928769378573E-02,
    -3.2901154697180579E-01,
     3.3740575192849231E-02,
    -3.7877867880705629E-01
  ],
  "coordination numbers": [
     6.4694951712086199E+00,
     3.0131639038018490E+00,
     3.0122885197476119E+00,
     3.0161956639178236E+00,
     3.0169947584826025E+00,
     3.0159024118422533E+00,
     3.0122416565283991E+00,
     3.7041623981241552E+00,
     1.9177457113385206E+00,
     1.8779998642523479E+00,
     9.9269256148437268E-01,
     9.9272708014515132E-01,
     9.9287717746195803E-01,
     9.9286942513268350E-01,
     9.9270812289582988E-01,
     3.9595158024106061E+00,
     3.0803167577132839E+00,
     2.9963210319435145E+00,
     3.0718739641964756E+00,
     1.9566434826777321E+00,
     3.9597059802196517E+00,
     1.9562100470881854E+00,
     9.9198028799771265E-01,
     9.9120951922793044E-01,
     9.9175365490094336E-01,
     9.9307838338141785E-01,
     9.9201270529041530E-01,
     9.9153995395571481E-01,
     9.9159482833453438E-01,
     3.9534467446214014E+00,
     4.0059850119534239E+00,
     1.9908982794823942E+00,
     9.9115194403442430E-01,
     9.9134623928777721E-01,
     9.9153549341120506E-01,
     9.8909838459124266E-01,
     9.8919180818117702E-01,
     1.9859040859186488E+00,
     2.0849797804897721E+00,
     1.0050511797747887E+00
  ]
}
