{
  "version":  "0.2.0",
  "energy":    -9.1880848154497852E-01,
  "charges": [
     3.2588095592048405E-01,
     7.3366383277956615E-01,
    -2.5941312144376394E-01,
    -1.0245103966788227E+00,
    -7.7562127057746344E-01
  ],
  "coordination numbers": [
     3.8793663463753054E+00,
     3.5573010120490443E+00,
     1.7489699306201087E+00,
     1.8666075902271135E+00,
     1.9048777520724736E+00
  ]
}
