{
  "version":  "0.2.0",
  "energy":     3.5753308898374220E-01,
  "charges": [
     6.0888459434465680E-01,
    -2.1125519575099921E-01,
     6.3801594832998632E-02,
    -2.2120589704548438E-01,
    -2.1994226637628042E-01,
     1.2299901623695514E-01,
     1.4190183123389516E-01,
     1.3082950696779774E-01,
     1.2253957263025513E-01,
     1.2714660677437276E-01,
     1.2472014848265867E-01,
     1.2116028210650537E-01,
     1.1760247390174536E-01,
     1.3599804547727617E-01,
    -2.2279369652660169E-01,
     2.1191067733805569E-01,
    -3.6623648049743490E-01,
    -2.1128199025456118E-01,
    -2.1771943781517922E-01,
     1.1975084368828087E-01,
     1.2077791556754466E-01,
     1.4697334094664180E-01,
     1.2218716788184870E-01,
     1.3606382568054187E-01,
     1.5432052311130209E-01,
     1.2103406178225436E-01,
     1.2976598593650809E-01,
     1.3507474847409467E-01,
    -3.0616787094862419E-01,
     4.1695817428934612E-01,
    -3.0932434224470795E-01,
    -3.6061238260054612E-01,
    -1.4936240084462371E-01,
     1.0238168532437464E-01,
    -3.5334783983456175E-01,
     1.3675051044699801E-01,
     1.3828419038365902E-01,
     1.3943247689903704E-01
  ],
  "coordination numbers": [
     6.8608469512733512E+00,
     3.9573641605892735E+00,
     3.9278786126026812E+00,
     3.9562293865788005E+00,
     3.9568441453085459E+00,
     9.9253734648585112E-01,
     9.9363604570302666E-01,
     9.9303318248854033E-01,
     9.9244519360162808E-01,
     9.9285465156831254E-01,
     9.9286202411688684E-01,
     9.9251796716490581E-01,
     9.9288136445261532E-01,
     9.9386149223284281E-01,
     3.9571153890700614E+00,
     4.4392587066925708E+00,
     1.9874741032439056E+00,
     3.9572217507999214E+00,
     3.9577507646438530E+00,
     9.9425111248996245E-01,
     9.9358473108816447E-01,
     9.9475311477041739E-01,
     9.9360762151485638E-01,
     9.9430419600837983E-01,
     9.9472095677231298E-01,
     9.9352434360608743E-01,
     9.9419806168446723E-01,
     9.9422694932603406E-01,
     1.9701756227198794E+00,
     3.9672697041454397E+00,
     1.9783821549865666E+00,
     1.9565451150222106E+00,
     3.9583163261204488E+00,
     2.0095374962125367E+00,
     1.9412806780175194E+00,
     9.9182627801169865E-01,
     9.9176005527350686E-01,
     9.9179599744794533E-01
  ]
}
