{
  "version":  "0.2.0",
  "energy":    -1.3002420773189000E-01,
  "charges": [
    -1.3514910392602683E-01,
     3.1760161043725682E-01,
     3.1779822518109252E-01,
    -2.5044101802587843E-01,
    -2.4980971366644408E-01
  ],
  "coordination numbers": [
     3.2631799704846909E+00,
     2.5459530348598580E+00,
     2.5353609893253868E+00,
     1.7905255969804559E+00,
     1.7918117553128168E+00
  ]
}
