{
  "version":  "0.2.0",
  "energy":    -3.3903919093457108E-01,
  "charges": [
     2.4213838155893508E-01,
    -1.1520862320516957E-01,
     4.8828789249966331E-01,
     7.3985019624789861E-01,
    -5.0955418295279786E-01,
    -8.4551366414852958E-01
  ],
  "coordination numbers": [
     4.5968316782382361E+00,
     2.3292315208579630E+00,
     3.6188610779022925E+00,
     4.5198055359469098E+00,
     3.6414665108493516E+00,
     2.9388088355737194E+00
  ]
}
