{
  "version":  "0.2.0",
  "energy":     9.3618158092437009E-01,
  "charges": [
     8.5136483808358299E-01,
    -5.4969921130652433E-01,
     8.2492025117975043E-03,
     9.2679879863865056E-03,
    -5.5506103051892952E-01,
     2.9490843148699614E-01,
     2.9826473213188320E-01,
     1.7218865524469654E-01,
     1.6524557840221088E-01,
     1.7734083745967114E-01,
     1.7031823637245208E-01,
     2.9426352671784095E-01,
     2.8199569768691823E-01,
    -7.6945972500065407E-02,
     1.7314641773015432E-01,
    -2.9494320099181009E-01,
     1.9300264169697240E-01,
     1.9394483590263079E-01,
     1.9821697963665613E-01,
     1.0556384397102242E-02,
    -3.4698803289238933E-01,
     1.9239596232565970E-01,
     1.8757933872958082E-01,
     1.7788647481926373E-01,
     1.8003691531185509E-01,
    -9.0239550359626317E-02,
    -1.5932811876253519E-01,
    -1.5696855730243120E-01
  ],
  "coordination numbers": [
     6.6562892884800071E+00,
     3.9160960295096352E+00,
     4.0642492779326940E+00,
     4.0555223851402857E+00,
     3.9036836076531314E+00,
     1.0044904839946538E+00,
     1.0042253392164611E+00,
     9.9152344934687786E-01,
     9.9138374973467425E-01,
     9.9132137157451083E-01,
     9.9156381931457460E-01,
     9.9829834902262871E-01,
     1.0054103825859828E+00,
     3.9575353961901367E+00,
     2.0182273557488521E+00,
     1.9607268824811346E+00,
     9.9147409974807577E-01,
     9.9145328577058756E-01,
     9.9147860323057824E-01,
     4.0811851057501505E+00,
     1.9892798280916386E+00,
     9.9197987700553902E-01,
     9.9199530067450148E-01,
     9.9193570812108067E-01,
     3.7538500868242242E+00,
     1.0011979148316446E+00,
     1.9800801796261052E+00,
     1.9803892463828445E+00
  ]
}
