{
  "version":  "0.2.0",
  "energy":    -1.8124948574442004E-01,
  "charges": [
     9.4879603304693860E-01,
    -3.1674978622586403E-01,
    -3.1771626785883261E-01,
    -3.1432997896224191E-01
  ],
  "coordination numbers": [
     2.9907682236103543E+00,
     9.9846974978294689E-01,
     9.9849311872810009E-01,
     9.9844054342003030E-01
  ]
}
