{
  "version":  "0.2.0",
  "energy":    -9.6399927682681907E-02,
  "charges": [
     4.8131149495132375E-01,
     7.9188754180746626E-02,
    -2.8428706229390172E-03,
    -5.5765737850913133E-01
  ],
  "coordination numbers": [
     2.8548188255227664E+00,
     1.5566955355682834E+00,
     1.4988096290132926E+00,
     9.9938543932803903E-01
  ]
}
