{
  "version":  "0.2.0",
  "energy":    -3.6519192754835694E-01,
  "charges": [
     8.1042262288791778E-01,
    -7.5613446278204252E-02,
    -7.8125928259892868E-02,
    -7.3625432667583784E-02,
     1.8876798219190999E-02,
    -5.6846929155403389E-02,
    -7.4569814335741405E-02,
     2.6029198374991708E-01,
    -3.1802585966124580E-01,
    -4.0498595140660415E-01,
     1.3153590355529451E-01,
     1.3159474738834182E-01,
     1.3003219234920058E-01,
     1.5715743568176205E-01,
     1.3799610493710718E-01,
     2.6780793534171426E-01,
    -5.2095936689036471E-01,
     3.0179159626898233E-01,
     2.7534743782975840E-01,
    -9.9033947409235962E-02,
     1.5697141128452832E-01,
    -4.0519397555659969E-01,
    -3.3084619117149314E-02,
     1.6346742305287823E-01,
    -3.7388110244241968E-01,
    -5.0239545659986962E-01,
     3.1019607568683893E-01,
     1.3505426197647183E-01,
    -3.7220210042958962E-01
  ],
  "coordination numbers": [
     7.2964058908904033E+00,
     3.0152365443063198E+00,
     3.0118108604018472E+00,
     3.0154124494843888E+00,
     3.0183988971515516E+00,
     3.0192205566403745E+00,
     3.0118500311181107E+00,
     3.1856331631789221E+00,
     1.9716908833423723E+00,
     1.9917928915269423E+00,
     9.9283765405998192E-01,
     9.9294757445462611E-01,
     9.9263426285455392E-01,
     9.9313087030629355E-01,
     9.9293232517023355E-01,
     9.9335181821074148E-01,
     2.9227732532353130E+00,
     1.1060291821553143E+00,
     1.0093526226329175E+00,
     1.0127751998533361E+00,
     2.0633484207331705E+00,
     2.0033330308241588E+00,
     1.9069682018085485E+00,
     2.9041567413065081E+00,
     1.8881576135148128E+00,
     1.9918264309647480E+00,
     1.0105078359317012E+00,
     1.9696528356003746E+00,
     1.0176029507171096E+00
  ]
}
