{
  "version":  "0.2.0",
  "energy":     3.9998871035973393E-01,
  "charges": [
     7.8607503680653024E-01,
    -5.4492174221156675E-01,
     3.0762296233475800E-01,
     3.0255505071450450E-01,
    -5.1331034622943403E-02,
    -1.5171530610465778E-03,
    -1.6718187818210659E-01,
    -2.0193444975976363E-01,
    -1.9109592162412101E-01,
     2.0741513123431124E-01,
    -3.7552894324268588E-01,
    -2.0126770676193792E-01,
    -1.9780031693406480E-01,
     1.3949780889887681E-01,
     1.5377936283322963E-01,
     1.5520248022624483E-01,
     1.4085436587637568E-01,
     1.5900173432286316E-01,
     1.4298996672006553E-01,
     1.3926265422780368E-01,
     1.4629204875541971E-01,
     1.5203054344925360E-01
  ],
  "coordination numbers": [
     5.7131653078118543E+00,
     2.9127672567233720E+00,
     1.0029319154574150E+00,
     9.9353586391896087E-01,
     9.9519563928489418E-01,
     2.6179228298152255E+00,
     1.9415736895613254E+00,
     1.9636420596030488E+00,
     3.9577482016711789E+00,
     4.3571073227437775E+00,
     1.9887021078810907E+00,
     3.9575317374769527E+00,
     3.9576876021759899E+00,
     9.9364663681680021E-01,
     9.9431770455101010E-01,
     9.9441383299564112E-01,
     9.9352875020952780E-01,
     9.9401982093478036E-01,
     9.9399256953333026E-01,
     9.9360753160769910E-01,
     9.9447558030251759E-01,
     9.9427696240314933E-01
  ]
}
