{
  "version":  "0.2.0",
  "energy":     3.9439005348796830E-01,
  "charges": [
     8.6753371297148707E-01,
    -7.2442112132555758E-01,
     3.2512134969208095E-01,
     3.1437926439573594E-01,
     3.2320728832222340E-01,
    -7.9892602861041523E-02,
     2.6319773578483663E-01,
    -7.8137227377312310E-02,
    -9.1619963330041965E-02,
     1.8242641066578574E-01,
    -1.1721952034141471E-01,
    -1.6378315770455670E-01,
    -1.9273184359529155E-01,
     2.2061978426227979E-03,
    -3.5996217771857147E-01,
     1.7800743409092845E-01,
     1.7419794853729390E-01,
     1.7749027195079292E-01
  ],
  "coordination numbers": [
     6.3892199193725236E+00,
     3.9075722153788703E+00,
     1.0047782680103561E+00,
     9.9820106748478032E-01,
     9.9646867418515583E-01,
     9.9913946750868998E-01,
     3.4781152553749681E+00,
     1.7441393584390923E+00,
     1.7179257337209624E+00,
     3.6819935484602890E+00,
     1.0014294391361771E+00,
     1.9661301720037860E+00,
     1.9640462908677989E+00,
     4.0303787693686219E+00,
     1.9910432604888149E+00,
     9.9142289545492268E-01,
     9.9145731522484137E-01,
     9.9152738204367630E-01
  ]
}
