{
  "version":  "0.2.0",
  "energy":    -7.2310715137773063E-01,
  "charges": [
     3.6837821490037714E-01,
    -9.2076930889406916E-01,
    -4.4760890600630793E-01
  ],
  "coordination numbers": [
     1.9859132187189408E+00,
     9.9246404899854568E-01,
     9.9441877183671501E-01
  ]
}
