{
  "version":  "0.2.0",
  "energy":    -2.9780554504697609E-01,
  "charges": [
     8.3430166375316062E-01,
     7.6179574976432418E-01,
    -4.8637862095212125E-01,
    -4.8608721760400692E-01,
    -6.2363157496135657E-01
  ],
  "coordination numbers": [
     3.1906179715874048E+00,
     1.2001245404326220E+00,
     9.9939527308413467E-01,
     9.9939541656864339E-01,
     1.9947507788705945E+00
  ]
}
