{
  "version":  "0.2.0",
  "energy":    -3.8698222785439690E-01,
  "charges": [
     8.0044526636427293E-01,
     6.3825497545775267E-02,
     3.5111508533797187E-02,
    -3.4597020895285890E-01,
     4.1574336034625681E-02,
     6.1875099100501263E-02,
    -3.6606142966693667E-01,
     1.2784573517735998E-01,
     1.3056548303741200E-01,
     1.4356822405077690E-01,
     1.2704630347153367E-01,
    -5.6054567640306852E-01,
     2.9702597188647739E-01,
    -1.5680018186478351E-01,
     1.4572503504361922E-01,
    -4.1960255102527710E-01,
     5.6861399955405956E-02,
    -4.2699807635520304E-01,
    -2.2844695529478454E-01,
     2.0613917099017293E-01,
    -3.9030111166667736E-01,
    -2.2461987770948011E-01,
    -2.2445298713115922E-01,
     1.1960236150508807E-01,
     1.0411070271210365E-01,
     1.2932525751533969E-01,
     1.0581463842965813E-01,
     1.1981987899341007E-01,
     1.4904011667103867E-01,
     1.0769593541117684E-01,
     1.4089878884294812E-01,
     1.2988234479773508E-01
  ],
  "coordination numbers": [
     5.2572195105180075E+00,
     3.0769060319643211E+00,
     3.1000235821059787E+00,
     2.9078106719619861E+00,
     3.1020881987545312E+00,
     3.0768914482698175E+00,
     2.0145329554890266E+00,
     9.9254896026963024E-01,
     9.9267505654857668E-01,
     9.9263680331383597E-01,
     9.9253276066582163E-01,
     1.9907225238407724E+00,
     9.9817826111692654E-01,
     1.0106747668828442E+00,
     2.1122776002935391E+00,
     1.9887089275986609E+00,
     1.9512379877747241E+00,
     1.0045227151638692E+00,
     3.9572472835439170E+00,
     4.3025277467802479E+00,
     1.9772813016559523E+00,
     3.9573241376658324E+00,
     3.9570398912697300E+00,
     9.9422154735580826E-01,
     9.9330987200302623E-01,
     9.9485104559689308E-01,
     9.9346079487406325E-01,
     9.9429041777222693E-01,
     9.9497383091658342E-01,
     9.9377558733739058E-01,
     9.9446084709185545E-01,
     9.9387428344572815E-01
  ]
}
