{
  "version":  "0.2.0",
  "energy":     8.2424073667992453E-02,
  "charges": [
     3.1226969154610096E-01,
     8.8616739294052316E-01,
    -2.0434430225102210E-01,
    -4.2152350674402178E-01,
     7.4892663538663440E-01,
    -3.2149591087821461E-01
  ],
  "coordination numbers": [
     4.3340427942888562E+00,
     2.4991362951966938E+00,
     9.7963239953710524E-01,
     3.1914608435342249E+00,
     2.5995438045626500E+00,
     3.0043721127285679E+00
  ]
}
