{
  "version":  "0.2.0",
  "energy":    -3.6211464902485266E-02,
  "charges": [
     4.5559928899553304E-01,
    -1.1405738460607452E-01,
    -1.1396323164827191E-01,
    -1.1387461296174996E-01,
    -1.1370405977943664E-01
  ],
  "coordination numbers": [
     3.9745135397227189E+00,
     9.9753414764252835E-01,
     9.9754748665482129E-01,
     9.9754653151529382E-01,
     9.9757582397766242E-01
  ]
}
