{
  "version":  "0.2.0",
  "energy":     4.6943509603453065E-01,
  "charges": [
     6.8480689257957228E-01,
     6.2544853098850095E-01,
    -4.0168903874562345E-02,
    -1.9255762316072836E-01,
    -7.7528896532782610E-02
  ],
  "coordination numbers": [
     3.9496521556167004E+00,
     3.9187268015338894E+00,
     2.9713311274158789E+00,
     1.9965982861797436E+00,
     2.9532131032612146E+00
  ]
}
