{
  "version":  "0.2.0",
  "energy":     1.0204253167438218E+00,
  "charges": [
     6.0762931307608903E-01,
     6.6647773247630604E-02,
    -1.2039507276393580E-02,
    -1.8490456977306502E-02,
     8.4587092865176683E-02,
    -3.6042635657018390E-01,
     7.5076827277434033E-02,
    -2.4357918235796472E-02,
     1.9488436026387901E-01,
     1.8844436237078249E-01,
     1.6304498796444170E-01,
     1.4266208642518879E-01,
     1.8384450646414544E-01,
    -7.4098734515283959E-01,
     3.1029013268984484E-01,
     3.0976845012267612E-01,
     3.1363923600795124E-01,
    -1.4501558562030803E-01,
    -7.5957369207204362E-03,
    -4.0785992906039020E-01,
     1.6584991010846939E-01,
     1.3484066006931641E-01,
     1.3702549358598221E-01,
     1.7392349196368245E-01,
     1.7513491764001141E-01,
     2.8947923367123657E-01
  ],
  "coordination numbers": [
     5.6192533393498856E+00,
     9.9857826696366825E-01,
     3.0224854814821702E+00,
     3.0084458221029831E+00,
     3.3071807956547561E+00,
     2.9995107308884679E+00,
     3.3850983116367228E+00,
     3.0079495619415066E+00,
     9.9274167428372184E-01,
     9.9294358136435434E-01,
     9.9336128007340641E-01,
     9.9528198062308526E-01,
     9.9295489691094829E-01,
     3.9578847743127579E+00,
     1.0070469240262403E+00,
     1.0430085550260015E+00,
     1.0322109959262837E+00,
     4.4925228250618581E+00,
     4.2218417768583887E+00,
     2.9647113745828602E+00,
     9.9163213536419637E-01,
     1.0879659311929180E+00,
     1.0846111446138584E+00,
     9.9176510343565827E-01,
     9.9177477599100250E-01,
     1.0128507777201836E+00
  ]
}
