{
  "version":  "0.2.0",
  "energy":     1.2241062540122791E+00,
  "charges": [
     8.5104825310805454E-01,
     1.4975436407492287E-01,
     9.9919738281702253E-01
  ],
  "coordination numbers": [
     1.9943494491713141E+00,
     1.0227035306801930E+00,
     1.0207687058935422E+00
  ]
}
