{
  "version":  "0.2.0",
  "energy":    -7.8868638281251080E-01,
  "charges": [
     5.4153224521227994E-01,
    -2.3979301811676890E-02,
    -3.7263070494543515E-01,
    -4.0790628681498320E-01,
    -1.8700171195816317E-01,
    -4.3300961129013282E-01,
    -2.6464250938576050E-01,
     2.0506042659131124E-01,
    -3.7339392945863037E-01,
    -2.5733530265972032E-01,
    -2.5697205850562505E-01,
     9.2086403697670779E-02,
     9.3643309444999781E-02,
     7.1072119332913089E-02,
     7.4854195324060763E-02,
     1.0592761503089895E-01,
     1.1142321834554622E-01,
     9.3260738708704577E-02,
     7.3859195506242564E-02,
     1.1415194963549970E-01
  ],
  "coordination numbers": [
     5.2188577154055551E+00,
     1.0468662795527051E+00,
     1.9880291311009168E+00,
     9.8657685196945444E-01,
     9.9271894107064185E-01,
     9.8320402234797744E-01,
     3.9573571137773564E+00,
     4.3136491847387219E+00,
     1.9692839976194421E+00,
     3.9569686964826269E+00,
     3.9570362842530207E+00,
     9.9419301374753388E-01,
     9.9451485320156419E-01,
     9.9281860112677744E-01,
     9.9319790442890810E-01,
     9.9464805910411069E-01,
     9.9471229026091113E-01,
     9.9409849189207655E-01,
     9.9299277760711124E-01,
     9.9533736166113318E-01
  ]
}
