{
  "version":  "0.2.0",
  "energy":    -2.7174452536447014E-01,
  "charges": [
     5.9901386061112594E-01,
    -2.2421774908385331E-01,
    -3.4803358088808634E-02,
    -4.2300090609629809E-01,
     8.1316582224347400E-02,
     1.0351066892629360E-01,
     1.0764403360905367E-01,
     9.6140333735829031E-02,
     9.4092523156326782E-02,
    -1.3707333866804580E-01,
    -4.2148797184204595E-01,
     9.4842926591826485E-02,
     9.1619333903203037E-02,
     1.0049448872027915E-01,
     2.6319847847950983E-01,
    -9.4773785960384355E-02,
    -4.0121607966681855E-01,
     9.2615693348183148E-02,
     9.3840679830514098E-02,
     9.4534351023394234E-02,
    -2.3046839863769178E-01,
    -7.2542333252792163E-02,
    -4.1741201694600694E-01,
     8.3108532075252844E-02,
     1.0056791835684642E-01,
     1.1632555384645246E-01,
     9.4912108991449751E-02,
     1.0297956837250366E-01,
     2.6341123120771365E-01,
    -2.2579770045789538E-01,
    -3.7588843564812777E-02,
    -4.2622447730156932E-01,
     1.0390405715800623E-01,
     1.0336025514794457E-01,
     8.0566377750978843E-02,
     9.3340531771006319E-02,
     9.1266870728981916E-02
  ],
  "coordination numbers": [
     5.8463134051768684E+00,
     3.9545357397603844E+00,
     4.0059715014593600E+00,
     1.9872349660750528E+00,
     9.9148156140887878E-01,
     9.9129113884677622E-01,
     9.9136227278025846E-01,
     9.8988436964952164E-01,
     9.8981177614885674E-01,
     3.9771386543181695E+00,
     2.9147672034658827E+00,
     9.9113929429666037E-01,
     9.9135171238737740E-01,
     9.9188345749040785E-01,
     1.4267704182666439E+00,
     4.0138775432180118E+00,
     1.9922629231314604E+00,
     9.9029522487599397E-01,
     9.9034014796634651E-01,
     9.9036944567457486E-01,
     3.9612274109424312E+00,
     3.9958400116705004E+00,
     2.9013096553606035E+00,
     9.9164825253783828E-01,
     9.9151088373666152E-01,
     9.9178130162786005E-01,
     9.9094970000488036E-01,
     9.9154625791451689E-01,
     1.4197608985680663E+00,
     3.9542362112250498E+00,
     4.0018852042542417E+00,
     1.9863939673441307E+00,
     9.9147161075444323E-01,
     9.9126274510774248E-01,
     9.9147120558901047E-01,
     9.8996578511625977E-01,
     9.8951856342411215E-01
  ]
}
