{
  "version":  "0.2.0",
  "energy":    -2.0070933827976378E-01,
  "charges": [
     1.1295714225478253E+00,
    -1.9010658386728641E-01,
    -1.9010606952051265E-01,
    -1.8733859603309333E-01,
    -1.8734075112373452E-01,
    -1.8733893228162124E-01,
    -1.8734048972157710E-01
  ],
  "coordination numbers": [
     5.8678686129299376E+00,
     9.9845634622168422E-01,
     9.9845637488167682E-01,
     9.9833755211486164E-01,
     9.9833775778911615E-01,
     9.9833758625354019E-01,
     9.9833772927531861E-01
  ]
}
