{
  "version":  "0.2.0",
  "energy":     4.1693645788237838E-01,
  "charges": [
     1.0145354542923661E+00,
    -2.7712569983218016E-01,
     1.2124179981532429E-01,
    -1.0707069266452161E-01,
     1.8027582921148463E-02,
    -4.4432597172748438E-02,
    -2.4220749103542036E-01,
     2.1321858044688979E-01,
    -5.5511195724087747E-02,
    -4.0653405564315204E-01,
     1.7767423152652306E-01,
     1.6779777481093336E-01,
     1.5917553868829071E-01,
     2.9667659514125289E-01,
     1.2715789802878832E-01,
     2.3728935394624862E-01,
    -3.9991307754565530E-01
  ],
  "coordination numbers": [
     5.1654628391024389E+00,
     2.0024093595736812E+00,
     2.0994301576139414E+00,
     1.0051215428859512E+00,
     1.7594029760033303E+00,
     9.9942720720461153E-01,
     1.7511306814884859E+00,
     9.9405791888718475E-01,
     3.9958550424534067E+00,
     2.9305317055454516E+00,
     9.9196798503377437E-01,
     9.9195621907832798E-01,
     9.9230223819984964E-01,
     1.0014581686798110E+00,
     1.0152298832066293E+00,
     2.1143536684351121E+00,
     2.0121451815836728E+00
  ]
}
