{
  "version":  "0.2.0",
  "energy":    -5.3638001159033588E-01,
  "charges": [
     7.2984595177511569E-01,
    -9.9636996216735385E-02,
    -1.0342092881385367E-01,
    -8.8421557230605963E-02,
     2.2093798535803844E-03,
    -8.4141269531384677E-02,
    -1.0159753886788014E-01,
     2.5003772383691147E-01,
    -3.5632070884785183E-01,
    -3.6820674645425799E-01,
     1.1087692190165227E-01,
     1.1097151111140635E-01,
     1.2881557171950067E-01,
     1.3326023352571373E-01,
     1.1249995977627925E-01,
    -8.4948051666227986E-02,
    -3.4704286596750222E-01,
     3.3971897460728195E-01,
    -3.3587956396801222E-01,
    -6.7056124614447210E-02,
    -3.2544987359181587E-01,
    -8.7688887302113938E-02,
     1.0289292999347102E-01,
     1.1743299159869847E-01,
     1.2699608635779919E-01,
     1.1896759242094893E-01,
     1.1381734456825621E-01,
     1.2748087251871831E-01,
     1.0815012454519976E-01,
     1.1754325652504805E-01,
     1.0429505679585249E-01,
     2.9919132403487980E-02,
    -4.9376093031161966E-01,
    -7.3361773507587535E-01,
     2.6281065357638966E-01,
     2.6547182716477741E-01,
     2.8778905205333005E-01,
    -2.1882029218839849E-01,
    -2.2374930811844607E-02,
    -3.9821764797377146E-01,
     9.1723330764695243E-02,
     1.1782766926891697E-01,
     1.0925600296706897E-01,
     1.0231113579678619E-01,
     1.0905992888932153E-01,
    -9.7730568017410091E-02,
    -1.0026142293896967E-01,
    -8.2449353808185966E-02,
     4.2200246089642568E-03,
    -8.1122249513930322E-02,
    -9.7586518340263884E-02,
     2.6095086051808658E-01,
    -3.5163638530206964E-01,
    -3.9914699699214728E-01,
     1.1234438151056447E-01,
     1.1345316328507710E-01,
     1.3466730818546743E-01,
     1.3890357782405086E-01,
     1.1596299064952836E-01,
     3.1405262144922602E-01
  ],
  "coordination numbers": [
     7.4173176562589802E+00,
     3.0138647921506596E+00,
     3.0121181488250839E+00,
     3.0161763626900449E+00,
     3.0178634415383492E+00,
     3.0158985986999305E+00,
     3.0122864503391273E+00,
     3.8103370445950535E+00,
     1.9565645401058527E+00,
     1.9495440709989902E+00,
     9.9278933073914910E-01,
     9.9283014418071946E-01,
     9.9287792391556451E-01,
     9.9292137783585499E-01,
     9.9284467049995406E-01,
     4.1967699545285333E+00,
     1.9889476053785868E+00,
     4.5084207838346089E+00,
     1.9888486362100251E+00,
     4.1224684711040709E+00,
     1.9896072602640684E+00,
     4.1790236048066829E+00,
     9.9204373520830824E-01,
     9.9113589329522167E-01,
     9.9148918120434182E-01,
     9.9197121431886259E-01,
     9.9178394782649804E-01,
     9.9174282882381881E-01,
     9.9204323909948666E-01,
     9.9133162515073803E-01,
     9.9149104354355799E-01,
     9.9941220726852453E-01,
     1.9909211430547371E+00,
     3.8643325742649131E+00,
     9.9704049672642991E-01,
     1.0047544976412679E+00,
     1.0019661020705399E+00,
     3.9538697871339004E+00,
     4.0568742906011179E+00,
     1.9922508947527096E+00,
     9.9144800142513478E-01,
     9.9143288568429000E-01,
     9.9137401977403794E-01,
     9.8982235225754245E-01,
     9.9014502956030181E-01,
     3.0140107486693992E+00,
     3.0121294941131440E+00,
     3.0173127007428420E+00,
     3.0172928719373271E+00,
     3.0155473312292500E+00,
     3.0123428537662926E+00,
     3.7386061355267222E+00,
     1.9463213818343048E+00,
     1.9166110016287901E+00,
     9.9279725343949021E-01,
     9.9285745207128606E-01,
     9.9294174460760498E-01,
     9.9303514257846004E-01,
     9.9287594662492129E-01,
     9.9806878099869589E-01
  ]
}
