{
  "version":  "0.2.0",
  "energy":    -1.5679573154551490E-01,
  "charges": [
     8.9134871643683122E-01,
    -4.4567290902510176E-01,
    -4.4567580741172952E-01
  ],
  "coordination numbers": [
     1.9977246763972563E+00,
     9.9935630577766954E-01,
     9.9935631783617396E-01
  ]
}
