{
  "version":  "0.2.0",
  "energy":    -1.0625361806306195E+00,
  "charges": [
     7.2912321171684269E-01,
    -1.2238324803892842E-01,
    -1.2211027151321652E-01,
    -9.5976021869272676E-02,
     1.1809685154035021E-03,
    -9.8456944701630911E-02,
    -1.2365957536280003E-01,
     2.6189993693862024E-01,
    -3.6189036970782129E-01,
    -3.6966827896584142E-01,
     8.5980206250825419E-02,
     8.9607030640670049E-02,
     1.1770440944381230E-01,
     1.1575594027906128E-01,
     8.8118623494657405E-02,
    -1.2589143509265632E-01,
    -2.5684490832828666E-01,
     8.7221526637373453E-02,
     9.9878380849265702E-02,
     1.2235633306421800E-01,
     1.7704860582091231E-01,
    -4.5003446442742256E-01,
    -2.3788092136372196E-01,
     7.9736008553558502E-02,
    -2.5461434251715787E-01,
    -2.4509282732355464E-01,
     7.9411643981874641E-02,
     1.2151965068885584E-01,
     1.1260711034091900E-01,
     7.7430458767133142E-02,
     1.0379805006076429E-01,
     8.9451795258871800E-02,
     7.7922948638337763E-02,
     9.8968209720439682E-02,
     1.1302451995087640E-01,
    -2.6275984507590067E-01,
     2.1913836787012020E-01,
    -3.6490322736520725E-01,
    -2.4767270917806106E-01,
    -2.4257140464389093E-01,
     7.5369943335660855E-02,
     9.7451377252611784E-02,
     9.5150081962694061E-02,
     8.0419490379722763E-02,
     1.2695174944203458E-01,
     1.2942778637407057E-01,
     7.8196618296330483E-02,
     1.1102382741567676E-01,
     1.4044204292945806E-01,
    -4.6070360074283223E-02,
    -3.7414021489700944E-01,
     1.8275657315299221E-01,
    -2.4882239920157911E-01,
    -2.6747429134763434E-01,
    -3.4715536702878491E-01
  ],
  "coordination numbers": [
     7.9011066775699010E+00,
     3.0132663324351245E+00,
     3.0120980854657891E+00,
     3.0163969672037725E+00,
     3.0162920833783717E+00,
     3.0162845923579988E+00,
     3.0122271014503585E+00,
     3.7415947917554186E+00,
     1.8996470185216223E+00,
     1.9307299236711382E+00,
     9.9270443946160203E-01,
     9.9273539185195769E-01,
     9.9289309139372950E-01,
     9.9287267281106661E-01,
     9.9273614037019087E-01,
     3.9657337240453456E+00,
     2.9086779112968300E+00,
     9.9111592457522946E-01,
     9.9156366611732327E-01,
     9.9109978925163134E-01,
     2.9198909532814863E+00,
     1.0010526530549173E+00,
     3.9560216241466151E+00,
     3.8852986352028900E+00,
     3.9554005945613806E+00,
     3.9556004035563550E+00,
     9.9186501302362018E-01,
     9.9336573215929569E-01,
     9.9342401777323630E-01,
     9.9182505158744494E-01,
     9.9331316870250941E-01,
     9.9279405475277738E-01,
     9.9174366800293257E-01,
     9.9299726841323199E-01,
     9.9326967292752411E-01,
     3.9572364288597077E+00,
     4.4742104418814712E+00,
     1.9648506836368007E+00,
     3.9578795067283075E+00,
     3.9572583240155694E+00,
     9.9279934732190878E-01,
     9.9415683597696880E-01,
     9.9391064869736656E-01,
     9.9336869115756787E-01,
     9.9567839649080803E-01,
     9.9328540850682767E-01,
     9.9294331347088871E-01,
     9.9411867131665410E-01,
     9.9586552438198339E-01,
     1.0373551645393331E+00,
     1.9669184685881076E+00,
     3.5686571259085946E+00,
     1.9123633512508391E+00,
     1.9093341556356114E+00,
     1.0018102547736909E+00
  ]
}
