{
  "version":  "0.2.0",
  "energy":     2.2195913837747827E-01,
  "charges": [
     8.5450076957206811E-01,
    -6.0312388665905314E-01,
    -2.8566164886240281E-02,
    -4.2049532222028341E-02,
    -4.3640691672284060E-01,
    -3.3385527568795509E-02,
    -2.6872227287771638E-02,
    -5.9562290647035887E-01,
     2.5593774988636198E-01,
     2.4702672672024445E-01,
     1.1979374133200264E-01,
     1.2024908193950209E-01,
     1.1453073749112694E-01,
     1.2536596730339467E-01,
     2.3911559247260200E-01,
     1.1664925117168208E-01,
     1.4505896658825559E-01,
     1.2048022833052960E-01,
     1.2407669123946333E-01,
     2.5155495924455618E-01,
     2.6996581712290157E-01,
    -1.5479237268030058E-01,
    -1.9796876203655991E-01,
     2.1272024085637548E-01,
    -3.9035752995271833E-01,
    -2.1365745383096701E-01,
    -2.1610394137464128E-01,
     1.6665774952978102E-01,
     1.4497647298630209E-01,
     1.2739810493274695E-01,
     1.2541225125069186E-01,
     1.3753754229265597E-01,
     1.3279382899549375E-01,
     1.2740985434817903E-01,
     1.3195061627360896E-01,
     1.4662538310504675E-01,
     1.7989471138919930E-01,
    -2.6091218469849103E-01,
    -2.8114520834143492E-01,
    -2.5671842164257108E-01
  ],
  "coordination numbers": [
     7.3906359739238896E+00,
     3.9141309080227664E+00,
     4.1517625007844963E+00,
     4.0250659173220447E+00,
     3.8818021840179258E+00,
     4.0602733257007522E+00,
     4.0586910744191504E+00,
     3.9082075351485326E+00,
     9.9674844400316776E-01,
     1.0097780453371623E+00,
     9.9139450945518082E-01,
     9.9115146379664676E-01,
     9.9127594629360871E-01,
     9.9129716393231426E-01,
     1.0029353636427683E+00,
     9.9101585699668426E-01,
     9.9149534578471865E-01,
     9.9133369243536329E-01,
     9.9121223964537908E-01,
     1.0030734747198418E+00,
     9.9873612824066260E-01,
     9.9227277391031610E-01,
     3.9575295701596334E+00,
     4.3888208657913044E+00,
     1.9829909908760861E+00,
     3.9577646365213592E+00,
     3.9578266460326388E+00,
     9.9400584652339674E-01,
     9.9409765099273617E-01,
     9.9359085908930567E-01,
     9.9342897073189462E-01,
     9.9428081317972872E-01,
     9.9436372773708381E-01,
     9.9353219792337999E-01,
     9.9388405374102273E-01,
     9.9436652983244134E-01,
     3.6268238493780958E+00,
     1.9447638330392056E+00,
     1.9389575335666320E+00,
     1.0015977179454181E+00
  ]
}
