{
  "version":  "0.2.0",
  "energy":    -4.6983593648722871E-02,
  "charges": [
     3.3398026582487994E-01,
    -3.3398026582487994E-01
  ],
  "coordination numbers": [
     9.9906538507788056E-01,
     9.9906538507788056E-01
  ]
}
