{
  "version":  "0.2.0",
  "energy":    -1.2350580660467536E+00,
  "charges": [
    -2.6427856891468693E-01,
    -4.2755997060475526E-01,
    -1.3081614604805578E+00
  ],
  "coordination numbers": [
     1.9511569366741766E+00,
     9.5348246671333836E-01,
     9.9859123562520491E-01
  ]
}
