{
  "version":  "0.2.0",
  "energy":     2.9536270530134034E-01,
  "charges": [
     8.4640995732914437E-01,
    -5.9121820081787502E-01,
    -1.3046120563387831E-02,
    -1.1650230959343894E-02,
    -5.7525455463620323E-01,
     2.6146239072573590E-01,
     2.6323241216361254E-01,
     1.4659348956000612E-01,
     1.3661538636598897E-01,
     1.3855697369036352E-01,
     1.4542703967756854E-01,
     2.7086033741410631E-01,
     2.7634633665992570E-01,
     1.5661970363599914E-01,
    -3.8585403628204917E-01,
     1.6106775687443375E-01,
    -3.8397033169254730E-01,
    -7.4312189595756328E-01,
     3.0260649637131909E-01,
     3.0119123772590656E-01,
     2.9712585271485914E-01
  ],
  "coordination numbers": [
     5.3485162012881640E+00,
     3.9232512727256426E+00,
     4.1257947896155898E+00,
     4.0783833217724066E+00,
     3.9341571518763132E+00,
     9.9990759511499139E-01,
     9.9900969240681636E-01,
     9.9131694979652352E-01,
     9.9148044403886448E-01,
     9.9145277276824118E-01,
     9.9134360921755071E-01,
     1.0129078038987540E+00,
     1.0047062683995813E+00,
     1.1078554111094849E+00,
     1.9951522359591438E+00,
     1.1018408843894854E+00,
     1.9950918991916149E+00,
     3.9285380007701800E+00,
     1.0080575284913502E+00,
     1.0080271199151749E+00,
     9.9662650109894013E-01
  ]
}
