{
  "version":  "0.2.0",
  "energy":     1.4293554180739738E+00,
  "charges": [
     6.7438808256812921E-01,
    -1.6631077322140392E-02,
    -3.5256498406798897E-02,
     5.5502146456589241E-02,
    -3.3910928050748468E-01,
     7.1326395540688536E-02,
    -2.4859562925500622E-02,
     1.9446477577630750E-01,
     1.7634378413396365E-01,
     1.4484592399900545E-01,
     1.6664223043317844E-01,
     1.8617936979006594E-01,
    -3.3532558196891826E-02,
    -3.3136098601339087E-01,
     3.1157637022250312E-01,
    -3.0534099164670497E-01,
    -8.3859463526978484E-02,
    -3.1145317883344076E-01,
    -2.9025280024292499E-02,
     1.7341538694738556E-01,
     1.7009363155701201E-01,
     1.6174269167189281E-01,
     1.2761050663671505E-01,
     1.5201749557675701E-01,
     1.5816442341026254E-01,
     1.8224232202727683E-01,
     1.6079731661451849E-01,
     1.6421988219001746E-01,
    -1.1643471405601603E-02,
    -2.0084192785333685E-01,
    -2.0367453410033828E-01,
     1.0802642650730920E-01,
     5.2950212337415967E-02,
    -3.5504191062877577E-01,
     4.5090263942765246E-02,
     9.7847142680971416E-02,
    -2.8140494004480499E-01,
     1.9390520889844501E-01,
     1.6747778173092354E-01,
     1.2890383580142875E-01,
     1.8501599749071476E-01,
    -1.6897372305603059E-01,
     7.4462224289972637E-02,
    -1.9621337999839658E-01,
    -1.8751109727087467E-01,
     1.6215118483489133E-01,
     1.7852021688091849E-01,
     1.5400373620613889E-01,
     1.6030935156136483E-01,
     1.5073907127481181E-01,
     1.3530801563453176E-01,
     1.5906178058013098E-01,
     1.4400856474302579E-01,
     1.6182426560658619E-01,
    -7.0248046188283020E-01,
     3.1530913150451467E-01,
     2.9537362993088995E-01,
     3.1635354565459339E-01
  ],
  "coordination numbers": [
     7.7226050259445476E+00,
     3.0217648395044803E+00,
     3.0075065175812803E+00,
     3.3142210725233996E+00,
     2.9825151632332565E+00,
     3.1327621045834357E+00,
     3.0080357461071303E+00,
     9.9266760635729323E-01,
     9.9290610221048592E-01,
     9.9573877991581305E-01,
     9.9255743282735232E-01,
     9.9286120775468945E-01,
     4.0951514102620230E+00,
     1.9843106791372316E+00,
     4.2253953316714199E+00,
     2.9517350572809002E+00,
     4.0295041456995664E+00,
     1.9846053680492020E+00,
     4.0568350315125210E+00,
     9.9244965649411210E-01,
     9.9205702279587715E-01,
     9.9189902297875587E-01,
     9.9215585387296024E-01,
     9.9192964196029454E-01,
     9.9204005467909528E-01,
     9.9224616727950732E-01,
     9.9209207889475071E-01,
     9.9221011560498784E-01,
     2.7059694434412345E+00,
     1.9876787421416511E+00,
     1.9650586504704428E+00,
     3.0641618879838983E+00,
     3.1193294109697867E+00,
     2.9823222700131726E+00,
     3.3077988252006643E+00,
     3.0631704688507231E+00,
     2.0166350618368156E+00,
     9.9237830748082878E-01,
     9.9267794360034678E-01,
     9.9484465193504157E-01,
     9.9240747591655687E-01,
     3.9566462222056495E+00,
     3.9343884867841270E+00,
     3.9563876427019737E+00,
     3.9569252652369409E+00,
     9.9315116138830639E-01,
     9.9269623958818265E-01,
     9.9294309597311514E-01,
     9.9286068380891201E-01,
     9.9270987361490093E-01,
     9.9260715582226400E-01,
     9.9274964521883557E-01,
     9.9274901952333483E-01,
     9.9313367836353628E-01,
     3.9162279313330393E+00,
     9.9995420395339174E-01,
     9.9821664522897979E-01,
     9.9930255032957227E-01
  ]
}
