{
  "version":  "0.2.0",
  "energy":     4.3011558367707631E-01,
  "charges": [
     4.0559488206785721E-01,
     7.4389670353870208E-01,
     8.0303002099067544E-02,
    -4.4843034079974795E-02,
    -1.8495155362565208E-01
  ],
  "coordination numbers": [
     3.8557768708609004E+00,
     2.4084191431177642E+00,
     1.7411430688208158E+00,
     1.6523726532579195E+00,
     9.9733857064158382E-01
  ]
}
