{
  "version":  "0.2.0",
  "energy":    -2.7725204189710639E-01,
  "charges": [
     4.6165982867494670E-01,
     9.5497608427999325E-01,
    -6.9637473748264855E-01,
    -7.2026117547229107E-01
  ],
  "coordination numbers": [
     2.8869622072597689E+00,
     2.8432162646991683E+00,
     1.9956906969087225E+00,
     1.9217849732539403E+00
  ]
}
