{
  "version":  "0.2.0",
  "energy":    -2.4017124035110815E-01,
  "charges": [
     6.2297624318136458E-01,
     3.0385120067397503E-01,
     3.0436939239860961E-01,
    -6.1694748765320717E-01,
    -6.1424934860074210E-01
  ],
  "coordination numbers": [
     3.7704269580363503E+00,
     1.8174008899708287E+00,
     1.8009711665285968E+00,
     9.9940335656328827E-01,
     9.9940352214387040E-01
  ]
}
