{
  "version":  "0.2.0",
  "energy":     3.6621323818568469E-01,
  "charges": [
     7.2215198148967197E-01,
     1.8633111504132055E-01,
    -1.9942170653478597E-01,
    -2.2609132454616512E-01,
    -2.1966132743578667E-01,
    -2.1206925585823766E-02,
    -1.1352887547948831E-01,
    -1.1311733918447892E-01,
    -2.4568548979157806E-02,
    -2.5599796617297554E-01,
     1.5570210516598909E-01,
     1.6472805785481234E-01,
     1.4882514727604174E-01,
     1.4692582366385304E-01,
     1.4559867072283392E-01,
     1.5117598182370390E-01,
     1.4911063407749481E-01,
     1.6057264117323994E-01,
    -1.3336152091224102E-02,
    -1.7249617771294551E-01,
    -1.9065629047781327E-01,
    -1.6374567339628732E-01,
     2.5089078737124915E-01,
    -8.8212946246104623E-02,
    -1.2060728751721428E-01,
    -3.9561823555655629E-02,
    -4.3904567384837626E-02,
     7.8288668177589921E-02,
    -3.2499159396615740E-01,
     8.3076169975274283E-02,
    -4.2154468266861145E-02,
     1.6550579045142241E-01,
     1.6147171053845094E-01,
     1.6760043376274925E-01,
     1.7194183505066638E-01,
     1.6336344091739943E-01
  ],
  "coordination numbers": [
     7.8084644077402938E+00,
     3.8232206786702276E+00,
     1.0016387167657310E+00,
     1.9888893890285839E+00,
     1.9843624133812217E+00,
     4.1589577600666434E+00,
     3.9849683470348145E+00,
     3.9830441794246507E+00,
     4.1682899553528312E+00,
     2.9573262753775973E+00,
     9.9146477429685209E-01,
     9.9209346571934010E-01,
     9.9155161823098670E-01,
     9.9197834655615758E-01,
     9.9199104991655496E-01,
     9.9150724847470784E-01,
     9.9139018689389680E-01,
     9.9206655789758091E-01,
     2.7677211996476681E+00,
     1.9766338331378304E+00,
     1.9877942565114477E+00,
     9.9932399561704788E-01,
     3.2082786353780595E+00,
     1.9690500700846805E+00,
     9.9910623107239349E-01,
     3.0224396559969176E+00,
     3.0099513533884616E+00,
     3.2803448676180134E+00,
     2.9951049514956907E+00,
     3.3008638836778825E+00,
     3.0099480684633182E+00,
     9.9283677331686881E-01,
     9.9303659881010198E-01,
     9.9334079299039502E-01,
     9.9390788057850887E-01,
     9.9301793664748583E-01
  ]
}
