{
  "version":  "0.2.0",
  "energy":    -9.8668358414339097E-01,
  "charges": [
     7.1173257428937831E-01,
    -1.2337332087658312E-01,
    -1.2253145595473836E-01,
    -9.6470332987119156E-02,
    -3.1867037341746229E-03,
    -1.0353370423955238E-01,
    -1.2552668341381457E-01,
     2.5663434126744089E-01,
    -3.7719339717212530E-01,
    -3.4073276079620718E-01,
     8.5688538096154787E-02,
     9.0307454992498287E-02,
     1.2212723861088537E-01,
     1.1252994300683308E-01,
     8.7212588167393704E-02,
    -1.4206518381162944E-01,
    -1.2262776045639899E-01,
     2.4807039624736807E-02,
    -3.4330015714796530E-01,
     6.0530525695118846E-02,
    -5.7030040724887335E-02,
     8.7739771550154541E-02,
     8.9365591012499329E-02,
     1.2662329728379274E-01,
     1.2210432722251018E-01,
     9.0246608570713427E-02,
    -5.0256803710366921E-02,
    -1.5036370844790400E-01,
    -1.4977786508307880E-01,
    -5.7688045773225539E-02,
    -2.4162440055987061E-01,
     8.5891503205459685E-02,
     1.3138302176349406E-01,
     1.1591010006433725E-01,
     7.1281989688981112E-02,
     1.1604010439875952E-01,
     7.1432905520678699E-02,
     1.2084223128651095E-01,
     8.6807646463406093E-02,
    -3.0387548451492574E-01,
    -1.2092297414092201E-01,
    -2.0938254175655679E-01,
    -2.0059837515761475E-01,
    -1.4843238025451627E-01,
    -1.3027063831711241E-01,
    -1.0428142472731020E-01,
    -2.1827356338253903E-02,
    -3.0619655167109648E-02,
    -6.3267489126010615E-02,
     2.8695502076710561E-01,
    -4.1886292746856868E-01,
    -3.3181451685129404E-01,
     8.8305584941280379E-02,
     9.0989771396933997E-02,
     1.2332143847601544E-01,
     1.3834959825261658E-01,
     9.6277333094146961E-02
  ],
  "coordination numbers": [
     7.5902108612110881E+00,
     3.0133453541330528E+00,
     3.0123251523720409E+00,
     3.0162973929584922E+00,
     3.0173382763264369E+00,
     3.0159600577506653E+00,
     3.0121964129801926E+00,
     3.7098987778266705E+00,
     1.9230770022358676E+00,
     1.8900051998351559E+00,
     9.9271328048707907E-01,
     9.9275127353423365E-01,
     9.9286208066575554E-01,
     9.9284259233834327E-01,
     9.9274271804902448E-01,
     2.9947483969110777E+00,
     2.9962355318010685E+00,
     3.0448049728447018E+00,
     2.8881651626276721E+00,
     4.1876893455619735E+00,
     4.1023660090508649E+00,
     9.9236781502927585E-01,
     9.9283627530682494E-01,
     9.9208525217571619E-01,
     9.9139976176857303E-01,
     9.9134153310853002E-01,
     4.0577085866982436E+00,
     3.9688214159401989E+00,
     3.9690648850189998E+00,
     4.0562271870482656E+00,
     2.8031748669147154E+00,
     9.9039021178035824E-01,
     9.9237275707045036E-01,
     9.9188640533864447E-01,
     9.9162493479322222E-01,
     9.9193438329535599E-01,
     9.9166081445829324E-01,
     9.9219803121162364E-01,
     9.9051528300689196E-01,
     9.8271455583959000E-01,
     2.4926255993121051E+00,
     1.8910754018475577E+00,
     1.9211218014208944E+00,
     2.9917709254713296E+00,
     2.9981420794127063E+00,
     3.0023818289192787E+00,
     2.9983835622606154E+00,
     4.1054319067414529E+00,
     4.0983937456073498E+00,
     3.0305352928344833E+00,
     1.0005521509149071E+00,
     1.9907000848099532E+00,
     9.9242074289162474E-01,
     9.9255005205792113E-01,
     9.9271686971252748E-01,
     9.9130053110907035E-01,
     9.9111338896215351E-01
  ]
}
