{
  "version":  "0.2.0",
  "energy":    -2.0673073020599300E-02,
  "charges": [
     2.7142797464401491E-01,
    -6.7862216933072927E-02,
    -6.7850330956327864E-02,
    -6.7859938027056921E-02,
    -6.7855488727557312E-02
  ],
  "coordination numbers": [
     3.8062707977043679E+00,
     9.5443339577426300E-01,
     9.5502324854731491E-01,
     9.5472024225744967E-01,
     9.5481341257221786E-01
  ]
}
