{
  "version":  "0.2.0",
  "energy":    -3.0667024028387707E-01,
  "charges": [
     7.8374963017383448E-01,
    -8.1399714351346283E-02,
    -8.2513777490163309E-02,
    -6.4734969074712767E-02,
     1.8565992141664128E-02,
    -6.6618556407579743E-02,
    -8.3387611410110363E-02,
     2.7047409487386631E-01,
    -3.2670129190407304E-01,
    -3.0287914844129576E-01,
     1.2763468017413249E-01,
     1.3003009486631500E-01,
     1.5137465472051748E-01,
     1.4825320298000366E-01,
     1.2907978028966022E-01,
    -2.9153222505675591E-01,
     4.0765246669321997E-01,
    -3.1473100802656823E-01,
    -2.9969296940128420E-01,
    -7.1463949092467638E-01,
     2.8899814843090554E-01,
     2.8797022024382013E-01,
     2.7954310985611358E-01,
    -6.0603629447503304E-02,
    -1.7085147976545734E-01,
    -1.6304020374252620E-01
  ],
  "coordination numbers": [
     7.8996255837198683E+00,
     3.0146092105621696E+00,
     3.0125449389098327E+00,
     3.0169389369910604E+00,
     3.0207780554920562E+00,
     3.0160539294034958E+00,
     3.0126517532299379E+00,
     3.8719547628867632E+00,
     1.9815308395446545E+00,
     1.9740050119186243E+00,
     9.9281304515885171E-01,
     9.9290711107965723E-01,
     9.9294027883923963E-01,
     9.9294422824058959E-01,
     9.9290449267038650E-01,
     1.9763394870154665E+00,
     3.9668211603106007E+00,
     1.9800199491587227E+00,
     1.9525067779502443E+00,
     3.9132284640499835E+00,
     1.0193178593631327E+00,
     9.9703273061561859E-01,
     1.0038957839620970E+00,
     2.6234521156721629E+00,
     1.9373908459955995E+00,
     1.9638214048699618E+00
  ]
}
