{
  "version":  "0.2.0",
  "energy":     3.1005758155955770E-01,
  "charges": [
     7.5274544264289656E-01,
     4.6266787945420385E-01,
    -2.9890889566196227E-01,
    -5.4299657522720324E-01,
     3.2781635191975245E-02,
    -1.3592119315217949E-01,
     6.3119807608251743E-01,
     9.8433630669751873E-02
  ],
  "coordination numbers": [
     5.9874837333549138E+00,
     2.8631141901412382E+00,
     1.9502453250834328E+00,
     2.9345690052364404E+00,
     2.5397948717908330E+00,
     1.9801040435646495E+00,
     4.3346978658566497E+00,
     2.1100671450808441E+00
  ]
}
