{
  "version":  "0.2.0",
  "energy":     1.6108350164397716E+00,
  "charges": [
     8.1433178129277684E-01,
    -4.8690806681971943E-01,
     3.4683284417734916E-01,
     3.7351155866137564E-01,
     2.7090131963305852E-01,
     3.2289850717712287E-02,
     2.7478935776033886E-02,
    -1.4269997476555329E-03,
     5.6140823279803687E-02,
     1.2575232584213669E-02,
     2.4764585237051828E-02,
     2.9292784661187299E-01,
    -2.6075506148205307E-01,
    -3.4527720274513984E-01,
     2.4343424222659155E-01,
     2.3817918784404463E-01,
     2.0612996516740745E-01,
     2.1569660469175964E-01,
     2.3661893719338664E-01,
     3.2837592466750204E-01,
    -7.0033479816749666E-01,
     3.4949021642005074E-01,
     3.7263381111314131E-01,
     3.5238846166693222E-01
  ],
  "coordination numbers": [
     3.9889484941933189E+00,
     2.9464293924437204E+00,
     1.0042377641584901E+00,
     9.9432109612442687E-01,
     9.9793353101911908E-01,
     2.9998706609499637E+00,
     3.0088048691035452E+00,
     3.0073395388149962E+00,
     3.0023994996864758E+00,
     3.0128811994997893E+00,
     3.0061328019597422E+00,
     3.0736781182843211E+00,
     1.9628646562440597E+00,
     1.9921593208171648E+00,
     9.9259456754361874E-01,
     9.9228728064943628E-01,
     9.9236444652324618E-01,
     9.9258128296970227E-01,
     9.9252579537139862E-01,
     9.9250977260697848E-01,
     3.9334399117515835E+00,
     1.0072652542519478E+00,
     9.9816785050304979E-01,
     1.0021657458660602E+00
  ]
}
