{
  "version":  "0.2.0",
  "energy":     3.2040559766736759E-01,
  "charges": [
    -1.0843808759757323E-03,
     1.0010843808759757E+00
  ],
  "coordination numbers": [
     6.3505342341741144E-01,
     6.3505342341741144E-01
  ]
}
