{
  "version":  "0.2.0",
  "energy":     3.9113431491889816E-01,
  "charges": [
     7.5318485713113692E-01,
    -1.4101920725453154E-01,
     1.2599645828975292E-01,
    -5.8938377750918897E-02,
     1.2733070666897567E-01,
    -3.1170351775477489E-01,
    -1.4030175851507495E-01,
    -3.1318629174769791E-01,
     1.4171263318368588E-01,
     1.5948939008751797E-01,
     1.6186208632895288E-01,
     1.3790887833829674E-01,
     1.4177127038094708E-01,
     1.6271350830898912E-01,
     1.6071587229417006E-01,
     1.8575518269692892E-02,
    -1.5854282035060166E-01,
    -1.4894260326752126E-01,
    -7.2508142626822214E-01,
     3.0855232663043930E-01,
     3.0049213092062033E-01,
     2.9741036607616539E-01
  ],
  "coordination numbers": [
     6.3952912753551292E+00,
     3.9608503127615409E+00,
     3.3539601556898209E+00,
     3.0383707282212740E+00,
     3.3791721772761392E+00,
     1.9982544112142113E+00,
     3.9609388477966840E+00,
     1.9975579577983460E+00,
     9.9241343440112306E-01,
     9.9152587812449422E-01,
     9.9147404745131951E-01,
     9.9329970612729923E-01,
     9.9241972393498212E-01,
     9.9140091430830424E-01,
     9.9157554839074358E-01,
     2.8130547186009149E+00,
     1.9857675281267140E+00,
     1.9909961512189920E+00,
     3.9488711974161577E+00,
     1.0353085760148684E+00,
     1.0035245932567296E+00,
     1.0096685530313607E+00
  ]
}
