{
  "version":  "0.2.0",
  "energy":     9.4490935381552899E-01,
  "charges": [
     7.3682822906302148E-01,
    -3.8468273257835396E-02,
    -4.5457886306663142E-02,
    -4.8092029033223627E-02,
     1.7628901156596100E-02,
    -4.7773285078934968E-02,
    -4.5017582489334018E-02,
     2.5257221865952562E-01,
    -3.3447441396655803E-01,
    -3.3717907290558563E-01,
     1.7442736889575078E-01,
     1.7152067266143778E-01,
     1.6946753559898423E-01,
     1.6982027851007581E-01,
     1.7209584251302729E-01,
    -1.8625021155814533E-02,
    -1.8929287923079252E-01,
    -2.0219679858988776E-01,
    -1.8860429031338360E-01,
     8.0986931097845022E-02,
    -1.9847802734078493E-01,
    -1.7946819415023060E-01,
     1.4639028237125840E-01,
     1.6099983854751529E-01,
     1.5003136233269021E-01,
     1.4310020484568114E-01,
     1.3675164748056290E-01,
     1.4674114145403921E-01,
     1.4627024221297494E-01,
     1.5764984527368187E-01,
     1.6672163163341588E-01,
    -3.2836165596667577E-02,
    -3.6316083563455892E-02,
    -4.8273185159027454E-02,
     2.8290861125140038E-02,
    -3.5941938843525895E-02,
    -4.0092386637176083E-02,
     2.6581707339307803E-01,
    -2.9366321317530392E-01,
    -3.6468225553341765E-01,
     1.7693489957529088E-01,
     1.7641685770338855E-01,
     1.5475875851266527E-01,
     1.7272916893101231E-01,
     1.7295281701788132E-01,
     2.7702837176106299E-01
  ],
  "coordination numbers": [
     7.1295952988883853E+00,
     3.0153867998349639E+00,
     3.0101871931673712E+00,
     3.0160873185716337E+00,
     3.0205214597605838E+00,
     3.0161786103139221E+00,
     3.0101707528383583E+00,
     3.9137585045375181E+00,
     1.9915250457633773E+00,
     1.9905361500803238E+00,
     9.9278458165248029E-01,
     9.9296703957288113E-01,
     9.9290815685365530E-01,
     9.9290509086127088E-01,
     9.9296369296302878E-01,
     2.7817742829121270E+00,
     1.9837171115642809E+00,
     1.9834636818612168E+00,
     3.9575847569901956E+00,
     3.9439136691029804E+00,
     3.9568123534752155E+00,
     3.9568686582953729E+00,
     9.9280696562388826E-01,
     9.9301538607267137E-01,
     9.9295871315590656E-01,
     9.9302531639419289E-01,
     9.9296969700188864E-01,
     9.9298251838080009E-01,
     9.9308190930570017E-01,
     9.9303158145386305E-01,
     9.9302582150301788E-01,
     3.0157903127826868E+00,
     3.0095451233979631E+00,
     3.0150660938777047E+00,
     3.0174847502451119E+00,
     3.0174753871430369E+00,
     3.0097313609278764E+00,
     3.0697532609233971E+00,
     1.9927149696355482E+00,
     1.9919822959581319E+00,
     9.9281180003025327E-01,
     9.9297692239697266E-01,
     9.9247447489368135E-01,
     9.9295041846057508E-01,
     9.9297569416430154E-01,
     9.9285822616354835E-01
  ]
}
