{
  "version":  "0.2.0",
  "energy":    -9.2572818777103771E-01,
  "charges": [
     4.3351405434860690E-01,
    -6.4425054923129310E-01,
    -3.3981701771107020E-01,
    -4.3650998854261247E-01,
     6.5549098962771180E-01,
    -3.8039444154361746E-01,
    -2.8803304694772403E-01
  ],
  "coordination numbers": [
     4.9813383145283154E+00,
     1.7897093618346203E+00,
     1.2309415972579938E+00,
     1.3272454377905909E+00,
     4.4705775818281515E+00,
     2.0556895518101728E+00,
     1.9231840398047639E+00
  ]
}
