{
  "version":  "0.2.0",
  "energy":     3.4038863539539110E-01,
  "charges": [
     7.8415677762319158E-01,
    -3.3229272229159357E-01,
     5.5034246652569813E-02,
    -5.5767839560939669E-02,
    -5.6205489222594746E-02,
    -6.5991811466783484E-02,
     1.2327266461614378E-01,
     1.2458785694320973E-01,
    -6.5425666263793383E-02,
    -5.5792214549829591E-02,
    -5.5845947611921964E-02,
     4.6964400377918138E-02,
    -3.4069632461877958E-01,
     1.6092098524654980E-01,
     1.5085374512607086E-01,
     1.5266017290593639E-01,
     1.3270732228962595E-01,
     1.3258455241658479E-01,
     1.5246605449333162E-01,
     1.5002539394240172E-01,
     1.4202877845944240E-01,
    -3.4448683962314691E-01,
     5.1608258848755439E-01,
    -3.9669740201504500E-01,
    -3.2453003315703183E-01,
    -7.4033797371945084E-02,
    -4.0854223733328709E-01,
     1.4826308307750599E-01,
     1.5197360842727381E-01,
     1.4357465195861918E-01,
     3.0815144204276212E-01
  ],
  "coordination numbers": [
     6.0796267632177177E+00,
     2.9488359565895133E+00,
     3.1352002937690671E+00,
     3.0101740925049292E+00,
     3.0211774488467142E+00,
     3.0135431793463088E+00,
     3.1172077615527138E+00,
     3.1147116449885761E+00,
     3.0134582953780606E+00,
     3.0222580396657612E+00,
     3.0095783732058434E+00,
     3.1218255381954778E+00,
     2.9393322506379693E+00,
     9.9258417649491992E-01,
     9.9304847295795451E-01,
     9.9287950363241961E-01,
     9.9324351925448617E-01,
     9.9325711762378432E-01,
     9.9288976502496595E-01,
     9.9307407881876486E-01,
     9.9230560192362915E-01,
     1.9872436464208052E+00,
     3.9280389250970638E+00,
     1.0492609493688354E+00,
     1.9890537443092215E+00,
     3.9626100112243314E+00,
     2.9276121212688899E+00,
     9.9166400495641227E-01,
     9.9179471931779428E-01,
     9.9200787194827633E-01,
     1.1315182028350907E+00
  ]
}
