{
  "version":  "0.2.0",
  "energy":    -4.1220775606699706E-02,
  "charges": [
     3.8316228184278406E-01,
    -3.8316228184278406E-01
  ],
  "coordination numbers": [
     9.9626844538771220E-01,
     9.9626844538771220E-01
  ]
}
