{
  "version":  "0.2.0",
  "energy":    -1.4295557992297392E+00,
  "charges": [
     2.6852310435930304E-01,
    -2.4721964628352350E-01,
    -6.7131954101557079E-01,
    -9.8916541387981283E-01,
     3.1903867947589426E-01,
    -6.7985718265629025E-01
  ],
  "coordination numbers": [
     4.7080789644223238E+00,
     1.1704515188350486E+00,
     1.9935885090209480E+00,
     1.9532759329379399E+00,
     2.0867204465838212E+00,
     1.9841872202648041E+00
  ]
}
