{
  "version":  "0.2.0",
  "energy":    -2.1520414615642069E-01,
  "charges": [
     1.0798911901894721E+00,
    -2.8212447065350282E-01,
    -2.0944587244183521E-01,
    -3.0616691637185345E-01,
    -2.8215393072228045E-01
  ],
  "coordination numbers": [
     3.9696450137647510E+00,
     9.9743012610161852E-01,
     9.9132961139155640E-01,
     9.9808599202327208E-01,
     9.9970103075647998E-01
  ]
}
