{
  "version":  "0.2.0",
  "energy":     2.5121477187105495E-01,
  "charges": [
     6.7398801800772956E-01,
     1.4850324861904624E-01,
    -2.8822799319745102E-01,
    -2.9760361608906344E-01,
     4.2205416430496484E-01,
    -3.0510194945169850E-01,
    -3.2055930666451116E-01,
    -7.3028694740130495E-01,
     2.8450380870150815E-01,
     3.0601930840681252E-01,
     2.8662391989626590E-01,
    -1.4059011669038474E-01,
     1.3384390952472705E-01,
    -3.3318477953019277E-01,
     1.5159906620982963E-01,
     1.4502068390924031E-01,
     1.4630928335263460E-01,
    -5.3921161829825259E-02,
    -5.6291724209517835E-02,
     7.0915731166754023E-02,
    -3.0999495483135153E-01,
     5.3110012012774516E-02,
    -5.7360962347552003E-02,
     1.5123034403172569E-01,
     1.4787673128291384E-01,
     1.6651322327735338E-01,
     1.4504432524264799E-01,
     1.4681958674524101E-01,
    -5.7844464507397775E-02,
    -5.9216457690967936E-02,
    -4.6017365502500934E-02,
     1.9231536265514770E-02,
    -6.8879531489654977E-02,
    -6.1665868864566195E-02,
     2.5767239598531133E-01,
    -2.9188245132930718E-01,
    -4.1111384392920125E-01,
     1.5194801968437474E-01,
     1.5348921063214438E-01,
     1.7043138764147336E-01,
     1.4079037251672855E-01,
     1.5093261742215394E-01,
     2.6527259071657899E-01
  ],
  "coordination numbers": [
     7.7265864671765048E+00,
     1.8251950936750365E+00,
     9.9951632265951496E-01,
     1.9566198871031499E+00,
     3.9616418781083373E+00,
     1.9760380053777515E+00,
     1.9082017051516713E+00,
     3.9061705911602109E+00,
     9.9665459523633881E-01,
     1.0906421138718567E+00,
     9.9674199725890222E-01,
     3.9583133901743084E+00,
     2.3401158622213192E+00,
     1.9461330672598303E+00,
     9.9146057568634482E-01,
     9.9193243393944819E-01,
     9.9188740633291950E-01,
     3.0230688737520977E+00,
     3.0104819754974033E+00,
     3.1674702269716670E+00,
     2.9348755098627732E+00,
     3.1003102551782220E+00,
     3.0103362646982221E+00,
     9.9284877354260015E-01,
     9.9302029545070525E-01,
     9.9285955396662473E-01,
     9.9256309677607835E-01,
     9.9302556768924433E-01,
     3.0143581027582051E+00,
     3.0130599062359602E+00,
     3.0157673992328631E+00,
     3.0193759053330105E+00,
     3.0150843654825978E+00,
     3.0115218130197130E+00,
     3.1197928202630143E+00,
     1.9707016600253668E+00,
     1.9917131103973302E+00,
     9.9285933635854295E-01,
     9.9292599166901585E-01,
     9.9263631650434370E-01,
     9.9247730689197944E-01,
     9.9296204748948558E-01,
     9.9335314542420150E-01
  ]
}
