{
  "version":  "0.2.0",
  "energy":     1.5160208406303450E+00,
  "charges": [
     8.3320082320463396E-01,
    -5.5190944327221680E-01,
     2.7000262877827641E-02,
     1.7385322254967694E-02,
    -4.2626644680619757E-01,
     7.0780826509252437E-03,
     4.0340219140916234E-02,
    -5.5227290688803332E-01,
     3.3219637149039555E-01,
     3.2703309589193014E-01,
     2.1828453295213801E-01,
     1.8424868302598638E-01,
     2.0820236415173310E-01,
     2.0210950153504825E-01,
     3.0131856151906827E-01,
     2.0740001933482438E-01,
     1.8340836418878392E-01,
     2.1406397170049424E-01,
     1.6902193940641916E-01,
     3.3502170482593319E-01,
     3.4199995190051397E-01,
     1.8191827880266326E-01,
     1.2841429822156587E-02,
    -1.2864189418435787E-01,
    -1.4213017943149164E-01,
    -6.6208143691530297E-01,
     3.7394033290907952E-01,
     3.7313064679726071E-01,
     3.7215784711390071E-01
  ],
  "coordination numbers": [
     7.2448095724902730E+00,
     3.9306472361107820E+00,
     4.0968801426393968E+00,
     4.1142081687707517E+00,
     3.9263914763210224E+00,
     4.1610990645334649E+00,
     4.5305250198085236E+00,
     3.9446795621336577E+00,
     9.9993203682803067E-01,
     1.0163580506104841E+00,
     9.9146390578281096E-01,
     9.9138145912830300E-01,
     9.9129072701189447E-01,
     9.9130142575792402E-01,
     1.0094439025081163E+00,
     9.9132127034578676E-01,
     9.9155030559895163E-01,
     9.9121234065358532E-01,
     1.0585973665556470E+00,
     1.0043226410883550E+00,
     1.0022639298429663E+00,
     3.8067572364941196E+00,
     1.0008511163604119E+00,
     1.9880659184220155E+00,
     1.9906197820634688E+00,
     3.9155795808642724E+00,
     1.0004364325296713E+00,
     9.9968825242631798E-01,
     9.9745973936768806E-01
  ]
}
