{
  "version":  "0.2.0",
  "energy":    -5.0399978351715169E-01,
  "charges": [
     6.3800435495087160E-01,
    -5.5944059081177455E-01,
    -3.3971164851996305E-02,
    -5.0142351435299229E-02,
    -4.1065773510491133E-01,
    -4.6222529816795449E-02,
    -3.9475545899652402E-02,
    -5.6489135410494362E-01,
     2.8074924136683604E-01,
     2.3728162496221775E-01,
     9.2260993375295572E-02,
     1.2249616445735265E-01,
     1.0235716758011718E-01,
     8.7475468880034796E-02,
     2.1130950036891849E-01,
     1.1763261918178702E-01,
     8.5188369143348680E-02,
     8.9952459378847965E-02,
     1.0458464080982326E-01,
     2.7503533604769692E-01,
     2.4050218147492997E-01,
    -5.7856381628366316E-01,
     2.6973207179659237E-01,
    -7.5506080279060794E-01,
     2.4766777680763225E-01,
     2.8833721378878746E-01,
     2.7557973552778714E-01,
     1.9892200305700525E-01,
    -2.4848535028195259E-01,
    -3.2489481966065503E-01,
    -3.7177359797394660E-01,
    -9.1886358118584838E-02,
    -9.5753652176927842E-02,
    -7.6578074772995580E-02,
     1.4488882445341206E-02,
    -6.9833110176587013E-02,
    -8.8569502932556901E-02,
     2.6306830772164014E-01,
    -3.4773961871367509E-01,
    -4.2536578569328209E-01,
     1.1567892850208783E-01,
     1.1491110480187826E-01,
     1.3113851066099849E-01,
     1.3801753080061460E-01,
     1.2044135635755980E-01,
     3.1649221735480476E-01
  ],
  "coordination numbers": [
     7.6628494999719354E+00,
     3.8734735092856596E+00,
     4.0872388707977017E+00,
     4.0601430766840227E+00,
     3.9037790856243237E+00,
     4.1375800373426994E+00,
     4.0395379555181474E+00,
     3.9174623639136010E+00,
     1.0018884516834552E+00,
     9.9744722357129412E-01,
     9.9043419844800606E-01,
     9.9179413900058311E-01,
     9.9109178161280820E-01,
     9.9018775413859839E-01,
     1.0404044466083171E+00,
     9.9153705082734866E-01,
     9.9007128177160642E-01,
     9.9020978055005671E-01,
     9.9109382157773140E-01,
     1.4501210558088582E+00,
     9.9745324983251216E-01,
     1.9851827265122690E+00,
     1.0174813703612831E+00,
     3.9105018562106757E+00,
     9.9641428973152291E-01,
     1.5003436152168863E+00,
     1.0285340355453920E+00,
     3.1382070054303117E+00,
     1.9541837580441568E+00,
     1.0023926470099287E+00,
     1.0186081905804025E+00,
     3.0142379833082815E+00,
     3.0123583418027025E+00,
     3.0187680655465847E+00,
     3.0179798615035773E+00,
     3.0151769818003933E+00,
     3.0126544558649719E+00,
     3.5194704736750806E+00,
     1.8949708363972686E+00,
     2.1092993972432090E+00,
     9.9280499686964685E-01,
     9.9286173311842862E-01,
     9.9292223911962285E-01,
     9.9299746043782644E-01,
     9.9288727526867504E-01,
     9.9551947389974949E-01
  ]
}
