{
  "version":  "0.2.0",
  "energy":    -2.2269067858049355E-01,
  "charges": [
     5.7558548197368009E-01,
    -2.3005583500192267E-01,
     2.0918239203557082E-01,
    -3.6225549740193042E-01,
    -2.1647770314213033E-01,
    -2.1594835145340088E-01,
     1.2187092122545395E-01,
     1.0654884584336623E-01,
     1.2178821986486996E-01,
     1.1049226039514556E-01,
     1.2501776612860704E-01,
     1.6489785301767876E-01,
     1.1047347902987725E-01,
     1.6221654533834223E-01,
     1.2532901630338800E-01,
     1.2425298721591876E-01,
    -3.1458088175852517E-01,
    -1.2773552833398674E-01,
    -3.2662635598352385E-01,
     4.7756850950557839E-01,
    -3.2213082900682172E-01,
    -4.1941329579523540E-01
  ],
  "coordination numbers": [
     5.9628947899253255E+00,
     3.9576283294309489E+00,
     4.3494478259150942E+00,
     1.9862328536014653E+00,
     3.9570529477053471E+00,
     3.9572959579924269E+00,
     9.9418133457518820E-01,
     9.9325012433848681E-01,
     9.9410878902898414E-01,
     9.9365965686887936E-01,
     9.9441531664947469E-01,
     9.9591111870732529E-01,
     9.9365462681646743E-01,
     9.9569964916985665E-01,
     9.9429699798159721E-01,
     1.8345024733093078E+00,
     9.9949647999317204E-01,
     9.9113798641372686E-01,
     1.9885570095696679E+00,
     3.9197878838457862E+00,
     1.9897911859152408E+00,
     1.0008680418812537E+00
  ]
}
