{
  "version":  "0.2.0",
  "energy":    -2.7783336223585225E-01,
  "charges": [
     6.0217272933892563E-01,
     1.8050540616278304E-01,
    -3.1170404232170423E-01,
    -2.8948056285299073E-01,
    -2.6318751426080927E-01,
    -2.1385180304528667E-01,
    -5.8601910281836672E-02,
    -3.9850289826021623E-01,
     9.9175902215643194E-02,
     1.0485716146559869E-01,
     1.3577150025142606E-01,
     1.0358877374006789E-01,
     1.2899954631148164E-01,
     2.6128686903803944E-01,
    -9.4594898149748419E-02,
    -4.2114883731895070E-01,
     9.2386885140026020E-02,
     9.7272621100571138E-02,
     9.4691930752619433E-02,
    -2.2407026826082199E-01,
    -2.3733019153100166E-02,
    -3.8554057021194643E-01,
     8.9625632466775962E-02,
     1.0085197979253623E-01,
     1.0361669071450873E-01,
     1.0918184207839413E-01,
     1.0787355888890124E-01,
    -2.5380442579794260E-01,
     6.7894672195384184E-02,
    -2.3471781599249225E-01,
    -2.3764784637382860E-01,
     9.4394551710062197E-02,
     9.3098473955392683E-02,
     9.4158993003280733E-02,
     9.6487204053749415E-02,
     1.0309491044635369E-01,
     1.2859667655280688E-01,
     9.6440020986042194E-02,
     1.2461421058457599E-01,
     9.9947669335728434E-02
  ],
  "coordination numbers": [
     6.5689814636976509E+00,
     3.5867640827123353E+00,
     1.0016993675123826E+00,
     1.9298453256182935E+00,
     1.9329324040872198E+00,
     3.9550108001746667E+00,
     3.9756647014213922E+00,
     2.9033948877081235E+00,
     9.9168168998004624E-01,
     9.9144250661699651E-01,
     9.9160996194121420E-01,
     9.9097947909194772E-01,
     9.9171253849448782E-01,
     1.3326449515136582E+00,
     4.0193349272718688E+00,
     1.9880850619996737E+00,
     9.8980831518501056E-01,
     9.9030300826378070E-01,
     9.8999784843874838E-01,
     3.9539188148025888E+00,
     4.0273678922974190E+00,
     1.9927145567504301E+00,
     9.9151348313292598E-01,
     9.9135531305596114E-01,
     9.9139754265424962E-01,
     9.9020977050575798E-01,
     9.9016957793796934E-01,
     3.9561776532579556E+00,
     3.9324341758545192E+00,
     3.9563857401041878E+00,
     3.9562068060800515E+00,
     9.9222028931611383E-01,
     9.9306371903342505E-01,
     9.9307079828115441E-01,
     9.9217944448871087E-01,
     9.9301926351901759E-01,
     9.9355934919534405E-01,
     9.9214348325588553E-01,
     9.9347628670443111E-01,
     9.9288525966302199E-01
  ]
}
