{
  "version":  "0.2.0",
  "energy":    -2.6196272087631180E-02,
  "charges": [
     3.6583632751411377E-01,
    -4.0590479222165181E-02,
    -3.8884374075519562E-02,
    -2.0754681492869184E-01,
    -3.9109924654154755E-02,
    -3.9704734633582414E-02
  ],
  "coordination numbers": [
     4.8880370281165115E+00,
     1.7514651191194259E+00,
     1.7507631558215619E+00,
     9.9564192436335297E-01,
     1.7511751105769049E+00,
     1.7503709605282483E+00
  ]
}
