{
  "version":  "0.2.0",
  "energy":     2.6791808913499804E-01,
  "charges": [
     7.0783565880192589E-01,
    -1.2854618743544322E-01,
     2.4401888012827966E-01,
    -1.0719452247135863E-01,
    -1.0658959547375735E-01,
     1.3688981295287950E-01,
    -3.5512767924107336E-01,
     3.6781719266148816E-02,
     1.8134194637769852E-01,
    -3.4100286991880024E-01,
    -4.9797284069674541E-02,
    -3.1633054112828873E-01,
     2.8813194831993411E-01,
    -2.3288773153125419E-01,
    -7.1250210227357558E-02,
    -2.4469652716637152E-01,
    -7.4166199546944922E-02,
     1.5517509610028901E-01,
     1.6836807302210921E-01,
     1.4051241522676192E-01,
     1.6553564696666728E-01,
     1.4895556133931204E-01,
     1.5270095700370506E-01,
     1.6249078826570829E-01,
     1.4465382573293875E-01,
     1.5827796329834212E-01,
    -1.5381606520829882E-01,
     2.4080108080827262E-01,
    -1.1227729893300625E-01,
    -1.2210840268926704E-01,
    -7.2268912857512868E-01,
     3.0101326221258851E-01,
     2.9941514135037983E-01,
     3.0558046644208137E-01
  ],
  "coordination numbers": [
     7.9769899570193106E+00,
     9.9910240824588481E-01,
     3.5565049462739600E+00,
     1.7912582370093943E+00,
     1.8521870724714526E+00,
     1.9774998060884448E+00,
     1.0465859266172206E+00,
     1.9003849311589667E+00,
     2.8989937160360411E+00,
     1.9271650793768886E+00,
     4.1356597533784374E+00,
     2.0410730408409448E+00,
     4.2398534532344083E+00,
     2.9122885845893132E+00,
     4.1327891305531317E+00,
     2.9129075802039814E+00,
     4.1474283462488231E+00,
     9.9218435829802054E-01,
     9.9174810666650792E-01,
     9.9141846705537962E-01,
     9.9227144815400603E-01,
     9.9186010986024176E-01,
     9.9182264923086194E-01,
     9.9213688922387178E-01,
     9.9154802389202867E-01,
     9.9182963218242293E-01,
     9.9905288579358764E-01,
     3.5579545533861685E+00,
     1.8603766090910829E+00,
     1.7401188872532325E+00,
     3.9343381558449346E+00,
     1.0087074839847130E+00,
     1.0403362123422983E+00,
     1.0109734614803330E+00
  ]
}
