{
  "version":  "0.2.0",
  "energy":    -1.8140944250485608E-01,
  "charges": [
     8.3351259384758503E-01,
    -5.0525426541078466E-01,
    -3.2825832843680036E-01
  ],
  "coordination numbers": [
     1.9966415714929662E+00,
     9.9934818081918930E-01,
     9.9827964357503873E-01
  ]
}
