{
  "version":  "0.2.0",
  "energy":    -4.0234919764560340E-02,
  "charges": [
    -2.9546220591414851E-01,
     2.9546220591414851E-01
  ],
  "coordination numbers": [
     8.8355604437741775E-01,
     8.8355604437741775E-01
  ]
}
