{
  "version":  "0.2.0",
  "energy":     1.6289040494257081E+00,
  "charges": [
     7.5932517524287846E-01,
    -5.6519944278406986E-01,
     4.1096895197431538E-02,
     4.6600276409625829E-02,
    -5.4195773578941697E-01,
     3.1904661582700855E-01,
     3.2146691702886954E-01,
     2.2356500230632936E-01,
     2.0140208010479210E-01,
     2.1768604489436258E-01,
     2.2605461611980560E-01,
     3.4892159054814448E-01,
     3.2168663396804442E-01,
     2.5642384685316766E-02,
    -3.6694306331664434E-01,
     2.5217601376122778E-01,
     2.3869102865268826E-01,
     2.2413501590228149E-01,
     3.2462201599842849E-01,
     3.8198193524289586E-01
  ],
  "coordination numbers": [
     4.4643296872778890E+00,
     3.9471656571997409E+00,
     4.1582167393853187E+00,
     4.1145858185976660E+00,
     3.9364398286722091E+00,
     1.0183495387953645E+00,
     1.0149317436174456E+00,
     9.9141899727450511E-01,
     9.9133356739377998E-01,
     9.9122573312792994E-01,
     9.9139425732692832E-01,
     1.0017312737747206E+00,
     1.0182585566537243E+00,
     4.0160433038406698E+00,
     2.9471536668990890E+00,
     9.9201233544457157E-01,
     9.9207072469477353E-01,
     9.9195696601852035E-01,
     1.0299979103844592E+00,
     9.9851314639002187E-01
  ]
}
