{
  "version":  "0.2.0",
  "energy":     8.7935865867597063E-01,
  "charges": [
     6.9526931541446735E-01,
    -5.7285063225667776E-01,
    -1.1348043250687057E-02,
    -7.6868620917111552E-03,
    -5.4942724447789182E-01,
     2.4149452080927372E-01,
     2.6169209182017922E-01,
     1.4097285394140383E-01,
     1.4597731050072041E-01,
     1.5307993097047162E-01,
     1.4275426311523681E-01,
     2.7790805816910646E-01,
     2.6905332019733952E-01,
    -1.1445461475026537E-01,
    -5.1284471779662966E-01,
     3.2254187521854349E-01,
    -3.7937390604191101E-02,
    -4.1474168802051237E-02,
    -5.4519453766356529E-02,
     2.2160868750786378E-02,
    -4.8393038709957981E-02,
    -4.8715405611125737E-02,
     2.5420868038087907E-01,
    -3.2029428320747239E-01,
    -4.1271846699732506E-01,
     1.7285895071554419E-01,
     1.7226163588072077E-01,
     1.4934112095158639E-01,
     1.5681620861877427E-01,
     1.6519654325254218E-01,
     2.7420144431561666E-01,
    -2.0852223245113002E-01,
     5.1972007254670244E-02,
    -1.9824051680338062E-01,
    -2.0592820352738678E-01,
     1.4603815848894430E-01,
     1.3788607627244362E-01,
     1.3451283482623017E-01,
     1.4527364696888315E-01,
     1.4498901700833172E-01,
     1.4374374294510323E-01,
     1.4477690897453549E-01,
     1.3685067121648015E-01,
     1.4152321812542568E-01
  ],
  "coordination numbers": [
     5.9960603991956063E+00,
     3.9177021551160491E+00,
     4.0650853137623884E+00,
     4.0525199302845731E+00,
     3.9178914630882851E+00,
     1.0022774525430336E+00,
     1.0021827654725231E+00,
     9.9153288001884921E-01,
     9.9153443199838343E-01,
     9.9140027295982946E-01,
     9.9151051093577447E-01,
     9.9982633633982321E-01,
     1.0108302510114413E+00,
     9.9644247926211094E-01,
     1.9912761301845920E+00,
     1.0076513036426409E+00,
     3.0155528223652928E+00,
     3.0101751380309052E+00,
     3.0147462693739175E+00,
     3.0178196132222883E+00,
     3.0182594470174253E+00,
     3.0104414899493630E+00,
     3.0877706515019110E+00,
     1.9847018725608354E+00,
     1.9917878955163486E+00,
     9.9282830611921558E-01,
     9.9298498345514830E-01,
     9.9239944746863440E-01,
     9.9301380130914030E-01,
     9.9296250062313529E-01,
     9.9292285072287800E-01,
     3.9563367938817020E+00,
     3.9244445702464033E+00,
     3.9565734143424178E+00,
     3.9567020059489497E+00,
     9.9262765618258086E-01,
     9.9295651498680648E-01,
     9.9264750064673279E-01,
     9.9271009469539084E-01,
     9.9295846346887640E-01,
     9.9301790488019304E-01,
     9.9267935570702104E-01,
     9.9278468589243118E-01,
     9.9300181132160148E-01
  ]
}
