{
  "version":  "0.2.0",
  "energy":     1.1224350792333118E+00,
  "charges": [
     8.7752966650467212E-01,
     7.5978860769394863E-01,
     2.3676265346613951E-01,
     1.2591907233523963E-01
  ],
  "coordination numbers": [
     1.8933008524769219E+00,
     2.6303191892825684E-01,
     2.1196294261271138E+00,
     1.7612916081783228E+00
  ]
}
