{
  "version":  "0.2.0",
  "energy":    -2.7370016832283312E-01,
  "charges": [
    -1.9956959486889525E-02,
    -5.3779694598434158E-01,
    -4.9314960714952488E-01,
     4.3431368166291195E-01,
     6.1658983095784403E-01
  ],
  "coordination numbers": [
     3.7930649436093908E+00,
     2.8830466103619292E+00,
     1.6414950656658496E+00,
     3.0173272991683096E+00,
     2.4968199726868443E+00
  ]
}
