{
  "version":  "0.2.0",
  "energy":    -1.0624790823130812E+00,
  "charges": [
     7.7489660215482359E-01,
    -5.4164145936737063E-01,
     2.6175671651480459E-01,
    -1.1381603692682485E-01,
    -1.1358646273064399E-01,
    -8.8489634512829651E-02,
     5.6476009908257296E-03,
    -8.7512057407690635E-02,
    -1.1317597158214654E-01,
     2.6123172839286490E-01,
    -3.3291838433499321E-01,
    -3.4550320908632282E-01,
     9.4666152083379085E-02,
     9.8487386643584252E-02,
     1.2920968310502851E-01,
     1.2991336800863099E-01,
     9.8593234759832921E-02,
     1.8407077848030196E-01,
    -2.6996983872895131E-01,
    -2.3316534421385871E-01,
    -3.2430515599793897E-01,
    -2.9637817312629511E-01,
     2.4964571427796289E-02,
    -3.5940075304076302E-01,
    -7.9616381573077710E-02,
    -3.2852020741713484E-01,
     2.9985554005399540E-01,
    -3.2984673348028870E-01,
    -9.7754728598476726E-02,
    -2.4794064979220432E-01,
    -9.6288249922871993E-02,
     9.7521374730326987E-02,
     1.1343647800353263E-01,
     1.4431076674509802E-01,
     9.3986838090960673E-02,
     9.6336614089164940E-02,
     1.2755998600074819E-01,
     1.3213649589213608E-01,
     1.1827037499204628E-01,
     1.1297714068080243E-01
  ],
  "coordination numbers": [
     7.4943042719147233E+00,
     1.9895286458225794E+00,
     1.0194217918637625E+00,
     3.0132339799455821E+00,
     3.0122175490146192E+00,
     3.0161086559165984E+00,
     3.0169039201231262E+00,
     3.0160370312746263E+00,
     3.0123156393497039E+00,
     3.7901542211744861E+00,
     1.9248581322253147E+00,
     1.9498832720094308E+00,
     9.9270482102314705E-01,
     9.9274225477431877E-01,
     9.9288730465074160E-01,
     9.9288848526263784E-01,
     9.9274114644598299E-01,
     3.5732001523734453E+00,
     1.9328084149355123E+00,
     1.8919801922625110E+00,
     1.0018445508007385E+00,
     1.9904189649971773E+00,
     2.0510658495102803E+00,
     1.0052603512529696E+00,
     4.2178593745633872E+00,
     1.9894700304540818E+00,
     4.0839974540962078E+00,
     1.9890590721279278E+00,
     4.2139051612834253E+00,
     2.8084492104930510E+00,
     4.1475265723103725E+00,
     9.9183623277379773E-01,
     9.9109181536160573E-01,
     9.9083736473950257E-01,
     9.9176365272099964E-01,
     9.9107673350388659E-01,
     9.9088367841702940E-01,
     9.9219311885527883E-01,
     9.9166032854745545E-01,
     9.9162691999477381E-01
  ]
}
