{
  "version":  "0.2.0",
  "energy":    -4.9995553377194024E-02,
  "charges": [
     3.0424154992238028E-01,
     2.3954025843685722E-01,
    -5.4378180835923751E-01
  ],
  "coordination numbers": [
     1.9370758717432697E+00,
     1.3940125344799705E+00,
     1.4430183642537724E+00
  ]
}
