{
  "version":  "0.2.0",
  "energy":    -6.8824879462027033E-02,
  "charges": [
     5.8413250650764248E-01,
    -9.2472454840372156E-02,
    -9.3078136849985449E-02,
    -2.1442606466974617E-01,
    -9.0968540634000533E-02,
    -9.3187309513538180E-02
  ],
  "coordination numbers": [
     4.9080129469165605E+00,
     1.6614376403217213E+00,
     1.6471699309941261E+00,
     9.9721275896871919E-01,
     1.6611157555783294E+00,
     1.6462642326110890E+00
  ]
}
