{
  "version":  "0.2.0",
  "energy":    -4.1600989409560786E-02,
  "charges": [
     4.5651802684061915E-01,
    -6.9467390680051755E-02,
    -6.9273008119724977E-02,
    -1.7956525052530659E-01,
    -6.9018891230983703E-02,
    -6.9193486284552144E-02
  ],
  "coordination numbers": [
     4.8948723537707171E+00,
     1.6369788765547382E+00,
     1.6353229654640007E+00,
     9.9631411392884850E-01,
     1.6365689127170695E+00,
     1.6354690309709454E+00
  ]
}
