{
  "version":  "0.2.0",
  "energy":    -3.1974940760212034E-01,
  "charges": [
     8.0833839724116596E-01,
    -2.4154463239431781E-01,
     2.0752796822652408E-01,
    -3.8964365587722072E-01,
    -2.4793667958816509E-01,
    -2.4146843202276649E-01,
     1.1084373750064605E-01,
     1.1294576878677906E-01,
     9.2984904250082615E-02,
     9.3774867656501393E-02,
     1.1309428534793405E-01,
     1.0752479267621473E-01,
     1.1856901770182507E-01,
     9.4178542186758002E-02,
     1.1825774115895596E-01,
    -3.6208416786436570E-01,
     3.6190696781914522E-01,
    -3.7115719838446343E-01,
    -3.2525635743701792E-01,
    -2.2949521400318557E-01,
     6.4235154208301698E-02,
    -2.4670918233406577E-01,
    -2.4518803306047049E-01,
     9.5486068903644972E-02,
     1.2161405592907545E-01,
     1.2027222394302221E-01,
     9.6552935806114279E-02,
     1.0670289322682323E-01,
     1.0532340168469169E-01,
     1.0688142144222794E-01,
     1.0812008350339641E-01,
     9.6712061345253841E-02,
    -1.9391889366947038E-01,
    -5.5871455020175398E-01,
     2.9126970629217941E-01
  ],
  "coordination numbers": [
     7.4676630239971944E+00,
     3.9576601595307057E+00,
     4.3815554054668135E+00,
     1.9836406547986618E+00,
     3.9574287391901741E+00,
     3.9575271979548852E+00,
     9.9435166447251255E-01,
     9.9437823824545646E-01,
     9.9317891606674902E-01,
     9.9332267626115556E-01,
     9.9554175899746600E-01,
     9.9433897062246768E-01,
     9.9523050983013306E-01,
     9.9336110733366745E-01,
     9.9444238017340769E-01,
     1.9547719017032517E+00,
     3.9669224824547928E+00,
     1.9676015785361898E+00,
     1.9787539656423414E+00,
     3.9568321163381084E+00,
     3.9852039602936147E+00,
     3.9563279991791180E+00,
     3.9563650461405411E+00,
     9.9228195272793673E-01,
     9.9380680413732403E-01,
     9.9404937829811590E-01,
     9.9223578867566342E-01,
     9.9307993591894128E-01,
     9.9350887649952391E-01,
     9.9354204619853892E-01,
     9.9316441412705192E-01,
     9.9217261754464392E-01,
     1.0255991519418357E+00,
     1.9911670286765801E+00,
     1.1294607626585309E+00
  ]
}
