{
  "version":  "0.2.0",
  "energy":    -3.6688168756786987E-02,
  "charges": [
     4.0286156627978453E-01,
    -1.0781434546748792E-01,
    -1.0101105170746733E-01,
    -1.0779069646581051E-01,
     9.9863892579576327E-03,
    -9.6231861896976453E-02
  ],
  "coordination numbers": [
     4.8795387510349180E+00,
     1.6743186494006794E+00,
     1.6199748439452142E+00,
     1.6738983904251148E+00,
     2.3296346605524265E+00,
     1.6200371350422538E+00
  ]
}
