{
  "version":  "0.2.0",
  "energy":    -1.0610676144850285E-01,
  "charges": [
    -1.2741244143798908E-01,
     4.2524378300524407E-01,
    -1.4875049430357462E-01,
    -1.4908084726368037E-01
  ],
  "coordination numbers": [
     2.8572543097121210E+00,
     9.2366042400762272E-01,
     9.6859628032573930E-01,
     9.6891242283924495E-01
  ]
}
