{
  "version":  "0.2.0",
  "energy":    -2.1065434840081596E+00,
  "charges": [
    -3.5245943920788658E-01,
    -1.1540725659067013E+00,
    -1.4934679948854122E+00
  ],
  "coordination numbers": [
     1.9953527106700184E+00,
     9.9692721020215114E-01,
     9.9940973944488221E-01
  ]
}
