{
  "version":  "0.2.0",
  "energy":     8.9095092411825993E-01,
  "charges": [
     7.7046131507234983E-01,
     2.4334730681299419E-02,
     3.1300068441681006E-01,
    -3.0369477679317236E-01,
    -3.3651904141459421E-01,
    -5.7533134574232170E-01,
     1.5399077839443431E-01,
     1.5841877745678362E-01,
     2.6785549079081578E-01,
     2.7093725848790740E-01,
    -3.3426432932581029E-01,
     5.4481690667895932E-02,
    -4.1876005826214646E-02,
    -3.8646545947329358E-02,
    -5.4431989622901050E-02,
     1.2808770097683397E-01,
     1.2566958916109755E-01,
    -5.5317396852882256E-02,
    -3.9656504765810896E-02,
    -4.2973311413625620E-02,
     6.1420066186267858E-02,
    -3.2115979593808419E-01,
     1.4850807692763462E-01,
     1.6713030563561659E-01,
     1.7203051103426412E-01,
     1.4613979779498593E-01,
     1.4622953542079081E-01,
     1.7192793789299138E-01,
     1.6772681665739020E-01,
     1.6613649755965759E-01,
    -1.9248236837609464E-01,
     2.0149568173278315E-01,
    -3.7104034141359332E-01,
    -1.8858526298390291E-01,
    -1.8931682842189898E-01,
     1.4873870758496988E-01,
     1.5289134875615865E-01,
     1.5172007947103530E-01,
     1.4793580474536844E-01,
     1.5341889920009658E-01,
     1.5510771851297300E-01,
     1.4795470004311595E-01,
     1.5265672535617697E-01,
     1.5441583203292220E-01,
    -9.5527213813190487E-02
  ],
  "coordination numbers": [
     6.7323696469657683E+00,
     4.0764265342284176E+00,
     3.3124331124376285E+00,
     1.0000153146078183E+00,
     1.9950023888604900E+00,
     3.8961456786358575E+00,
     9.9138464507474122E-01,
     9.9184792176927505E-01,
     1.0007890493008054E+00,
     1.0003969443910012E+00,
     2.9694836138312901E+00,
     3.1981703332890286E+00,
     3.0088991457278986E+00,
     3.0211995262854954E+00,
     3.0127827825122795E+00,
     3.1515061169917304E+00,
     3.1487972449470893E+00,
     3.0129398279690269E+00,
     3.0208595191781686E+00,
     3.0091737360785817E+00,
     3.1777073093390600E+00,
     2.9633494548793404E+00,
     9.9312128298074764E-01,
     9.9301833495759873E-01,
     9.9283788133476758E-01,
     9.9321829411914742E-01,
     9.9322208422429625E-01,
     9.9283786906185956E-01,
     9.9300276554878941E-01,
     9.9290521008866062E-01,
     3.9573825341785422E+00,
     4.2945458650429842E+00,
     1.9918208385323393E+00,
     3.9576804856125207E+00,
     3.9575520769511670E+00,
     9.9372919590879949E-01,
     9.9399687312830842E-01,
     9.9401436193246084E-01,
     9.9395669676881937E-01,
     9.9424849543223282E-01,
     9.9421864207354460E-01,
     9.9381857250415706E-01,
     9.9416884531618877E-01,
     9.9416221095198143E-01,
     9.9488401423197104E-01
  ]
}
