{
  "version":  "0.2.0",
  "energy":     3.7045146567983100E-01,
  "charges": [
     5.3922483427295942E-01,
     1.8753999745632274E-01,
    -2.3253355774799547E-01,
    -2.2893867943351626E-01,
    -2.6843934300828676E-01,
    -2.1186183411680137E-01,
     5.8683143076594335E-02,
    -2.0087429054345649E-01,
    -2.1446338378729224E-01,
     1.3303409003984523E-01,
     1.2935707962374404E-01,
     1.4184342288176829E-01,
     1.3350408965557342E-01,
     1.5755418729594672E-01,
     1.3954702935720731E-01,
     1.3249170724080095E-01,
     1.3323747946674197E-01,
     1.3208061809950936E-01,
    -7.9645322542392066E-02,
    -4.0635330547385512E-01,
     1.3737171929472430E-01,
     1.4725489838653241E-01,
     1.5893420790894297E-01,
     2.5227522226671223E-01,
    -7.3184712477898561E-01,
     2.7737902660013997E-01,
     2.9706818322902018E-01,
     2.8657590527949550E-01
  ],
  "coordination numbers": [
     5.7937320626204780E+00,
     3.7942669729612843E+00,
     1.0017101267767314E+00,
     1.9823963161028031E+00,
     1.9785262803344867E+00,
     3.9614474355504585E+00,
     3.9569278198633828E+00,
     3.9588045438833799E+00,
     3.9564091814649380E+00,
     9.9242950647578798E-01,
     9.9270112000739807E-01,
     9.9324919304083004E-01,
     9.9255087896797356E-01,
     9.9300284682902795E-01,
     9.9277350202768044E-01,
     9.9252680143807037E-01,
     9.9293670644523857E-01,
     9.9291116659484935E-01,
     4.0947179406199465E+00,
     2.9494568148322085E+00,
     9.9181283754774174E-01,
     9.9178296137649546E-01,
     9.9417905050622579E-01,
     1.0013469862814084E+00,
     3.9332275888795323E+00,
     1.0005734500246160E+00,
     1.0548956445242350E+00,
     9.9878290046868745E-01
  ]
}
