{
  "version":  "0.2.0",
  "energy":    -4.6633746074553400E-01,
  "charges": [
     6.1269631993631379E-01,
    -5.9359039242530776E-01,
     2.8921557225634958E-01,
     2.9079063163198926E-01,
    -9.7369293235559984E-02,
    -9.9026182324378945E-02,
     2.8619285632136740E-02,
    -3.2016957217184838E-01,
     3.1802916560561681E-02,
    -1.0324382527988138E-01,
     1.0796122825430608E-01,
     1.0619765813003472E-01,
     1.3021516579140691E-01,
     1.2119269536587840E-01,
     1.0350579521168268E-01,
    -5.7572110178715469E-02,
    -1.5320669508744345E-01,
    -1.4311984027742794E-01,
    -5.8035608397298773E-02,
    -2.6179337322705459E-01,
     1.2810141457118951E-01,
     1.0140237724380917E-01,
     9.6263281486907409E-02,
     9.6171579958362619E-02,
     9.3253616767351291E-02,
     1.2432388391998137E-01,
     9.7596834247145020E-02,
     1.1593396909621594E-01,
    -5.5763789034109523E-01,
     2.3686269461527748E-01,
     2.5118192462154276E-01,
    -5.7608093278859740E-01,
     2.4359086757261922E-01,
    -7.3911364575474381E-01,
     2.6594603010892376E-01,
     2.4971869059900367E-01,
     2.4660969175780426E-01,
    -2.2428225312911071E-01,
    -3.0113486496859326E-02,
    -4.5674785934137879E-01,
     8.8882799187744055E-02,
     1.0227143067958253E-01,
     1.0591336183020611E-01,
     1.0724361105389095E-01,
     9.8567690160662802E-02,
     2.9877164579606591E-01,
    -2.1687821834338500E-01,
     1.4712733672792733E-01,
    -4.2995082197278617E-01
  ],
  "coordination numbers": [
     7.8501924614625089E+00,
     2.8526083126391253E+00,
     1.4198982982559096E+00,
     1.2514177358086158E+00,
     3.0225236876478894E+00,
     3.0109650075862149E+00,
     3.1218757180585595E+00,
     2.9556660491378794E+00,
     3.2692386415230992E+00,
     3.0109188371400739E+00,
     9.9280294358829480E-01,
     9.9299181439889761E-01,
     9.9262202175156400E-01,
     9.9701568441055866E-01,
     9.9298151566326620E-01,
     4.1471314056615496E+00,
     3.9893183297304056E+00,
     3.9805318944466297E+00,
     4.0922681019707241E+00,
     2.9025734326089401E+00,
     9.9541105404371333E-01,
     9.9139603016114641E-01,
     9.9142416113707910E-01,
     9.9187075629370369E-01,
     9.9186193900224229E-01,
     9.9143837286406722E-01,
     9.9032723974186609E-01,
     9.9213959675914420E-01,
     2.8847737210776749E+00,
     9.9943570877448451E-01,
     1.0177328086764765E+00,
     2.8586103379844365E+00,
     1.0024654460315316E+00,
     3.9232066727328245E+00,
     1.0432208171745074E+00,
     9.9728059946571612E-01,
     1.0114945311101184E+00,
     3.9536016671128271E+00,
     4.0028195356035869E+00,
     1.9830314368659021E+00,
     9.9140201659931826E-01,
     9.9129843452097965E-01,
     9.9148882637133351E-01,
     9.8885793517586240E-01,
     9.8904971154624999E-01,
     1.6116168357044849E+00,
     1.0247557930773681E+00,
     2.4480916013156389E+00,
     1.9407980693228097E+00
  ]
}
