{
  "version":  "0.2.0",
  "energy":     2.7944061186855035E-01,
  "charges": [
     8.6735809300685962E-01,
    -5.8927645574783205E-01,
    -1.3687368770203240E-02,
    -1.4100415174212982E-02,
    -6.0366728315895324E-01,
     2.6988764862475589E-01,
     2.6137583915266294E-01,
     1.3540412501893490E-01,
     1.4291497742862372E-01,
     1.4079907903650210E-01,
     1.3524703738254845E-01,
     2.5863450125802545E-01,
     2.5904647427393346E-01,
    -5.5290365177682058E-02,
     3.1786353995934921E-02,
     2.0198552944889095E-01,
    -4.3958164675901978E-01,
    -1.0277134400560160E-01,
    -7.7190778808910254E-01,
     2.9960649029203446E-01,
     2.9278494125304838E-01,
     2.9345157670985228E-01
  ],
  "coordination numbers": [
     6.2167432968448342E+00,
     3.9427435785638094E+00,
     4.0906766137521995E+00,
     4.0803821274969430E+00,
     3.9293586261313811E+00,
     1.0163285603410461E+00,
     1.0255248570614857E+00,
     9.9142498942522916E-01,
     9.9143229107518760E-01,
     9.9140578611676577E-01,
     9.9139554739904945E-01,
     1.0048808679602965E+00,
     1.0154349969461549E+00,
     9.9487371470019603E-01,
     1.0148071030002601E+00,
     2.1514594683869372E+00,
     2.0121847554847321E+00,
     9.9634319656600834E-01,
     3.9389634161803704E+00,
     1.0130695262526705E+00,
     1.0048705601568431E+00,
     1.0047846108155607E+00
  ]
}
