{
  "version":  "0.2.0",
  "energy":    -4.0733435587002326E-01,
  "charges": [
     9.3043856586693396E-01,
     8.3127006379729758E-04,
     3.0088102607881567E-01,
    -3.7621140018071575E-01,
    -3.5766817959103220E-01,
    -6.0522504965864310E-01,
     1.1926174724267727E-01,
     1.1735340677917326E-01,
     2.4634715047759559E-01,
     2.3993244419289700E-01,
     5.0815715623025726E-03,
     3.0531793084507908E-01,
    -3.6720874975660395E-01,
    -3.4708241414301760E-01,
    -6.0375909958334684E-01,
     1.2263964750130103E-01,
     1.2929489947522974E-01,
     2.4927644075148009E-01,
     2.5201174006793142E-01,
    -2.5383762377619951E-01,
    -5.6894427670894761E-02,
    -4.1106788839965158E-01,
     1.1306837231395367E-01,
     1.2002942829566304E-01,
     1.2718919124527434E-01
  ],
  "coordination numbers": [
     6.7302297872839238E+00,
     4.1200428537648861E+00,
     3.3104140483220084E+00,
     1.0001929450204639E+00,
     1.9946991912406711E+00,
     3.9294250504522710E+00,
     9.9158747226033217E-01,
     9.9143231502925033E-01,
     1.0201708388996291E+00,
     1.0052167827876106E+00,
     4.1200750176815211E+00,
     3.3128972549375764E+00,
     1.0002790369687737E+00,
     1.9944334368868679E+00,
     3.9263228846543843E+00,
     9.9162665542069295E-01,
     9.9144367880721429E-01,
     1.0194061286336167E+00,
     1.0036333657834344E+00,
     9.9320840399876342E-01,
     4.0744553906423873E+00,
     1.9927542960910811E+00,
     9.9089283769110104E-01,
     9.9099430419527490E-01,
     9.9123494677182844E-01
  ]
}
