{
  "version":  "0.2.0",
  "energy":     1.0568292386018334E+00,
  "charges": [
     7.7886657170859341E-01,
    -3.3582399349676267E-01,
     7.9626994115248872E-02,
    -2.3957302201686015E-02,
    -1.8158899600187628E-02,
    -3.7936539104478084E-02,
     1.4308524355510080E-01,
     1.4400770991159870E-01,
    -3.6931658449697535E-02,
    -1.6510224238812266E-02,
    -1.8938435050723568E-02,
     7.9157603619441741E-02,
    -3.4545580537211845E-01,
     1.6183971328308244E-01,
     1.8372516263699934E-01,
     1.9077291571202259E-01,
     1.6143374208818451E-01,
     1.6181049182649337E-01,
     1.9150688423020207E-01,
     1.8813310018944418E-01,
     1.6193854664365670E-01,
     6.4448190576294070E-02,
    -1.3433415257657344E-03,
    -3.8854024863218617E-01,
     1.7196795722603692E-01,
     1.7626420403211221E-01,
     1.8501141631790616E-01
  ],
  "coordination numbers": [
     4.9803987035945081E+00,
     3.0007826251916612E+00,
     3.2841836563336617E+00,
     3.0087487008130385E+00,
     3.0209550894563248E+00,
     3.0121348788837787E+00,
     3.2579376678929250E+00,
     3.2476563345284228E+00,
     3.0112409654601278E+00,
     3.0223311264487425E+00,
     3.0079685668050136E+00,
     3.2920359803675847E+00,
     3.0027788306624004E+00,
     9.9393520587640527E-01,
     9.9297495354073195E-01,
     9.9280601364373045E-01,
     9.9315884443182778E-01,
     9.9314771846159111E-01,
     9.9278521952930365E-01,
     9.9297130651735177E-01,
     9.9323538920345467E-01,
     9.9810460649470478E-01,
     4.1031899765509756E+00,
     1.9888832760240716E+00,
     9.9186210247433237E-01,
     9.9191478662101407E-01,
     9.9196456711141145E-01
  ]
}
