{
  "version":  "0.2.0",
  "energy":    -8.7598938137089855E-01,
  "charges": [
     4.6194715222781735E-01,
     5.7616947871550939E-01,
    -1.9703158243769114E-01,
    -5.4092110620626888E-01,
    -3.5328664642895247E-01,
    -9.4687729587041414E-01
  ],
  "coordination numbers": [
     4.5764456586303179E+00,
     1.5978087012826645E+00,
     1.9457949724665786E+00,
     1.9961082024465862E+00,
     1.8632958377464437E+00,
     9.8262644422771928E-01
  ]
}
