{
  "version":  "0.2.0",
  "energy":    -4.8595230186687266E-02,
  "charges": [
     3.4684349674503023E-01,
    -3.4684349674503007E-01
  ],
  "coordination numbers": [
     9.8618365333782698E-01,
     9.8618365333782698E-01
  ]
}
