{
  "version":  "0.2.0",
  "energy":     1.8914672870266830E-01,
  "charges": [
     9.4557610013938875E-01,
    -5.6544981220081392E-01,
    -2.5062655242670595E-02,
    -3.7546178394335050E-02,
    -4.1531754451287040E-01,
    -3.4438524036658896E-02,
    -2.5779120317931226E-02,
    -5.6074844951973157E-01,
     2.6223352670199773E-01,
     2.6207983761850362E-01,
     1.2008788895173607E-01,
     1.2331847172205365E-01,
     1.2076091561423039E-01,
     1.1174784292904437E-01,
     2.1909200188425759E-01,
     1.2957191049138039E-01,
     1.1309448852636464E-01,
     1.2071566785495164E-01,
     1.2216098538900366E-01,
     2.6450227596594889E-01,
     2.6121740796318160E-01,
     1.8910814225698347E-01,
    -2.3601199425326924E-01,
    -2.3076315031918213E-01,
    -2.0313025639078333E-01,
    -1.8967920321530413E-01,
     1.3134379736508828E-03,
    -3.8966371698884344E-01,
     1.2995403049631990E-01,
     1.1839688622248201E-01,
     1.3845769921141363E-01,
     1.3217556481773973E-01,
     1.4953506419520604E-01,
    -1.3336187155525964E-01,
     1.2633543109321405E-01,
    -3.3991368944824324E-01,
     1.4459054331032117E-01,
     1.4463793286744814E-01,
     1.6051378279068429E-01,
    -5.3541984931802789E-01,
     3.1110817872641877E-01
  ],
  "coordination numbers": [
     7.6357065040299235E+00,
     3.9052939184270405E+00,
     4.0183103462897165E+00,
     4.0641719476213085E+00,
     3.9007320576522853E+00,
     4.0492296606839080E+00,
     4.0035597783364194E+00,
     3.8928828212626350E+00,
     9.9813619104882534E-01,
     1.0441092092550264E+00,
     9.9111477725805397E-01,
     9.9187172449857464E-01,
     9.9152879612781408E-01,
     9.9085831625187026E-01,
     1.0320020946569981E+00,
     9.9150481077831287E-01,
     9.9084623446270292E-01,
     9.9111739207790439E-01,
     9.9183808186582478E-01,
     1.0421322770493013E+00,
     9.9765899488050103E-01,
     3.6857070269508547E+00,
     1.0016282004951629E+00,
     1.9599917451019744E+00,
     1.9587493010547394E+00,
     3.9545511764910088E+00,
     4.0556298032337796E+00,
     1.9920078035933786E+00,
     9.9173591232163716E-01,
     9.9121863327833637E-01,
     9.9159538488663390E-01,
     9.9072982643939600E-01,
     9.9106432619062090E-01,
     3.9582613554220121E+00,
     2.0049001900276391E+00,
     1.8771432792389673E+00,
     9.9187562064697410E-01,
     9.9186798655677411E-01,
     9.9164267137725925E-01,
     1.9914163853209708E+00,
     1.0069918384095873E+00
  ]
}
