{
  "version":  "0.2.0",
  "energy":    -1.4706828064200859E+00,
  "charges": [
     6.8983105955990709E-01,
    -7.5956976716914471E-01,
    -1.2284775109740824E+00,
    -7.0178378141667985E-01
  ],
  "coordination numbers": [
     2.9132913236992506E+00,
     9.9922669668577413E-01,
     9.2589167053360377E-01,
     9.9237600014927274E-01
  ]
}
