{
  "version":  "0.2.0",
  "energy":    -2.7397537928114701E-01,
  "charges": [
     6.8780265733113810E-01,
    -5.4636728877469165E-01,
    -1.8695094931320488E-02,
    -1.5842317623249780E-02,
    -5.6422333098889355E-01,
     2.6398207762503756E-01,
     2.6532262575118676E-01,
     1.1554623406280901E-01,
     1.4789454629411156E-01,
     1.4275598400809564E-01,
     1.1663395936102479E-01,
     2.6085873323602610E-01,
     2.6316522109658902E-01,
     1.2281173634652515E-01,
    -3.3438871799624426E-01,
     1.7773187035136084E-01,
    -2.3680914425720720E-01,
    -2.0843577267225430E-01,
    -2.3147096746127244E-01,
    -5.0835752000868761E-02,
    -1.9313530262401887E-01,
    -1.6430195613388318E-01
  ],
  "coordination numbers": [
     7.3387369661420108E+00,
     3.8822838633921934E+00,
     4.0389239440804428E+00,
     4.0560620845287678E+00,
     3.9288750648145694E+00,
     9.9688548539910293E-01,
     9.9856793083615258E-01,
     9.9119328997732037E-01,
     9.9149391973756718E-01,
     9.9145811503369696E-01,
     9.9125273443118100E-01,
     1.0039127374444625E+00,
     1.0053093709525758E+00,
     1.9783815816573673E+00,
     1.0094036833114348E+00,
     3.6370397009852251E+00,
     1.9437896305639875E+00,
     1.9565196969053691E+00,
     1.0015701857515547E+00,
     2.5810819607831554E+00,
     1.9326533847497975E+00,
     1.9497066931504534E+00
  ]
}
