{
  "version":  "0.2.0",
  "energy":    -8.5730245070154909E-01,
  "charges": [
     3.0485430325325336E-01,
     4.3947256613939639E-01,
    -7.4922554043839318E-01,
    -9.9510132895425651E-01
  ],
  "coordination numbers": [
     2.8866444309997021E+00,
     9.0527424287762503E-01,
     9.9937428503962344E-01,
     9.9701446702224494E-01
  ]
}
