{
  "version":  "0.2.0",
  "energy":     3.8562203286468510E-01,
  "charges": [
     6.0748452239863016E-01,
    -3.1588513503923166E-01,
     4.1892152591176679E-02,
    -7.0740336224308364E-02,
    -6.9633772887940704E-02,
    -7.7619553816576453E-02,
     1.2349008915566217E-01,
     1.2233044484682898E-01,
    -7.7467489639285708E-02,
    -6.9667158057553219E-02,
    -7.2101939299879153E-02,
     4.0432945401625654E-02,
    -3.1385534450772545E-01,
     1.3513828683813348E-01,
     1.3739426455995674E-01,
     1.4037557221161165E-01,
     1.2364535196150628E-01,
     1.2364631272931170E-01,
     1.4032911734110107E-01,
     1.3620500740037630E-01,
     1.4212708810591307E-01,
    -1.6935714692835899E-01,
     9.7350110738567558E-02,
    -7.6347824450144264E-02,
     9.7220204878233879E-02,
    -3.2764850161530001E-01,
    -1.7087799848127394E-01,
    -2.9847515411457598E-01,
     1.1869676161983572E-01,
     1.3408900469115326E-01,
     1.3384068095728927E-01,
     1.1931206399024612E-01,
     1.1948468240706407E-01,
     1.3566366682789355E-01,
     1.2911631218696742E-01,
    -1.1969643631926669E-01,
    -9.8739339105283097E-02,
    -4.0633733386421489E-01,
     1.3004704103613321E-01,
     1.2961966868912814E-01,
     1.3398659332846963E-01,
     2.4153251745810292E-01
  ],
  "coordination numbers": [
     6.4534675188916077E+00,
     2.9728989396332404E+00,
     3.1736739950604216E+00,
     3.0103828523556233E+00,
     3.0221061230728949E+00,
     3.0141738479818114E+00,
     3.1654855478579185E+00,
     3.1607908128296129E+00,
     3.0143289790053878E+00,
     3.0216990652464775E+00,
     3.0103156832500275E+00,
     3.1459043863400504E+00,
     2.9642735023972735E+00,
     9.9252279113100172E-01,
     9.9307326215019831E-01,
     9.9289803442835201E-01,
     9.9326169822714316E-01,
     9.9327485218943856E-01,
     9.9289269732886964E-01,
     9.9306756068050106E-01,
     9.9264784234047099E-01,
     3.9605554185654857E+00,
     3.1361090111396788E+00,
     3.0004914325849823E+00,
     3.1468483187446790E+00,
     1.9893877812202447E+00,
     3.9605788164949480E+00,
     1.9859328804861693E+00,
     9.9231233102887817E-01,
     9.9154678678865071E-01,
     9.9154410369907886E-01,
     9.9325360439107513E-01,
     9.9232898656397683E-01,
     9.9152913115673247E-01,
     9.9156324982542277E-01,
     9.9004561689854498E-01,
     4.0038494747162794E+00,
     2.9234404266837180E+00,
     9.9177615649282025E-01,
     9.9188558875122279E-01,
     9.9215729972671340E-01,
     1.0775122371324093E+00
  ]
}
