{
  "version":  "0.2.0",
  "energy":    -1.0656536787068638E+00,
  "charges": [
     8.9229550797360702E-01,
    -1.7371738289404956E-02,
     2.8416939519109119E-01,
    -4.3561947275309670E-01,
    -3.7262888274835365E-01,
    -6.1896662090048593E-01,
     9.5108217725307087E-02,
     1.0512451361846115E-01,
     2.4412793753817902E-01,
     2.3050372739793693E-01,
     1.7907153894514849E-01,
    -3.5579974754549787E-01,
    -3.1368809134442155E-01,
    -2.9890493733284967E-01,
     1.7617327561904761E-02,
    -4.6600722233486302E-01,
    -2.4881264887080690E-01,
     6.9343619865063891E-02,
    -2.3610678346698424E-01,
    -2.3612082590782124E-01,
     8.2905437794058998E-02,
     1.0389292872311372E-01,
     1.1565212896155742E-01,
     8.4239866436834399E-02,
     1.1672252213170421E-01,
     1.2692600873589072E-01,
     8.2359580940722987E-02,
     1.2461902133917793E-01,
     1.1222087297567118E-01,
    -3.7164400407728754E-02,
    -4.2970878195311657E-01
  ],
  "coordination numbers": [
     7.2195242797648564E+00,
     4.1031978236873048E+00,
     3.2540879180071158E+00,
     1.0003493286990768E+00,
     1.9894112557601096E+00,
     3.9134727702357948E+00,
     9.9132909841649219E-01,
     9.9131649043219916E-01,
     1.0101942680546534E+00,
     1.0010803504239822E+00,
     3.6323970486510140E+00,
     1.0016715826954314E+00,
     1.9334676038893255E+00,
     1.9386481598706160E+00,
     1.9706899846498658E+00,
     1.0085112746813820E+00,
     3.9559870143518312E+00,
     3.9265664926034987E+00,
     3.9558862374745294E+00,
     3.9558338675262590E+00,
     9.9206712905652683E-01,
     9.9338443761547968E-01,
     9.9361797671623453E-01,
     9.9196070425681615E-01,
     9.9359210227054362E-01,
     9.9314710692183716E-01,
     9.9192784056979644E-01,
     9.9311800092068214E-01,
     9.9352211642043997E-01,
     1.0394770648977945E+00,
     1.9847806319917654E+00
  ]
}
