{
  "version":  "0.2.0",
  "energy":     3.6912115481061314E-01,
  "charges": [
     5.1511365738107373E-01,
     9.1478932265941504E-02,
     5.3777505435101292E-02,
    -3.4047738841729869E-01,
     6.3630845327213026E-02,
     9.3057718480379650E-02,
    -3.1822564843439405E-01,
     1.6048306273652557E-01,
     1.3763170440663663E-01,
     1.4736653447852799E-01,
     1.6379032389115683E-01,
     7.7758995986360990E-02,
    -3.3236207286363700E-01,
    -7.3430384832977280E-01,
     2.9515792670410379E-01,
     2.8795583023254850E-01,
     2.8911333883212170E-01,
    -5.0041987324253162E-02,
    -5.5319431571861824E-02,
     5.2529252016035546E-02,
    -3.4400874430961392E-01,
     6.2026353218203878E-02,
    -5.5887414036097607E-02,
     1.5632607675861562E-01,
     1.5041000983448413E-01,
     1.4130221425561348E-01,
     1.3942929957235803E-01,
     1.5228695347392723E-01
  ],
  "coordination numbers": [
     4.9116447359271698E+00,
     3.0719950089901351E+00,
     3.1502591086100056E+00,
     2.9839405106679404E+00,
     3.3244288214719662E+00,
     3.0720712252422979E+00,
     2.0156540923440991E+00,
     9.9253292417453842E-01,
     9.9256854684403617E-01,
     9.9666906507046260E-01,
     9.9255704838183334E-01,
     1.9918206579642632E+00,
     1.1055896974473036E+00,
     3.9410891040329687E+00,
     1.0971343550826989E+00,
     1.0007753965065902E+00,
     1.0002133652437051E+00,
     3.0229577700351840E+00,
     3.0098231071272634E+00,
     3.1570826091108684E+00,
     2.9855844064309380E+00,
     3.3943614348715787E+00,
     3.0096614713746748E+00,
     9.9284407850315937E-01,
     9.9302096303073828E-01,
     9.9250750680714717E-01,
     1.0062903758114938E+00,
     9.9302346030468946E-01
  ]
}
