{
  "version":  "0.2.0",
  "energy":    -1.3501669843590092E-01,
  "charges": [
    -9.0824150618103394E-02,
     2.2816885015230629E-01,
     2.4763830234688194E-01,
     2.3154186502986135E-01,
    -3.2154209279409107E-01,
    -2.9498277411685514E-01
  ],
  "coordination numbers": [
     4.1735449663987882E+00,
     3.2693545001417688E+00,
     2.9998595130300103E+00,
     3.1997802544495579E+00,
     2.3982873226343324E+00,
     1.8181321502470364E+00
  ]
}
