{
  "version":  "0.2.0",
  "energy":    -5.7360871811239000E-02,
  "charges": [
     4.2792425944666790E-01,
    -4.2792425944666790E-01
  ],
  "coordination numbers": [
     9.9879391891934421E-01,
     9.9879391891934421E-01
  ]
}
