{
  "version":  "0.2.0",
  "energy":     1.1576340068997895E+00,
  "charges": [
     1.4298158660075511E+00,
     5.7018413399244894E-01
  ],
  "coordination numbers": [
     9.9867948016323549E-01,
     9.9867948016323549E-01
  ]
}
