{
  "version":  "0.2.0",
  "energy":     2.1420974188651050E+00,
  "charges": [
     1.1082766366526458E+00,
    -4.5793984365578543E-02,
     1.6151549909419116E-01,
     1.4200614080836282E-02,
     1.5983278757872721E-01,
    -3.2058569284410149E-01,
    -5.5309131863000349E-02,
    -3.1095363448728397E-01,
     2.2698481486684563E-01,
     2.3904727440163348E-01,
     2.3742125444996492E-01,
     2.0936561548359639E-01,
     2.2439105118805244E-01,
     2.2640467566382599E-01,
     2.2906748982052091E-01,
     5.7231590882263039E-02,
    -4.6534107660398560E-02,
    -5.4813276485134121E-02,
    -4.9259914134525129E-02,
    -3.6594396635086779E-01,
     2.0500555333055406E-01,
     2.0165869887198595E-01,
     2.0642938659258264E-01,
     2.0822476566037015E-01,
     2.4713370925892791E-01,
     2.2902332324245592E-01,
     2.3875293656751409E-01,
     2.3980989624447652E-01,
    -7.0536068056163881E-01,
     3.6701016746221804E-01,
     3.6178850308647964E-01,
     3.5597814427186070E-01
  ],
  "coordination numbers": [
     4.5426188224924537E+00,
     3.9568866382534837E+00,
     3.2333720846382787E+00,
     3.0108111367857884E+00,
     3.2410892338038613E+00,
     1.9959819356356343E+00,
     3.9573924803756553E+00,
     1.9956268131588502E+00,
     9.9194232579925679E-01,
     9.9063396781945467E-01,
     9.8924557748722375E-01,
     9.9250406279303238E-01,
     9.9182485744810212E-01,
     9.8892571106199600E-01,
     9.9124013778811371E-01,
     4.0307287606803541E+00,
     3.9555347432275738E+00,
     2.9836559930990640E+00,
     3.9504004056349382E+00,
     1.9800062924287749E+00,
     9.9159791162621769E-01,
     9.9163141762853702E-01,
     9.9054456006488145E-01,
     9.8836601203535768E-01,
     9.8773608399551982E-01,
     9.9084642947497148E-01,
     9.9223515079274538E-01,
     9.8532747140478705E-01,
     3.9349835268301696E+00,
     9.9916106233325053E-01,
     1.0010026986668539E+00,
     1.0001347493569490E+00
  ]
}
