{
  "version":  "0.2.0",
  "energy":     9.0151411629534417E-01,
  "charges": [
     8.1212100452465630E-01,
    -1.5525417959638546E-01,
     1.0087807743991473E-01,
    -6.9801988396156367E-02,
     1.0246712125511637E-01,
    -3.2283727130441886E-01,
    -1.5095885031002843E-01,
    -3.3425796553724352E-01,
     1.3790816103347825E-01,
     1.5456184805749221E-01,
     1.3549926798172227E-01,
     1.3396970357881247E-01,
     1.5819407990724416E-01,
     1.3795571140872853E-01,
     1.4159805269658238E-01,
    -1.3165597172356946E-01,
     1.0913515983173767E-01,
    -3.5874467988294628E-01,
     1.5330849449515627E-01,
     1.4919744585674272E-01,
     1.5907947271534567E-01,
    -1.2373841227148252E-01,
     1.2441321356601082E-01,
    -3.2754751889661660E-01,
     1.5916955940420804E-01,
     1.5974952348268809E-01,
     1.5729540230436423E-01,
    -2.0756700739674730E-01,
     6.6280110295624348E-02,
    -2.0375254386931424E-01,
    -2.1356328293315077E-01,
     1.3713966181210652E-01,
     1.2540532027455104E-01,
     1.3969308233331490E-01,
     1.3689461133344566E-01,
     1.4041697812975518E-01,
     1.3235565221117129E-01,
     1.3527308220224310E-01,
     1.2888389392476007E-01,
     1.2342329272196575E-01,
    -1.7910944626101910E-01,
     2.2837672752596613E-03,
    -3.8065667720383378E-01,
     1.4223442813078394E-01,
     1.2268129083724431E-01,
     1.4698526169112400E-01,
     1.3775647355023107E-01,
     1.5523758931933099E-01
  ],
  "coordination numbers": [
     6.1763139517171162E+00,
     3.9605204894871271E+00,
     3.1923961760807735E+00,
     3.0047442461602776E+00,
     3.1790276084222722E+00,
     1.9923229490017835E+00,
     3.9604802022605341E+00,
     1.9936751082768440E+00,
     9.9239175357141196E-01,
     9.9139146597583139E-01,
     9.9141131122981818E-01,
     9.9324346122145268E-01,
     9.9135492260997538E-01,
     9.9239438321549756E-01,
     9.9150463024861768E-01,
     3.9579576506348690E+00,
     2.0097047684761407E+00,
     1.9410317360793643E+00,
     9.9166144666103495E-01,
     9.9165705304671459E-01,
     9.9164636144046447E-01,
     3.9579535593856061E+00,
     2.0104310402618832E+00,
     1.9424780593336548E+00,
     9.9165189776854579E-01,
     9.9165240172683955E-01,
     9.9163752741693578E-01,
     3.9567241545032950E+00,
     3.9281978871416694E+00,
     3.9565517482367074E+00,
     3.9567662262371783E+00,
     9.9258526838767303E-01,
     9.9311304475434703E-01,
     9.9299800674905114E-01,
     9.9257625547659156E-01,
     9.9292996721365867E-01,
     9.9302044814582935E-01,
     9.9255300594532336E-01,
     9.9295321448808682E-01,
     9.9290110871327553E-01,
     3.9552706861578431E+00,
     4.0657059451435567E+00,
     1.9901172942862519E+00,
     9.9178627331599412E-01,
     9.9146945095145167E-01,
     9.9167560393623422E-01,
     9.9128678177368457E-01,
     9.9142502382398501E-01
  ]
}
