{
  "version":  "0.2.0",
  "energy":    -8.2209788346998547E-02,
  "charges": [
     6.3293101201283997E-01,
    -2.1107920374502148E-01,
    -2.1002710077258269E-01,
    -2.1182470749523585E-01
  ],
  "coordination numbers": [
     2.9807888748957252E+00,
     9.9526329465437602E-01,
     9.9529314790450663E-01,
     9.9511539652598913E-01
  ]
}
