{
  "version":  "0.2.0",
  "energy":     1.4222264508136459E-01,
  "charges": [
     7.2317042236484252E-01,
     4.5833315648390154E-03,
     2.9208869145012428E-01,
    -3.7980249051529441E-01,
    -3.3820165922738787E-01,
    -5.8393081211554621E-01,
     1.3014531099980459E-01,
     1.3305752145297972E-01,
     2.4044424163529499E-01,
     2.6229782036717647E-01,
    -6.8173111886126625E-02,
    -6.2474282333214032E-02,
    -5.6876428569768350E-02,
     1.4554925798564988E-03,
    -8.2614743114163780E-02,
    -7.3381229977607376E-02,
     2.3536800058527418E-01,
    -3.1772607016444238E-01,
    -4.1513103922959160E-01,
     1.4440599536854953E-01,
     1.6173940424399988E-01,
     1.7065609700445111E-01,
     1.2975444237436334E-01,
     1.4185426962154371E-01,
     2.6060599929922673E-01,
    -6.6967517436742841E-02,
    -7.2261309675527727E-02,
    -6.5673005653725885E-02,
     2.7539026039980409E-02,
    -5.7250273305113099E-02,
    -7.1597921426079250E-02,
     2.8969035144110505E-01,
    -4.7664677826423524E-01,
    -3.5418247111445345E-01,
     1.4438270209654722E-01,
     1.4258986230771131E-01,
     1.4697932277335457E-01,
     1.5840563094302626E-01,
     1.4379178946660151E-01,
    -1.9354697104288326E-01,
    -3.5347726791310791E-02,
    -3.9134795554854568E-01,
     1.2368955143163610E-01,
     1.2593320945388750E-01,
     1.2753789999479367E-01,
     1.5015004838907339E-01,
     1.3375278159702275E-01,
     3.0543340701992150E-01,
    -7.3260080422259077E-01,
     2.8381424705426628E-01,
     2.8322847708389526E-01,
     2.7718925360920105E-01
  ],
  "coordination numbers": [
     6.3543456053020702E+00,
     4.0657691928163047E+00,
     3.2523649458760682E+00,
     1.0001245180927221E+00,
     1.9897476279658193E+00,
     3.9147862123217241E+00,
     9.9184445528959930E-01,
     9.9148661982424002E-01,
     1.0002611834015731E+00,
     9.9890129691494955E-01,
     3.0145957138355275E+00,
     3.0110348997131222E+00,
     3.0172773138175133E+00,
     3.0180357401669795E+00,
     3.0138314573242528E+00,
     3.0112586448293683E+00,
     3.0298126308953677E+00,
     1.9698545672111241E+00,
     1.9917888240322608E+00,
     9.9284293812739044E-01,
     9.9288807731030371E-01,
     9.9275647631563491E-01,
     9.9246438621417621E-01,
     9.9294549436437496E-01,
     9.9332337231607060E-01,
     3.0145484334849497E+00,
     3.0119159412339869E+00,
     3.0160336268865535E+00,
     3.0186579939991054E+00,
     3.0170706582566442E+00,
     3.0120316992006444E+00,
     3.2112814496693316E+00,
     1.0530235862292967E+00,
     1.9847631110349075E+00,
     9.9284019796803236E-01,
     9.9290528725710292E-01,
     9.9300060623363517E-01,
     9.9296598701457395E-01,
     9.9290493683482328E-01,
     3.9544106152428053E+00,
     3.9714331323915850E+00,
     2.9312534928910434E+00,
     9.9169966443451951E-01,
     9.9123180123122800E-01,
     9.9156152300021105E-01,
     9.9147039149663918E-01,
     9.9145573684822530E-01,
     1.1037197898416595E+00,
     3.9194322051036385E+00,
     1.0024426630348744E+00,
     9.9667563288466798E-01,
     1.0003591277081290E+00
  ]
}
