{
  "version":  "0.2.0",
  "energy":    -1.6374404282302486E+00,
  "charges": [
     7.1067632414058135E-01,
    -1.1936321347829942E-01,
    -3.6082648249943372E-01,
     3.5169531288290168E-01,
    -3.6530009344656894E-01,
    -1.1728707527847343E-01,
    -3.4437259388375513E-01,
    -1.1911741524262659E-01,
     4.6646311012800312E-02,
     8.8561369362060882E-02,
     1.1464215864903317E-01,
     1.1151845028904379E-01,
     4.9370065421007470E-02,
     1.2103940786876882E-01,
     4.6007743554172378E-02,
     8.0192796730960969E-02,
     7.1562639667220457E-02,
    -3.7102008640045508E-01,
     2.7487401497736774E-01,
    -3.9792259392611062E-01,
    -3.7372425694281119E-01,
    -3.8727881181458879E-01,
     2.7966938523982138E-01,
    -3.7043866291306371E-01,
    -3.8859695606585581E-01,
    -1.5829280249577327E-01,
    -2.2974145279995964E-01,
    -2.4317348260796504E-01
  ],
  "coordination numbers": [
     7.9140847707623685E+00,
     4.1637862553856309E+00,
     1.9897021966973938E+00,
     4.4360896050387071E+00,
     1.9884640258080388E+00,
     4.1443378115236982E+00,
     1.9912847915057341E+00,
     4.1579676664319596E+00,
     9.9108671488336153E-01,
     9.9119942719449572E-01,
     9.9118816888596850E-01,
     9.9169186488416816E-01,
     9.9111525571810777E-01,
     9.9169677274470747E-01,
     9.9130455168814535E-01,
     9.9103272586367641E-01,
     9.9095144934531554E-01,
     1.8633416273166752E+00,
     3.9488377872104845E+00,
     1.8786370972133311E+00,
     1.9394338522976735E+00,
     1.8427984555157586E+00,
     3.9456147573776335E+00,
     1.8346953262145957E+00,
     1.9459460109438016E+00,
     2.4989614779879474E+00,
     1.9124114835054975E+00,
     1.8977598570351066E+00
  ]
}
