{
  "version":  "0.2.0",
  "energy":     3.0074795228578000E-01,
  "charges": [
     7.9991342205463845E-01,
    -1.6954974903122166E-01,
    -3.3557048553794377E-02,
    -4.0986413982317982E-01,
     1.4469833751342487E-01,
     1.4186237591063408E-01,
     1.5388684259564336E-01,
     1.4727397273596615E-01,
     1.5126850705775985E-01,
     2.6075070243556953E-01,
    -1.8112401169456671E-02,
    -2.0824683656292814E-01,
    -2.0299293721916489E-01,
    -7.7759665043316328E-02,
    -4.1969951318524706E-01,
     1.5309178964994175E-01,
     1.4286532264164570E-01,
     1.6105095062124059E-01,
     2.6256907229064813E-01,
     1.0556731371720773E-01,
    -2.7340011701565592E-01,
    -1.7080262590270801E-01,
     9.7454079988322784E-03,
    -3.8808546533714283E-01,
     1.4146226752258612E-01,
     1.5026271694329094E-01,
     1.4296368574095000E-01,
     1.4941434663831402E-01,
     1.5342346477552160E-01
  ],
  "coordination numbers": [
     6.0801330874429871E+00,
     3.9705033835935275E+00,
     3.9724614272692165E+00,
     2.9087115122942402E+00,
     9.9183756054999339E-01,
     9.9120432458014651E-01,
     9.9168839429332234E-01,
     9.9155597802754070E-01,
     9.9153348574054601E-01,
     9.9802210065448183E-01,
     2.5981834184006951E+00,
     1.9432395627967596E+00,
     1.9506811492652902E+00,
     3.9883058299089909E+00,
     2.8937714486731689E+00,
     9.9188123498615433E-01,
     9.9190363360901479E-01,
     9.9227663730169802E-01,
     9.9436950202997654E-01,
     1.7516052068503765E+00,
     9.9944482911798804E-01,
     3.9549480351695987E+00,
     4.0182637215259547E+00,
     1.9908248107388262E+00,
     9.9175833642037503E-01,
     9.9161809860620487E-01,
     9.9149361282708792E-01,
     9.9106864171691722E-01,
     9.9087713311641057E-01
  ]
}
