{
  "version":  "0.2.0",
  "energy":    -1.2764290621878616E-01,
  "charges": [
     7.3681320995023514E-01,
    -3.6856700370775564E-01,
    -3.6824620624247956E-01
  ],
  "coordination numbers": [
     1.9977288464389842E+00,
     9.9935914622096345E-01,
     9.9935765396144571E-01
  ]
}
