{
  "version":  "0.2.0",
  "energy":     1.7589359976353971E+00,
  "charges": [
     1.1926912338015918E+00,
     1.4143680992780683E+00,
     3.9294066692033958E-01
  ],
  "coordination numbers": [
     1.6634867103674056E+00,
     9.0849436882028733E-01,
     7.5555283190449973E-01
  ]
}
