{
  "version":  "0.2.0",
  "energy":    -1.6605428262414348E+00,
  "charges": [
    -1.0423029474250736E+00,
    -3.3978876672316732E-01,
    -1.6179082858517591E+00
  ],
  "coordination numbers": [
     9.8816682270734280E-01,
     9.3442026370767461E-01,
     1.9217130544898984E+00
  ]
}
