{
  "version":  "0.2.0",
  "energy":    -1.1547184262933134E-01,
  "charges": [
     7.5729435748381091E-01,
    -1.0729019456571093E-01,
    -1.0720812879433617E-01,
    -1.5675165968133686E-01,
    -1.1467878398195355E-01,
    -1.5675569405934087E-01,
    -1.1460989640113252E-01
  ],
  "coordination numbers": [
     5.8642403021878646E+00,
     1.0586886654030456E+00,
     1.0586013910510754E+00,
     9.9919285791235257E-01,
     1.0612392535599211E+00,
     9.9919290891815216E-01,
     1.0612873980165922E+00
  ]
}
