{
  "version":  "0.2.0",
  "energy":     1.5508754649752543E-01,
  "charges": [
     7.1950601219242405E-01,
    -3.1494255904220886E-01,
     3.1391504992555969E-02,
    -7.8520200683106223E-02,
    -7.0278830852293417E-02,
    -7.3696461711389716E-02,
     1.2720746659106069E-01,
     1.2612767122336391E-01,
    -7.2160908542782898E-02,
    -7.0156821544867118E-02,
    -8.0278944245656084E-02,
     3.0020085674842517E-02,
    -3.1123983824129670E-01,
     1.1894774261153684E-01,
     1.2839141162577739E-01,
     1.3828065745718252E-01,
     1.2428995609106941E-01,
     1.2587754491100034E-01,
     1.3851892500620011E-01,
     1.2889881893094610E-01,
     1.3245204525159568E-01,
    -5.6725648739549694E-01,
    -2.3403110995699944E-02,
    -2.5774278106722795E-02,
    -5.5762772126287041E-01,
     2.3635817236555284E-01,
     2.4454682048174833E-01,
     1.1138449424218615E-01,
     1.4470106387529699E-01,
     1.3415434414648772E-01,
     1.0993571937642009E-01,
     2.3151504836632988E-01,
     2.5132293443174353E-01,
    -1.9927239257077989E-01,
    -4.9529521946375263E-02,
    -3.8813188064320592E-01,
     1.2200201015927979E-01,
     1.2357608753615860E-01,
     1.2995188620396636E-01,
     1.2435733092174461E-01,
     1.4103949031699031E-01,
     2.7183238795771913E-01,
    -2.2344258520654933E-01,
     6.3046639367696819E-02,
    -2.3065912682899167E-01,
    -2.1397224171063342E-01,
     1.1788596094667890E-01,
     1.0961131472312857E-01,
     1.3243258634100022E-01,
     1.1768984643632310E-01,
     1.1420433098824813E-01,
     1.2048437083656330E-01,
     1.1791896483518506E-01,
     1.3778980432829602E-01,
     1.2385432773639923E-01,
    -9.7739168204335675E-02,
     1.4366779710478053E-01,
    -4.0659251068815955E-01,
     1.0666903672342644E-01,
    -3.9655654906001414E-01,
    -1.0879761775456358E-01,
     1.2121688773372673E-01,
    -4.1302974380463342E-01
  ],
  "coordination numbers": [
     7.6974043029662802E+00,
     2.9288768610250342E+00,
     3.1220732948100194E+00,
     3.0116525005431471E+00,
     3.0218181382724598E+00,
     3.0160582202924768E+00,
     3.1305052851464783E+00,
     3.1361530601504866E+00,
     3.0152109688836140E+00,
     3.0217059614610084E+00,
     3.0111084260051388E+00,
     3.1102864859895618E+00,
     2.9117820413318860E+00,
     9.9306523857279494E-01,
     9.9304503797284394E-01,
     9.9291747474445291E-01,
     9.9325816192726801E-01,
     9.9325450949053096E-01,
     9.9289848999028152E-01,
     9.9303221178316026E-01,
     9.9288709660129371E-01,
     3.8747898241047354E+00,
     4.0044972745832581E+00,
     4.0320465959553333E+00,
     3.8923997458499420E+00,
     9.9824189266542884E-01,
     1.0047062079247597E+00,
     9.9130331260009275E-01,
     9.9160538050363023E-01,
     9.9146286219393787E-01,
     9.9121721329367141E-01,
     9.9837795447555955E-01,
     1.0046652526406037E+00,
     3.9551832988474249E+00,
     3.9690919357785983E+00,
     2.8790370883133374E+00,
     9.9177940282561750E-01,
     9.9166466601950631E-01,
     9.9158338210604313E-01,
     9.9150998665924117E-01,
     9.9149504080080852E-01,
     1.1053624882557491E+00,
     3.9559171160626505E+00,
     3.8750558610338794E+00,
     3.9560619547167937E+00,
     3.9561947175643208E+00,
     9.9276188373881791E-01,
     9.9242629959182871E-01,
     9.9254034811941594E-01,
     9.9239884146969537E-01,
     9.9269459323206810E-01,
     9.9270729178765027E-01,
     9.9260038456152078E-01,
     9.9327470200271950E-01,
     9.9235598684780157E-01,
     1.0131829458185289E+00,
     2.0736738589057424E+00,
     2.0028832113346917E+00,
     1.9629878421098903E+00,
     1.0062950917618529E+00,
     1.0131793915289853E+00,
     2.0680640619098973E+00,
     2.0052855935102283E+00
  ]
}
