{
  "version":  "0.2.0",
  "energy":     1.8299086387896912E-01,
  "charges": [
     9.5935225862115736E-01,
    -3.9064414028146854E-01,
     4.5592066088092859E-01,
    -4.0093998011912102E-01,
    -3.8597605977139948E-01,
    -5.3651926821976559E-02,
    -4.2582516401386172E-01,
     1.1568216510584953E-01,
     1.3091033489749662E-01,
     1.2789276902516158E-01,
    -2.0692023347369595E-01,
     2.1357600216118647E-01,
    -3.9094564297791834E-01,
    -2.1836989531827397E-01,
    -2.0886402623050265E-01,
     1.2227544512715274E-01,
     1.6653226266505172E-01,
     1.3170357116730350E-01,
     1.1941214126184663E-01,
     1.3209392311931462E-01,
     1.2934622952877531E-01,
     1.2167685033169801E-01,
     1.2873863740908001E-01,
     1.6537961883334468E-01,
    -1.0089627428086083E-01,
    -4.2705908416733129E-01,
     1.2971869069702693E-01,
     1.4731237953354948E-01,
     1.2031881281692569E-01,
     2.4493036729929746E-01,
    -4.4283476538405454E-02,
    -1.3001437795780274E-01,
    -1.3266518758506746E-01,
    -4.9497674147734261E-02,
    -2.8408682962549198E-01,
     1.2214232645112313E-01,
     1.2088490285028207E-01,
     1.2901484888973611E-01,
     1.2072355201670175E-01,
     1.2079948927764693E-01,
     1.2374979192974984E-01,
     1.2848198296784660E-01,
     1.2206995844567906E-01
  ],
  "coordination numbers": [
     7.2018711842544922E+00,
     1.9909999429372274E+00,
     3.9159192463244050E+00,
     1.0002465968847902E+00,
     1.9906160256042327E+00,
     4.1535590822560611E+00,
     1.9915868014694906E+00,
     9.9093726305778507E-01,
     9.9142194348131785E-01,
     9.9139135777196596E-01,
     3.9575647126344720E+00,
     4.3640744443339372E+00,
     1.9912512897846941E+00,
     3.9577457154334539E+00,
     3.9577116525209002E+00,
     9.9382561703912753E-01,
     9.9566200632399315E-01,
     9.9441185910507457E-01,
     9.9359259898244634E-01,
     9.9412386478719217E-01,
     9.9416686297423862E-01,
     9.9396145540650593E-01,
     9.9414044598544926E-01,
     9.9531400875252363E-01,
     4.0042380494028986E+00,
     2.9309913658435933E+00,
     9.9181964809314760E-01,
     9.9231572268904156E-01,
     9.9175405251537629E-01,
     1.0017993718124130E+00,
     4.2160638071677425E+00,
     3.9797212589365953E+00,
     3.9875839344744088E+00,
     4.0811413053438947E+00,
     2.9380666202656336E+00,
     9.9132518461052044E-01,
     1.0026707452954318E+00,
     9.9139557854877935E-01,
     9.9198274832010291E-01,
     9.9195066356361306E-01,
     9.9161900677368653E-01,
     9.9181004324388589E-01,
     9.9174519874344735E-01
  ]
}
