{
  "version":  "0.2.0",
  "energy":    -2.6234399863977015E-01,
  "charges": [
     7.1696849319796652E-01,
     6.5127561536574885E-01,
    -5.9739302938359717E-01,
    -7.7085107918011819E-01
  ],
  "coordination numbers": [
     2.2075625495136624E+00,
     1.2109289282990696E+00,
     9.9930082983310609E-01,
     1.9956666923490509E+00
  ]
}
