{
  "version":  "0.2.0",
  "energy":    -1.0563427601658857E+00,
  "charges": [
     8.8551338120602008E-01,
    -2.4805853632788880E-02,
     2.6200386132748876E-01,
    -4.8386626742393402E-01,
    -3.9374935633823360E-01,
    -6.1769650291817646E-01,
     8.0966669976232086E-02,
     9.3956134975013983E-02,
     2.2385739148613337E-01,
     2.2971300016760152E-01,
    -7.9231484668099905E-01,
     2.5645606092769940E-01,
     2.3872029121261917E-01,
     2.4474300598885326E-01,
    -1.0012364999384502E-01,
    -4.4066566514893818E-01,
     9.0776859603317855E-02,
     7.9149219975780047E-02,
     7.3559851990634764E-02,
    -2.5447577754634648E-01,
     6.1572990069665393E-02,
    -2.5621268604135161E-01,
    -2.5528183014020589E-01,
     7.4954489950458725E-02,
     1.1169484538345659E-01,
     9.4527918029881974E-02,
     7.5308905209699933E-02,
     9.1669635452397175E-02,
     1.1197495564341185E-01,
     1.0268405362082952E-01,
     7.3882861060474120E-02,
     1.0544497369477057E-01,
    -4.5047902133604006E-01,
    -5.9345989975158098E-01
  ],
  "coordination numbers": [
     6.8443940154058343E+00,
     4.1025117356252334E+00,
     3.2289863883549996E+00,
     1.0003573961591457E+00,
     1.9689772056267447E+00,
     3.9116166921613358E+00,
     9.9095184541777481E-01,
     9.9131026122640709E-01,
     1.0049003281981506E+00,
     1.0082882120275958E+00,
     3.9107566762625297E+00,
     1.0067086976633091E+00,
     9.9894357407730006E-01,
     1.0043079785039462E+00,
     4.0596772630523965E+00,
     1.9920736757530522E+00,
     9.8989247310560913E-01,
     9.8957554543604864E-01,
     9.8929593285831707E-01,
     3.9555021750441721E+00,
     3.9370205074748279E+00,
     3.9550675873838417E+00,
     3.9558407323404197E+00,
     9.9175551349737834E-01,
     9.9329381743783696E-01,
     9.9328960559537727E-01,
     9.9188923145458041E-01,
     9.9290158314408927E-01,
     9.9264160810385160E-01,
     9.9344511244038625E-01,
     9.9195487297914564E-01,
     9.9370833257785129E-01,
     9.9531386539476330E-01,
     9.7932322542012429E-01
  ]
}
