{
  "version":  "0.2.0",
  "energy":    -6.1269698194169886E-02,
  "charges": [
     3.8717722074915567E-01,
    -3.8717722074915567E-01
  ],
  "coordination numbers": [
     9.9896209013773429E-01,
     9.9896209013773429E-01
  ]
}
