{
  "version":  "0.2.0",
  "energy":    -4.0438072971672456E-02,
  "charges": [
     3.6099074284027921E-01,
    -3.6099074284027921E-01
  ],
  "coordination numbers": [
     9.9651123791370289E-01,
     9.9651123791370289E-01
  ]
}
