{
  "version":  "0.2.0",
  "energy":    -6.1101788118480910E-02,
  "charges": [
     4.4610244724268111E-01,
    -2.2306735890536775E-01,
    -2.2303508833731334E-01
  ],
  "coordination numbers": [
     1.9905910408677085E+00,
     9.9579389072408286E-01,
     9.9577398354404867E-01
  ]
}
