{
  "version":  "0.2.0",
  "energy":    -5.7366360417342999E-02,
  "charges": [
     2.4826619245318865E-01,
     2.3540553788429230E-01,
    -4.8367173033748095E-01
  ],
  "coordination numbers": [
     1.8488969495120990E+00,
     1.8460295945600551E+00,
     1.9888844036596636E+00
  ]
}
