{
  "version":  "0.2.0",
  "energy":    -9.2509680058013899E-01,
  "charges": [
     9.0574040750499085E-01,
    -2.1880987476806990E-01,
     8.2656996052169140E-02,
    -1.1170425110444060E-01,
     8.3634513568419555E-02,
    -3.5772225794739976E-01,
    -2.1901858564884491E-01,
    -3.5595477640432982E-01,
     6.8189937291359998E-02,
     9.2143140059502221E-02,
     9.2645511394294708E-02,
     7.8691016926387608E-02,
     6.8203984197063305E-02,
     9.2232461714550212E-02,
     9.1706496099760865E-02,
    -1.1479533851477880E-01,
    -2.4330407273597462E-01,
    -2.4536705454723740E-01,
    -3.6444734140790813E-01,
     3.2137740461031561E-01,
    -3.7346416754912215E-01,
    -3.7263414879070800E-01
  ],
  "coordination numbers": [
     7.4850319083175805E+00,
     3.9599349447777605E+00,
     3.1020330868137620E+00,
     2.9972119939360820E+00,
     3.1006601072538391E+00,
     1.9743547314607142E+00,
     3.9598689437114718E+00,
     1.9745478853734397E+00,
     9.9205909330468245E-01,
     9.9160348795646858E-01,
     9.9160395939673851E-01,
     9.9311471366880966E-01,
     9.9204347471345145E-01,
     9.9163986143257965E-01,
     9.9156893481937836E-01,
     2.5351890144959714E+00,
     1.9142648500385135E+00,
     1.9234110534111171E+00,
     1.9403128908088805E+00,
     3.9650226492342879E+00,
     1.9538418567661928E+00,
     1.9615269957990362E+00
  ]
}
