{
  "version":  "0.2.0",
  "energy":    -9.4819298870234214E-01,
  "charges": [
     7.2372034665522866E-01,
     1.7052762082664152E-01,
    -3.2685907127056624E-01,
    -2.6899925927642210E-01,
    -2.4634889316871017E-01,
    -3.7549152718570533E-01,
     4.1760922857597482E-01,
    -4.0174221881978767E-01,
    -3.5188016512110654E-01,
    -5.3038948909323436E-01,
     2.6315328594835397E-01,
     4.1726592852917854E-02,
     3.6060844022228228E-02,
    -3.1920123856992555E-01,
     2.9174779473412321E-02,
     4.0066591728050348E-02,
    -4.0131335780911526E-01,
     1.0406861581957923E-01,
     1.4678596447742115E-01,
     1.4695138203735217E-01,
     1.0237996789741291E-01
  ],
  "coordination numbers": [
     6.7621433410480467E+00,
     3.4770353357204824E+00,
     1.0016637021524053E+00,
     1.8472488236687514E+00,
     1.9096613919732137E+00,
     1.9815041529955222E+00,
     3.8791165215557184E+00,
     9.9929016745831500E-01,
     1.9848249122450294E+00,
     1.9892690985530628E+00,
     1.0426372354354339E+00,
     3.0789294249481927E+00,
     3.0735592356148054E+00,
     2.8849801313430854E+00,
     3.1034316832782647E+00,
     3.0792981378970969E+00,
     2.0133642065090314E+00,
     9.9245308438376423E-01,
     9.9250973163668554E-01,
     9.9175835247387578E-01,
     9.9247564153892665E-01
  ]
}
