{
  "version":  "0.2.0",
  "energy":    -9.0007078969395615E-01,
  "charges": [
     7.7521501188071396E-01,
    -2.6500716471208230E-01,
    -1.1292965526823118E-01,
    -4.6118159673587306E-01,
     7.1646134999694355E-02,
     6.6535758859139649E-02,
     6.8511755864066742E-02,
    -6.2456134734985225E-01,
     2.5267477915437242E-01,
    -2.8329026369858828E-01,
     5.3052683471647100E-02,
    -2.6996055874096114E-01,
    -2.6865565426462701E-01,
     6.4597876442057889E-02,
     6.8858150598389192E-02,
     7.6772479570956037E-02,
     6.3740833401203012E-02,
     9.5318620019643974E-02,
     7.0480434047271834E-02,
     6.5074635416996707E-02,
     8.1404688814881943E-02,
     9.6328816650033650E-02,
    -3.0189157194115457E-01,
     9.9015665105186501E-02,
    -4.8175051158488513E-01
  ],
  "coordination numbers": [
     4.9961273950500722E+00,
     9.9792980068270598E-01,
     4.0190921729509785E+00,
     1.9921147689399961E+00,
     9.8947791109196448E-01,
     9.8947800226240723E-01,
     9.8907273925098593E-01,
     1.9907107094688232E+00,
     1.0497937008572116E+00,
     3.9554771878358252E+00,
     3.9343416037878951E+00,
     3.9555476895892507E+00,
     3.9570105735703605E+00,
     9.9174744692665939E-01,
     9.9274148994227307E-01,
     9.9382530049844320E-01,
     9.9170665555281534E-01,
     9.9484029619840264E-01,
     9.9267682459391526E-01,
     9.9179571704767522E-01,
     9.9369674518352546E-01,
     9.9457633320669192E-01,
     1.0106937865977033E+00,
     2.0230618786902497E+00,
     1.9929100569118363E+00
  ]
}
