{
  "version":  "0.2.0",
  "energy":    -9.9443134902579944E-01,
  "charges": [
     8.9849968280880610E-01,
     1.6044426773563070E-01,
    -3.3628382177477306E-01,
    -1.0998526878963699E-01,
    -1.1231775995762225E-01,
    -8.6370570251167983E-02,
     1.3510790580608972E-02,
    -7.8635756907279489E-02,
    -1.0364333133706820E-01,
     2.9793448575649750E-01,
    -3.8899407908715133E-01,
    -3.6284055559792860E-01,
     9.9145170940876520E-02,
     1.0039121536173662E-01,
     1.3235592238050647E-01,
     1.4712287893503750E-01,
     1.1267202871132004E-01,
    -5.4093773952959590E-01,
     2.8192219691049414E-01,
    -3.4891530892994282E-01,
     4.3475990966209144E-01,
    -3.5298702034527285E-01,
    -3.7006563325748393E-01,
    -1.9937966948252300E-01,
     1.3471024190260969E-01,
    -4.2211227643876931E-01
  ],
  "coordination numbers": [
     6.6630046428899519E+00,
     1.8862959247234370E+00,
     9.9971527549983286E-01,
     3.0133531333268264E+00,
     3.0119637286059451E+00,
     3.0170579108845486E+00,
     3.0163193483965864E+00,
     3.0153386273267122E+00,
     3.0118645760843066E+00,
     3.0740186430639032E+00,
     1.0005264332048505E+00,
     1.9942706246691753E+00,
     9.9268713686114296E-01,
     9.9272395724943507E-01,
     9.9282951470369785E-01,
     9.9295893940814839E-01,
     9.9278864807867251E-01,
     1.9914000106056022E+00,
     1.0236268662253609E+00,
     1.9893441928972067E+00,
     3.9008397067188447E+00,
     1.9888239021395613E+00,
     1.0002081507455083E+00,
     1.0113536307896869E+00,
     2.0688206528506763E+00,
     2.0005125909955703E+00
  ]
}
