{
  "version":  "0.2.0",
  "energy":     9.7278393710272182E-01,
  "charges": [
     6.9967574876178373E-01,
    -5.5978595888143357E-01,
    -5.8949389820317499E-04,
     4.7001130459189966E-05,
    -5.6539933866075254E-01,
     2.8294240683248917E-01,
     2.7343450779270229E-01,
     1.5730082679355878E-01,
     1.6097438477775078E-01,
     1.5602994823119831E-01,
     1.5562209721569614E-01,
     2.7220707184444692E-01,
     2.7601954137660223E-01,
     5.5243306747251086E-02,
    -2.0544034728459559E-02,
    -2.5305597258025170E-02,
    -4.1930210023776948E-02,
     2.6660074918656296E-02,
    -2.9385541846666197E-02,
    -2.8115416656250392E-02,
     2.4794328519876618E-01,
    -3.0220321228641628E-01,
    -3.5262162835470312E-01,
     1.8953386903816796E-01,
     1.8760063527026069E-01,
     1.6107744804420396E-01,
     1.7674604016603701E-01,
     1.8524185017143721E-01,
     2.6158038828322316E-01
  ],
  "coordination numbers": [
     5.5266783105146580E+00,
     3.9025404200518334E+00,
     4.0971262583765853E+00,
     4.1457977858493020E+00,
     3.9358526514080578E+00,
     9.9927245883410887E-01,
     1.0106272380004597E+00,
     9.9146996518826658E-01,
     9.9123906953532526E-01,
     9.9127193669845859E-01,
     9.9147805055551519E-01,
     1.0306255514247518E+00,
     1.0143453584309219E+00,
     9.9711065863884762E-01,
     3.0158354610594698E+00,
     3.0095656506207353E+00,
     3.0139034330246277E+00,
     3.0180871378962602E+00,
     3.0196097417565433E+00,
     3.0097789697388473E+00,
     3.5930123633268947E+00,
     1.9771797774586224E+00,
     2.7345074133750273E+00,
     9.9280499379881348E-01,
     9.9298078718886629E-01,
     9.9240683360301229E-01,
     9.9298765172112979E-01,
     9.9297128851897387E-01,
     9.9253475940912939E-01
  ]
}
