{
  "version":  "0.2.0",
  "energy":    -5.9938546918005778E-02,
  "charges": [
     5.5208086209986995E-01,
    -1.8407257219091441E-01,
    -1.8358756214439029E-01,
    -1.8442072776456525E-01
  ],
  "coordination numbers": [
     2.9800845077860965E+00,
     9.9521008353809037E-01,
     9.9524123298508549E-01,
     9.9513125588194828E-01
  ]
}
