{
  "version":  "0.2.0",
  "energy":     3.0576936017104189E-01,
  "charges": [
     8.3018367104360569E-01,
    -1.5127795594362564E-01,
     1.1641659803128068E-01,
    -5.7815794527186493E-02,
     1.1485437901845011E-01,
    -3.0782444732950009E-01,
    -1.5819466299434870E-01,
    -2.8678693177066783E-01,
     1.3077894976718593E-01,
     1.5326671800532185E-01,
     1.4893814664153340E-01,
     1.2903039583034009E-01,
     1.3010753644573392E-01,
     1.4058186100547504E-01,
     1.4535059596601602E-01,
    -2.6623612665495600E-01,
     7.2951097590175276E-02,
    -2.0341964889869413E-01,
    -5.2332433328919958E-02,
    -5.7680415211968331E-02,
     6.1019917368465591E-02,
    -3.0614883225576933E-01,
     6.5231696702851602E-02,
    -5.5284528714017692E-02,
     1.5272311841123931E-01,
     1.4607518407436335E-01,
     1.5101217380770438E-01,
     1.5970017435406314E-01,
     1.4922665742901883E-01,
    -4.8294519316687190E-01,
     3.1944829702199556E-01,
    -1.4303518160864659E-01,
     1.0874696865887953E-01,
    -3.2666293986531786E-01,
     1.4222066783644435E-01,
     1.4573483685126090E-01,
     1.4204545040908612E-01
  ],
  "coordination numbers": [
     6.3103117734280048E+00,
     3.9605643591175914E+00,
     3.1640666284785990E+00,
     3.0025327847905459E+00,
     3.1606263964067507E+00,
     1.9895184870159923E+00,
     3.9606231409409967E+00,
     1.9906576981397750E+00,
     9.9236231340319581E-01,
     9.9148744631117225E-01,
     9.9159507482459919E-01,
     9.9327851223553054E-01,
     9.9235185154850658E-01,
     9.9158628186949027E-01,
     9.9149013102233408E-01,
     2.0016381096555724E+00,
     2.0778762611534791E+00,
     1.0053694028884532E+00,
     3.0226930037769035E+00,
     3.0101385272018453E+00,
     3.1711943213740037E+00,
     2.9600896866060715E+00,
     3.1438916543014468E+00,
     3.0102483707450691E+00,
     9.9285609566351063E-01,
     9.9303478086528862E-01,
     9.9272706755330553E-01,
     9.9282296039969076E-01,
     9.9302539925668487E-01,
     1.9914268934235091E+00,
     1.0066694024843370E+00,
     3.9583398874291937E+00,
     2.0041154979342117E+00,
     1.9252600395040824E+00,
     9.9182290460229972E-01,
     9.9180320572437708E-01,
     9.9182685911803059E-01
  ]
}
