{
  "version":  "0.2.0",
  "energy":    -1.6394919782509965E-01,
  "charges": [
    -7.7555472082996457E-02,
     3.8090975545367051E-01,
     3.8560188281598501E-01,
    -2.2214394330730530E-01,
    -2.4053691604424704E-01,
    -2.2627530683510677E-01
  ],
  "coordination numbers": [
     4.6199816220196901E+00,
     1.8282169889785527E+00,
     2.8774505113854811E+00,
     1.8772640820516013E+00,
     1.8507103057553609E+00,
     1.8609429025413444E+00
  ]
}
