{
  "version":  "0.2.0",
  "energy":    -1.6329784560054478E-01,
  "charges": [
     4.9948701054668254E-02,
     3.5834380159877161E-01,
     3.6872325113228699E-01,
    -2.5322805191732817E-01,
    -2.7141111682592972E-01,
    -2.5237658504246890E-01
  ],
  "coordination numbers": [
     4.5991753379782709E+00,
     1.8477849315131873E+00,
     2.8779861217802161E+00,
     1.8576395662210361E+00,
     1.8561674322553401E+00,
     1.8564192232490360E+00
  ]
}
