{
  "version":  "0.2.0",
  "energy":    -7.6742327616568434E-02,
  "charges": [
     4.0674973271063353E-01,
    -4.0674973271063330E-01
  ],
  "coordination numbers": [
     9.9898937542098221E-01,
     9.9898937542098221E-01
  ]
}
