{
  "version":  "0.2.0",
  "energy":     3.2312566335899179E-01,
  "charges": [
     8.8903519300204170E-01,
    -1.2815589636973854E-01,
     1.2631354193298022E-01,
    -3.8720769605581817E-01,
     1.5429494741012506E-01,
     1.5566662027437625E-01,
     1.5407361556370552E-01,
     6.6478442029775542E-02,
    -3.0106702870849911E-01,
    -2.2541997300260130E-02,
    -4.2155308710409883E-01,
     1.5411237590743967E-01,
     1.5082663613686237E-01,
     1.4867792957228021E-01,
     1.0250085093415305E-01,
     6.2901695148870410E-02,
    -3.7529295144192243E-01,
     5.8523448233643027E-02,
     9.7847536923628520E-02,
    -3.1172795077886961E-01,
     1.6944639565219188E-01,
     1.5223757398644669E-01,
     1.4008113953292017E-01,
     1.6452866551776646E-01
  ],
  "coordination numbers": [
     4.3331325680712869E+00,
     3.9581380233545378E+00,
     2.0171799223527609E+00,
     1.9667723730611151E+00,
     9.9173135103176246E-01,
     9.9169200939175628E-01,
     9.9171817939300144E-01,
     1.9879177004364799E+00,
     1.0309039505658326E+00,
     4.0542567605827884E+00,
     1.9918898216105436E+00,
     9.9150909401014875E-01,
     9.9147538982781036E-01,
     9.9141351902598807E-01,
     3.0701168292800274E+00,
     3.2282077546080998E+00,
     2.9824479676215159E+00,
     3.1461339995944444E+00,
     3.0701675116294407E+00,
     2.0157942518129834E+00,
     9.9256991530740102E-01,
     9.9279020238913773E-01,
     9.9261059938261997E-01,
     9.9255498581884183E-01
  ]
}
