{
  "version":  "0.2.0",
  "energy":    -3.1385514213514654E-01,
  "charges": [
     5.7809943682621823E-01,
    -5.7321889463009723E-01,
    -3.8114587408841355E-02,
    -4.2187617166455929E-02,
    -5.7956008410603155E-01,
     2.3530546823319035E-01,
     2.2696217076735087E-01,
     8.6691005752860956E-02,
     1.1172203377563163E-01,
     1.0797930227617610E-01,
     8.8745434488705296E-02,
     2.3020814800067710E-01,
     2.6382764524548796E-01,
    -9.7417695498242793E-02,
    -9.8915114404010490E-02,
    -8.1194023098663581E-02,
     5.4406062971087410E-03,
    -8.4010095891866032E-02,
    -1.0045515318263040E-01,
     2.5632633275997541E-01,
    -3.5811427635682197E-01,
    -3.6473842850881688E-01,
     1.1276058211914554E-01,
     1.1472024385061923E-01,
     1.3598022648233313E-01,
     1.3125425960742340E-01,
     1.1301787488950632E-01,
    -6.6765176058513231E-02,
    -3.8024803725174389E-01,
     1.0039529682271094E-01,
     1.0847387828592785E-01,
     1.3482518192400794E-01,
     9.7237717564561260E-02,
    -3.7503366240688302E-01
  ],
  "coordination numbers": [
     7.0017239623588630E+00,
     3.9310649984114967E+00,
     4.1729553163155906E+00,
     4.0463842819155786E+00,
     3.9017534221468404E+00,
     1.0428405785451904E+00,
     1.0008733297319310E+00,
     9.9072246565193733E-01,
     9.9152319189960103E-01,
     9.9092545333968385E-01,
     9.9048002849236827E-01,
     9.9665757321082982E-01,
     1.3798827118758723E+00,
     3.0137074079343469E+00,
     3.0122521968014144E+00,
     3.0163231015146765E+00,
     3.0173252058717539E+00,
     3.0162105437704998E+00,
     3.0122222231926843E+00,
     3.8697904058595469E+00,
     1.9688467081431815E+00,
     1.9700843432877422E+00,
     9.9277230725816334E-01,
     9.9280392415306817E-01,
     9.9292282147917099E-01,
     9.9292162968823217E-01,
     9.9279600278304692E-01,
     4.0383514548412922E+00,
     1.9913512719524631E+00,
     9.8964622919094847E-01,
     9.8989302481951125E-01,
     9.8898758233826101E-01,
     1.9199706333206121E+00,
     1.0015186554792415E+00
  ]
}
