{
  "version":  "0.2.0",
  "energy":     1.6960888249149536E-01,
  "charges": [
     9.8770948606479392E-01,
    -7.0416740000157629E-02,
    -7.4467833947412410E-02,
    -6.3159634727013886E-02,
     1.7863210628334139E-02,
    -6.5920408251686352E-02,
    -7.4927910825485236E-02,
     2.5905153918765161E-01,
    -3.7010251162131147E-01,
    -3.6772941532593395E-01,
     1.4098125095346947E-01,
     1.4051735717153407E-01,
     1.5290035845249655E-01,
     1.4859406654627330E-01,
     1.3999450171992062E-01,
    -9.5512673271471088E-02,
    -4.2356384150514192E-01,
     1.2880502606870323E-01,
     1.4549834607811005E-01,
     1.2830183687195701E-01,
     2.5492889282671394E-01,
    -7.6111040374775829E-01,
     2.8227469069698830E-01,
     2.8261490299802972E-01,
     2.7420395037801970E-01,
    -6.9197702369197700E-02,
    -7.3053706288713438E-02,
    -6.1594117455307761E-02,
     1.9248536103846473E-02,
    -6.5213718965552267E-02,
    -7.4166316325394138E-02,
     2.5383328361725049E-01,
    -3.8308638825003311E-01,
    -3.5546408067144986E-01,
     1.4159184630050381E-01,
     1.4119088266829666E-01,
     1.5360808394731226E-01,
     1.4661009142498871E-01,
     1.4004117754923556E-01,
    -1.5602577280555269E-01,
     9.9314160607002502E-02,
    -3.7345495357598890E-01,
     1.3277339833513024E-01,
     1.3355105362768746E-01,
     1.3216619910631247E-01
  ],
  "coordination numbers": [
     7.5589724155518407E+00,
     3.0144832939390325E+00,
     3.0120484750341845E+00,
     3.0161949932588943E+00,
     3.0192539422483895E+00,
     3.0161783384656697E+00,
     3.0119652130453707E+00,
     3.8517347119063130E+00,
     1.9532157168336903E+00,
     1.9834377694316228E+00,
     9.9282978938987920E-01,
     9.9291030644802980E-01,
     9.9293919967758448E-01,
     9.9294100140607355E-01,
     9.9290520390182468E-01,
     3.9819795184331088E+00,
     2.9344834502520039E+00,
     9.9176667745781710E-01,
     9.9229269756209248E-01,
     9.9171984672685198E-01,
     1.0223341603638216E+00,
     3.9249714354423162E+00,
     1.0145677494731080E+00,
     9.9805327300866153E-01,
     9.9937067871390806E-01,
     3.0146801271508110E+00,
     3.0120822466250559E+00,
     3.0167264738015058E+00,
     3.0195237923552956E+00,
     3.0162453163149276E+00,
     3.0121366655778523E+00,
     3.8666061308429640E+00,
     1.9761415458606297E+00,
     1.9780966174030850E+00,
     9.9283470168821797E-01,
     9.9291383620793461E-01,
     9.9296515122650231E-01,
     9.9296645118711702E-01,
     9.9292066472041451E-01,
     3.9583437734685836E+00,
     2.0110015201485139E+00,
     1.9481465198929362E+00,
     9.9178710105056123E-01,
     9.9182798196908184E-01,
     9.9184013120362824E-01
  ]
}
