{
  "version":  "0.2.0",
  "energy":    -2.1349613660795091E-01,
  "charges": [
     6.7288334071909728E-01,
     1.8256365062133276E-01,
    -2.2527732058889810E-01,
    -2.1918983254231897E-01,
    -2.1575195898083277E-01,
    -4.2477370975482251E-02,
    -3.5985065946307032E-01,
     1.3465365106158356E-01,
     1.3755451756180900E-01,
     1.3760435651113981E-01,
    -5.3653096569000591E-01,
     2.9032824893985176E-01,
     2.9280251469899027E-01,
     1.0699994188168495E-01,
    -3.5631211375488098E-01
  ],
  "coordination numbers": [
     5.5798439929163752E+00,
     3.6825650382352961E+00,
     1.0015789199621148E+00,
     1.9665714593444132E+00,
     1.9555413041491718E+00,
     4.0077121979657377E+00,
     1.9923167929826677E+00,
     9.9089734675948371E-01,
     9.9087628923777871E-01,
     9.9087262220676653E-01,
     2.9325617032565603E+00,
     9.9591521949969586E-01,
     1.0265143693186563E+00,
     1.9776455036481506E+00,
     1.0273113057666752E+00
  ]
}
