{
  "version":  "0.2.0",
  "energy":     1.8317003460470771E-01,
  "charges": [
     9.2136342734685506E-01,
    -7.4372934723633066E-01,
     2.8204323730566139E-01,
     2.8467543789712157E-01,
     2.9699922269449608E-01,
    -1.3567045110008696E-01,
     1.2101060131106511E-01,
    -3.5622006032613779E-01,
     1.4872568432096128E-01,
     1.4875519897712208E-01,
     1.5723994065960242E-01,
    -5.5345214298378442E-01,
     2.9346246869247178E-01,
     3.0604569064048309E-01,
    -5.5388944538145557E-01,
     3.0723343621027122E-01,
     2.9255352013140273E-01,
    -5.0931185584445066E-02,
    -5.2693355256914452E-02,
     6.3355200613302493E-02,
    -3.4086478017241384E-01,
     5.3773259574473306E-02,
    -5.6531797065996203E-02,
     1.5481563302230822E-01,
     1.5150678487619215E-01,
     1.6188815756425665E-01,
     1.4439076453467134E-01,
     1.4857028624690116E-01,
    -3.4116644353766590E-01,
     4.4852207376095515E-01,
    -3.6725234705114007E-01,
    -3.3452867068420344E-01
  ],
  "coordination numbers": [
     7.7633433294273289E+00,
     3.8924561898582919E+00,
     9.9684230170139365E-01,
     9.9718256251641701E-01,
     9.9904417696820591E-01,
     3.9580333535101717E+00,
     2.1563024233050641E+00,
     1.9251155559954380E+00,
     9.9190704592746659E-01,
     9.9189879798291258E-01,
     9.9122822592791326E-01,
     2.9212069859786478E+00,
     9.9404107381035445E-01,
     1.2218069554012230E+00,
     2.9194295852389232E+00,
     1.2238120687234781E+00,
     9.9425926903928374E-01,
     3.0225997975182057E+00,
     3.0105835999790642E+00,
     3.1806998392892130E+00,
     2.9578748164397926E+00,
     3.1141953706784271E+00,
     3.0102968207835348E+00,
     9.9284111708317724E-01,
     9.9302843487716252E-01,
     9.9279435570448715E-01,
     9.9256872952375907E-01,
     9.9301515244035699E-01,
     1.9156248519880066E+00,
     3.9569812155019690E+00,
     1.9518555241654658E+00,
     1.9584647285944481E+00
  ]
}
