{
  "version":  "0.2.0",
  "energy":    -3.2600608578328261E-01,
  "charges": [
     6.2676140153222071E-01,
    -3.6841117821674318E-02,
     7.9530687124424670E-01,
    -4.2030636289821333E-01,
    -1.8998072242540820E-01,
    -7.7494006963117135E-01
  ],
  "coordination numbers": [
     4.8333303682077515E+00,
     9.8202449690000293E-01,
     2.9157714714049918E+00,
     2.9091834526268672E+00,
     2.0558858522542511E+00,
     1.9773099156903484E+00
  ]
}
