{
  "version":  "0.2.0",
  "energy":    -1.0496519825511497E-01,
  "charges": [
    -4.5517769032482669E-02,
     4.5753245316898344E-01,
    -1.7821021307135904E-01,
    -1.1712522312212975E-01,
    -1.1667924794301199E-01
  ],
  "coordination numbers": [
     3.8573375982632516E+00,
     1.9312940180997975E+00,
     1.8821915590864151E+00,
     9.7930914015790105E-01,
     9.7944604376310984E-01
  ]
}
