{
  "version":  "0.2.0",
  "energy":     1.1800600021706957E+00,
  "charges": [
     1.0098084657322612E+00,
     4.7175403118721260E-02,
     9.4301613114901828E-01
  ],
  "coordination numbers": [
     1.9710771213501905E+00,
     1.0001951133273765E+00,
     9.7385921181989765E-01
  ]
}
