{
  "version":  "0.2.0",
  "energy":    -3.5875296756401553E-02,
  "charges": [
     2.7394420151355875E-01,
    -2.7394420151355875E-01
  ],
  "coordination numbers": [
     9.9702232663144574E-01,
     9.9702232663144574E-01
  ]
}
