{
  "version":  "0.2.0",
  "energy":    -1.2267270027186271E-02,
  "charges": [
     2.4545104791101419E-01,
    -4.0907524416584587E-02,
    -4.0909484709320598E-02,
    -4.0908765779322356E-02,
    -4.0908239637773666E-02,
    -4.0908383837353346E-02,
    -4.0908649530659612E-02
  ],
  "coordination numbers": [
     5.8062649883837683E+00,
     9.8678382556270972E-01,
     9.8678945118461225E-01,
     9.8678738556806334E-01,
     9.8678587328996592E-01,
     9.8678661066852502E-01,
     9.8678678809154441E-01
  ]
}
