{
  "version":  "0.2.0",
  "energy":    -8.1592433508128698E-02,
  "charges": [
     5.3823266157215166E-01,
    -1.4494374925628664E-01,
    -3.9328891231586505E-01
  ],
  "coordination numbers": [
     1.9941659387781767E+00,
     9.9848526101495416E-01,
     9.9669664896704901E-01
  ]
}
