{
  "version":  "0.2.0",
  "energy":    -7.8265291778554724E-01,
  "charges": [
     1.7954465403099462E-01,
    -7.0396703470816713E-01,
    -9.6068658561106557E-01,
     4.8510896628823830E-01
  ],
  "coordination numbers": [
     2.9298952009271337E+00,
     1.9357127125230562E+00,
     1.9689437253636441E+00,
     2.8649307643869175E+00
  ]
}
