{
  "version":  "0.2.0",
  "energy":    -3.3486408541012463E-01,
  "charges": [
     7.4197631500676553E-01,
    -5.8059907971939613E-02,
    -3.2537906727752930E-01,
     3.6335114150404546E-01,
    -2.8947066212099259E-01,
    -4.6433007226848649E-02,
    -3.0219906545834990E-01,
    -4.6736811236455830E-02,
     1.3408700920818445E-01,
     1.3634916427710747E-01,
     1.5403061584831698E-01,
     1.3582001216711689E-01,
     1.3484779002384803E-01,
     1.4139571790324101E-01,
     1.3433422204207096E-01,
     1.4476462136297924E-01,
     1.5346759925086417E-01,
     8.5210254278637487E-02,
    -3.5332645958647557E-01,
     1.8674438227459988E-01,
    -2.3509661871936649E-01,
    -2.0678361145987412E-01,
    -2.1119679947491041E-01,
    -3.2900336542530390E-01,
     4.7648699904603858E-01,
    -3.2654361078403921E-01,
    -3.9263685745173071E-01
  ],
  "coordination numbers": [
     7.0886850489913709E+00,
     4.1452578733003822E+00,
     1.9885750982780950E+00,
     4.5550652552053581E+00,
     1.9900866130915151E+00,
     4.1614768660036585E+00,
     1.9890937073262460E+00,
     4.1613989569252290E+00,
     9.9219662166017564E-01,
     9.9164469709808767E-01,
     9.9162980896621278E-01,
     9.9225518972424531E-01,
     9.9166903531619344E-01,
     9.9185207272030773E-01,
     9.9218699426399404E-01,
     9.9175647113389154E-01,
     9.9175113145706106E-01,
     1.0733812140142867E+00,
     1.9919386121177016E+00,
     3.6897551267361184E+00,
     1.0014655722143120E+00,
     1.9576264198158118E+00,
     1.9729523338142316E+00,
     1.9897228582991504E+00,
     3.9089894728631753E+00,
     1.9900332705166264E+00,
     1.0015544359083304E+00
  ]
}
