{
  "version":  "0.2.0",
  "energy":    -9.3355575066063193E-02,
  "charges": [
     7.3704109901450643E-01,
    -1.4628982345294717E-01,
    -1.4643451493557869E-01,
    -1.5179262221955858E-01,
    -1.4636495669571820E-01,
    -1.4615918171070374E-01
  ],
  "coordination numbers": [
     4.9371474793808297E+00,
     1.0249968507993179E+00,
     1.0251195887736344E+00,
     9.9812923981437418E-01,
     1.0256986407586837E+00,
     1.0245175515802538E+00
  ]
}
