{
  "version":  "0.2.0",
  "energy":    -3.3024024119928774E-02,
  "charges": [
     2.7185565606166406E-01,
    -2.7185565606166406E-01
  ],
  "coordination numbers": [
     9.9737372008560765E-01,
     9.9737372008560765E-01
  ]
}
