{
  "version":  "0.2.0",
  "energy":     9.9890166052425422E-01,
  "charges": [
     8.6635061444732986E-01,
    -3.3113910540374925E-01,
     7.2904155303019968E-02,
    -3.2789131846056807E-02,
    -2.8007583519612300E-02,
    -4.4669024912159516E-02,
     1.3900055417652796E-01,
     1.4071585790589108E-01,
    -4.3511562414695448E-02,
    -2.5224759231500915E-02,
    -2.6702843347938571E-02,
     8.2742411882187200E-02,
    -3.3528656322138628E-01,
     1.6549922659926530E-01,
     1.7448749424171320E-01,
     1.8107284467621795E-01,
     1.5484402820051746E-01,
     1.5537069624275152E-01,
     1.8304519912529937E-01,
     1.8072324515011584E-01,
     1.6840131157669092E-01,
    -2.5076975824141368E-02,
    -3.0510542923389644E-02,
    -2.9717124261500361E-02,
     3.5701388125557461E-02,
    -3.2809003312257778E-02,
    -3.1446233078123054E-02,
     2.7334060294972823E-01,
    -3.2428847322141852E-01,
    -3.3498054443571168E-01,
     1.8594470552679010E-01,
     1.8407524453506222E-01,
     1.8314422625788493E-01,
     1.7900350458878217E-01,
     1.8325865268160074E-01,
    -2.1346649323929207E-01
  ],
  "coordination numbers": [
     6.4387545039269991E+00,
     2.9926007794166658E+00,
     3.2279356549647851E+00,
     3.0086413238464251E+00,
     3.0210651749331605E+00,
     3.0118618206285390E+00,
     3.2157450698423000E+00,
     3.2258738920685177E+00,
     3.0114030320583458E+00,
     3.0220642250561118E+00,
     3.0081418199945320E+00,
     3.2986339345916500E+00,
     3.0006088606954657E+00,
     9.9302268991869092E-01,
     9.9298322478140744E-01,
     9.9279570070978984E-01,
     9.9314648139806661E-01,
     9.9314823270547059E-01,
     9.9279722301482121E-01,
     9.9299043501017792E-01,
     9.9387036537232998E-01,
     3.0157493247384153E+00,
     3.0098591299189881E+00,
     3.0165485910310963E+00,
     3.0207338532428061E+00,
     3.0164490480806316E+00,
     3.0098259379083103E+00,
     3.9281729177639546E+00,
     1.9944051262319160E+00,
     1.9921497242613784E+00,
     9.9277700753040676E-01,
     9.9298292175352554E-01,
     9.9293825205837560E-01,
     9.9293042631821127E-01,
     9.9297475656405432E-01,
     9.9899229556275504E-01
  ]
}
