{
  "version":  "0.2.0",
  "energy":     8.2454977311980093E-01,
  "charges": [
     8.8862626873909711E-01,
    -6.1361338062253967E-01,
    -2.2617070669647799E-02,
    -3.5305208982263803E-02,
    -4.5514504927818750E-01,
    -3.5760777819450917E-02,
    -1.7470357534541348E-02,
    -5.9957816408376818E-01,
     2.5260804973626988E-01,
     2.5811207811216241E-01,
     1.4122549156071335E-01,
     1.4011756456003988E-01,
     1.3381428474131010E-01,
     1.2167438938077123E-01,
     2.3326318544452465E-01,
     1.3217378720187856E-01,
     1.3475613008104687E-01,
     1.4207935769948732E-01,
     1.3402779822872965E-01,
     2.6272255096010899E-01,
     2.6621817361869932E-01,
    -3.4082374111955277E-02,
    -3.9825211938161367E-02,
     5.5574514729495955E-02,
    -3.7689017596801877E-01,
     3.9097694945933542E-02,
    -4.5717593856348882E-02,
     1.7424733672334769E-01,
     1.6867375538913476E-01,
     1.5517979647435473E-01,
     1.2322384703716191E-01,
     1.6155038715501552E-01,
    -3.1427335753740210E-02,
    -4.2243817214152449E-02,
     5.3649016220382220E-02,
    -3.7432885719221343E-01,
     5.6968205906667874E-02,
    -3.6785590151448444E-02,
     1.7493350089119963E-01,
     1.6360324084038258E-01,
     1.2812214028686497E-01,
     1.4218800773448492E-01,
     1.6763734184010062E-01,
    -1.8120508837192094E-02,
     1.4408830562972197E-01,
    -3.7124472785545787E-01
  ],
  "coordination numbers": [
     7.5717226120077763E+00,
     3.9217597402890148E+00,
     4.0639641278742280E+00,
     4.1282527319236033E+00,
     3.9082906758031610E+00,
     4.0514214564532631E+00,
     4.1178099411706146E+00,
     3.9266696691260776E+00,
     1.0050671270760745E+00,
     1.0008730322263411E+00,
     9.9137056960056213E-01,
     9.9149389705151236E-01,
     9.9106016955559362E-01,
     9.9109197657780079E-01,
     1.0025708685624775E+00,
     9.9129766766697713E-01,
     9.9123297188268822E-01,
     9.9136719237552029E-01,
     9.9123740110153680E-01,
     9.9982936626480345E-01,
     1.0036759826000576E+00,
     3.0222114095275625E+00,
     3.0096991866035987E+00,
     3.2139592100976984E+00,
     2.9577559656532193E+00,
     3.1072512260754088E+00,
     3.0096042884314302E+00,
     9.9281431530892217E-01,
     9.9296842948763953E-01,
     9.9321391855052177E-01,
     9.9251115492602970E-01,
     9.9297190815028369E-01,
     3.0230764618056583E+00,
     3.0089491942499089E+00,
     3.2349022181942484E+00,
     2.9718953213397006E+00,
     3.1369535570040643E+00,
     3.0095163026365030E+00,
     9.9281360235958349E-01,
     9.9299217153824770E-01,
     9.9286871017919953E-01,
     9.9262793338144828E-01,
     9.9298243061920388E-01,
     1.9058728349594105E+00,
     2.9587681053297592E+00,
     1.9897448681055794E+00
  ]
}
