{
  "version":  "0.2.0",
  "energy":    -8.3692835945521327E-01,
  "charges": [
     6.6677018820598866E-01,
    -2.6810590379713561E-01,
     1.0957359033646918E-01,
    -4.3984666786330501E-01,
    -3.6415115674928644E-01,
    -4.2294905304355090E-01,
    -2.4308082708378470E-01,
    -3.7572393982147290E-02,
    -4.0994986704194808E-01,
     6.0167654770628964E-02,
     9.2186027600969292E-02,
     9.2713957069700328E-02,
     8.1130843595833474E-02,
     8.3113607981568430E-02
  ],
  "coordination numbers": [
     4.1105221081968306E+00,
     1.0104852906429240E+00,
     2.0482470585448533E+00,
     1.9904458607937325E+00,
     9.9793932672418428E-01,
     9.8439436037098105E-01,
     3.9537900372696466E+00,
     4.0686172245153962E+00,
     1.9928779595244785E+00,
     9.9126461461494308E-01,
     9.9140753302429019E-01,
     9.9140620995209616E-01,
     9.8961178415381301E-01,
     9.8963922566135132E-01
  ]
}
