{
  "version":  "0.2.0",
  "energy":     7.7982559884429248E-01,
  "charges": [
     8.8230550737768243E-01,
     2.1098647186791861E-02,
     3.2561760316610427E-01,
    -4.0761968931147818E-01,
    -3.3164701175716516E-01,
    -5.8272396926364090E-01,
     1.5051286463684235E-01,
     1.6022576351917828E-01,
     2.6275252544379951E-01,
     2.6664359225036843E-01,
    -7.2677303340709709E-01,
     3.0236270513991120E-01,
     2.9586843298980658E-01,
     2.9276715502398998E-01,
    -1.6354083359165045E-01,
     1.0018446564677180E-02,
    -3.9947040136980988E-01,
     1.5450822705447284E-01,
     1.5727932061505664E-01,
     1.4427255231998831E-01,
     1.6058702995722704E-01,
     1.4815622598057340E-01,
     1.0081487197568768E-01,
     5.3093569377821240E-02,
    -3.4803681336138087E-01,
     4.9264566276492838E-02,
     1.0125947301462521E-01,
    -2.9705274533475395E-01,
     1.7452537794380230E-01,
     1.4072370329871034E-01,
     1.4049284768947237E-01,
     1.7656733578099543E-01,
    -3.2336922344644636E-02,
    -3.6886161878016521E-02,
    -4.2127472281883988E-02,
     2.6891312521188114E-02,
    -3.7551688164942004E-02,
    -3.8915834402703797E-02,
     2.4550483629019401E-01,
    -3.1206566644821621E-01,
    -3.6006758937824745E-01,
     1.7831187145630856E-01,
     1.7666126251667166E-01,
     1.6783949316202754E-01,
     1.7219553444671198E-01,
     1.7515968630138376E-01,
     3.0253349101706761E-01
  ],
  "coordination numbers": [
     7.4545077266066411E+00,
     4.0179047657513829E+00,
     3.6316444954701703E+00,
     1.0459276344767465E+00,
     1.9951573842106187E+00,
     3.8309668281888900E+00,
     9.9191730560476365E-01,
     9.9215744464988731E-01,
     9.9728932161461437E-01,
     9.9638297551871258E-01,
     3.9121019283128948E+00,
     1.0068217445120737E+00,
     9.9794641026546760E-01,
     9.9780821586203405E-01,
     3.9555564448824452E+00,
     4.0818119525990033E+00,
     1.9891728985094144E+00,
     9.9177588211535372E-01,
     9.9166236962251286E-01,
     9.9149599554047452E-01,
     9.9158152071163297E-01,
     9.9136014085892210E-01,
     3.0681595898361520E+00,
     3.1499046812242737E+00,
     2.9614034835419876E+00,
     3.1507310708210348E+00,
     3.0678870980782049E+00,
     2.0161404840440946E+00,
     9.9246039333012970E-01,
     9.9276883802672700E-01,
     9.9227226066228535E-01,
     9.9247022138927665E-01,
     3.0154882980667876E+00,
     3.0100259359718065E+00,
     3.0151366749041344E+00,
     3.0193425314463038E+00,
     3.0175950352510386E+00,
     3.0102107461051544E+00,
     3.6992755699349216E+00,
     1.9729057248663224E+00,
     2.8331866546181743E+00,
     9.9280362557450363E-01,
     9.9298298853432865E-01,
     9.9287472761009976E-01,
     9.9295701948068338E-01,
     9.9298159360036475E-01,
     1.0088411551993035E+00
  ]
}
