{
  "version":  "0.2.0",
  "energy":    -5.6780867619773967E-03,
  "charges": [
     1.2525760560803939E-01,
     3.5556061185171130E-03,
    -1.2881321172655649E-01
  ],
  "coordination numbers": [
     1.9690387319274603E+00,
     1.8756302888518430E+00,
     1.8930690824857628E+00
  ]
}
