{
  "version":  "0.2.0",
  "energy":     3.6930684866999086E-01,
  "charges": [
     1.0723993288539904E+00,
    -1.2861271746850278E-01,
     1.2641941350924341E-01,
    -4.6940338232196455E-02,
     1.2545083451231837E-01,
    -3.2569997859798755E-01,
    -1.2973459841731452E-01,
    -3.1607300003216837E-01,
     1.4890668145362118E-01,
     1.6709328079735847E-01,
     1.7212453390595328E-01,
     1.4464385185033049E-01,
     1.4840158119459174E-01,
     1.7008580003000076E-01,
     1.6590452139339953E-01,
    -5.1392766639023410E-02,
    -2.6123713295999335E-01,
     4.2310697039093487E-01,
    -2.1653252750787783E-01,
    -3.8831373803667829E-01
  ],
  "coordination numbers": [
     5.2669263688553478E+00,
     3.9606669612989052E+00,
     3.1705207180917485E+00,
     3.0025317480368852E+00,
     3.1752548344316205E+00,
     1.9942008277680543E+00,
     3.9607639415725870E+00,
     1.9934759610772126E+00,
     9.9248101599299954E-01,
     9.9141159990229077E-01,
     9.9143328338840764E-01,
     9.9332933120491074E-01,
     9.9244494967074637E-01,
     9.9148967502976237E-01,
     9.9140424459093435E-01,
     9.9517849664655245E-01,
     1.9225629600826544E+00,
     2.0591705886280725E+00,
     9.9930105677272429E-01,
     9.9939023988477782E-01
  ]
}
