{
  "version":  "0.2.0",
  "energy":     3.2220229276758533E-01,
  "charges": [
     7.4665802972134954E-01,
     2.9090312899564198E-02,
    -3.5363998762682974E-01,
     8.8464791601263026E-02,
     4.5773874271842083E-02,
    -3.8117905622048065E-01,
     4.1954600827781879E-02,
     8.4275262631280629E-02,
    -3.2655172886498995E-01,
     1.5530373574821665E-01,
     1.3156845759708494E-01,
     1.2908982136315267E-01,
     1.5182010765862486E-01,
    -2.2054911380943315E-01,
     2.8882927541729872E-02,
    -2.1941210461533489E-01,
    -2.2413475223269794E-01,
     1.3139451227007243E-01,
     1.2994323245318368E-01,
     1.2685476969350890E-01,
     1.3324015393572652E-01,
     1.3883191061004174E-01,
     1.3049268665646174E-01,
     1.3123171016594662E-01,
     1.2092444725924756E-01,
     1.2640990058391419E-01,
    -1.6946594937296253E-01,
    -9.4907872357898784E-02,
    -4.6457124792243287E-01,
     1.4855257740994351E-01,
     1.3490612596387525E-01,
     1.3506170773416462E-01,
     2.3368615642508347E-01
  ],
  "coordination numbers": [
     5.1610258087011180E+00,
     1.9888865760502243E+00,
     1.0483329619283301E+00,
     3.0710054687425341E+00,
     3.1795699147749810E+00,
     2.9705862874051334E+00,
     3.1376861944513674E+00,
     3.0708973734942360E+00,
     2.0157986348499604E+00,
     9.9255816402292396E-01,
     9.9272209576555603E-01,
     9.9262639155488319E-01,
     9.9254545438684794E-01,
     3.9567878506450862E+00,
     3.9552134235651977E+00,
     3.9614049620335319E+00,
     3.9559064343890480E+00,
     9.9271152944632135E-01,
     9.9357554830472861E-01,
     9.9295475405214795E-01,
     9.9265925593329118E-01,
     9.9291790891539300E-01,
     9.9335983088736590E-01,
     9.9246846647857279E-01,
     9.9247385508656460E-01,
     9.9275485759066218E-01,
     9.9814773122888845E-01,
     4.0335965858752036E+00,
     2.9242602853976720E+00,
     9.9194736059560817E-01,
     9.9192731002053414E-01,
     9.9211863185426630E-01,
     9.9996603889357694E-01
  ]
}
