{
  "version":  "0.2.0",
  "energy":    -1.8785301909548621E-01,
  "charges": [
     6.7204204757112063E-01,
     7.3676259747486969E-02,
    -3.7607351312252996E-01,
    -5.2717587822863052E-02,
     1.4248977749439320E-01,
    -3.8347716122352349E-01,
    -7.6309213159947556E-02,
    -7.6593296993483009E-02,
     4.8576073894889132E-02,
    -3.2417026877715294E-01,
     5.2703802416908460E-02,
    -7.8015711313367042E-02,
     1.2802218658801331E-01,
     1.2701557932673932E-01,
     1.5870847120357021E-01,
     1.4467455457410286E-01,
     1.2674656777212256E-01,
    -7.8231755699209024E-02,
     1.7324360690604090E-01,
    -4.0231041938331152E-01
  ],
  "coordination numbers": [
     5.9817607694771304E+00,
     1.0561712279006912E+00,
     1.9923934762720350E+00,
     1.9283741190075689E+00,
     2.9402310264415226E+00,
     1.9260543189631187E+00,
     3.0225315478814645E+00,
     3.0109663241101865E+00,
     3.1128279859299877E+00,
     2.9763162304291457E+00,
     3.2434811132531856E+00,
     3.0104988884040083E+00,
     9.9284570225946123E-01,
     9.9304871698429409E-01,
     9.9278137374901387E-01,
     9.9349281579878479E-01,
     9.9307359024552699E-01,
     1.0137734701586600E+00,
     2.0666958086458873E+00,
     2.0090738160165307E+00
  ]
}
