{
  "version":  "0.2.0",
  "energy":    -2.9855642080801825E-02,
  "charges": [
     2.5162479839405871E-01,
    -2.5162479839405871E-01
  ],
  "coordination numbers": [
     9.9720059661617899E-01,
     9.9720059661617899E-01
  ]
}
