{
  "version":  "0.2.0",
  "energy":    -2.3632451083892120E-01,
  "charges": [
     1.1281332288011594E+00,
    -1.9082518809002241E-01,
    -1.9082516467676003E-01,
    -1.8242618329328161E-01,
    -1.8242421844942608E-01,
    -1.9081586572426759E-01,
    -1.9081660856740179E-01
  ],
  "coordination numbers": [
     5.8702451135934384E+00,
     9.9894713860232098E-01,
     9.9894715528173972E-01,
     9.9858479551216295E-01,
     9.9858461083623506E-01,
     9.9894685184669463E-01,
     9.9894687387440051E-01
  ]
}
