{
  "version":  "0.2.0",
  "energy":    -3.8692697220932337E-01,
  "charges": [
     7.6049398311754390E-01,
    -2.0410969151494496E-01,
     8.6710371116284657E-02,
    -9.8922203423897459E-02,
     8.2525431647929137E-02,
    -3.2565008875074730E-01,
    -1.9846656736798263E-01,
    -3.6686044167781540E-01,
     8.9530901737229551E-02,
     1.0037816417985579E-01,
     1.0393361451343822E-01,
     9.4902035033062965E-02,
     8.9783901504234209E-02,
     1.0439918498972267E-01,
     1.1560536446680431E-01,
    -2.1028422322929874E-01,
    -5.8018765777371750E-02,
    -4.0184338319770341E-01,
     9.0771919867962431E-02,
     1.1407267550608682E-01,
     1.3721256310111901E-01,
     9.8540250561858278E-02,
     1.2104572981956288E-01,
     2.3078549111421098E-01,
    -3.5227746127046711E-01,
    -1.0268167814631690E-01,
    -1.0543354000721050E-01,
    -1.0317642316560383E-01,
    -6.2370998741519967E-03,
    -8.5189211335981285E-02,
    -1.0352935539059976E-01,
     2.3129672922004563E-01,
    -3.3838571788618144E-01,
    -4.4125995784550465E-01,
     1.0824307975359190E-01,
     1.0847163629405851E-01,
     1.0907945679776480E-01,
     1.4040251542632459E-01,
     1.1225649336536495E-01,
     2.4210413490348992E-01,
    -2.6887571600144411E-01,
    -2.4106237142282649E-01,
     6.4216844673363582E-02,
    -2.4049209783379610E-01,
    -2.4134094124063177E-01,
     9.7303165275635262E-02,
     1.1314513126573082E-01,
     1.1445276281770692E-01,
     9.5087220604967243E-02,
     1.0902987639108838E-01,
     1.1314802907982449E-01,
     9.4973113906000550E-02,
     1.1213572963500343E-01,
     1.0805943467361756E-01
  ],
  "coordination numbers": [
     6.5753017053361429E+00,
     3.9602560243306799E+00,
     3.0812008051093480E+00,
     2.9966432689257116E+00,
     3.0761874915055198E+00,
     1.9677758962718066E+00,
     3.9600876972414349E+00,
     1.9699475292350872E+00,
     9.9218258451366736E-01,
     9.9150252985598630E-01,
     9.9157082311764899E-01,
     9.9317151132396742E-01,
     9.9216641444106557E-01,
     9.9147186878723392E-01,
     9.9162142887460636E-01,
     3.9544507430605176E+00,
     3.9623379687800835E+00,
     2.8637708990193556E+00,
     9.9154460365245978E-01,
     9.9142198613135157E-01,
     9.9169989612715348E-01,
     9.9105025556971604E-01,
     9.9154988167584168E-01,
     1.0282265375778881E+00,
     9.9255923208118002E-01,
     3.0139141923532602E+00,
     3.0119449440997261E+00,
     3.0141914485855263E+00,
     3.0189539431709278E+00,
     3.0162330282386751E+00,
     3.0131325176714778E+00,
     3.0078939119935324E+00,
     1.9157648326942018E+00,
     1.9915712645999566E+00,
     9.9283168041716952E-01,
     9.9291598040036533E-01,
     9.9249061577264985E-01,
     9.9222398402750223E-01,
     9.9288377692879326E-01,
     9.9370694902222478E-01,
     1.0275941167907083E+00,
     3.9562742776277435E+00,
     3.9939223820858913E+00,
     3.9561401342854241E+00,
     3.9560192475866662E+00,
     9.9222672468639406E-01,
     9.9362949548519630E-01,
     9.9346572391754862E-01,
     9.9210317527764147E-01,
     9.9329615090902745E-01,
     9.9347292745422422E-01,
     9.9206365498132687E-01,
     9.9331884701674955E-01,
     9.9337975376666154E-01
  ]
}
