{
  "version":  "0.2.0",
  "energy":    -6.3336810211528233E-02,
  "charges": [
     5.7480689232923332E-01,
    -1.9160379244262060E-01,
    -1.9155773021325867E-01,
    -1.9164536967335410E-01
  ],
  "coordination numbers": [
     2.9814136527681461E+00,
     9.9532284363705692E-01,
     9.9536421997426139E-01,
     9.9532162986718298E-01
  ]
}
