{
  "version":  "0.2.0",
  "energy":     8.2461726238153843E-01,
  "charges": [
     8.9494074476308416E-01,
    -3.9591097718758982E-02,
    -4.8850005887842274E-02,
    -5.0965924283728703E-02,
     1.3373683713776785E-02,
    -6.2289595762436256E-02,
    -4.5831568477430251E-02,
     2.3890653708033988E-01,
    -3.5742766322308445E-01,
    -4.1190732496521748E-01,
     1.7249225039044103E-01,
     1.6676489704562222E-01,
     1.5569888915127464E-01,
     1.4287738657597784E-01,
     1.6939540537304185E-01,
     2.6222050907054278E-01,
    -5.4253305159706311E-01,
     3.0126346789373271E-01,
     3.0557625831275931E-01,
     1.0053171285583445E-01,
     5.6975571206030876E-02,
    -3.5470938822851478E-01,
     5.0766949210271500E-02,
     9.6464959655691865E-02,
    -3.0199670374095888E-01,
     1.7400768155344665E-01,
     1.4855959113820619E-01,
     1.3929198406445814E-01,
     1.6762291774445162E-01,
    -3.6788284882681571E-02,
    -1.1255331363114421E-01,
    -1.1456188590797171E-01,
    -4.3930583112855880E-02,
    -2.9273364904151666E-01,
     1.4561882512956298E-01,
     1.4143666852899603E-01,
     1.4484316615327877E-01,
     1.4682013929359411E-01,
     1.4385404021415127E-01,
     1.3889947263061311E-01,
     1.3378140889877263E-01,
     1.3520154017613206E-01,
    -2.7703541117470398E-01,
    -8.0813046129190894E-02,
    -4.3030644909449989E-01,
     1.5335119156901578E-01,
     1.4606771843914676E-01,
     1.4476063673259829E-01,
     2.7245874229475386E-01
  ],
  "coordination numbers": [
     6.5345949803146777E+00,
     3.0153184919619767E+00,
     3.0103833707668262E+00,
     3.0190440312805755E+00,
     3.0173652895269170E+00,
     3.0140687420125198E+00,
     3.0102149693189846E+00,
     3.3101946933726012E+00,
     1.9431925150879703E+00,
     2.3159985999099773E+00,
     9.9282194292379078E-01,
     9.9295245440185820E-01,
     9.9299852926010690E-01,
     9.9243758164894924E-01,
     9.9297478722415100E-01,
     9.9288554385053818E-01,
     2.9289278283759517E+00,
     9.9371749817758026E-01,
     1.0089354960128905E+00,
     3.0695968876271600E+00,
     3.1221466394481077E+00,
     2.9641027317578228E+00,
     3.1601676916683354E+00,
     3.0694146723414466E+00,
     2.0160784158286189E+00,
     9.9250681214731351E-01,
     9.9268455423193203E-01,
     9.9267565925979451E-01,
     9.9249760573884060E-01,
     4.0840099918482373E+00,
     3.9856835909484261E+00,
     3.9816209281881170E+00,
     4.0502720853194596E+00,
     2.9352920172079564E+00,
     9.9144715965291930E-01,
     9.9181669432356756E-01,
     9.9159179914611162E-01,
     9.9198069938890399E-01,
     9.9196494751424780E-01,
     9.9138323229253178E-01,
     9.9133721546220688E-01,
     9.9180084324875928E-01,
     9.9803932578098564E-01,
     3.9659106833039361E+00,
     2.9333485248017048E+00,
     9.9188334910466924E-01,
     9.9182033006831372E-01,
     9.9212917359526731E-01,
     1.0304486197786602E+00
  ]
}
