{
  "version":  "0.2.0",
  "energy":    -2.3119864408740551E+00,
  "charges": [
     7.8184472875352706E-01,
     1.8085602692475722E-01,
    -4.6262023294541443E-01,
    -3.0221415092628545E-01,
    -2.7651868263416179E-01,
    -2.4610657719083395E-01,
     7.7691499073660797E-02,
    -1.3902867338143388E-01,
     7.2576475322510214E-02,
    -3.3423025438129272E-01,
    -2.7025998773999005E-01,
    -2.9427373474406665E-01,
     2.4282291688991237E-02,
     5.8994293960110883E-02,
     1.1128073406196987E-01,
     4.2166871799637073E-02,
     2.0087363128522856E-02,
     5.4849568810055843E-02,
     4.6038160739293288E-02,
    -1.5917666033201527E-01,
    -3.7191681964030410E-01,
     1.9732283318466171E-01,
    -4.4340625972735348E-01,
    -2.5287645152234994E-01,
    -4.1655903638892244E-01,
    -1.1938471809753604E-01,
    -3.6780435096933395E-01,
     2.6559242325328358E-02,
     5.7220747316242590E-02,
     6.1522183426805127E-02,
    -1.2503974010380214E-01,
    -3.6882832684987732E-01,
     5.4887358085937005E-02,
     4.5811305295761551E-02,
     3.6252973677199291E-02
  ],
  "coordination numbers": [
     7.2118036515562807E+00,
     3.3469135514691084E+00,
     1.0015596486410114E+00,
     1.7735598961342545E+00,
     1.7450514869508780E+00,
     3.9571031471633891E+00,
     3.1322952774922124E+00,
     2.9978663794250657E+00,
     3.0638473963318642E+00,
     1.8092161563802973E+00,
     3.9570006666960698E+00,
     1.8951879515193957E+00,
     9.9139665263896948E-01,
     9.9134676050838966E-01,
     9.9127144878340712E-01,
     9.9265679421405295E-01,
     9.9139427391628221E-01,
     9.9147397566354023E-01,
     9.9144146337954542E-01,
     1.0093154546339482E+00,
     1.9139830603587678E+00,
     3.0065582230667127E+00,
     1.0019867684935440E+00,
     1.9129547568761005E+00,
     1.0018534857680814E+00,
     4.0422627597762464E+00,
     1.9889811576562009E+00,
     9.8562024638655998E-01,
     9.8707746506936989E-01,
     9.8660190738908415E-01,
     4.0173671516940885E+00,
     1.9904407068274006E+00,
     9.8708600330914020E-01,
     9.8720282107855084E-01,
     9.8607307270372857E-01
  ]
}
