{
  "version":  "0.2.0",
  "energy":    -1.2949620888543698E-01,
  "charges": [
     8.8843505517108046E-01,
    -3.2854637534321696E-01,
    -2.3133172963133675E-01,
    -3.2855695019652681E-01
  ],
  "coordination numbers": [
     2.9921377652187990E+00,
     9.9939708515396752E-01,
     9.9798661879816830E-01,
     9.9939720158091028E-01
  ]
}
