{
  "version":  "0.2.0",
  "energy":     2.8993976337760397E-01,
  "charges": [
     6.4200270669239379E-01,
     8.7693332084073283E-01,
    -2.0777424388228338E-01,
    -3.1116178365084324E-01
  ],
  "coordination numbers": [
     1.9960435804475933E+00,
     9.7235970836271868E-01,
     9.9913171094364639E-01,
     1.9682237690783557E+00
  ]
}
