{
  "version":  "0.2.0",
  "energy":    -1.0657408885589155E+00,
  "charges": [
     7.6098380121322817E-01,
    -7.5894188230573494E-03,
     2.9073222717916292E-01,
    -4.3917413862945448E-01,
    -3.2644469826383948E-01,
    -5.7289997863989495E-01,
     9.2682613676442982E-02,
     1.1697265606740304E-01,
     2.5018201071398027E-01,
     2.4864469217964358E-01,
    -3.2266343572535516E-01,
     3.7272265517185571E-02,
    -1.1252958172787425E-01,
    -1.1435015794876968E-01,
    -1.0810975595309098E-01,
     1.0643905252612458E-01,
     7.7847296901321361E-02,
    -1.0373433676540135E-01,
    -1.0697609576651934E-01,
    -1.0368005115595072E-01,
    -3.9021864744616247E-03,
    -2.7029605779826854E-01,
     1.3356059845331489E-01,
     9.4549933368611908E-02,
     9.1059103121929358E-02,
     9.1146122140612656E-02,
     9.3436643335366026E-02,
     9.4158384484950286E-02,
     9.3750214098828583E-02,
     1.3808620250807163E-01,
    -3.4228605436947146E-01,
     3.4519260457224554E-01,
    -3.4841516905313624E-01,
    -3.4667287783949702E-01,
    -3.4705011316872880E-01,
     6.4094151102194064E-01,
    -3.7325051859959391E-01,
    -4.4761330637799879E-01
  ],
  "coordination numbers": [
     7.9605759691694278E+00,
     4.0805786212650883E+00,
     3.2378711103129953E+00,
     1.0001613703935091E+00,
     1.9916465550836087E+00,
     3.9161954836362574E+00,
     9.9133123139276336E-01,
     9.9142291597042753E-01,
     1.0226033177650322E+00,
     1.0079220320070839E+00,
     2.9884096830604658E+00,
     3.2690055427839564E+00,
     3.0066611330661415E+00,
     3.0184836155527455E+00,
     3.0104314682775222E+00,
     3.1474056763996803E+00,
     3.1367340063883260E+00,
     3.0094253131003557E+00,
     3.0098910180889940E+00,
     3.0092119056929789E+00,
     3.1249558076990063E+00,
     3.8591819325584122E+00,
     9.9515771817876519E-01,
     9.9317801144828177E-01,
     9.9264219577305468E-01,
     9.9314326992464430E-01,
     9.9262539178170783E-01,
     9.9303346495262712E-01,
     9.9266105950148553E-01,
     9.9309094105915285E-01,
     1.9659332499846913E+00,
     3.9629175259611911E+00,
     1.9510231186836169E+00,
     1.9560534633740518E+00,
     1.9174223191863282E+00,
     5.0267290403882150E+00,
     1.8552908881039185E+00,
     9.9928099661259751E-01
  ]
}
