{
  "version":  "0.2.0",
  "energy":    -1.0457649574959720E-01,
  "charges": [
    -6.3477597055471457E-02,
     4.5490422985894075E-01,
    -1.7846495259103118E-01,
    -1.0650130777000810E-01,
    -1.0646037244242999E-01
  ],
  "coordination numbers": [
     3.7310505099777354E+00,
     1.8834373309988894E+00,
     1.8181617595459620E+00,
     9.5760291002687481E-01,
     9.5756331453789123E-01
  ]
}
