{
  "version":  "0.2.0",
  "energy":    -2.0081553616236170E-01,
  "charges": [
     5.7477449266847380E-01,
     1.8636308656533260E-01,
    -2.2700270181142018E-01,
    -2.2777611025094646E-01,
    -2.0369247774130844E-01,
     1.5758476136306970E-01,
    -2.8432579085143450E-01,
     8.2850024414244328E-02,
     6.3547344305719317E-02,
    -3.2285394235273523E-01,
     6.3360978676932231E-02,
     8.2655966964331459E-02,
    -3.3776061442380162E-01,
     1.4987014713813340E-01,
     1.5966523575762773E-01,
     1.5869914861704784E-01,
     1.4996066717405979E-01,
     1.0637711957954307E-01,
    -3.3229733579286869E-01
  ],
  "coordination numbers": [
     6.6191041295629010E+00,
     3.7634405970520248E+00,
     1.0018418337458783E+00,
     1.9687401258454624E+00,
     1.9763856177715935E+00,
     1.9114780778442171E+00,
     1.0002645935131378E+00,
     3.0736629050204982E+00,
     3.2438767561142043E+00,
     2.9881445061077629E+00,
     3.2136528266370723E+00,
     3.0736386962102218E+00,
     2.0147065602809056E+00,
     9.9253852003972654E-01,
     9.9304778121527892E-01,
     9.9274843223735321E-01,
     9.9254067357817721E-01,
     1.9749157613637962E+00,
     1.9598079706443663E+00
  ]
}
