{
  "version":  "0.2.0",
  "energy":    -2.3601494922438443E-01,
  "charges": [
     5.3721838404833155E-01,
    -4.1999250145751782E-01,
    -1.7090583538737764E-01,
     5.8841369314573333E-01,
    -5.3473374034916943E-01
  ],
  "coordination numbers": [
     3.8910741390600281E+00,
     2.8005134554673452E+00,
     2.9105729085742897E+00,
     3.6730658878164064E+00,
     1.9910756851736853E+00
  ]
}
