{
  "version":  "0.2.0",
  "energy":    -2.7110948819166136E+00,
  "charges": [
     1.4953766425843540E-01,
    -1.0838195132705135E+00,
    -1.2232314164000218E+00,
    -1.8424867345879004E+00
  ],
  "coordination numbers": [
     2.8644358143459048E+00,
     9.9932388802899830E-01,
     9.9367272582368749E-01,
     8.7538642715823389E-01
  ]
}
