{
  "version":  "0.2.0",
  "energy":    -1.0391142643598597E-01,
  "charges": [
    -4.6461885887703946E-02,
     4.5323821197575181E-01,
    -7.2439048074094473E-02,
    -7.2820098285577825E-02,
    -1.8554663350884765E-01,
    -7.5970546219527924E-02
  ],
  "coordination numbers": [
     4.6074821477686356E+00,
     1.9375906276675279E+00,
     9.2311371011781151E-01,
     9.2341691838483175E-01,
     1.8726152566080447E+00,
     9.0968258162746096E-01
  ]
}
