{
  "version":  "0.2.0",
  "energy":     9.1082971016203795E-01,
  "charges": [
     1.0221271856948517E+00,
    -9.4648432613641129E-02,
     1.4892362009764859E-01,
    -2.2404973855481125E-02,
     1.4838800953009720E-01,
    -3.2215537031337643E-01,
    -9.8305860810071422E-02,
    -3.0411226994448276E-01,
     1.8108469954104539E-01,
     1.9866638702204392E-01,
     1.9985321964597905E-01,
     1.7119708176112930E-01,
     1.8053613739731098E-01,
     1.9523470407462418E-01,
     1.9462684702332633E-01,
    -7.1535667467087616E-01,
     3.4022203185240724E-01,
     3.3406813681397868E-01,
     3.4107082105758801E-01,
    -4.8032926875423654E-01,
     3.8131396945013513E-01
  ],
  "coordination numbers": [
     4.6304902383069795E+00,
     3.9599709825407077E+00,
     3.2969048193835695E+00,
     3.0213449185747709E+00,
     3.3171970062024219E+00,
     1.9982706271804487E+00,
     3.9599748298076127E+00,
     1.9978346091196695E+00,
     9.9244429527330968E-01,
     9.9108966730867287E-01,
     9.9113005507403606E-01,
     9.9315201784871121E-01,
     9.9242262859966779E-01,
     9.9110464266576859E-01,
     9.9120457976490961E-01,
     3.9299726599281293E+00,
     1.0053670598405464E+00,
     1.0014174339869841E+00,
     9.9929909213745649E-01,
     1.9909596111039365E+00,
     1.0295974789263047E+00
  ]
}
