{
  "version":  "0.2.0",
  "energy":     2.5525486571926082E-01,
  "charges": [
     7.6320648056279716E-01,
    -2.8846644376306529E-01,
     6.4835207701273823E-02,
    -5.9760825392442457E-02,
    -6.0132786439424490E-02,
    -6.7408197817552112E-02,
     1.4081880169304156E-01,
     1.3146898826859318E-01,
    -7.6843497034886299E-02,
    -7.1677029214895979E-02,
    -7.4622884663336594E-02,
     4.2478117294134338E-02,
    -3.0145516492590990E-01,
     1.5182374334791282E-01,
     1.4328594006627388E-01,
     1.4484445913286337E-01,
     1.2709610707117608E-01,
     1.2462430956785497E-01,
     1.3723146698983268E-01,
     1.3115253673378949E-01,
     1.3199498232544549E-01,
    -2.0537980946127571E-01,
     7.0252331028677992E-02,
    -2.2281731465417443E-01,
    -2.1988345084721103E-01,
     1.2400798284486915E-01,
     1.3292737348724032E-01,
     1.4839615260056163E-01,
     1.2156131778649325E-01,
     1.3821727408039786E-01,
     1.0689212385251165E-01,
     1.2196280347320886E-01,
     1.2342383530673239E-01,
     1.3142185384567587E-01,
    -2.3431187387006733E-01,
     4.0434695481888328E-02,
    -3.1208274687821014E-01,
    -7.4430436823907875E-02,
    -8.6861493032264758E-02,
    -7.9572948931535673E-02,
     2.2191948217503827E-02,
    -6.2416409161100556E-02,
    -7.6956984282479157E-02,
     3.1099015305065653E-01,
    -3.6180558875456775E-01,
    -3.5706965215499054E-01,
     1.3924845887435189E-01,
     1.2923672119790852E-01,
     1.2383639927352164E-01,
     1.5477741763234257E-01,
     1.3995269997263410E-01,
    -5.2533132087755463E-01,
     3.0469417621868744E-01
  ],
  "coordination numbers": [
     7.4760342274914047E+00,
     2.9770515850564276E+00,
     3.2001819341691631E+00,
     3.0107874891393633E+00,
     3.0225480857546225E+00,
     3.0143283894098083E+00,
     3.1642292225019677E+00,
     3.1593303346174562E+00,
     3.0138329413019909E+00,
     3.0222672715796977E+00,
     3.0102340063928485E+00,
     3.1757176442581070E+00,
     2.9668318673982998E+00,
     9.9309978442511948E-01,
     9.9308706921376189E-01,
     9.9291289536886485E-01,
     9.9321715891157680E-01,
     9.9321526940056515E-01,
     9.9289913232775806E-01,
     9.9308996535121619E-01,
     9.9267940345635264E-01,
     3.9568905148420530E+00,
     3.9418243867372933E+00,
     3.9564026792911307E+00,
     3.9564864327082194E+00,
     9.9252343473497096E-01,
     9.9310079428193809E-01,
     9.9353928277128034E-01,
     9.9255721612727577E-01,
     9.9339002742270566E-01,
     9.9271972367678263E-01,
     9.9240912897078015E-01,
     9.9293880780268218E-01,
     9.9312788493827497E-01,
     1.9558110102903807E+00,
     2.9619625773102598E+00,
     1.8831589743676824E+00,
     3.0138689213505137E+00,
     3.0114281624685066E+00,
     3.0151250164192822E+00,
     3.0169123324369114E+00,
     3.0180032712340070E+00,
     3.0119268596652553E+00,
     3.2136112186784711E+00,
     1.0007962025527322E+00,
     1.9946152811835853E+00,
     9.9283044819419342E-01,
     9.9280565132524146E-01,
     9.9288553024232495E-01,
     9.9284064495190627E-01,
     9.9285843296684462E-01,
     1.9916151360383552E+00,
     1.0051928060285462E+00
  ]
}
