{
  "version":  "0.2.0",
  "energy":     9.5444198451405449E-02,
  "charges": [
     8.4580743018198379E-01,
    -3.2588551858103992E-01,
     2.9996566233385619E-02,
    -7.5614185714418303E-02,
    -6.9422118851101416E-02,
    -7.4956676634050382E-02,
     1.2325707156355764E-01,
     1.2893916985551057E-01,
    -6.8968341937477015E-02,
    -6.0068757578540424E-02,
    -5.8159827658458452E-02,
     4.5619276628239266E-02,
    -3.3031115228073360E-01,
     1.3759145520379196E-01,
     1.3520330836921773E-01,
     1.4224936529536997E-01,
     1.2619420384803884E-01,
     1.2754328738755236E-01,
     1.4636635712899054E-01,
     1.4464537657574855E-01,
     1.4431106340859351E-01,
    -3.1498404342756220E-01,
     3.9952335382055060E-02,
    -7.2000949450445106E-02,
    -6.7981341886360472E-02,
    -7.5684605036259067E-02,
     1.2116581521886415E-01,
     1.1993204802999789E-01,
    -7.5321501888585218E-02,
    -6.4860688455523452E-02,
    -5.5371783000013754E-02,
     6.5879421771465330E-02,
    -3.2543334815502439E-01,
     1.3503914654436150E-01,
     1.3702294801966486E-01,
     1.4266745240178594E-01,
     1.2515695722842229E-01,
     1.2574402768656995E-01,
     1.4528466937298934E-01,
     1.5119890269812411E-01,
     1.7427688687754705E-01,
    -3.3136930831749534E-01,
     4.7800988197044381E-01,
    -2.2719930586469825E-01,
    -3.3944194327914867E-01,
    -1.7940437520217253E-01,
     2.8674632088023377E-01,
    -1.3855929745954643E-01,
    -2.5311075438780350E-01,
     1.5518380393971570E-01,
    -2.8201927502426521E-01,
    -7.4406714552371145E-01,
     2.7743245338315686E-01,
     2.5535554000372507E-01,
     2.7356146378462703E-01,
     8.3759686508049158E-02,
     5.5640663536425841E-02,
    -3.4991104934514816E-01,
     2.0982355920518045E-02,
     6.8215012662767804E-02,
    -3.3816260465652304E-01,
     1.5424372363762234E-01,
     1.6555507078209275E-01,
     1.2005278134297045E-01,
     1.4248659833192892E-01
  ],
  "coordination numbers": [
     7.6547218599234332E+00,
     2.9086727046712104E+00,
     3.0969070894754234E+00,
     3.0107876263658824E+00,
     3.0217015971424477E+00,
     3.0153327611777296E+00,
     3.1363114354488175E+00,
     3.1451820024998876E+00,
     3.0154213935759939E+00,
     3.0219658676005343E+00,
     3.0109281661250984E+00,
     3.0968911833754431E+00,
     2.8975336382296080E+00,
     9.9255287801499303E-01,
     9.9303878335646800E-01,
     9.9289440553545560E-01,
     9.9330307463563905E-01,
     9.9329277081265932E-01,
     9.9290740612640871E-01,
     9.9306211070695127E-01,
     9.9272532654635359E-01,
     2.8977836986026384E+00,
     3.1005809034687157E+00,
     3.0110645634421562E+00,
     3.0217876517123745E+00,
     3.0153263405436288E+00,
     3.1161742178137164E+00,
     3.1293446236599038E+00,
     3.0151766860146694E+00,
     3.0213776935806989E+00,
     3.0113995245910958E+00,
     3.1728319503678319E+00,
     2.9539070022676652E+00,
     9.9268265568019576E-01,
     9.9303302194664766E-01,
     9.9289156063937956E-01,
     9.9328807499424254E-01,
     9.9326844241546031E-01,
     9.9288190805935006E-01,
     9.9311429948706209E-01,
     9.9321203516830625E-01,
     1.9817105495880831E+00,
     3.5146370443238135E+00,
     1.9863293318636295E+00,
     9.9941448569663560E-01,
     9.9879096510052534E-01,
     3.2585529151489956E+00,
     9.9888014755313392E-01,
     9.9838911102019345E-01,
     1.7284925068653028E+00,
     9.9944615598587117E-01,
     3.8452754151581843E+00,
     9.9837055164532718E-01,
     9.9624267962731405E-01,
     9.9995675631704817E-01,
     3.0780333295801352E+00,
     3.1103123562249539E+00,
     2.8569372661684076E+00,
     3.0800694979434322E+00,
     3.0772680179186152E+00,
     2.0147484158560820E+00,
     9.9254864179210411E-01,
     9.9274423788960320E-01,
     9.9280504557603333E-01,
     9.9247063794375201E-01
  ]
}
