{
  "version":  "0.2.0",
  "energy":    -2.2795599893383445E+00,
  "charges": [
     5.1768200026008770E-01,
    -5.2090249335570285E-02,
     2.3973679063718367E-01,
    -6.0694062225807932E-01,
    -3.8190148668302948E-01,
    -6.1612886176896653E-01,
     3.1195232338811690E-02,
     4.4156610192493423E-02,
     2.4024288691142329E-01,
     2.0498731567779455E-01,
     1.8529792130010192E-01,
    -3.5111093683638672E-01,
    -3.6688981248015945E-01,
    -5.2186266741590215E-01,
    -2.0344058059125292E-01,
    -4.0059704390925865E-01,
    -1.7009213793637457E-02,
    -6.3107227489740247E-01,
    -3.1425500734825090E-01
  ],
  "coordination numbers": [
     6.8770028505795846E+00,
     4.0655662347554102E+00,
     3.1441570541420365E+00,
     1.0002808567862846E+00,
     1.9447188698908811E+00,
     3.9177483697268540E+00,
     9.8932570304447243E-01,
     9.9084151357649120E-01,
     1.1642088262904453E+00,
     1.0099280421399079E+00,
     3.4606888051024391E+00,
     1.8526505407218750E+00,
     1.8420497149104929E+00,
     1.0015667983832133E+00,
     1.0048871132617272E+00,
     1.9011352192625042E+00,
     1.8661731172375289E+00,
     1.0011029396367013E+00,
     9.8120530442459319E-01
  ]
}
