{
  "version":  "0.2.0",
  "energy":    -1.6808996496916792E-01,
  "charges": [
     5.8721321058960363E-01,
     1.8921256769779574E-01,
    -2.5686114136434562E-01,
    -2.2756094515964426E-01,
    -2.2965631526663904E-01,
    -1.8154747925405290E-01,
     1.0452491054867463E-01,
    -8.7412323362508093E-02,
     1.0491580943397556E-01,
    -3.2318845271302810E-01,
    -1.8138220594413362E-01,
    -3.2313258331812877E-01,
     1.0553974231830304E-01,
     1.2527799342706733E-01,
     1.2723806936038834E-01,
     1.0825407681164834E-01,
     1.0562489473770842E-01,
     1.2810934781396621E-01,
     1.2483082364334916E-01
  ],
  "coordination numbers": [
     5.3435671172547838E+00,
     3.7813538271058302E+00,
     1.0018663541603550E+00,
     1.9847226563763263E+00,
     1.9628220244363099E+00,
     3.9606915797884401E+00,
     3.3062109963802584E+00,
     3.0329242753687575E+00,
     3.3148429984684640E+00,
     1.9938040278623435E+00,
     3.9606359853648643E+00,
     1.9927987940798975E+00,
     9.9224393792395027E-01,
     9.9162945682041581E-01,
     9.9155597693185893E-01,
     9.9316820583235543E-01,
     9.9225788317805197E-01,
     9.9160007341119183E-01,
     9.9155343936076346E-01
  ]
}
