{
  "version":  "0.2.0",
  "energy":    -8.0429251296261706E-01,
  "charges": [
     1.8486754120943205E-01,
     5.7190593030663694E-01,
    -6.2397737545663601E-01,
    -7.5684146118800188E-01,
    -3.7595463487143116E-01
  ],
  "coordination numbers": [
     3.8966995832757636E+00,
     3.5711678083739011E+00,
     2.7608257700790055E+00,
     1.9586229960586303E+00,
     2.6970505316183111E+00
  ]
}
