{
  "version":  "0.2.0",
  "energy":    -4.5928082526564162E-02,
  "charges": [
     3.0231840316838521E-01,
    -3.0231840316838521E-01
  ],
  "coordination numbers": [
     9.9687934273304979E-01,
     9.9687934273304979E-01
  ]
}
