{
  "version":  "0.2.0",
  "energy":    -1.7086781716027379E-02,
  "charges": [
     2.5458057685703300E-01,
    -8.4808104515200197E-02,
    -8.4913505479570772E-02,
    -8.4858966862262020E-02
  ],
  "coordination numbers": [
     2.9149814627996156E+00,
     9.7313726294294511E-01,
     9.7291079754273735E-01,
     9.7314689541523514E-01
  ]
}
