{
  "version":  "0.2.0",
  "energy":    -1.9542889448956893E-01,
  "charges": [
     1.1009267686190203E+00,
    -3.8636554085179120E-01,
    -3.2812921678315787E-01,
    -3.8643201098407109E-01
  ],
  "coordination numbers": [
     2.9935572034126414E+00,
     9.9940938450220074E-01,
     9.9938981961373408E-01,
     9.9940939814451735E-01
  ]
}
