{
  "version":  "0.2.0",
  "energy":    -6.7793134617443990E-02,
  "charges": [
     4.4327933826392818E-01,
    -2.2164141190756137E-01,
    -2.2163792635636748E-01
  ],
  "coordination numbers": [
     1.9904266025404267E+00,
     9.9570279004834195E-01,
     9.9570039076826600E-01
  ]
}
