{
  "version":  "0.2.0",
  "energy":     8.6936627212867734E-01,
  "charges": [
     7.6702057763181331E-01,
     7.8576979886438414E-02,
    -3.2029832396121294E-01,
     1.4388426976700797E-01,
    -2.0050422601047169E-01,
    -1.6847636421515122E-01,
     2.0334456131355527E-01,
    -3.7169945188446174E-01,
    -1.7779286391394400E-01,
    -1.7541954223394307E-01,
     1.7179813512670344E-01,
     1.7179876411415515E-01,
     1.6057685114927850E-01,
     1.6152509478039268E-01,
     1.7354560746307965E-01,
     1.6276197976711970E-01,
     1.6172771735585537E-01,
     1.6627063086391913E-01,
     1.7407523521779961E-01,
    -1.4784363045373006E-02,
    -1.7131981561544163E-02,
     8.1882275656550041E-02,
    -3.4806312365839992E-01,
     7.4391118014646374E-02,
    -2.2500597168488512E-02,
     1.9035643874436889E-01,
     1.8547855302921118E-01,
     1.7330367266012886E-01,
     1.5245415389354136E-01,
     1.8239477841084326E-01,
    -7.4990950804802026E-01,
     3.0056415063392222E-01,
     3.0910200030815144E-01,
     3.0954679800204626E-01,
    -1.2516219505360493E-01,
     2.5911813985394005E-01,
    -1.0624140066688897E-01,
    -1.1751454222297059E-01
  ],
  "coordination numbers": [
     6.5639337844942149E+00,
     1.9785390513772771E+00,
     1.0138035813612474E+00,
     1.6102276048517332E+00,
     9.9941076909590709E-01,
     3.9577343602815036E+00,
     4.2856758720861858E+00,
     1.9905655608536295E+00,
     3.9574201876582871E+00,
     3.9574704596281842E+00,
     9.9414254173600014E-01,
     9.9417205488633265E-01,
     9.9390067578187846E-01,
     9.9413203368206027E-01,
     9.9439519866895143E-01,
     9.9400461568111442E-01,
     9.9404056521150697E-01,
     9.9398998506440162E-01,
     9.9431168779957702E-01,
     3.0228019057113462E+00,
     3.0091727502760728E+00,
     3.0866486874147228E+00,
     2.9645247712383105E+00,
     3.2863077116950645E+00,
     3.0085764855775263E+00,
     9.9278587871633661E-01,
     9.9297583113572863E-01,
     9.9251277526393089E-01,
     9.9635403220639507E-01,
     9.9297604931653627E-01,
     3.8993479694335926E+00,
     1.0029749090555331E+00,
     9.9679145514477341E-01,
     9.9650669481904508E-01,
     9.9912784594210358E-01,
     3.3230294793426385E+00,
     1.7002487665752914E+00,
     1.7278628238292439E+00
  ]
}
