{
  "version":  "0.2.0",
  "energy":     4.7687019246529355E-01,
  "charges": [
     7.0685268989848005E-01,
    -7.3572316506445135E-02,
     2.8074209881621093E-01,
    -5.1555620938860083E-02,
    -7.1387257494302248E-02,
    -1.3663522648114990E-01,
     2.5887884302829497E-02,
    -3.4055517992679385E-01,
     1.7400725833106678E-01,
     1.7884023540115768E-01,
     1.7780004049299297E-01,
     1.7472214193856034E-01,
     1.7811573007512016E-01,
    -2.3625799860938967E-01,
     1.0817446444221987E-01,
    -9.6909646363248045E-02,
     1.9002058649116893E-01,
    -1.8828988386961817E-01
  ],
  "coordination numbers": [
     5.3488160015541713E+00,
     9.9913034579393489E-01,
     3.7430615825992621E+00,
     1.9318266596703904E+00,
     1.6861197399598691E+00,
     3.9548116979751331E+00,
     4.0304281693261963E+00,
     2.0198482454564877E+00,
     9.9174787933593578E-01,
     9.9153868368104359E-01,
     9.9141938140125685E-01,
     9.9108312597274217E-01,
     9.9122639846609317E-01,
     2.0023454987660072E+00,
     2.0751166332725548E+00,
     1.0053475301974792E+00,
     1.9120451738317490E+00,
     9.9970630899692647E-01
  ]
}
