{
  "version":  "0.2.0",
  "energy":    -6.6549871144421047E-01,
  "charges": [
     4.3139096129308552E-02,
    -3.9379095838822548E-01,
    -6.4934813774108302E-01
  ],
  "coordination numbers": [
     1.9702015684133833E+00,
     9.7273105511585722E-01,
     9.9841599303485484E-01
  ]
}
