{
  "version":  "0.2.0",
  "energy":    -1.6197468441202818E+00,
  "charges": [
     8.6001757609057572E-01,
    -3.8751116610509045E-01,
    -7.6223877646126148E-02,
    -4.0282739687882113E-01,
    -3.6379658298154210E-01,
     3.6062043942736732E-01,
    -4.1382692722627595E-01,
    -4.7651866024237227E-01,
    -6.0242757272614744E-02,
    -3.7666805977497220E-01,
    -2.8574010786627468E-01,
     7.1823078637396287E-02,
    -4.4910555816124959E-01
  ],
  "coordination numbers": [
     6.8232725248628014E+00,
     9.9662809313166179E-01,
     1.0140972386821243E+00,
     1.9664922845762476E+00,
     1.9726717683500965E+00,
     3.8567799226117332E+00,
     1.9837249866269966E+00,
     9.9912371870897765E-01,
     2.6866475726869714E+00,
     1.0021153228242081E+00,
     1.9566422416304734E+00,
     1.7182010375672307E+00,
     9.9942515068109117E-01
  ]
}
