{
  "version":  "0.2.0",
  "energy":    -1.0306790563806467E-01,
  "charges": [
    -2.0402859867277245E-02,
     4.4578158111286909E-01,
    -1.1879913432879755E-01,
    -1.1887054639741614E-01,
    -1.8770904051937815E-01
  ],
  "coordination numbers": [
     3.8612847584914549E+00,
     1.9090096609247222E+00,
     9.8443786056828220E-01,
     9.8461870870203150E-01,
     1.8713743748312384E+00
  ]
}
