{
  "version":  "0.2.0",
  "energy":     2.1966877054687522E-01,
  "charges": [
     8.5508305633700443E-01,
    -6.6242557366649621E-02,
    -7.2687928596996854E-02,
    -6.7896440706368272E-02,
     1.8651301579969942E-02,
    -6.1258854948037317E-02,
    -7.2144604169390919E-02,
     2.7063871274536011E-01,
    -3.8010788001481810E-01,
    -3.5525139839122732E-01,
     1.4513389386020259E-01,
     1.4226852297864362E-01,
     1.4262347560928140E-01,
     1.5164305421376070E-01,
     1.4288820096792476E-01,
    -8.8784499127942826E-02,
    -2.9841766052986474E-01,
     3.0727248461550200E-01,
    -3.1994668467566745E-01,
    -6.5978219157143025E-02,
    -3.1572450157910575E-01,
    -6.0638396954491358E-02,
     1.3083863173433324E-01,
     1.1331924310117361E-01,
     1.4586029245799259E-01,
     1.4129651154620249E-01,
     1.2900071266348348E-01,
     1.3372562749534547E-01,
     1.3246838578694151E-01,
     1.2863531497645844E-01,
     1.3981938821174672E-01,
    -2.1082376164466679E-01,
     5.9809505773402209E-02,
    -2.0300584319528425E-01,
    -2.2512935474093657E-01,
     1.2327406521869012E-01,
     1.4144686361913703E-01,
     1.2176987387450111E-01,
     1.2717752871805305E-01,
     1.4183868056085081E-01,
     1.5435985374738639E-01,
     1.2410142495969628E-01,
     1.1583867967726290E-01,
     1.2928749620311297E-01,
    -3.5067566397550815E-01,
     7.3957671436128178E-02,
    -2.3890084529066608E-01,
    -2.3041335960478293E-01
  ],
  "coordination numbers": [
     7.2567017469458817E+00,
     3.0147190806159294E+00,
     3.0117493634416732E+00,
     3.0166159133376604E+00,
     3.0201671949826814E+00,
     3.0161632212643017E+00,
     3.0120072495616155E+00,
     3.8951718228818804E+00,
     1.9835950392366586E+00,
     1.9877087586979680E+00,
     9.9282677311510881E-01,
     9.9289516762733054E-01,
     9.9292122905449354E-01,
     9.9293724134309347E-01,
     9.9293270957405344E-01,
     4.0662887280465680E+00,
     2.9256638957976620E+00,
     4.4405317168592457E+00,
     1.9882473026377196E+00,
     4.1473659645653473E+00,
     1.9889354368174255E+00,
     4.1636200289807856E+00,
     9.9192959673903225E-01,
     9.9228733446002959E-01,
     9.9209129694943954E-01,
     9.9222889523236901E-01,
     9.9161012963032569E-01,
     9.9190577354531140E-01,
     9.9228059312015482E-01,
     9.9148500895272740E-01,
     9.9173574689693744E-01,
     3.9574691155675721E+00,
     3.9771865411139444E+00,
     3.9581510864587059E+00,
     3.9571869616246156E+00,
     9.9267052409803735E-01,
     9.9336900856588173E-01,
     9.9323735178461536E-01,
     9.9266737412495853E-01,
     9.9322795567875133E-01,
     9.9314423264900498E-01,
     9.9262092962007920E-01,
     9.9303543028593655E-01,
     9.9342314978607149E-01,
     2.0026896632984608E+00,
     2.1347752370076583E+00,
     1.0051788434946287E+00,
     1.0120019213314162E+00
  ]
}
