{
  "version":  "0.2.0",
  "energy":     5.0998070325412836E-01,
  "charges": [
     6.4077221894728731E-01,
     3.8446393310977062E-01,
    -2.1827662695687705E-01,
     2.1288436922508128E-01,
    -1.0995596124963550E-01,
    -4.4974268909390616E-02,
     1.3508633583376389E-01
  ],
  "coordination numbers": [
     5.0258506585504339E+00,
     1.6345142050230974E+00,
     1.9997695897641412E+00,
     3.3354704201669616E+00,
     1.2914425636328115E+00,
     2.1539513690290546E+00,
     2.4627943055227766E+00
  ]
}
