{
  "version":  "0.2.0",
  "energy":    -1.7584122707431638E-01,
  "charges": [
     9.6329896173555940E-01,
    -2.4098589941343040E-01,
    -2.4074988903108907E-01,
    -2.4045398935846468E-01,
    -2.4110918393257522E-01
  ],
  "coordination numbers": [
     3.9796310508484485E+00,
     9.9878476355755730E-01,
     9.9878681575540806E-01,
     9.9876346552875628E-01,
     9.9876193106445132E-01
  ]
}
