{
  "version":  "0.2.0",
  "energy":     2.6250702637755707E-01,
  "charges": [
     1.1018532598257538E+00,
     8.3652364279447763E-02,
     2.2066110229747982E-01,
    -4.1277471160608548E-01,
    -2.4619770537323143E-02,
    -2.9916551843411154E-01,
     3.2060268870773689E-01,
    -2.6740216342733120E-01,
    -5.3193762022663515E-02,
    -2.7253962370754869E-01,
    -2.1693372653945664E-02,
     1.6851019528441852E-01,
     1.6799147455557373E-01,
     1.6485445781752125E-01,
     1.5639083707365109E-01,
     1.7210216602975231E-01,
     1.6520045605738834E-01,
     1.7156123858489888E-01,
     1.6332768232446504E-01,
     1.6230389907466675E-01,
    -2.9453201911883831E-01,
     8.4941800167641773E-02,
    -1.8001590863756128E-01,
    -2.3850773072592923E-01,
     4.3391108122698330E-01,
    -4.0670613010043877E-01,
    -2.2217686825887412E-01,
     1.7616785516031999E-01,
    -2.2070497923704824E-01
  ],
  "coordination numbers": [
     6.2937490122531461E+00,
     1.0146992742669845E+00,
     2.0899814052453163E+00,
     2.0103547289461430E+00,
     4.1501740345047491E+00,
     1.9886243206238188E+00,
     4.0615987513609557E+00,
     2.9358651919516721E+00,
     4.1058301471967873E+00,
     1.9885954243994135E+00,
     4.1616015252147323E+00,
     9.9221307759570543E-01,
     9.9136926107467893E-01,
     9.9166426540889052E-01,
     9.9225133504151319E-01,
     9.9213862175126888E-01,
     9.9204628400688399E-01,
     9.9231940910589866E-01,
     9.9148272890919831E-01,
     9.9176505843423524E-01,
     2.0013658897966780E+00,
     2.0723089156805745E+00,
     1.0053291672166065E+00,
     1.9109313976291196E+00,
     2.0819687481052140E+00,
     9.9938313021932590E-01,
     9.9929058030684903E-01,
     1.7638429725147624E+00,
     9.9944361431250250E-01
  ]
}
