{
  "version":  "0.2.0",
  "energy":    -1.6392865594018702E-01,
  "charges": [
    -2.6361195790903125E-02,
     3.7331804584264910E-01,
     3.8161818598127456E-01,
    -2.3607337400876521E-01,
    -2.5582669576471412E-01,
    -2.3667496625954088E-01
  ],
  "coordination numbers": [
     4.4991206266756318E+00,
     1.8280075441659607E+00,
     2.8576923981805367E+00,
     1.8192164337130308E+00,
     1.8396019741390095E+00,
     1.8203891888051116E+00
  ]
}
