{
  "version":  "0.2.0",
  "energy":    -4.6097008213001139E-02,
  "charges": [
     3.9925154820895997E-01,
    -3.9925154820895997E-01
  ],
  "coordination numbers": [
     9.9528612405581018E-01,
     9.9528612405581018E-01
  ]
}
