{
  "version":  "0.2.0",
  "energy":    -1.1461249616557734E-01,
  "charges": [
     2.4765543998562733E-01,
     4.3452503841144752E-01,
    -1.4544963341970185E-01,
    -1.4521825657328100E-01,
    -1.9569797028837843E-01,
    -1.9581461811571355E-01
  ],
  "coordination numbers": [
     4.6834248989481750E+00,
     2.8557331169600371E+00,
     9.6987925542451503E-01,
     9.6925892978415540E-01,
     1.8404523207123207E+00,
     1.8385642782638785E+00
  ]
}
