{
  "version":  "0.2.0",
  "energy":     4.0702316532404204E-01,
  "charges": [
     6.9562657571048669E-01,
    -1.5615428133833500E-01,
     1.1205036323388967E-01,
    -6.6433798591460230E-02,
     1.1277469383154268E-01,
    -3.0516915599409838E-01,
    -1.5535615799119398E-01,
    -3.0415718803892355E-01,
     1.2816829655453310E-01,
     1.4647851233634165E-01,
     1.4673036840635367E-01,
     1.2698287568968319E-01,
     1.2844297440270502E-01,
     1.4791037763599493E-01,
     1.4735150788612528E-01,
    -8.7117104511727494E-04,
     1.9432083194330890E-01,
    -3.7426938609829619E-01,
    -5.7602158275520565E-02,
    -6.1791720031883920E-02,
    -6.8092129709947977E-02,
     1.4866931312471084E-02,
    -5.0446585438093036E-02,
    -6.1323198075494981E-02,
     2.3649499961033113E-01,
    -2.9878682978875842E-01,
    -3.7460789565038455E-01,
     1.5187038852327669E-01,
     1.5051611090072814E-01,
     1.3614320261134708E-01,
     1.6129598326937308E-01,
     1.5188930903748307E-01,
     2.4514735317153316E-01
  ],
  "coordination numbers": [
     5.5546147225187497E+00,
     3.9609573735366723E+00,
     3.2313376301786931E+00,
     3.0131258560794691E+00,
     3.2363724422510103E+00,
     1.9939184838548147E+00,
     3.9609542122387245E+00,
     1.9933529163392505E+00,
     9.9239713166346544E-01,
     9.9145701771040873E-01,
     9.9157065181611870E-01,
     9.9328217241737882E-01,
     9.9239768727558975E-01,
     9.9157648217052330E-01,
     9.9144848868298929E-01,
     1.0142675908999275E+00,
     2.1050785122945728E+00,
     2.0107676357596116E+00,
     3.0154844654817134E+00,
     3.0111372736492994E+00,
     3.0141601110450864E+00,
     3.0189170527513429E+00,
     3.0199074670983643E+00,
     3.0113951169325102E+00,
     3.4588789684491381E+00,
     1.9326576919111584E+00,
     2.6441716023900232E+00,
     9.9285913936471104E-01,
     9.9299579304724350E-01,
     9.9248841001054711E-01,
     9.9296261323307267E-01,
     9.9298016238440834E-01,
     9.9298579402903187E-01
  ]
}
