{
  "version":  "0.2.0",
  "energy":     1.9800569556147349E-01,
  "charges": [
     7.2281990526172679E-01,
    -8.1988200196310944E-03,
     2.7766276999067963E-01,
    -4.1300967712189052E-01,
    -3.8861556555073556E-01,
    -5.9869786820820514E-01,
     1.1207531911143209E-01,
     1.1818821104808076E-01,
     2.1529559976132848E-01,
     2.2876969091737467E-01,
    -2.3695994915381594E-01,
     6.8188801289250520E-02,
    -2.3302970576711518E-01,
    -2.2647688303824776E-01,
     1.1242625675231903E-01,
     1.1789622106105697E-01,
     1.0197140080552786E-01,
     1.1238074630443315E-01,
     1.0176947399127920E-01,
     1.2395872322618622E-01,
     1.1346937673278404E-01,
     1.2705607493299789E-01,
     1.1805080518881311E-01,
    -2.1718432952789724E-01,
    -6.2309482310677025E-02,
    -4.0542611055834982E-01,
     1.0716662668420245E-01,
     1.0579542794697860E-01,
     1.1154527988636181E-01,
     1.1196147951359113E-01,
     1.2370344081559090E-01,
     2.2516759844022718E-01,
    -2.3553979197961361E-01,
     4.7556881174304212E-02,
    -2.4809073701129383E-01,
    -2.3560009217817676E-01,
     1.0995165854221545E-01,
     1.1279845523231610E-01,
     1.0990049966229037E-01,
     1.1089655165811757E-01,
     9.7595811575080682E-02,
     1.0009166071869569E-01,
     1.0882799711699125E-01,
     1.0458259875508989E-01,
     1.0893786311438265E-01,
    -2.0911710395372610E-01,
    -2.9049017825342818E-02,
    -4.2815173072008933E-01,
     1.0660623828779968E-01,
     1.0469954697854245E-01,
     1.2369594956667410E-01,
     1.0470696446552993E-01,
     1.0353538322396419E-01,
    -3.4341516967116703E-01,
    -2.3517381657012593E-01,
     5.7095542644079032E-02,
    -2.3924968896687301E-01,
    -2.2179135182780046E-01,
     1.1349714423889218E-01,
     1.3020184920946079E-01,
     9.7345696650898220E-02,
     1.1228985576858166E-01,
     9.9727432559215248E-02,
     1.2180634938569844E-01,
     1.1455097965564556E-01,
     1.1526698494497015E-01,
     1.4160176716911596E-01
  ],
  "coordination numbers": [
     7.3690243245153315E+00,
     4.0474774915029856E+00,
     3.2651734715444096E+00,
     1.0001381772087301E+00,
     1.9926035100588546E+00,
     3.8815368775553596E+00,
     9.9165871522021121E-01,
     9.9154983403615393E-01,
     1.0020977239029483E+00,
     9.9785448244472619E-01,
     3.9565415471074736E+00,
     3.9854241239667534E+00,
     3.9559749436748239E+00,
     3.9576253836280264E+00,
     9.9255301175764199E-01,
     9.9340972049744547E-01,
     9.9294197475589918E-01,
     9.9231197401208071E-01,
     9.9265482042964592E-01,
     9.9295394316950336E-01,
     9.9260355321789806E-01,
     9.9345896937420974E-01,
     9.9335526543132957E-01,
     3.9549841196688069E+00,
     3.9815970087881016E+00,
     2.8927969347426084E+00,
     9.9173035985971936E-01,
     9.9146072541587760E-01,
     9.9168653213655666E-01,
     9.9118928993296063E-01,
     9.9197477868810502E-01,
     1.0015887693705814E+00,
     3.9568254209731961E+00,
     3.9196666185971107E+00,
     3.9558415979108110E+00,
     3.9563727248028586E+00,
     9.9239028737470392E-01,
     9.9319762399611111E-01,
     9.9322500616006693E-01,
     9.9232266489964172E-01,
     9.9273758208275975E-01,
     9.9237972989738132E-01,
     9.9228093931556938E-01,
     9.9262456222104767E-01,
     9.9309986163463115E-01,
     3.9552131654601954E+00,
     4.0555275251376353E+00,
     1.9918446788874631E+00,
     9.9170872863053550E-01,
     9.9167364577805550E-01,
     9.9167685687760532E-01,
     9.9042721413251567E-01,
     9.9058520470986711E-01,
     1.0969361622439360E+00,
     3.9552636329064175E+00,
     3.9598704399449201E+00,
     3.9563359548342776E+00,
     3.9571639751718068E+00,
     9.9233692791812711E-01,
     9.9253868160593051E-01,
     9.9207902526962766E-01,
     9.9254578608615329E-01,
     9.9261145668545669E-01,
     9.9337739550874726E-01,
     9.9253946252974856E-01,
     9.9332705269328336E-01,
     9.9305130059891678E-01
  ]
}
