{
  "version":  "0.2.0",
  "energy":     7.9684176631734260E-01,
  "charges": [
     6.4578845497216086E-01,
    -5.7446658412009433E-01,
    -1.8117939059037802E-02,
    -3.7689108935869131E-02,
    -4.2338704222851370E-01,
    -3.3207092658901427E-02,
    -2.4873383213951328E-02,
    -5.7964058289898679E-01,
     2.5529616360160223E-01,
     2.7116139712728549E-01,
     1.2490740723619204E-01,
     1.1906201692232193E-01,
     1.2322687301159171E-01,
     1.1951282467649063E-01,
     2.1189602110567107E-01,
     1.2413024651968149E-01,
     1.2028048407577556E-01,
     1.2660959132551761E-01,
     1.1886878442798254E-01,
     2.3782443702726724E-01,
     2.4964373787645561E-01,
    -6.4728959789162710E-02,
    -3.1910730509280960E-01,
     2.5569771469456104E-01,
    -3.4005631039816708E-01,
    -5.1055636169091700E-02,
    -2.8349488859524236E-01,
    -7.7498730421716455E-02,
     1.5427294141670400E-01,
     1.3580805110754751E-01,
     1.2342004699416861E-01,
     1.4602757335336491E-01,
     1.5509831484698405E-01,
     1.3511622893494468E-01,
     1.2980586889738152E-01,
     1.5525477804262727E-01,
     1.3572064678958995E-01,
     8.6170167274615309E-02,
     3.4997969198139682E-02,
    -3.4500139480090436E-01,
     4.7602789525484301E-02,
     9.3295101613852738E-02,
    -3.1109702603906247E-01,
     1.6115217331379736E-01,
     1.1569331785850590E-01,
     1.3775379870201268E-01,
     1.6646490553525647E-01,
    -5.0493394761629729E-02,
    -1.1730794394821101E-01,
    -1.2350069458016305E-01,
    -5.5791043353609751E-02,
    -2.8353752464047949E-01,
     1.2210403528858040E-01,
     1.2656375235435030E-01,
     1.3957460679864797E-01,
     1.4096547373612694E-01,
     1.3320370816844196E-01,
     1.3602598685863504E-01,
     1.2562111538579898E-01,
     1.1277846129296959E-01,
    -1.4034538218348100E-01
  ],
  "coordination numbers": [
     7.6324359562783775E+00,
     3.9431689192384409E+00,
     4.2249116287040289E+00,
     4.1102724746230646E+00,
     3.9344672574229316E+00,
     4.1751647303952950E+00,
     4.1552914135410592E+00,
     3.9458277657763832E+00,
     1.0068768433927389E+00,
     1.0112246709151229E+00,
     9.9120107569803739E-01,
     9.9156029071715857E-01,
     9.9143543807026902E-01,
     9.9129300415572619E-01,
     1.0309765484408162E+00,
     9.9147304745762099E-01,
     9.9114566495571221E-01,
     9.9136241484390819E-01,
     9.9135445066956329E-01,
     1.0294617541563671E+00,
     1.0066745600077791E+00,
     4.1326671257861065E+00,
     1.9879330146501859E+00,
     3.8889660664910393E+00,
     1.9871444976603456E+00,
     4.1197966130290169E+00,
     2.9399815899943444E+00,
     4.2758975634759917E+00,
     9.9223496854478643E-01,
     9.9192745720573861E-01,
     9.9150340810429416E-01,
     9.9229700377863050E-01,
     9.9200106064721005E-01,
     9.9148545933142795E-01,
     9.9279350239145625E-01,
     9.9216823891372474E-01,
     9.9184781206835382E-01,
     3.0737039699813575E+00,
     3.1488306163078317E+00,
     2.9632014229065753E+00,
     3.1866159717382132E+00,
     3.0742662704104617E+00,
     2.0156342514515533E+00,
     9.9248221344262699E-01,
     9.9262785492741923E-01,
     9.9297939002070645E-01,
     9.9251019438330434E-01,
     4.1648706235182349E+00,
     3.9857806128587132E+00,
     3.9879390409695228E+00,
     4.1004001091741449E+00,
     2.9374788261585900E+00,
     9.9085631938952901E-01,
     9.9448535802616878E-01,
     9.9152470513561575E-01,
     9.9199352088663506E-01,
     9.9195324658908479E-01,
     9.9153365322126596E-01,
     9.9149938335205245E-01,
     9.9148709635900456E-01,
     9.9717207052278578E-01
  ]
}
