{
  "version":  "0.2.0",
  "energy":     1.6865208561845233E+00,
  "charges": [
     8.2892775496138960E-01,
     1.8388827243749975E-01,
    -6.9293190004641181E-03,
    -1.4153496981049080E-01,
    -1.5925120834624440E-01,
     1.7984755218235182E-01,
     1.2687031592281139E-01,
    -3.4072504112372809E-01,
     1.3234450647085333E-01,
     1.7403448596365667E-01,
    -2.0336056723147891E-01,
     2.4959642215394515E-01,
     2.0002895152428690E-01,
     1.8336680557331886E-01,
     2.4978723593701888E-01,
     5.2215120062188425E-03,
     3.2698987279298275E-01,
    -7.9409848184385123E-02,
    -8.9335378184293296E-03,
     3.8762017994366682E-02,
     2.4777637615336745E-02,
     1.2723629928087354E-01,
    -3.4781809036942479E-01,
     1.2407542462116417E-01,
     3.1932267624624561E-02,
     2.4400541307474297E-01,
     2.3454319097546764E-01,
     1.8457664487188630E-01,
     2.0288745771774744E-01,
     2.3426254018210182E-01
  ],
  "coordination numbers": [
     7.1513424838763457E+00,
     3.8180240118182089E+00,
     1.0007435315997872E+00,
     1.9913023413823732E+00,
     1.9920649624824778E+00,
     3.0551668046974001E+00,
     3.1366497634595802E+00,
     3.0043093981413032E+00,
     3.6622906303908067E+00,
     3.0527620010002359E+00,
     2.0193737847641149E+00,
     9.9223498504080165E-01,
     9.9256707443521730E-01,
     1.0957234346366018E+00,
     9.9230098286706703E-01,
     9.9920688538309488E-01,
     2.9642345753007797E+00,
     1.9370806362740236E+00,
     9.9918966747499915E-01,
     3.0225028664572378E+00,
     3.0045373176044992E+00,
     3.7527622731146320E+00,
     3.0021432139293678E+00,
     3.1423634359156170E+00,
     3.0067988452305299E+00,
     9.9247315544301706E-01,
     9.9276989465417120E-01,
     1.2074170371781481E+00,
     9.9261435898044503E-01,
     9.9270799892395090E-01
  ]
}
