{
  "version":  "0.2.0",
  "energy":     3.7028125840544468E-01,
  "charges": [
     7.4524944221805078E-01,
    -1.9564134706095296E-01,
     6.8265291178501469E-02,
    -2.0634054363026838E-01,
    -1.9260364007192551E-01,
     1.3435713633901336E-01,
     1.4777070185509353E-01,
     1.5779140028331759E-01,
     1.3405561351104847E-01,
     1.4512979925475195E-01,
     1.3593356816868282E-01,
     1.3324700798436717E-01,
     1.5030829548557775E-01,
     1.5358069912546063E-01,
    -3.2006085236153406E-02,
    -1.1477680673052083E-01,
    -1.1814788718742245E-01,
    -3.9637192237532544E-02,
    -2.7658242534398048E-01,
     1.4095657209465742E-01,
     1.4276896594075592E-01,
     1.5027459711317998E-01,
     1.3695442033204086E-01,
     1.3778539961740208E-01,
     1.3743006335693089E-01,
     1.4995626115960858E-01,
     1.3873840040011756E-01,
     1.7433376876964166E-01,
    -2.2157092892439872E-01,
    -2.4989606903989819E-01,
    -2.5248248860948391E-01,
    -6.1545666734105192E-02,
    -2.1635647724668522E-01,
    -2.3729984613487271E-01
  ],
  "coordination numbers": [
     6.9094617136749639E+00,
     3.9564863539476534E+00,
     3.9268900707079499E+00,
     3.9565049432870047E+00,
     3.9567462494682406E+00,
     9.9264988717393798E-01,
     9.9296442066850421E-01,
     9.9288826919040751E-01,
     9.9263169029991083E-01,
     9.9327912325695422E-01,
     9.9284968671488727E-01,
     9.9278137158863622E-01,
     9.9310130681149200E-01,
     9.9299539785656687E-01,
     4.1771173202021412E+00,
     3.9783097069152227E+00,
     3.9875949221967808E+00,
     4.0206379100069984E+00,
     2.9238615532700276E+00,
     9.9142597857519021E-01,
     9.9767581906233005E-01,
     9.9148097162746840E-01,
     9.9199774732302703E-01,
     9.9198594081411340E-01,
     9.9166084867955373E-01,
     9.9166197218835350E-01,
     9.9188600835078855E-01,
     3.6940341371030101E+00,
     1.0014756895352948E+00,
     1.9742549288527940E+00,
     1.9538315599396485E+00,
     2.6453091778462037E+00,
     1.9677406014601777E+00,
     1.9442075345237457E+00
  ]
}
