{
  "version":  "0.2.0",
  "energy":    -4.6024706260882710E-02,
  "charges": [
     4.3464277369437843E-01,
    -7.3872690736203353E-02,
    -7.4120242178939144E-02,
    -1.3553237910030844E-01,
    -7.5499505017870200E-02,
    -7.5617956661057292E-02
  ],
  "coordination numbers": [
     4.9282306408107690E+00,
     1.4581133700972266E+00,
     1.4589926742602293E+00,
     9.9811045350518501E-01,
     1.4577721065158773E+00,
     1.4589798790486483E+00
  ]
}
