{
  "version":  "0.2.0",
  "energy":    -3.6379784302621848E-01,
  "charges": [
     6.6114325396206353E-01,
     8.1726458651299010E-03,
     2.4119884931372740E-01,
    -3.3240836550976394E-01,
    -3.5514900740016164E-01,
    -6.5325796921375634E-01,
     1.1265382612420322E-01,
     1.2156592705756673E-01,
     2.7935535423694313E-01,
     2.5679999030525669E-01,
    -3.3441801687132289E-01,
     4.4877957515035022E-01,
    -3.5298155502339573E-01,
    -3.4076388537076391E-01,
     1.6191899309796451E-01,
    -3.1180734055478093E-01,
    -1.7358768664986723E-01,
     9.1907416462027269E-02,
    -3.7759424142326481E-01,
     1.3672044357584087E-01,
     1.1869920159351119E-01,
     1.1485233504268516E-01,
    -2.2247641517540520E-01,
     7.5005222492706761E-02,
    -2.2167058890243319E-01,
    -2.2935333977994538E-01,
     1.0507799028522286E-01,
     1.3022289012821511E-01,
     1.2481020685281016E-01,
     1.0469341163859480E-01,
     1.2796615081795659E-01,
     1.3769592572402403E-01,
     1.0572789785297758E-01,
     1.1948842516584321E-01,
     1.2101247912924024E-01
  ],
  "coordination numbers": [
     7.5226331004177505E+00,
     3.9586347522786980E+00,
     3.8010776170458671E+00,
     1.9347368977104082E+00,
     1.9511162542000928E+00,
     2.9897623972247649E+00,
     9.8951768130160378E-01,
     9.9164295376229994E-01,
     9.9623505923447020E-01,
     9.9648051465295495E-01,
     1.9834753549853570E+00,
     3.8903516780389706E+00,
     1.9830101607333672E+00,
     1.0000820913388484E+00,
     1.8439807352554229E+00,
     9.9947111629094643E-01,
     3.9580174434863240E+00,
     2.2014695469593502E+00,
     1.8941924071158489E+00,
     9.9116588581800524E-01,
     9.9199051853395392E-01,
     9.9192606072824141E-01,
     3.9566640191962446E+00,
     3.9345239298118937E+00,
     3.9555748916170126E+00,
     3.9561748667480812E+00,
     9.9228284428521096E-01,
     9.9365957919993519E-01,
     9.9360923156308978E-01,
     9.9227870904129123E-01,
     9.9363028057375846E-01,
     9.9220494738981024E-01,
     9.9223447260486175E-01,
     9.9315714819959133E-01,
     9.9304738466333742E-01
  ]
}
