{
  "version":  "0.2.0",
  "energy":    -2.9091722236932815E-01,
  "charges": [
     7.2633386805380362E-01,
    -1.5452647183892287E-01,
    -9.7608870231397610E-02,
    -1.0027149446670450E-01,
    -9.8111836358182325E-02,
    -1.4209499024814137E-03,
    -8.3766818713618546E-02,
    -1.0121768455871713E-01,
     2.3159434475437574E-01,
    -3.4134902947057294E-01,
    -4.6184570853604212E-01,
     1.1220516542584250E-01,
     1.1261803798870973E-01,
     1.1068039174302073E-01,
     1.2840558633519325E-01,
     1.1241414682446163E-01,
     2.4158677983997781E-01,
    -2.9129594211399762E-01,
    -2.0573268402072428E-01,
    -1.2020563510485478E-02,
    -3.9495526411966642E-01,
     9.3902705228839672E-02,
     1.2727816525755148E-01,
     1.1405565262015949E-01,
     1.1674295680824327E-01,
     1.0856891256057662E-01,
    -7.6632363507396761E-01,
     2.5829692383226932E-01,
     2.5779677180256144E-01,
     2.5796654383989431E-01
  ],
  "coordination numbers": [
     4.8591041608186245E+00,
     9.9059287379959304E-01,
     3.0145721643878192E+00,
     3.0120113680389826E+00,
     3.0150607756361492E+00,
     3.0174096772495957E+00,
     3.0188213377662514E+00,
     3.0124397165202552E+00,
     3.0747833296427043E+00,
     1.8631930525683265E+00,
     1.9985918043753745E+00,
     9.9286027381135700E-01,
     9.9293546280200218E-01,
     9.9252831748733517E-01,
     9.9299813045366037E-01,
     9.9290949074619750E-01,
     9.9365749985785801E-01,
     9.8520071898144312E-01,
     3.9541126627842855E+00,
     4.0152491250258810E+00,
     1.9921435209604503E+00,
     9.9147508479416402E-01,
     9.9142321316138382E-01,
     9.9153485536393671E-01,
     9.9001030436157933E-01,
     9.9032111248244803E-01,
     3.8805808714249901E+00,
     1.0074194011582360E+00,
     9.9667239027703758E-01,
     9.9691830983058072E-01
  ]
}
