{
  "version":  "0.2.0",
  "energy":    -5.4647130382358911E-02,
  "charges": [
     4.8616607749046914E-01,
    -8.4898227073110399E-02,
    -8.4763952324695163E-02,
    -1.4722447771739591E-01,
    -8.5507952687757072E-02,
    -8.3771467687510634E-02
  ],
  "coordination numbers": [
     4.9266251062685615E+00,
     1.4335709788675119E+00,
     1.4445775460469390E+00,
     9.9835308938657530E-01,
     1.4328402321289193E+00,
     1.4446694426640896E+00
  ]
}
