{
  "version":  "0.2.0",
  "energy":    -3.2250907920360006E-02,
  "charges": [
     4.2225977357418087E-01,
    -3.6213023990637291E-02,
    -1.4362381227680249E-01,
    -1.4359838636926503E-01,
    -3.6223413155250628E-02,
    -3.1276762480235767E-02,
    -3.1324375301989671E-02
  ],
  "coordination numbers": [
     5.8291400680389209E+00,
     1.7193843404089924E+00,
     1.0027844869415592E+00,
     1.0028066966208895E+00,
     1.7183426536070359E+00,
     1.7231457327145625E+00,
     1.7222913653312233E+00
  ]
}
