{
  "version":  "0.2.0",
  "energy":    -2.4720183355980022E-01,
  "charges": [
     7.7486407226515841E-01,
    -8.5623135901043895E-02,
    -8.9109886907124986E-02,
    -7.4511943921120885E-02,
     1.4140783277027613E-02,
    -7.0073532875841046E-02,
    -8.7174145078322968E-02,
     2.5818654244708894E-01,
    -3.6692245686495012E-01,
    -3.6056577653791533E-01,
     1.2398295468145520E-01,
     1.2395092951337590E-01,
     1.3853907961611328E-01,
     1.4619455681340651E-01,
     1.2617925577017003E-01,
    -2.0983057065076138E-01,
    -5.3356692385296278E-02,
    -2.1880683927459593E-01,
    -2.1289318848992211E-01,
    -9.4540740618520858E-02,
    -4.0972084150972093E-01,
     1.1829129370566391E-01,
     1.2469580181676343E-01,
     1.4620776477988967E-01,
     2.3789671632902373E-01
  ],
  "coordination numbers": [
     6.6180247338310796E+00,
     3.0144311117281273E+00,
     3.0124175140490026E+00,
     3.0163877832755546E+00,
     3.0197043577389904E+00,
     3.0165678329353236E+00,
     3.0124872902691822E+00,
     3.8817827028271674E+00,
     1.9766485354839949E+00,
     1.9832069457588313E+00,
     9.9280718407607083E-01,
     9.9288485121191616E-01,
     9.9295334201312269E-01,
     9.9294819107882670E-01,
     9.9289441652659516E-01,
     9.9434355451457801E-01,
     2.9741242100238230E+00,
     1.0053727024255856E+00,
     1.9816826950162145E+00,
     4.0406947968621987E+00,
     2.9467289743846496E+00,
     9.9178466909473784E-01,
     9.9172569879240591E-01,
     9.9221373071650198E-01,
     1.0233089649517497E+00
  ]
}
