{
  "version":  "0.2.0",
  "energy":    -6.9139038054412172E-01,
  "charges": [
     2.7785880091948156E-02,
    -5.9205119548143659E-01,
     3.3906915942933347E-01,
    -7.7480384403984504E-01
  ],
  "coordination numbers": [
     2.9363677918413007E+00,
     1.9491685108383443E+00,
     1.9057262727750546E+00,
     9.9470725885011113E-01
  ]
}
