{
  "version":  "0.2.0",
  "energy":    -2.1140659885664154E-01,
  "charges": [
     9.8393534555052753E-01,
    -1.6342235888374912E-01,
    -1.6341825612924143E-01,
    -1.6427429761704282E-01,
    -1.6427479115632737E-01,
    -1.6427321637570635E-01,
    -1.6427242538846054E-01
  ],
  "coordination numbers": [
     5.8707312586220368E+00,
     9.9889670979428313E-01,
     9.9889655818209544E-01,
     9.9892887293677646E-01,
     9.9892887722167778E-01,
     9.9892883519078168E-01,
     9.9892879074167329E-01
  ]
}
