{
  "version":  "0.2.0",
  "energy":    -8.1803791109892610E-02,
  "charges": [
     4.7532230344041215E-01,
    -4.7532230344041215E-01
  ],
  "coordination numbers": [
     9.9936208199157051E-01,
     9.9936208199157051E-01
  ]
}
