{
  "version":  "0.2.0",
  "energy":     1.7360254994147897E+00,
  "charges": [
     1.2332358545554631E+00,
     4.4920720507763456E-01,
     1.3175569403669023E+00
  ],
  "coordination numbers": [
     9.9642944286958901E-01,
     1.7722498531542161E+00,
     7.7776156730932744E-01
  ]
}
