{
  "version":  "0.2.0",
  "energy":    -1.9108839172062793E+00,
  "charges": [
     6.6841925212267617E-01,
     1.9549105680736736E-01,
    -3.7900163038335810E-01,
    -2.9955070255500926E-01,
    -3.1398084847127083E-01,
    -1.7578020386344539E-01,
     9.4461369544429741E-02,
    -4.9842264045273904E-01,
     7.8904574580871328E-02,
     1.5947777896914272E-01,
     1.4803787014121492E-01,
    -5.4161461900299179E-01,
     2.6143579700631780E-01,
    -7.3169332086776628E-01,
     2.5114533061653199E-01,
     2.8396478648483514E-01,
     2.6075308246284934E-01,
    -2.7238896743116292E-01,
     5.7822309400834548E-03,
    -4.0560696262084106E-01,
    -8.3216395886061201E-01,
     2.9809006710961772E-01,
     2.6754882583271294E-01,
     2.6176615736545183E-01,
    -5.2280442033647130E-02,
    -1.5935082485890537E-01,
    -1.7183461515211113E-01,
    -7.2706358630146378E-02,
    -2.5619149810674835E-01,
     7.7501975446197094E-02,
     1.4341320764219770E-01,
     1.1985543289010631E-01,
     5.8126297296763801E-02,
     7.6633828033651846E-02,
     5.5677658030906282E-02,
     1.1578117446628300E-01,
     7.4537493221183554E-02,
    -3.7530090650020287E-01,
     4.4890729559163722E-01,
    -4.7848994909799986E-01,
    -4.9363456651878307E-01,
    -1.2075804220989357E-01,
    -3.7071809377448983E-01,
     1.0411823639513088E-01,
     9.5029502019353229E-02,
     1.3211858838606325E-01,
     2.6449028198854779E-01
  ],
  "coordination numbers": [
     7.4346741613185099E+00,
     3.1732501218679792E+00,
     1.0018930073033960E+00,
     1.8046872873686208E+00,
     1.3660540826468131E+00,
     3.9544250167561596E+00,
     1.9961435408669770E+00,
     9.9957002445441301E-01,
     9.9157522329559633E-01,
     9.8892929647639605E-01,
     9.9110183735624613E-01,
     1.9856498724651432E+00,
     1.1473323330093645E+00,
     3.8423937808827482E+00,
     9.9653412485161574E-01,
     9.9653914045119052E-01,
     1.0076652645637454E+00,
     1.9705829979304559E+00,
     2.0274947142887818E+00,
     1.0050567126448335E+00,
     2.9824665910051751E+00,
     9.9524772729459965E-01,
     9.9582243769932788E-01,
     9.9598281352360996E-01,
     4.0848175947995014E+00,
     3.9683963297767741E+00,
     3.9698952540539834E+00,
     4.0555128411519199E+00,
     2.8590022340844570E+00,
     9.9002323271375392E-01,
     9.9198151258096257E-01,
     9.9184859898218303E-01,
     9.9153613757360404E-01,
     9.9163477395357447E-01,
     9.9145378654508676E-01,
     9.9161140707412265E-01,
     9.9050022385293612E-01,
     1.9722284880387742E+00,
     3.9400327588012169E+00,
     9.9906105222771391E-01,
     9.9895747259584056E-01,
     3.9813896213311653E+00,
     2.8653776473064934E+00,
     9.9106481711468764E-01,
     9.9105621203407690E-01,
     9.9207714246158396E-01,
     1.0835388516586670E+00
  ]
}
