{
  "version":  "0.2.0",
  "energy":    -1.4631732794454240E+00,
  "charges": [
     7.8371730061455480E-02,
    -1.0391856562598738E+00,
    -1.0391860738015817E+00
  ],
  "coordination numbers": [
     1.9976207662856611E+00,
     9.9930425756312768E-01,
     9.9930429331314130E-01
  ]
}
