{
  "version":  "0.2.0",
  "energy":    -5.7977275530458589E-02,
  "charges": [
     4.3253501561240681E-01,
    -4.3253501561240681E-01
  ],
  "coordination numbers": [
     9.9901860346422211E-01,
     9.9901860346422211E-01
  ]
}
