{
  "version":  "0.2.0",
  "energy":     1.5839085367418688E+00,
  "charges": [
     6.4239172146262380E-01,
    -5.7010341288870470E-01,
     1.8164933921727355E-02,
    -7.5012019804199248E-05,
    -4.3413566780595181E-01,
    -1.7277768051020548E-03,
     1.6133288094587472E-02,
    -5.6859228382319316E-01,
     3.0148920518042432E-01,
     3.1432308350756938E-01,
     1.6930333941189890E-01,
     1.9831119255982013E-01,
     1.8004947101573615E-01,
     1.8372897796039575E-01,
     2.7064881181417033E-01,
     1.8127359079527477E-01,
     1.7807649970841052E-01,
     1.7028302513751281E-01,
     1.9814695189619702E-01,
     3.1540711588844239E-01,
     3.0053731812357787E-01,
     2.0397728137978180E-01,
    -9.7194368458472957E-02,
     1.6569412856183657E-01,
     1.0165495291520922E-01,
    -3.4016865982247901E-01,
     1.0695287490851568E-01,
     1.6807307051012149E-01,
    -2.1271936052124180E-01,
     2.3902895177797626E-01,
     1.7550488648543813E-01,
     1.8401006624030883E-01,
     2.4155180288739267E-01
  ],
  "coordination numbers": [
     5.6419783737890761E+00,
     3.9387386712340371E+00,
     4.1802409563421925E+00,
     4.1029946590664785E+00,
     3.9305534337847474E+00,
     4.1109087668393824E+00,
     4.1490356552381860E+00,
     3.9372385841220181E+00,
     9.9936257622783664E-01,
     9.9817577395184376E-01,
     9.9137165669818206E-01,
     9.9144448915939787E-01,
     9.9142728222910570E-01,
     9.9131772264618334E-01,
     1.0011495152299705E+00,
     9.9139335387303440E-01,
     9.9123899081909084E-01,
     9.9147725978943679E-01,
     9.9146869538747850E-01,
     9.9820648354814256E-01,
     9.9947169310553452E-01,
     1.7998141696654439E+00,
     9.9944340742360360E-01,
     3.0592393647210097E+00,
     3.1904958297181514E+00,
     2.9927423667113917E+00,
     3.2016509533566957E+00,
     3.0591906692461475E+00,
     2.0172396033771518E+00,
     9.9231566750295919E-01,
     9.9235328565460446E-01,
     9.9230218146780391E-01,
     9.9231669570060443E-01
  ]
}
