{
  "version":  "0.2.0",
  "energy":    -3.1709524369568864E-01,
  "charges": [
     5.7722312048371049E-01,
    -7.9404702702425695E-02,
    -3.2381675628669315E-01,
     3.1239702607092101E-01,
    -3.2525563683308006E-01,
    -8.3773376004089864E-02,
    -2.8261197851559439E-01,
    -1.0334520810351165E-01,
     1.1712732900300865E-01,
     1.2182656300382019E-01,
     1.1603130963678807E-01,
     1.2039992598546725E-01,
     1.1014321286150330E-01,
     1.1111241560288831E-01,
     1.0656848200547965E-01,
     1.1543054269337034E-01,
     1.2779196642644342E-01,
    -1.2135274896993081E-01,
    -4.2100574907428345E-01,
     1.0478307904416102E-01,
     1.0838058826637559E-01,
     1.1470857341929855E-01,
     2.6985032630635652E-01,
    -9.6507158699600429E-02,
    -9.9905477538694873E-02,
    -8.5004903373285770E-02,
     4.7556427679497359E-03,
    -8.3146733879644913E-02,
    -9.9356018530083898E-02,
     2.6084705586657836E-01,
    -3.8905145210389408E-01,
    -3.7172688109436586E-01,
     1.1368495757398774E-01,
     1.1382205880439109E-01,
     1.2810204830819000E-01,
     1.3162237433073823E-01,
     1.1436223972882162E-01,
    -1.6103914136112862E-01,
     1.3971612255364219E-01,
    -4.1438303767358375E-01
  ],
  "coordination numbers": [
     6.8073352473027668E+00,
     4.1990408441392741E+00,
     1.9886519173941082E+00,
     4.4807489680058925E+00,
     1.9891337986230075E+00,
     4.2238897741076471E+00,
     2.9504584254452970E+00,
     4.1145177336665455E+00,
     9.9150241808971717E-01,
     9.9143782138465575E-01,
     9.9215981646717033E-01,
     9.9113905555982651E-01,
     9.9154549216760479E-01,
     9.9190550955335244E-01,
     9.9195844127800115E-01,
     9.9177503372888509E-01,
     9.9173420791896838E-01,
     3.9704417499696429E+00,
     2.9477251168146132E+00,
     9.9136219703365569E-01,
     9.9135080076190008E-01,
     9.9200426512130591E-01,
     1.4068072777017422E+00,
     3.0140502671240474E+00,
     3.0122420411818487E+00,
     3.0164756313231811E+00,
     3.0177096890076802E+00,
     3.0164986520927748E+00,
     3.0122250636609476E+00,
     3.8467690176595735E+00,
     1.9465785967084166E+00,
     1.9767403669001480E+00,
     9.9279869228886586E-01,
     9.9284421982480886E-01,
     9.9295239154519699E-01,
     9.9296035777051106E-01,
     9.9283840259364275E-01,
     1.0111225717489001E+00,
     2.1195388100622035E+00,
     2.0056418410953141E+00
  ]
}
