{
  "version":  "0.2.0",
  "energy":    -1.9599425805000352E+00,
  "charges": [
     6.4344586373430968E-01,
    -4.5420896036900632E-01,
    -7.4561235107829993E-01,
     2.8549968313084428E-01,
     2.9279558134001737E-01,
     2.7877033770998605E-01,
    -9.7583823629314059E-02,
    -3.5159074955800323E-01,
     3.4642437747938126E-01,
    -3.2614577614849305E-01,
    -9.1009238392163405E-02,
    -3.2966679247602521E-01,
    -9.2903557073510695E-02,
     7.9473859282657974E-02,
     1.1569623637943151E-01,
     1.1578930643957383E-01,
     8.9749256713975226E-02,
     1.2309563330643239E-01,
     9.7897245545013487E-02,
     7.7339670685563119E-02,
     9.6860353011978678E-02,
     1.0042478028466328E-01,
    -4.0886897702720348E-01,
     4.4730767798118587E-01,
    -3.0096695224561221E-01,
    -3.4594438688451118E-01,
    -9.1425730156084017E-02,
    -3.1291326550716908E-01,
    -2.4080817642438529E-01,
    -1.6291872531052226E-01,
     1.1993103616218123E-01,
    -4.9872063224960761E-01,
     4.5578546896974298E-02,
     5.4314315614949607E-02,
    -4.0117398678104110E-01,
     2.7383269427304166E-02,
     2.9938118005059980E-02,
    -4.0378247315368082E-01,
     1.2871401202937582E-01,
     1.4790603804474645E-01,
     9.4412868036081524E-02,
     8.7972393169448646E-02,
    -1.3496706650833729E-01,
    -1.3424864120588842E-01,
    -9.3695940934169775E-02,
     1.7843318275686817E-02,
    -8.5646273573366211E-02,
    -1.2217522390431974E-01,
     3.5031137762802173E-01,
    -3.8169652568710849E-01,
    -4.9023049619113207E-01,
     7.4196301966603553E-02,
     7.6564753312919745E-02,
     1.1707349737568887E-01,
     1.4571890197335807E-01,
     9.2897925491963962E-02,
     2.7158421106474667E-01,
    -8.3307566710195524E-01,
     2.8971338234115884E-01,
     2.6658698579071161E-01,
     3.0276927393891456E-01
  ],
  "coordination numbers": [
     6.7946504356524029E+00,
     1.0488734436348262E+00,
     3.9027114620610535E+00,
     9.9825405967014280E-01,
     9.9640854948915081E-01,
     1.0269746116093694E+00,
     4.2059127771393552E+00,
     1.9890840341703733E+00,
     4.4792982403477763E+00,
     1.9900582262550941E+00,
     4.1469838699476567E+00,
     1.9905512650741688E+00,
     4.1436322689019036E+00,
     9.9170243336865749E-01,
     9.9114286938223017E-01,
     9.9116736691700247E-01,
     9.9165199288867889E-01,
     9.9155440101560277E-01,
     9.9137220013337135E-01,
     9.9163448833044576E-01,
     9.9133757290045210E-01,
     9.9124408191297064E-01,
     9.9919937897021605E-01,
     3.4628100246986424E+00,
     1.9833449954647140E+00,
     1.9823322682945816E+00,
     2.0827086531360344E+00,
     1.0031673286584839E+00,
     1.9753578209079130E+00,
     1.9184317348598379E+00,
     2.0078639377713214E+00,
     1.0064840830126141E+00,
     3.0785476230494826E+00,
     3.0777301232304053E+00,
     2.0140429507624313E+00,
     3.0785541316685201E+00,
     3.0794006937343150E+00,
     2.0139023047988651E+00,
     9.9215838852840665E-01,
     9.9221403366322125E-01,
     9.9227261768873287E-01,
     9.9224107072214629E-01,
     3.0114875192369208E+00,
     3.0124805910068782E+00,
     3.0158286405733294E+00,
     3.0145301556336808E+00,
     3.0160157126148199E+00,
     3.0127657152947194E+00,
     4.1759608525712189E+00,
     1.9862549626737396E+00,
     1.9878420271857955E+00,
     9.9257121278294758E-01,
     9.9255110496980414E-01,
     9.9290151770925483E-01,
     9.9290978883715919E-01,
     9.9258342517746456E-01,
     9.9230805632601715E-01,
     2.9830487536732235E+00,
     9.9588385481513697E-01,
     9.9608488027427811E-01,
     9.9565752740553037E-01
  ]
}
