{
  "version":  "0.2.0",
  "energy":     1.7816600236379285E+00,
  "charges": [
     1.2706838603755548E+00,
     3.9202118599596975E-01,
     1.3372949536284755E+00
  ],
  "coordination numbers": [
     1.9554868328993713E+00,
     1.0455335586978567E+00,
     1.0062240403861198E+00
  ]
}
