{
  "version":  "0.2.0",
  "energy":     2.6853387916514709E-01,
  "charges": [
     3.6572574584450268E-01,
    -4.6246659718633604E-01,
     1.0967408513418333E+00
  ],
  "coordination numbers": [
     1.9131335997397967E+00,
     1.9869494002038817E+00,
     1.9044059472539301E+00
  ]
}
