{
  "version":  "0.2.0",
  "energy":    -3.8438815248873925E-01,
  "charges": [
     8.1767206948370363E-01,
    -1.0297640148908171E-01,
    -4.1111582239175526E-01,
     1.1916771132761828E-01,
     1.2156495588900545E-01,
     1.4158468589301049E-01,
     2.5627840270149138E-01,
    -8.7262487396028598E-02,
    -3.1703003338262925E-01,
     2.7017573212155221E-01,
    -2.6008348000052794E-01,
    -1.0131267660228116E-01,
    -2.5251822332243246E-01,
    -9.0298377125645590E-02,
     1.1632215229749782E-01,
     1.0489481884633875E-01,
     1.1759477876115024E-01,
     1.4122948572046171E-01,
     1.1518771077038470E-01,
     1.1794012140875071E-01,
     1.5568845909227530E-01,
     1.2887843834658977E-01,
     1.2041434872758983E-01,
    -3.2459769230297442E-01,
     3.8642271982808563E-02,
    -2.9395151904604622E-01,
    -3.3330508907505663E-01,
     3.9112979102586654E-01,
    -3.6741139769153586E-01,
    -3.3250273457010326E-01
  ],
  "coordination numbers": [
     7.3546291943155726E+00,
     3.9922418536879398E+00,
     2.9021942403513066E+00,
     9.9158307295083503E-01,
     9.9160841431218127E-01,
     9.9210335691318718E-01,
     1.0182589827075290E+00,
     4.1653046052290801E+00,
     1.9896961258918529E+00,
     4.1747074486880411E+00,
     2.8125622866840407E+00,
     4.1857626058658077E+00,
     2.8553355392577098E+00,
     4.1352290266179104E+00,
     9.9164427766831320E-01,
     9.9109648233861058E-01,
     9.9186519642674842E-01,
     9.9197327318991313E-01,
     9.9152873663999053E-01,
     9.9183028188349365E-01,
     9.9213017339682263E-01,
     9.9170051090728961E-01,
     9.9162725306663457E-01,
     1.9921754302402537E+00,
     2.0481775867356387E+00,
     1.0051421953050061E+00,
     1.9769898829090415E+00,
     3.9588388223536377E+00,
     1.9631494225466932E+00,
     1.8144855449828290E+00
  ]
}
