{
  "version":  "0.2.0",
  "energy":    -2.0513383543837638E-02,
  "charges": [
     3.2989175724239128E-01,
    -6.7051753193004618E-02,
    -6.2559081649089882E-02,
    -7.0665587154668044E-02,
    -6.2552946291976427E-02,
    -6.7062388953652269E-02
  ],
  "coordination numbers": [
     4.8610655609273969E+00,
     9.7711656242873168E-01,
     9.8517527183341080E-01,
     9.7761443177495888E-01,
     9.8518251435823512E-01,
     9.7712724556740937E-01
  ]
}
