{
  "version":  "0.2.0",
  "energy":     1.0149405076707914E+00,
  "charges": [
     7.5684121587612641E-01,
     5.3733237934532663E-02,
     3.1053351167449184E-01,
    -2.2918768999624739E-01,
    -2.6196505229439632E-01,
    -5.4682803203831420E-01,
     1.9886956004827641E-01,
     1.9359641496669736E-01,
     3.1703014074152158E-01,
     3.1388582993182712E-01,
     9.2678836819585220E-03,
    -2.2949029342267391E-04,
     1.0660960248934520E-01,
    -3.3243104856050043E-01,
     1.1099905786814385E-01,
     3.9437976171030342E-03,
     2.1407176980548809E-01,
     2.0796376257869961E-01,
     1.6855497315507964E-01,
     2.0059405810674147E-01,
     2.0725404314662607E-01,
     1.7123632606336275E-01,
    -1.7434387250314032E-01
  ],
  "coordination numbers": [
     6.4625145861078206E+00,
     4.0819304905716969E+00,
     4.0324373024063576E+00,
     1.9932153234915129E+00,
     1.9886005608743078E+00,
     3.8417540066489595E+00,
     9.9218282857783358E-01,
     9.9223383274110866E-01,
     9.9608741794498279E-01,
     9.9598583649606098E-01,
     3.0230880726371510E+00,
     3.0060796055296821E+00,
     3.6039237221022962E+00,
     2.9988727499308485E+00,
     3.1588206877559175E+00,
     3.0079144850450517E+00,
     9.9268581810516121E-01,
     9.9292625235624321E-01,
     1.0720535391359949E+00,
     9.9279190263248474E-01,
     9.9289655985628578E-01,
     1.9923757758013592E+00,
     1.0636480871865670E+00
  ]
}
