{
  "version":  "0.2.0",
  "energy":    -5.7290222855607628E-03,
  "charges": [
     9.8604050123947712E-02,
    -9.8604050123947712E-02
  ],
  "coordination numbers": [
     9.5055806801501053E-01,
     9.5055806801501053E-01
  ]
}
