{
  "version":  "0.2.0",
  "energy":    -1.1195189109088172E-01,
  "charges": [
     5.8393993717929682E-01,
    -5.8393993717929682E-01
  ],
  "coordination numbers": [
     9.9936524427893758E-01,
     9.9936524427893758E-01
  ]
}
