{
  "version":  "0.2.0",
  "energy":    -1.4609521065651729E+00,
  "charges": [
    -8.2065383896077648E-02,
     1.4491886872814552E-01,
    -1.2220953362165976E+00,
    -8.4075814861547016E-01
  ],
  "coordination numbers": [
     2.3796286137682019E+00,
     3.9719305633325419E-01,
     9.9941110559611523E-01,
     9.8501503827425463E-01
  ]
}
