{
  "version":  "0.2.0",
  "energy":    -3.8561975468553215E-02,
  "charges": [
     4.0897880499856781E-01,
    -8.2051879976083916E-02,
    -8.2031727298490328E-02,
    -8.0815194485279074E-02,
    -8.2340692905400165E-02,
    -8.1739310333314344E-02
  ],
  "coordination numbers": [
     4.8787919522298893E+00,
     9.8249547032334750E-01,
     9.8247470736678011E-01,
     9.9050843594634319E-01,
     9.8261024582579903E-01,
     9.8264702240940416E-01
  ]
}
