{
  "version":  "0.2.0",
  "energy":     7.8812815747495268E-01,
  "charges": [
     8.0163162212531369E-01,
    -2.8395377241496753E-02,
    -3.4278499783411798E-02,
     6.7769395174325286E-02,
    -3.2286461431234653E-01,
     4.9091680826081896E-02,
    -4.2449635793815776E-02,
     1.8132072010439410E-01,
     1.7584251486338093E-01,
     1.7477167790406339E-01,
     1.4151148624352028E-01,
     1.6782795853098456E-01,
     3.5322466582296375E-02,
     1.9465944820294517E-01,
    -3.7924462010015891E-01,
    -7.0681753347627774E-01,
     2.9504723543628514E-01,
     2.8901401892698297E-01,
     2.9510117395754643E-01,
    -5.2765931259415721E-01,
     2.7957796194440226E-01,
     2.9904387165008450E-01,
    -7.0564335442804127E-01,
     2.9444948113078334E-01,
     2.9174749481616358E-01,
     3.0277641167847430E-01,
    -7.1580662589344668E-01,
     2.9694443978778684E-01,
     2.9469165814030213E-01,
     2.9146740811930111E-01,
    -1.6157467341113316E-01,
     6.0551036768536487E-03,
    -3.7434510656565867E-01,
     1.6019122132398211E-01,
     1.5563889863569308E-01,
     1.4304020567269735E-01,
     1.6196287437076665E-01,
     1.5258092377453319E-01
  ],
  "coordination numbers": [
     6.8952200314697505E+00,
     3.0216762685018743E+00,
     3.0094132721387217E+00,
     3.1312519124820213E+00,
     2.9558189127961318E+00,
     3.1603452204618314E+00,
     3.0091133354075268E+00,
     9.9280150790003763E-01,
     9.9295338336274863E-01,
     9.9264241026744227E-01,
     9.9259683317336478E-01,
     9.9297009084048948E-01,
     1.0134229692431393E+00,
     2.3832354365997466E+00,
     2.0074871177298439E+00,
     3.8825522181005097E+00,
     9.9678798078040654E-01,
     9.9862364174104279E-01,
     9.9674343111801900E-01,
     2.8976033401439505E+00,
     9.9435754140557986E-01,
     9.9530388259416469E-01,
     3.8951400650200796E+00,
     9.9673038574147910E-01,
     9.9772128809322691E-01,
     1.0007310631004884E+00,
     3.8923016054614186E+00,
     9.9762866022797514E-01,
     9.9683377660507766E-01,
     9.9939965206807191E-01,
     3.9549368990963494E+00,
     4.0360333060127598E+00,
     1.9891934471738439E+00,
     9.9176226291167424E-01,
     9.9152774690988377E-01,
     9.9142937498797501E-01,
     9.9149266495277910E-01,
     9.9136838029065633E-01
  ]
}
