{
  "version":  "0.2.0",
  "energy":    -1.2278914078341113E-01,
  "charges": [
     1.2611194059163200E-01,
     4.4202841414487148E-01,
     1.3713190183648832E-01,
    -7.0527225657299186E-01
  ],
  "coordination numbers": [
     2.9242544672672830E+00,
     2.9100793447235667E+00,
     1.8830958100801212E+00,
     1.9955304713092490E+00
  ]
}
