{
  "version":  "0.2.0",
  "energy":    -3.6330260861688018E-01,
  "charges": [
     9.1836702156971584E-01,
    -5.5983843308091408E-01,
    -2.4517582607428590E-02,
    -2.4506460315458806E-02,
    -5.5748014138541835E-01,
     2.5464415059134682E-01,
     2.5498701487535624E-01,
     1.3373059736390144E-01,
     1.0470342019430538E-01,
     1.0407451256527259E-01,
     1.4033602326377886E-01,
     2.4832049915585658E-01,
     2.4842131414511937E-01,
     1.8173155718858075E-01,
    -2.3066350897636970E-01,
    -2.6232226831344474E-01,
    -2.6780760143736626E-01,
     7.1386974182396090E-02,
    -3.7066253525654652E-01,
    -1.4678439386201381E-01,
     1.4126995135046955E-01,
    -4.0145639105153741E-01,
    -1.9428693485906878E-01,
    -4.7563949714738638E-03,
    -3.8822391442019677E-01,
     1.0916353956537052E-01,
     1.3295689287887955E-01,
     1.3728695875161814E-01,
     1.2847845282501805E-01,
     1.2344768007025196E-01
  ],
  "coordination numbers": [
     7.3531158489031219E+00,
     3.9163801352165502E+00,
     4.0542519067390064E+00,
     4.0487269990887702E+00,
     3.9014951299238598E+00,
     1.0059630099440193E+00,
     1.0089512269903729E+00,
     9.9148849404285588E-01,
     9.9115908912479345E-01,
     9.9121831224695267E-01,
     9.9163811978005345E-01,
     1.0004990848427067E+00,
     1.0019954432915075E+00,
     3.6568116438374307E+00,
     1.9621960302999844E+00,
     1.9506556807571940E+00,
     1.0015610332349407E+00,
     1.0840527192624991E+00,
     1.9918517271019516E+00,
     1.0121231928138474E+00,
     2.1982372565298514E+00,
     2.0038599661458258E+00,
     3.9577217071528477E+00,
     4.1002437765748878E+00,
     1.9917146269108912E+00,
     9.9168244174660103E-01,
     9.9146775915009933E-01,
     9.9162216511136148E-01,
     9.9100579400359656E-01,
     9.9097846826380032E-01
  ]
}
