{
  "version":  "0.2.0",
  "energy":     2.7884673049010883E-01,
  "charges": [
     9.1063093518624660E-01,
    -3.3389857765130931E-01,
     4.5052415843443272E-02,
    -7.5273544905179512E-02,
    -7.2356553261018142E-02,
    -8.0677140741269845E-02,
     1.1654781763945540E-01,
     1.1870470299875222E-01,
    -7.9332542817599341E-02,
    -7.0478842042430878E-02,
    -7.0758199855766313E-02,
     3.5951113660882036E-02,
    -3.5752264181881105E-01,
     1.4692702609200006E-01,
     1.3426709921954003E-01,
     1.3910168768536565E-01,
     1.2298012230549595E-01,
     1.2338229515123078E-01,
     1.4032198402724858E-01,
     1.3809366236751885E-01,
     1.3067803662718788E-01,
    -1.8690235639633701E-01,
     3.0090951860301807E-03,
    -4.2094615874505287E-01,
     1.2196261444986745E-01,
     1.3449513635293864E-01,
     1.3207116665988777E-01,
     1.3587958694323457E-01,
     1.3380076502875793E-01,
    -1.5778912581972418E-01,
    -6.7217129169775389E-02,
    -7.0848270665359772E-02,
    -6.0059572860191736E-02,
     1.8088167433131880E-02,
    -6.4823963782479482E-02,
    -7.2369818940684241E-02,
     2.5756365262411329E-01,
    -3.6045418794840683E-01,
    -3.7299297012572602E-01,
     1.4371017337426384E-01,
     1.4369828634087239E-01,
     1.5529252807787539E-01,
     1.5009649091089491E-01,
     1.4239503536088630E-01
  ],
  "coordination numbers": [
     7.0682326248709302E+00,
     2.9817799735599229E+00,
     3.2107504868373757E+00,
     3.0107924390230218E+00,
     3.0211559942643706E+00,
     3.0141016013683855E+00,
     3.1861261097331068E+00,
     3.1880842588086864E+00,
     3.0136308545973103E+00,
     3.0213993985147516E+00,
     3.0101179679768251E+00,
     3.2278335217166951E+00,
     2.9854757613862049E+00,
     9.9325666105076227E-01,
     9.9305816601258723E-01,
     9.9288767385024279E-01,
     9.9321879962951698E-01,
     9.9324050805318276E-01,
     9.9287890033670401E-01,
     9.9307309005536304E-01,
     9.9328637778611739E-01,
     3.9552426838224708E+00,
     4.1070460678895735E+00,
     1.9916699732671157E+00,
     9.9177997728827361E-01,
     9.9152558468954233E-01,
     9.9153348939077190E-01,
     9.9126855052870244E-01,
     9.9125165916752511E-01,
     9.9441572415447688E-01,
     3.0149531105708425E+00,
     3.0119315832853450E+00,
     3.0163185704910633E+00,
     3.0206336298948164E+00,
     3.0164475980514567E+00,
     3.0118765301585233E+00,
     3.8948009883082291E+00,
     1.9866080078925812E+00,
     1.9851424156439590E+00,
     9.9283413902086171E-01,
     9.9292037114984577E-01,
     9.9293633059017594E-01,
     9.9294731374484879E-01,
     9.9293826473866709E-01
  ]
}
