{
  "version":  "0.2.0",
  "energy":    -1.9039670653866994E-01,
  "charges": [
     5.8586532146819281E-01,
    -8.6023092941377069E-02,
    -3.9199986997732716E-01,
     1.0113558153761049E-01,
     1.0011191584339701E-01,
     1.0225238461985606E-01,
    -8.9846158101189524E-02,
    -3.9660856142667517E-01,
     9.4308763173432675E-02,
     1.0198834434285690E-01,
     9.9926179490281444E-02,
     2.8813415455146513E-02,
    -3.9091120740036228E-01,
    -6.3092502229098624E-02,
    -1.5184620382351582E-01,
    -1.5305957153391850E-01,
    -5.8819533035341473E-02,
    -2.6259556757370589E-01,
     1.0139943949112658E-01,
     1.1037111064446137E-01,
     1.0587915833402488E-01,
     8.9448756321307651E-02,
     9.3424524309192430E-02,
     9.7828742650646380E-02,
     1.2574442164998173E-01,
     1.0630420871099656E-01
  ],
  "coordination numbers": [
     5.1071300005755385E+00,
     4.0238753351758287E+00,
     1.9923545321199940E+00,
     9.9051642202112777E-01,
     9.9040949405120848E-01,
     9.9059093539122234E-01,
     4.0174719158071941E+00,
     1.9922575377752345E+00,
     9.9011224821498889E-01,
     9.9061029820296564E-01,
     9.9048838374762038E-01,
     1.9234593036078431E+00,
     1.9499699287394989E+00,
     4.0900960767195826E+00,
     3.9806966753556114E+00,
     3.9858248870832220E+00,
     4.0874261509956273E+00,
     2.9419416564306466E+00,
     9.9111992947232164E-01,
     9.9202510885600947E-01,
     9.9147930932717632E-01,
     9.9190826569186630E-01,
     9.9194865646731589E-01,
     9.9147229277863946E-01,
     9.9166524244008603E-01,
     9.9167924089410953E-01
  ]
}
