{
  "version":  "0.2.0",
  "energy":     3.7164034935839024E-01,
  "charges": [
     5.7197351982843125E-01,
    -5.6954869578863931E-01,
    -1.5676889598466470E-02,
    -1.5656171945662989E-02,
    -5.6268340505512626E-01,
     2.5711232968649222E-01,
     2.5002696592927348E-01,
     1.3310570885605194E-01,
     1.4506322261067905E-01,
     1.3962117768972196E-01,
     1.3534419242243884E-01,
     2.6281199971979918E-01,
     2.6810710572727242E-01,
     1.8173081443641922E-02,
     3.1575216547918772E-01,
    -2.9629510284222654E-01,
    -2.9120656131431683E-01,
    -5.7637362980652940E-01,
     1.5195629281335457E-01,
     1.4530669730268173E-01,
     2.6272710707279134E-01,
     2.5890777570984380E-01,
     1.1451114059306391E-02
  ],
  "coordination numbers": [
     5.4863223635201575E+00,
     3.9229381606469662E+00,
     4.0763706088483005E+00,
     4.0976731637889605E+00,
     3.9163462337525230E+00,
     9.9769115950222531E-01,
     1.0187365256195839E+00,
     9.9146549696013686E-01,
     9.9136146788523405E-01,
     9.9126074982851620E-01,
     9.9140874659490041E-01,
     9.9930825446118732E-01,
     1.0016058625069526E+00,
     4.0830679661078957E+00,
     3.2859507251612960E+00,
     1.0003836297343103E+00,
     1.9941467367211665E+00,
     3.9122090913273002E+00,
     9.9169842313219192E-01,
     9.9147172879807144E-01,
     1.0167560215070592E+00,
     9.9669564632615426E-01,
     9.9366032739918619E-01
  ]
}
