{
  "version":  "0.2.0",
  "energy":    -3.7079264931622313E-01,
  "charges": [
     8.2832116480379137E-02,
     6.1713115636319260E-01,
    -5.7489334003421955E-01,
     5.9759143983056551E-01,
    -7.2266137263991648E-01
  ],
  "coordination numbers": [
     3.6081688625078394E+00,
     2.6485517422974851E+00,
     3.0527528319898476E+00,
     3.3322844637237310E+00,
     2.2279217789047463E+00
  ]
}
