{
  "version":  "0.2.0",
  "energy":     9.6854317180955607E-01,
  "charges": [
     9.9288088738174696E-01,
    -1.8658746167719759E-01,
    -5.7185719994240825E-02,
     3.1278283466496493E-01,
    -6.5348875017729333E-02,
    -5.4668385926144467E-02,
    -5.2159879200347370E-01,
     3.4655824519609235E-01,
     3.3519593665086866E-01,
     9.6119993953702743E-04,
    -5.1272758541122121E-03,
    -7.4701288497371898E-03,
     4.1979121169212888E-02,
    -2.3429801586148158E-02,
    -4.0654944443741792E-03,
     2.6013131657403299E-01,
    -2.9774736399923263E-01,
    -3.5041534081885517E-01,
     2.1046989292592660E-01,
     2.0773150027740053E-01,
     1.9867739370395729E-01,
     1.7786089562931440E-01,
     2.0800193106947687E-01,
     2.8041348498871382E-01
  ],
  "coordination numbers": [
     6.5361747607852374E+00,
     9.9910141631423688E-01,
     9.9921601008672578E-01,
     3.5091165827356754E+00,
     1.9199241038999695E+00,
     1.8660770727363118E+00,
     2.9545846121843917E+00,
     9.9664624938131752E-01,
     1.0044659327265180E+00,
     3.0158604920918348E+00,
     3.0090903095446011E+00,
     3.0200462046634167E+00,
     3.0178107442216531E+00,
     3.0135020385550240E+00,
     3.0090761464222018E+00,
     3.6544056475871809E+00,
     1.9823330860387358E+00,
     2.8416970852813437E+00,
     9.9276370820986415E-01,
     9.9296317557288472E-01,
     9.9299651311142156E-01,
     9.9245790686860769E-01,
     9.9297552755197582E-01,
     9.9238140488778459E-01
  ]
}
