{
  "version":  "0.2.0",
  "energy":    -9.1820865903728122E-01,
  "charges": [
     8.2803716961118168E-01,
    -4.0254154650848395E-01,
     3.0265970581725710E-01,
    -4.1595007387292471E-01,
    -4.0622244576613720E-01,
    -4.7771110144768764E-01,
    -6.1094978866545802E-01,
     2.6362077590705402E-01,
    -7.2217548905750578E-02,
    -1.6704033121228867E-01,
    -1.6397244906080993E-01,
    -6.8062202329574772E-02,
    -2.9164045629054325E-01,
     7.2166487850473721E-02,
     9.8009748614233810E-02,
     1.0137305973921332E-01,
     5.8112368055946440E-02,
     1.0271761876366370E-01,
     5.8545188454189614E-02,
     1.1899273940630996E-01,
     7.2073081840135653E-02
  ],
  "coordination numbers": [
     6.7356983566829856E+00,
     1.9321293527885439E+00,
     3.9602003766121596E+00,
     1.9698085000847962E+00,
     1.8794645536526682E+00,
     9.8551867059531073E-01,
     1.9886158593596059E+00,
     1.1674183231755606E+00,
     4.1550969939511093E+00,
     3.9682589275154507E+00,
     3.9699308538829552E+00,
     4.1295807837344771E+00,
     2.9001681595304509E+00,
     9.9059984343286711E-01,
     9.9240348629015607E-01,
     9.9199271276915724E-01,
     9.9162198301596405E-01,
     9.9179709678115024E-01,
     9.9164715960397309E-01,
     9.9238265584425722E-01,
     9.9056539712467995E-01
  ]
}
