{
  "version":  "0.2.0",
  "energy":    -6.6171703654926070E-02,
  "charges": [
     5.4570739238508015E-01,
    -1.8234332177082904E-01,
    -1.8163345027205144E-01,
    -1.8173062034219972E-01
  ],
  "coordination numbers": [
     2.9807594148471033E+00,
     9.9506821767119913E-01,
     9.9515946753791340E-01,
     9.9512435450442016E-01
  ]
}
