{
  "version":  "0.2.0",
  "energy":    -2.8941579659911326E-01,
  "charges": [
     7.5477290954828480E-01,
     6.5249605662539290E-01,
    -6.3639875876499441E-01,
    -7.7087020740868328E-01
  ],
  "coordination numbers": [
     2.2753751067773846E+00,
     1.2796240725352197E+00,
     9.9936615620430835E-01,
     1.9950639614578387E+00
  ]
}
