{
  "version":  "0.2.0",
  "energy":     1.6785833257907521E+00,
  "charges": [
     9.4565840845444260E-01,
     2.7216529615136610E-03,
    -5.2258589596322569E-02,
    -5.4231715352846099E-02,
     4.2974384391228360E-03,
    -3.1593878696397992E-01,
     2.0289432092413440E-01,
     2.0457566028648977E-01,
     2.1434379147378615E-01,
     2.2684252946204789E-01,
     2.2507478065326827E-01,
     2.1361801398638813E-01,
     2.0319388321939544E-01,
     2.0057572210481198E-01,
    -1.6869901228888651E-02,
     2.3337608517666875E-01,
    -3.0392365534280752E-01,
     2.4151859960341177E-01,
     2.4467891486125648E-01,
     2.4036705039938105E-01,
     7.1781606521740815E-02,
     6.7704189956985142E-02
  ],
  "coordination numbers": [
     4.3254345590411871E+00,
     4.0781809153255795E+00,
     3.9777797475067347E+00,
     3.9769028199352272E+00,
     4.0633991814772310E+00,
     2.8650025546105722E+00,
     9.9164217744624050E-01,
     9.9165350249069739E-01,
     9.9158638532472931E-01,
     9.9112627304928314E-01,
     9.9122184550987757E-01,
     9.9157842439351729E-01,
     9.9170899474098828E-01,
     9.9147030264459524E-01,
     3.9540597597982847E+00,
     2.0587049477309165E+00,
     1.9903706274746540E+00,
     9.9013982319861249E-01,
     9.9008930544960716E-01,
     9.9016018929125771E-01,
     9.9845819865648089E-01,
     9.9849188147012846E-01
  ]
}
