{
  "version":  "0.2.0",
  "energy":    -1.7231210115149201E-01,
  "charges": [
    -8.5354445430627979E-02,
     3.8002131548367990E-01,
     3.7883661731344742E-01,
    -1.8958471302729979E-01,
    -2.4137678416469155E-01,
    -2.4254199017450800E-01
  ],
  "coordination numbers": [
     4.7110323927769304E+00,
     1.8010555459241662E+00,
     1.8141502593882919E+00,
     9.6565642729655021E-01,
     1.7719073314467524E+00,
     1.7910565166532324E+00
  ]
}
