{
  "version":  "0.2.0",
  "energy":    -6.4318399615259592E-02,
  "charges": [
     4.8864860960083717E-01,
    -2.6993395843765788E-01,
     1.0267102834552226E-01,
    -3.2138567950870156E-01
  ],
  "coordination numbers": [
     2.9673267270222556E+00,
     9.9866354183704331E-01,
     9.7801818146558706E-01,
     9.9514909773560589E-01
  ]
}
