{
  "version":  "0.2.0",
  "energy":    -3.3901391855270691E-01,
  "charges": [
     7.6185652388043579E-01,
    -7.2987175301490559E-01,
     2.7242405106275730E-01,
     2.6610453935356393E-01,
     2.8051592610964698E-01,
    -7.6612921820172070E-02,
    -7.1818190616546901E-02,
     5.5336043063360124E-02,
    -3.0387722567094522E-01,
     4.6716999669037168E-02,
    -8.0087914224637791E-02,
     1.2604076793833222E-01,
     1.2782204085007604E-01,
     1.4506222070746785E-01,
     1.4618217114022009E-01,
     1.2272931138672138E-01,
     5.0326941317288987E-02,
    -3.4111285477046427E-01,
    -1.7907743614480376E-01,
    -8.5268871963616238E-02,
    -8.6078408357045846E-02,
    -6.8498053757095043E-02,
     1.3913873854782422E-02,
    -7.3361671511225662E-02,
    -8.8423023721433819E-02,
     2.6363829042955567E-01,
    -3.4124922235787103E-01,
    -3.2003406425842307E-01,
     1.2404702787563232E-01,
     1.2697144557188339E-01,
     1.4870591773043421E-01,
     1.3950199799692578E-01,
     1.2424374116693734E-01,
    -2.8150277397384349E-01,
     6.0500872407981757E-02,
    -2.7576631735001106E-01
  ],
  "coordination numbers": [
     7.2553165809638775E+00,
     3.9085318900793391E+00,
     1.0001211286077369E+00,
     9.9806728332461425E-01,
     1.0084371559917020E+00,
     3.0218307742449761E+00,
     3.0111795175063909E+00,
     3.1314449387173307E+00,
     2.9149723345967873E+00,
     3.1003477638466110E+00,
     3.0112856870100968E+00,
     9.9283393459320912E-01,
     9.9303017246580971E-01,
     9.9267132605683539E-01,
     9.9277075703175388E-01,
     9.9301190251510629E-01,
     1.0585422997712843E+00,
     1.9891189216999123E+00,
     9.8746831496126131E-01,
     3.0145277032630595E+00,
     3.0125027105243296E+00,
     3.0165609589307856E+00,
     3.0200832754689646E+00,
     3.0165260513408390E+00,
     3.0124610525622693E+00,
     3.8301857740081378E+00,
     1.9578707415101082E+00,
     1.9775602367190146E+00,
     9.9280493130607539E-01,
     9.9289572379942381E-01,
     9.9292879377433696E-01,
     9.9296510035298002E-01,
     9.9289204446988055E-01,
     2.0012507639922941E+00,
     2.1053020424748601E+00,
     1.0054522359314824E+00
  ]
}
