{
  "version":  "0.2.0",
  "energy":    -1.2378801412467028E-01,
  "charges": [
     6.0516428408748923E-01,
    -6.0516428408748923E-01
  ],
  "coordination numbers": [
     9.9938123200389928E-01,
     9.9938123200389928E-01
  ]
}
