{
  "version":  "0.2.0",
  "energy":    -7.1220357910556809E-02,
  "charges": [
     5.8355446303541070E-01,
    -1.9445517693979106E-01,
    -1.9431226842043933E-01,
    -1.9478701767518034E-01
  ],
  "coordination numbers": [
     2.9837740878211321E+00,
     9.9622784225081951E-01,
     9.9622146425573010E-01,
     9.9619921455201865E-01
  ]
}
