{
  "version":  "0.2.0",
  "energy":     2.6100163406749777E-01,
  "charges": [
     8.2739899676966056E-01,
    -6.4686717394187604E-02,
    -2.0281869478602538E-01,
    -1.8314749015822612E-01,
    -1.9764850219904045E-01,
    -2.1680358047048476E-01,
     2.1425778287214636E-01,
    -3.8621809776633842E-01,
    -2.0802268339984925E-01,
    -2.2261231109881258E-01,
     1.3221195034762617E-01,
     1.4850219328408687E-01,
     1.2085375875584844E-01,
     1.1983304360747796E-01,
     1.5199083399337676E-01,
     1.3606525569599484E-01,
     1.1897049702552208E-01,
     1.2846542496592442E-01,
     1.2606210916179883E-01,
    -6.7820469706216496E-02,
    -7.1173481109765555E-02,
    -7.6194803615109427E-02,
     1.4004987096456402E-02,
    -5.7747387471886159E-02,
    -7.1704694317880457E-02,
     2.5428734379716916E-01,
    -3.1875862670987654E-01,
    -4.1948619625764788E-01,
     1.4212422101288627E-01,
     1.4154888692385073E-01,
     1.3131562824828194E-01,
     1.5470204668427137E-01,
     1.4162778649619975E-01,
     2.6073017107573354E-01,
    -2.2132001225881082E-01,
     2.1162778564338014E-01,
    -3.9268908654126877E-01,
    -2.2554114682256451E-01,
    -2.1642514967900556E-01,
     1.3158321006414231E-01,
     1.3370237291596268E-01,
     1.1976986245575272E-01,
     1.1841624813003387E-01,
     1.2826661540953369E-01,
     1.2803267956469211E-01,
     1.1863956490063593E-01,
     1.3257695477684872E-01,
     1.3325092008770203E-01
  ],
  "coordination numbers": [
     6.9939942577068592E+00,
     2.6296259675854188E+00,
     1.9433044253116769E+00,
     1.9586155342529690E+00,
     9.9319313717187541E-01,
     3.9575557301166597E+00,
     4.3960773480803415E+00,
     1.9884081902039537E+00,
     3.9575828811312563E+00,
     3.9577103777255731E+00,
     9.9417068914407292E-01,
     9.9480362977751557E-01,
     9.9350313242543642E-01,
     9.9347839195211485E-01,
     9.9404976144640411E-01,
     9.9424122708467166E-01,
     9.9339068725172286E-01,
     9.9431083292728140E-01,
     9.9432095644781526E-01,
     3.0148472563076902E+00,
     3.0116254862521457E+00,
     3.0148033136891375E+00,
     3.0185485025429140E+00,
     3.0182894795056887E+00,
     3.0122205148434533E+00,
     3.1274991527388059E+00,
     1.9668078395271076E+00,
     1.9968150397822990E+00,
     9.9286603689847919E-01,
     9.9296626945086786E-01,
     9.9248654921116319E-01,
     9.9295656238612739E-01,
     9.9294436065500236E-01,
     9.9344497764213546E-01,
     3.9573868149914677E+00,
     4.4179017587988039E+00,
     1.9898286550872921E+00,
     3.9573668665429560E+00,
     3.9577831080121548E+00,
     9.9431890514614985E-01,
     9.9474246068015049E-01,
     9.9344288457658703E-01,
     9.9334336191254913E-01,
     9.9461169555305506E-01,
     9.9431907177593004E-01,
     9.9339905818698959E-01,
     9.9438727939295557E-01,
     9.9444697584951669E-01
  ]
}
