{
  "version":  "0.2.0",
  "energy":    -1.6418186275614362E+00,
  "charges": [
     7.3963093396504931E-01,
    -1.5226634165233577E-01,
    -1.5015714572400363E-01,
    -1.1212823185605747E-01,
     4.6348977000643110E-04,
    -1.0968977486843134E-01,
    -1.4901613065242736E-01,
     2.6232493068982710E-01,
    -3.7413906795538165E-01,
    -3.8270370582600388E-01,
     5.2691812502565549E-02,
     5.7739687548217788E-02,
     1.0066446409141050E-01,
     1.0488791371835798E-01,
     5.9123099246777361E-02,
    -1.2212448289274014E-01,
    -4.0452112741272900E-01,
     5.7202191146661502E-02,
     5.7845474110335388E-02,
     5.7490653706035566E-02,
    -1.1018399677707547E-01,
    -3.8796988690800294E-01,
    -3.6940696052299526E-01,
     3.7011256709775209E-01,
    -3.8279809357123201E-01,
    -4.8700273431251240E-01,
    -1.2944244319375586E-01,
    -1.2967731354025452E-01,
     1.9203947577284552E-02,
    -3.1933311121440339E-01,
     1.4456150710128179E-02,
    -1.2944495088008301E-01,
     6.4461082111599982E-02,
     6.4857488083858966E-02,
     1.2477103998317596E-01,
     1.2826818676739510E-01,
     6.5810386933984139E-02
  ],
  "coordination numbers": [
     7.3659253480862619E+00,
     3.0124356775333778E+00,
     3.0118251976111043E+00,
     3.0154411158893248E+00,
     3.0151244824657235E+00,
     3.0158367695286126E+00,
     3.0117376185407911E+00,
     3.6647237266360664E+00,
     1.9041320061117615E+00,
     1.7427791771438157E+00,
     9.9255896368836094E-01,
     9.9257233451850890E-01,
     9.9275659975882213E-01,
     9.9276539220782478E-01,
     9.9258013851795202E-01,
     4.0213543263699929E+00,
     1.9907870312993943E+00,
     9.8818253507181186E-01,
     9.8813996992392372E-01,
     9.8830571112768251E-01,
     1.0171894446424332E+00,
     1.9442466935039642E+00,
     1.9710443836441174E+00,
     3.8528379574883154E+00,
     1.9795409855783941E+00,
     9.9911519018534989E-01,
     3.0199094036637648E+00,
     3.0109561879742355E+00,
     3.0861729496388426E+00,
     2.8264605378876757E+00,
     3.1305691254020580E+00,
     3.0109820399453779E+00,
     9.9255677334165515E-01,
     9.9284784705674856E-01,
     9.9233154208503382E-01,
     9.9219534989747071E-01,
     9.9283697165164142E-01
  ]
}
