{
  "version":  "0.2.0",
  "energy":    -1.3987027491568131E+00,
  "charges": [
    -2.5586399723801190E-01,
    -1.2386807387661782E+00,
    -8.7845603712461118E-01,
     3.7300077312880131E-01
  ],
  "coordination numbers": [
     2.9730572924156089E+00,
     1.9719442290884617E+00,
     1.9746340741281978E+00,
     2.9262381474063099E+00
  ]
}
