{
  "version":  "0.2.0",
  "energy":    -1.1770414871695117E-01,
  "charges": [
    -1.6428530957563969E-02,
     4.9637750692250765E-01,
    -4.7994897596494368E-01
  ],
  "coordination numbers": [
     1.9773310832139339E+00,
     1.1525007591510734E+00,
     1.1641549681664163E+00
  ]
}
