{
  "version":  "0.2.0",
  "energy":     1.4987534315829385E+00,
  "charges": [
     9.2901171839240781E-01,
    -6.0039422719652757E-01,
     3.8827724301979227E-02,
     3.5269365331380587E-02,
    -5.8665871000383696E-01,
     3.0817533679966702E-01,
     3.3015544607845104E-01,
     2.0440906494622968E-01,
     2.1677454204621049E-01,
     2.1794141953043447E-01,
     1.9864797821975375E-01,
     3.2557720433798065E-01,
     3.2906520200897482E-01,
    -5.1813565204427003E-01,
     3.7003707806475644E-01,
     3.7023641254245454E-01,
    -1.1564661711704732E-01,
     2.6573056621908175E-02,
    -4.1680804649580228E-01,
     2.2475996748349658E-01,
     1.5065315408419866E-01,
     1.7102017204943895E-01,
     2.2067093965760678E-01,
     2.2799048778903544E-01,
     3.4184698257111912E-01
  ],
  "coordination numbers": [
     5.8304228848909148E+00,
     3.9435668720215631E+00,
     4.1788812110123157E+00,
     4.1658206244242804E+00,
     3.9461686921562604E+00,
     1.0058886561882590E+00,
     1.0012887818434022E+00,
     9.9116470409691715E-01,
     9.9144413860532854E-01,
     9.9148062953231086E-01,
     9.9126368715837732E-01,
     1.0100125671618594E+00,
     1.0028338237455987E+00,
     2.9543572155968016E+00,
     9.9787458622411318E-01,
     9.9624283013600934E-01,
     4.6892757574878967E+00,
     4.2858148637652143E+00,
     2.9551563429957080E+00,
     9.9089895733408007E-01,
     1.2496985616427425E+00,
     1.1606108670132835E+00,
     9.9176637712604876E-01,
     9.9176201274719489E-01,
     9.9590978879755543E-01
  ]
}
