{
  "version":  "0.2.0",
  "energy":    -1.6876532815325940E-01,
  "charges": [
     9.6265477365428065E-01,
    -1.9371595143889270E-01,
    -1.9246654146416739E-01,
    -1.9054980848561776E-01,
    -1.9287799909135162E-01,
    -1.9304447317425125E-01
  ],
  "coordination numbers": [
     4.9494965474481267E+00,
     9.9892293503555951E-01,
     9.9894279248380347E-01,
     9.9903492072679168E-01,
     9.9892139936618385E-01,
     9.9893633419492112E-01
  ]
}
