{
  "version":  "0.2.0",
  "energy":     2.8970373997942844E-01,
  "charges": [
     8.2534714010395493E-01,
    -5.3388993040055022E-01,
     2.9565877293097009E-01,
     3.0301799239797467E-01,
     1.3005816229235467E-02,
     1.7785875053817812E-01,
    -4.2373979980300214E-01,
    -3.0761875687849671E-01,
     7.2397986124232316E-02,
    -1.8806313997063384E-01,
    -4.2446443367384568E-02,
    -1.1648565923400733E-01,
    -1.1548012936247221E-01,
    -3.1137193302613997E-02,
    -2.8191629095765391E-01,
     1.3623441336123182E-01,
     1.3841882319683060E-01,
     1.4420700089571675E-01,
     1.3891377858506881E-01,
     1.4297243970454709E-01,
     1.4170686859668272E-01,
     1.5261710202887752E-01,
     1.5142120781294080E-01,
    -8.1054057708656146E-02,
    -4.1899857678959362E-01,
     1.5265618448024798E-01,
     1.4349518891262156E-01,
     1.4435927079349245E-01,
     2.6654124108225818E-01
  ],
  "coordination numbers": [
     5.0593823690795956E+00,
     2.9033473853899912E+00,
     1.0005227972879878E+00,
     9.9406109159392742E-01,
     1.0136219338662240E+00,
     2.0502967480892336E+00,
     2.0064205758719069E+00,
     2.0003127596879633E+00,
     2.0476173698330298E+00,
     1.0051883198158293E+00,
     4.0883555847421160E+00,
     3.9812930164581548E+00,
     3.9865074827536278E+00,
     4.0425302234814202E+00,
     2.9247894062072826E+00,
     9.9131952786279776E-01,
     9.9187162078453017E-01,
     9.9150000945321803E-01,
     9.9199232423828310E-01,
     9.9198708301198923E-01,
     9.9155860003867158E-01,
     9.9161194048377777E-01,
     9.9196207397870761E-01,
     4.0147970831502082E+00,
     2.9021234686362032E+00,
     9.9186883109464308E-01,
     9.9186379895899890E-01,
     9.9215890705654086E-01,
     9.9408017551517691E-01
  ]
}
