{
  "version":  "0.2.0",
  "energy":    -3.3452865605383825E-01,
  "charges": [
     9.5740909414523434E-01,
     1.0597965211848251E-01,
    -3.4657093970724856E-01,
    -5.5546230157122733E-01,
     3.1269995946547752E-01,
    -2.1833378041626178E-01,
     2.0675722599920154E-01,
    -4.0433886016860549E-01,
    -2.2061626732154771E-01,
    -2.2588471483511866E-01,
     1.1021629428946629E-01,
     1.2921866196493093E-01,
     1.3473264845827443E-01,
     1.1242243626908385E-01,
     1.5602881295582513E-01,
     1.3051240546733900E-01,
     1.0969154946876976E-01,
     1.2811875009958415E-01,
     1.2626867506147454E-01,
     8.0942587239241137E-02,
    -3.8180805730839235E-01,
    -6.1231751630599573E-02,
     1.8848225499982610E-01,
    -4.3404190397261255E-01,
    -1.4119243107059745E-01
  ],
  "coordination numbers": [
     6.2318502830650768E+00,
     1.9800913346401066E+00,
     1.0132942563579173E+00,
     1.9916786873825743E+00,
     1.0061872769564166E+00,
     3.9578381688693494E+00,
     4.3384511117722058E+00,
     1.9894440195921552E+00,
     3.9574755154651511E+00,
     3.9575856680229524E+00,
     9.9353437810564227E-01,
     9.9452425309287129E-01,
     9.9492715202020676E-01,
     9.9428060874045343E-01,
     9.9399190260005543E-01,
     9.9505713905173732E-01,
     9.9347474238695632E-01,
     9.9544857135274967E-01,
     9.9415865222282918E-01,
     1.9749633646672313E+00,
     1.0116195378623649E+00,
     1.0146271317196689E+00,
     2.0918574901363787E+00,
     2.0104595122856201E+00,
     9.9261821959734053E-01
  ]
}
