{
  "version":  "0.2.0",
  "energy":     1.8174793512693466E-01,
  "charges": [
     7.7466970849568406E-01,
    -5.6554297401477538E-01,
    -1.1450694011926554E-02,
    -1.9834603819362889E-02,
    -5.5328360800517462E-01,
     2.5639352050620401E-01,
     2.3608671243081331E-01,
     1.2176629924254306E-01,
     1.5523909608275910E-01,
     1.3270845704064815E-01,
     1.2585028233450413E-01,
     2.5009977450418297E-01,
     2.7439356451930413E-01,
    -4.7033112226499696E-02,
    -1.7992508294287915E-01,
    -2.0593502573146538E-01,
    -7.2990768844978526E-01,
     2.8736358568850462E-01,
     2.9061718777735679E-01,
     2.9900777833842390E-01,
     1.1752437500014737E-01,
    -3.0571299369499716E-01,
    -1.0256194934542803E-01,
    -1.2337236762706616E-01,
    -1.9018899102095804E-01,
    -3.6347145354680102E-02,
    -4.1001981365503681E-01,
     1.3673720909356391E-01,
     1.3245514760184346E-01,
     1.2457818265054331E-01,
     1.4420976434128066E-01,
     1.5617408937708555E-01,
     2.4588140857272892E-01,
    -8.6187660599243154E-02,
    -3.9850147769959465E-01,
     1.3617447373040195E-01,
     1.4789961017055539E-01,
     1.5057348643261817E-01,
     2.6940147426717620E-01
  ],
  "coordination numbers": [
     7.8861001673071360E+00,
     3.9178561088047772E+00,
     4.0473861498899826E+00,
     4.0495070180391100E+00,
     3.8976761995776732E+00,
     1.0164381235781423E+00,
     1.0088535090640924E+00,
     9.9138378390543025E-01,
     9.9179812686628921E-01,
     9.9161624315745822E-01,
     9.9136834560778553E-01,
     1.0075937846701937E+00,
     1.0000867801958098E+00,
     2.5235313432639757E+00,
     1.9073886229926167E+00,
     1.9452779205394135E+00,
     3.8847783039031256E+00,
     9.9876647853616518E-01,
     9.9681571113773337E-01,
     1.0075909877176050E+00,
     1.7894457819236527E+00,
     9.9949916149452278E-01,
     9.8851504710115723E-01,
     9.8963739405422313E-01,
     3.9549351386527460E+00,
     3.9614393797901490E+00,
     2.9032084023902618E+00,
     9.9173735319295631E-01,
     9.9153929629739590E-01,
     9.9153057480565909E-01,
     9.9147762320676947E-01,
     9.9203041505109990E-01,
     1.0459484267815924E+00,
     3.9647211355167338E+00,
     2.9047250440297088E+00,
     9.9174704960007798E-01,
     9.9162712704629108E-01,
     9.9218703743927783E-01,
     1.0227243473959380E+00
  ]
}
