{
  "version":  "0.2.0",
  "energy":    -1.4566856627873576E-01,
  "charges": [
     9.0305400312074746E-01,
    -2.2574870222915619E-01,
    -2.2576521970365981E-01,
    -2.2571559300157470E-01,
    -2.2582448818635678E-01
  ],
  "coordination numbers": [
     3.9785408604162731E+00,
     9.9849666795462699E-01,
     9.9849617560370962E-01,
     9.9849851763264486E-01,
     9.9849653022663976E-01
  ]
}
