{
  "version":  "0.2.0",
  "energy":    -1.8195940246959884E-02,
  "charges": [
     2.9413788299486671E-01,
    -7.3551808342624966E-02,
    -7.3522223391955771E-02,
    -7.3539238096670526E-02,
    -7.3524613163615457E-02
  ],
  "coordination numbers": [
     3.8690812687336695E+00,
     9.7093511608949790E-01,
     9.7068518932643677E-01,
     9.7060526185052609E-01,
     9.7051251434960228E-01
  ]
}
