{
  "version":  "0.2.0",
  "energy":    -1.0100603962418020E+00,
  "charges": [
     7.5780252816593441E-01,
    -2.1654136813428121E-01,
     8.2832429631487736E-02,
    -1.0668840665726259E-01,
     8.3016363938332893E-02,
    -3.3476988225643811E-01,
    -2.1771489977528272E-01,
    -3.3232411347133950E-01,
     7.1718929665491926E-02,
     9.3886027546295908E-02,
     9.5979544126987254E-02,
     8.1093532354531803E-02,
     7.1566327642337932E-02,
     9.3142829170927505E-02,
     9.3911123450076309E-02,
    -2.1640973662563667E-01,
    -2.5389974702141299E-02,
    -3.7704269859327000E-01,
     7.2255213888495054E-02,
     1.1869062652421764E-01,
     1.2446164221363998E-01,
     9.6741449010780300E-02,
     1.0661790020410469E-01,
    -1.2272866764530210E-01,
     1.2965056626515623E-01,
    -4.8549869084681180E-01,
    -3.3881936706970045E-01,
     3.9057715410014648E-01,
    -4.0514855713260639E-01,
    -4.5279043526161328E-01,
    -9.2803987346311220E-02,
    -4.1655584420998232E-01,
     8.7342615157602999E-02,
     9.5349240191174273E-02,
     1.0503538136489321E-01,
     2.8955520511536503E-01
  ],
  "coordination numbers": [
     6.4565009356103840E+00,
     3.9600792330288082E+00,
     3.1149391690132733E+00,
     2.9975773260748637E+00,
     3.0998564406468487E+00,
     1.9737994510436137E+00,
     3.9598092372278115E+00,
     1.9823406895386553E+00,
     9.9212320501019047E-01,
     9.9155697803250487E-01,
     9.9159270580722492E-01,
     9.9315212602763303E-01,
     9.9209825085696668E-01,
     9.9164237900205610E-01,
     9.9150868479376886E-01,
     3.9547035426148103E+00,
     4.0370719114504245E+00,
     1.9924742609332791E+00,
     9.9132806026147069E-01,
     9.9172217382053507E-01,
     9.9176056497285625E-01,
     9.9023037831749861E-01,
     9.9041103993209312E-01,
     1.9595020287171527E+00,
     2.0038850198967770E+00,
     1.0061175460005058E+00,
     1.9900739167241994E+00,
     3.3160544286068827E+00,
     9.9921783634431982E-01,
     1.9913165756224833E+00,
     4.0678062428914572E+00,
     1.9900031893918113E+00,
     9.9052117761300806E-01,
     9.9067115558743257E-01,
     9.9087680412595880E-01,
     1.0223328604793744E+00
  ]
}
