{
  "version":  "0.2.0",
  "energy":    -3.8000970699925651E-01,
  "charges": [
     8.5444581999297053E-01,
    -8.5371986164160751E-02,
    -3.0459055932784884E-01,
     2.5826650117108740E-01,
    -2.8768030537877698E-01,
    -9.2474800091063597E-02,
    -3.0446646277085121E-01,
    -5.4806554973648176E-02,
     1.1148743129312130E-01,
     1.0904521769196895E-01,
     1.2064146174947658E-01,
     1.1228160077721797E-01,
     1.2400990158020596E-01,
     1.2495961365943188E-01,
     1.2089768936102886E-01,
     1.2432854980147713E-01,
     1.1887400236314218E-01,
     5.9636928552347590E-02,
    -4.1593703390301084E-01,
    -3.8495030975600930E-01,
     3.8515478567750783E-01,
    -3.4891691734061614E-01,
    -3.2552654406855352E-01,
    -1.5862353777298585E-01,
    -9.2558671940440929E-02,
    -4.3335019218625032E-01,
     1.1420444278774976E-01,
     1.3372214991592546E-01,
     1.3171948334959446E-01,
     2.8557829594996270E-01
  ],
  "coordination numbers": [
     7.9020965513879515E+00,
     4.1733994507298835E+00,
     1.9897475457591147E+00,
     3.7681231340527956E+00,
     2.9203893160260685E+00,
     4.4414982120290674E+00,
     1.9915832804653126E+00,
     4.5545197069052303E+00,
     9.9177218754404706E-01,
     9.9112673079998626E-01,
     9.9174760854026456E-01,
     1.0094848034490100E+00,
     9.9136896350482129E-01,
     9.9186565471228416E-01,
     1.2674872259033343E+00,
     9.9204323329174393E-01,
     1.1276479463017486E+00,
     1.9574385192840138E+00,
     1.7074344728303883E+00,
     1.9887390296685421E+00,
     3.9703047140388987E+00,
     1.9830270894194735E+00,
     1.9685122839488152E+00,
     9.9624995161996566E-01,
     4.0630999128237688E+00,
     2.9550729540216656E+00,
     9.9180236222844709E-01,
     9.9238463993473758E-01,
     9.9186056043489224E-01,
     1.2219969654030232E+00
  ]
}
