{
  "version":  "0.2.0",
  "energy":     1.7517861985836947E-01,
  "charges": [
     8.5541985506922558E-01,
     1.5358011841360540E-02,
     3.1610741000011727E-01,
    -3.6838543617914704E-01,
    -3.1181294108781532E-01,
    -5.6982644928427717E-01,
     1.4178124743699042E-01,
     1.3556958514995532E-01,
     2.7981082805799973E-01,
     2.5380796978904674E-01,
    -7.2848309299338931E-01,
     2.8381818143571869E-01,
     2.8975862248919138E-01,
     2.7846821738989214E-01,
    -4.1777546196830509E-02,
    -3.7082840998098487E-01,
     1.3818016201515770E-01,
     1.3782479196230263E-01,
     1.4548677441964844E-01,
    -5.0657132811401839E-01,
     3.1554433083614036E-01,
    -5.7074251998871395E-02,
    -6.2207642061666485E-02,
    -5.4850573313513555E-02,
     1.9136703753659667E-02,
    -5.7846271592225967E-02,
    -5.7372557125722007E-02,
     2.6143380732036270E-01,
    -3.0816808149613695E-01,
    -4.2256570545949973E-01,
     1.5266351989342469E-01,
     1.5070110023807681E-01,
     1.5525673355477382E-01,
     1.6214968828466345E-01,
     1.5473304635476878E-01,
     2.7475969959162189E-01
  ],
  "coordination numbers": [
     6.2520798502990234E+00,
     4.0540137788738280E+00,
     3.2546475476264245E+00,
     1.0001137690360213E+00,
     1.9917465595065238E+00,
     3.8461754037084583E+00,
     9.9169554348971634E-01,
     9.9141943672872390E-01,
     9.9881729508724426E-01,
     9.9694730490249572E-01,
     3.8929776919635204E+00,
     1.0008445668355090E+00,
     1.0005306726398704E+00,
     9.9756578712970434E-01,
     4.0437821203336632E+00,
     1.9913910794523737E+00,
     9.9127199072349459E-01,
     9.9127917855967862E-01,
     9.9141999024162342E-01,
     1.9914296566284220E+00,
     1.0078750345773884E+00,
     3.0146155148301057E+00,
     3.0121431945429435E+00,
     3.0173464247170934E+00,
     3.0199868735237958E+00,
     3.0139400088041777E+00,
     3.0121501508396884E+00,
     3.2341757826616284E+00,
     1.9416584451975281E+00,
     1.9914481446324599E+00,
     9.9285906541966096E-01,
     9.9295611621782687E-01,
     9.9291847143057943E-01,
     9.9240322799489977E-01,
     9.9296806451271102E-01,
     9.9284681386656537E-01
  ]
}
