{
  "version":  "0.2.0",
  "energy":    -4.9518392120670385E-02,
  "charges": [
     3.4378488064896567E-01,
    -3.4378488064896567E-01
  ],
  "coordination numbers": [
     9.9850499152917127E-01,
     9.9850499152917127E-01
  ]
}
