{
  "version":  "0.2.0",
  "energy":    -1.1228995293634098E-02,
  "charges": [
     2.3780037729115303E-01,
    -4.7683501633821686E-02,
    -4.7655647044696367E-02,
    -4.7119952106535357E-02,
    -4.7659567865808848E-02,
    -4.7681708640290754E-02
  ],
  "coordination numbers": [
     4.7133037236069981E+00,
     9.4376838859534828E-01,
     9.4367243662707256E-01,
     9.7350620643418395E-01,
     9.4366875420881957E-01,
     9.4377372163943107E-01
  ]
}
