{
  "version":  "0.2.0",
  "energy":     2.6477253461630329E-01,
  "charges": [
     7.6062628257372822E-01,
    -6.0375573720570785E-01,
    -2.7307395887989833E-02,
    -4.3839206894749905E-02,
    -4.3313602829911280E-01,
    -3.5151046394569091E-02,
    -2.7219049179656479E-02,
    -5.8495120471799733E-01,
     2.5346125929722674E-01,
     2.5186534824429008E-01,
     1.2383528008024092E-01,
     1.2096793859452433E-01,
     1.1472057470590728E-01,
     1.2330488554950017E-01,
     2.2940319823016006E-01,
     1.1524868049025411E-01,
     1.3791265833172961E-01,
     1.2411708100848486E-01,
     1.2204761427141565E-01,
     2.5485823719892309E-01,
     2.7167136346524456E-01,
    -6.1513659367052789E-02,
    -6.5869155289154629E-02,
    -5.4687273820517239E-02,
     1.6841760021752080E-02,
    -7.1029734570825814E-02,
    -6.5266247732727906E-02,
     2.5346659165665664E-01,
    -3.3278661195804005E-01,
    -4.2831435351667962E-01,
     1.4812337585896579E-01,
     1.4724354688202779E-01,
     1.5528825448018979E-01,
     1.3372299151039949E-01,
     1.4714808910674015E-01,
     2.6153374563055126E-01,
    -1.4660333639323475E-01,
    -6.6680062417136032E-02,
     1.4525497205607751E-01,
    -3.6455362559983806E-01
  ],
  "coordination numbers": [
     7.3255813532732805E+00,
     3.9103081011783587E+00,
     4.1537560774286737E+00,
     4.0178235528905297E+00,
     3.8565192024022430E+00,
     4.0278207220142033E+00,
     4.0564582483520102E+00,
     3.9177111342953417E+00,
     9.9705074062102916E-01,
     1.0027468495674752E+00,
     9.9135682362300059E-01,
     9.9121178606310334E-01,
     9.9134762443787849E-01,
     9.9130185264646276E-01,
     1.0038599272514093E+00,
     9.9108346244358358E-01,
     9.9146392779603598E-01,
     9.9128862723326261E-01,
     9.9123326699743775E-01,
     1.0015490187989133E+00,
     1.0052798227098609E+00,
     3.0151535450426028E+00,
     3.0119736490870599E+00,
     3.0188211696718339E+00,
     3.0187517545990543E+00,
     3.0147219225932389E+00,
     3.0113707312167772E+00,
     3.2010860710606908E+00,
     1.9497270105667051E+00,
     2.0592942360781237E+00,
     9.9286788455239083E-01,
     9.9296536480411746E-01,
     9.9295163433431632E-01,
     9.9247031708222444E-01,
     9.9297708785094763E-01,
     9.9326917192449660E-01,
     9.8728166118883021E-01,
     1.8457792871453975E+00,
     2.8990857128639895E+00,
     1.8903319700353238E+00
  ]
}
