{
  "version":  "0.2.0",
  "energy":    -3.9886778616494667E-01,
  "charges": [
     8.4616125589057067E-01,
     6.5860322777374193E-03,
     3.0118344480810544E-01,
    -3.7699886001811866E-01,
    -3.1585655539364077E-01,
    -5.7198104392086380E-01,
     1.1722575351678136E-01,
     1.3322852756881015E-01,
     2.5275272795380194E-01,
     2.5524121013167311E-01,
    -1.8572684551105934E-01,
     9.7076477497421612E-02,
    -8.3141989068288638E-02,
     9.8398791727849322E-02,
    -3.1160709110799822E-01,
    -1.8122674081908960E-01,
    -3.2312746688579663E-01,
     1.0287690101854742E-01,
     1.1985350301986464E-01,
     1.2073738424096413E-01,
     1.0653235480406899E-01,
     1.0318980422982268E-01,
     1.2484813433926609E-01,
     1.2614808212866310E-01,
    -3.2582306587369753E-01,
     3.9254527411732154E-01,
    -3.4059211436175302E-01,
    -3.3079498088982195E-01,
    -5.2268487346021986E-01,
     2.9075515472794622E-01,
     2.7422081331113224E-01
  ],
  "coordination numbers": [
     7.8311646067410567E+00,
     4.1270070655009912E+00,
     3.2896179931711469E+00,
     1.0002155509363142E+00,
     1.9924294019152269E+00,
     3.9188998925246041E+00,
     9.9159974228784442E-01,
     9.9153375457754489E-01,
     1.0079704143998276E+00,
     1.0164302433493919E+00,
     3.9606253485622140E+00,
     3.1233788458843623E+00,
     2.9999476452774285E+00,
     3.1363768276355621E+00,
     1.9853138929220400E+00,
     3.9604600681498727E+00,
     1.9784008157123232E+00,
     9.9226730348473247E-01,
     9.9161024410399801E-01,
     9.9152794195353788E-01,
     9.9326222919717999E-01,
     9.9228399929808297E-01,
     9.9154013490571913E-01,
     9.9163694857468521E-01,
     1.9756820791623539E+00,
     3.9598273603608112E+00,
     1.9385815146954064E+00,
     1.9441855085878261E+00,
     2.9100950646951720E+00,
     1.1954094295844406E+00,
     1.0118360210881887E+00
  ]
}
