{
  "version":  "0.2.0",
  "energy":    -1.0301774661573226E-01,
  "charges": [
     5.8396312285729435E-01,
    -1.9461787034368117E-01,
    -1.9463162536998935E-01,
    -1.9471362714362339E-01
  ],
  "coordination numbers": [
     2.9803523442512967E+00,
     9.9499016866079337E-01,
     9.9497198899264916E-01,
     9.9496528958072528E-01
  ]
}
