{
  "version":  "0.2.0",
  "energy":    -1.0881379038498110E-01,
  "charges": [
     6.8843802934380838E-01,
    -2.2929230420275046E-01,
    -2.2962308598611952E-01,
    -2.2952263915493837E-01
  ],
  "coordination numbers": [
     2.9862049231703729E+00,
     9.9698532880346136E-01,
     9.9699394187376278E-01,
     9.9700140185306374E-01
  ]
}
