{
  "version":  "0.2.0",
  "energy":     7.3262484388804927E-01,
  "charges": [
     4.0680578964680603E-01,
     7.8247926206570040E-01,
    -1.0373183110315587E-01,
     9.1444677939064933E-01
  ],
  "coordination numbers": [
     9.8794756268303185E-01,
     9.7122479065020340E-01,
     2.8348141645938112E+00,
     8.8094971566674118E-01
  ]
}
