{
  "version":  "0.2.0",
  "energy":    -3.8421467406717247E-01,
  "charges": [
     8.4216130577760773E-01,
    -1.9974442939961454E-01,
     9.1264572741658612E-02,
    -9.5873019728288683E-02,
     9.0799877721035038E-02,
    -3.6400715326975708E-01,
    -2.0060811573723131E-01,
    -3.6162232790755927E-01,
     9.1142866612439116E-02,
     1.0864079521713674E-01,
     1.0558466264291919E-01,
     9.6832532470216004E-02,
     9.1565018198438847E-02,
     1.0643751240779743E-01,
     1.0659788483482062E-01,
    -5.4859595929962743E-02,
    -1.5259157465721088E-01,
    -1.4877742910520422E-01,
    -5.0366075004520124E-02,
    -2.6061916476034053E-01,
     1.1092634846270907E-01,
     1.1814242418016471E-01,
     1.0121979834957968E-01,
     9.2388888439771569E-02,
     9.1222811391804007E-02,
     1.1354227867193370E-01,
     1.0693452108686459E-01,
     1.2300756515963364E-01,
    -8.7283473131317124E-02,
    -3.2140533297480689E-01,
     2.8931946544362136E-01,
    -2.6330336331235749E-01,
    -9.6428714795770809E-02,
    -3.2777017187408947E-01,
    -8.5308797166666811E-02,
     1.1854936116151854E-01,
     1.0651069379230590E-01,
     1.0326252304352708E-01,
     1.2082505440209455E-01,
     1.2023398344598865E-01,
     1.2486294895900324E-01,
     1.0548896959914740E-01,
     1.1699479441440631E-01,
     1.1089394797481582E-01,
    -3.0019595390762543E-03,
    -4.0494207372619473E-01,
    -1.4211530080658591E-02,
    -4.1262910450233176E-01
  ],
  "coordination numbers": [
     6.7836162679212402E+00,
     3.9605193449572296E+00,
     3.1574578761433560E+00,
     3.0009933327183793E+00,
     3.1503494951441464E+00,
     1.9875843140993181E+00,
     3.9605206239464685E+00,
     1.9892993879210099E+00,
     9.9224918235016091E-01,
     9.9155122293323039E-01,
     9.9159294877407067E-01,
     9.9325427996940796E-01,
     9.9225768644186285E-01,
     9.9154338286419996E-01,
     9.9158514593594926E-01,
     4.1049176478790859E+00,
     3.9858562701516922E+00,
     3.9848031065068819E+00,
     4.1056691686787419E+00,
     2.9307167521535460E+00,
     9.9112376841378946E-01,
     9.9199690814612129E-01,
     9.9139758754015173E-01,
     9.9189958764701114E-01,
     9.9186673465892028E-01,
     9.9145284012583090E-01,
     9.9124772130245287E-01,
     9.9231375635559704E-01,
     4.1709054164439063E+00,
     1.9893721821509569E+00,
     4.1969179549074997E+00,
     2.9181809837508705E+00,
     4.1224060814834864E+00,
     1.9892818779461612E+00,
     4.1987776322941919E+00,
     9.9190047669308701E-01,
     9.9186293010267246E-01,
     9.9136115521505541E-01,
     9.9232506885609251E-01,
     9.9184057055891461E-01,
     9.9187475071632392E-01,
     9.9204757077878813E-01,
     9.9147763392106381E-01,
     9.9140024518947634E-01,
     1.0561340058300459E+00,
     1.9903478151775253E+00,
     1.0551832303150706E+00,
     1.9899352091114935E+00
  ]
}
