{
  "version":  "0.2.0",
  "energy":    -3.9465192648449068E-02,
  "charges": [
     3.6309320994183514E-01,
    -1.8154727991874933E-01,
    -1.8154593002308581E-01
  ],
  "coordination numbers": [
     1.9909525104519803E+00,
     9.9596543589426734E-01,
     9.9596446855039655E-01
  ]
}
