{
  "version":  "0.2.0",
  "energy":    -8.3663582274687606E-02,
  "charges": [
     6.1386416961642742E-01,
    -1.0873997547977340E-01,
    -1.0951411410554807E-01,
    -1.7858261822626295E-01,
    -1.0767596102281952E-01,
    -1.0935150078202346E-01
  ],
  "coordination numbers": [
     4.8895843956642029E+00,
     1.4490326002375955E+00,
     1.4363228532769261E+00,
     9.9659804950753816E-01,
     1.4478391577301828E+00,
     1.4344943406840853E+00
  ]
}
