{
  "version":  "0.2.0",
  "energy":    -1.1351483246730421E-01,
  "charges": [
    -5.8018679837298526E-01,
     2.1599381014896943E-01,
     1.4805323408880938E-01,
     2.1613975413520645E-01
  ],
  "coordination numbers": [
     2.3003501401628270E+00,
     1.5750167425722692E+00,
     2.4333947801992872E+00,
     1.5714687490545689E+00
  ]
}
