{
  "version":  "0.2.0",
  "energy":    -4.8633865878894189E-01,
  "charges": [
     8.3380742202327141E-01,
    -1.4816424805735418E-02,
     2.8637129665710903E-01,
    -4.5758917325884840E-01,
    -3.4722605974651688E-01,
    -5.9341544544882474E-01,
     1.0976660437641550E-01,
     1.0431540444796650E-01,
     2.3004783390316585E-01,
     2.5222870940962050E-01,
    -2.1728653140954401E-01,
    -5.9603818606743908E-02,
    -4.1478140232368133E-01,
     9.5310699588509074E-02,
     1.0631130896365129E-01,
     1.2918783041666443E-01,
     1.0240956471053642E-01,
     1.2285254988453648E-01,
     2.6714180283906552E-01,
    -2.1363128261726572E-01,
    -5.6305494940345646E-02,
    -4.0412625992731466E-01,
     9.4769796175558557E-02,
     1.2131370458556594E-01,
     1.2234074123901685E-01,
     1.0985882391298268E-01,
     1.2595995615642569E-01,
     2.8249128113353716E-01,
    -9.9590709362556540E-02,
    -1.0244438404123313E-01,
    -8.5428460352136026E-02,
     4.5342385309782296E-03,
    -8.6184253475044104E-02,
    -1.0261221628282780E-01,
     2.4635852044725903E-01,
    -3.8016062035769299E-01,
    -3.7824640219464423E-01,
     1.1075850186296582E-01,
     1.1153500420141965E-01,
     1.3013166803410009E-01,
     1.3061142454331931E-01,
     1.1153170918247615E-01,
    -6.0208847492104267E-01,
     2.7359101684588100E-01
  ],
  "coordination numbers": [
     7.3487030303990561E+00,
     4.0312840487636539E+00,
     3.4907447473372173E+00,
     1.0001621943207031E+00,
     1.9733606356068227E+00,
     3.8467059438658477E+00,
     9.9199338127056169E-01,
     9.9102435545101919E-01,
     9.9648948449850039E-01,
     1.0115800454935648E+00,
     3.9546693989497914E+00,
     3.9610020263193482E+00,
     2.8271174233152516E+00,
     9.9163642572779587E-01,
     9.9143051290190520E-01,
     9.9175028920035846E-01,
     9.9080818927846703E-01,
     9.9162535163208609E-01,
     1.2044117124874463E+00,
     3.9546389151640025E+00,
     3.9769778571752248E+00,
     2.8809886026814286E+00,
     9.9160855434029394E-01,
     9.9151143127935715E-01,
     9.9156422185943782E-01,
     9.9110105564906537E-01,
     9.9179516768460019E-01,
     9.9937662808807559E-01,
     3.0140502413617245E+00,
     3.0123587394866149E+00,
     3.0162390271993385E+00,
     3.0185111964104250E+00,
     3.0163780323196523E+00,
     3.0123799055334750E+00,
     3.7591410755325327E+00,
     1.9345871885481003E+00,
     1.9380668740482436E+00,
     9.9279168157663022E-01,
     9.9284463740562678E-01,
     9.9293805091466503E-01,
     9.9292251049635993E-01,
     9.9284650567663313E-01,
     1.9854272065835996E+00,
     9.9743561631997757E-01
  ]
}
