{
  "version":  "0.2.0",
  "energy":    -9.3768444634315773E-02,
  "charges": [
     5.0848295896046258E-01,
    -5.0848295896046258E-01
  ],
  "coordination numbers": [
     9.9939036837202444E-01,
     9.9939036837202444E-01
  ]
}
