{
  "version":  "0.2.0",
  "energy":    -9.7590524423750546E-02,
  "charges": [
     6.5509248396894448E-01,
    -9.6695275043345630E-02,
    -9.3966463344471340E-02,
    -2.7303479424887733E-01,
    -9.7450290918158738E-02,
    -9.3945660414091470E-02
  ],
  "coordination numbers": [
     4.9003919952965900E+00,
     1.7118957580035836E+00,
     1.7270330962387765E+00,
     9.9595119268625965E-01,
     1.7111403718638405E+00,
     1.7275115506577157E+00
  ]
}
