{
  "version":  "0.2.0",
  "energy":     2.6278347055362344E-01,
  "charges": [
     7.7948487169512837E-01,
    -6.3179093233820904E-01,
     2.5913754880846052E-01,
     2.6024510092155384E-01,
    -3.8648150448413665E-01,
     4.1132252995859298E-01,
    -3.8238047687385057E-01,
    -3.7090534460223179E-01,
    -2.2716059180330966E-01,
     5.5421888003108682E-02,
    -2.1443501794089798E-01,
    -2.1143044864015170E-01,
     1.2294778521252769E-01,
     1.1891543292494891E-01,
     1.2057383704191613E-01,
     1.2339677550596409E-01,
     1.4115899978678972E-01,
     1.2618692505002843E-01,
     1.2302308794191115E-01,
     1.3051636611304021E-01,
     1.4190291143070830E-01,
    -5.9171195643609953E-01,
     2.9799539889950377E-01,
     2.7600956553921524E-01,
    -2.1388671237321191E-01,
     4.9998156748749550E-02,
    -2.2772514125177507E-01,
    -2.1862751458407981E-01,
     1.2324342178042136E-01,
     1.2793637245290815E-01,
     1.4006505703751254E-01,
     1.2307693385918081E-01,
     1.1889923752174097E-01,
     1.1947283803122283E-01,
     1.2382398279392763E-01,
     1.3921005628040026E-01,
     1.2257055998849167E-01
  ],
  "coordination numbers": [
     7.2484309820573438E+00,
     2.9013746460509591E+00,
     9.9403918455168672E-01,
     9.9435204246689857E-01,
     1.8748866543840990E+00,
     3.9632058862465511E+00,
     1.9852998741017194E+00,
     1.9671785215634419E+00,
     3.9557064293050290E+00,
     3.9274325960892362E+00,
     3.9572680017584299E+00,
     3.9567747881877118E+00,
     9.9233524878551549E-01,
     9.9255527791771225E-01,
     9.9252377343052078E-01,
     9.9258408576926982E-01,
     9.9397586507500790E-01,
     9.9295522974851025E-01,
     9.9262369005046658E-01,
     9.9295066851656077E-01,
     9.9401073055801970E-01,
     2.9312229152665772E+00,
     1.2851182464500353E+00,
     9.9472048167325511E-01,
     3.9575038411000900E+00,
     3.9286967930261891E+00,
     3.9557924869697612E+00,
     3.9567217830349328E+00,
     9.9265205810523405E-01,
     9.9296323627830052E-01,
     9.9433195674215291E-01,
     9.9236953919409832E-01,
     9.9249233321600094E-01,
     9.9263454343435775E-01,
     9.9254208445146652E-01,
     9.9382031696490714E-01,
     9.9271181401981501E-01
  ]
}
