{
  "version":  "0.2.0",
  "energy":    -2.4229017157449926E+00,
  "charges": [
     8.1728242417371444E-01,
    -5.6834843598209872E-01,
    -7.6162266691586211E-02,
    -7.7985670021410769E-02,
    -6.6403049984750551E-01,
     2.7548415801976589E-01,
     2.1866400908136430E-01,
     1.5622060167413410E-02,
     8.8187697888273478E-02,
     3.4626957658977275E-02,
     4.4391635039061905E-03,
     1.8415511412341359E-01,
     3.0348904860328563E-01,
    -4.3682724176592685E-01,
    -5.5612435748676992E-01,
     3.0486181737630069E-01,
    -5.5543444793736696E-01,
    -3.8597295738180315E-01,
    -4.0202978644389342E-01,
     2.8552702398117108E-01,
    -5.6589463758478820E-01,
    -4.2978604757036609E-01,
    -2.1124109779544797E-01,
    -2.8717215390552364E-01,
    -3.1532987416309849E-01
  ],
  "coordination numbers": [
     7.0443909876114379E+00,
     3.8256938072591335E+00,
     3.9633943333865416E+00,
     3.9529959759418611E+00,
     2.9873254224690990E+00,
     1.0218523173842353E+00,
     9.9722393952961497E-01,
     9.8836519512331122E-01,
     9.9116167451897219E-01,
     9.8864195460665716E-01,
     9.8770579331710806E-01,
     9.9648718565417038E-01,
     9.9562986153375199E-01,
     9.9530812834829074E-01,
     1.0036216615731695E+00,
     3.2191980755631375E+00,
     9.9890916710595068E-01,
     1.9706073635254695E+00,
     1.9112048826693595E+00,
     3.7389731315595984E+00,
     9.9894691388152790E-01,
     1.9349946183463729E+00,
     2.2878094877181692E+00,
     1.7690808318626665E+00,
     1.7627034276947500E+00
  ]
}
