{
  "version":  "0.2.0",
  "energy":    -3.2465526275976309E-01,
  "charges": [
     9.8909136523386343E-01,
     7.1266014583799342E-01,
    -4.5937449621962373E-01,
    -7.0679617183839394E-01,
    -5.3558084301383913E-01
  ],
  "coordination numbers": [
     3.5050534865643392E+00,
     1.5162684288128849E+00,
     9.9814408322609172E-01,
     1.9960801590936725E+00,
     9.9938197516831639E-01
  ]
}
