{
  "version":  "0.2.0",
  "energy":     1.0123875977463845E+00,
  "charges": [
     8.5145952910698930E-01,
    -3.5522110756254222E-03,
    -6.2465995449763057E-03,
    -8.6892293869560433E-03,
     5.2159090476327052E-02,
    -8.6638039934762157E-03,
    -6.1102403123534099E-03,
     2.8923368750640943E-01,
    -2.8057257625015064E-01,
    -2.7388414073267875E-01,
     2.0809069712327583E-01,
     2.0518250006673205E-01,
     2.0181155098604664E-01,
     2.0189875939313739E-01,
     2.0524848408596763E-01,
     2.9880118956296053E-02,
    -3.4356166594107262E-01,
     1.9530203830288187E-01,
     2.0398713249205913E-01,
     1.9933657377987529E-01,
    -1.0129485006786720E-01,
     2.9834048898138088E-01,
    -5.9731311664801612E-02,
    -5.7892860325769957E-02,
     8.2688380383469928E-03
  ],
  "coordination numbers": [
     5.8514744281886912E+00,
     2.9989052907570075E+00,
     3.0092756822509932E+00,
     3.0114879400216292E+00,
     3.0041753334982850E+00,
     3.0108395888889063E+00,
     3.0096279168066911E+00,
     3.8456555761981353E+00,
     1.9736394334513578E+00,
     1.9633633839342934E+00,
     9.9285014323631060E-01,
     9.9258117048237171E-01,
     9.9247821603708797E-01,
     9.9250759159075663E-01,
     9.9256114623321068E-01,
     4.0551971994725617E+00,
     1.9908999381739720E+00,
     9.9168325857067074E-01,
     9.9138378195966670E-01,
     9.9171087429831317E-01,
     1.0008193332476116E+00,
     3.1073378368671882E+00,
     9.9913680852868936E-01,
     1.9512119093956493E+00,
     9.9751066303293889E-01
  ]
}
