{
  "version":  "0.2.0",
  "energy":     1.5089585158771459E+00,
  "charges": [
     8.8398089112419154E-01,
    -5.8950330121454009E-01,
     1.5793849581092978E-02,
    -6.2823806680069039E-03,
    -4.4169105773303619E-01,
    -1.4029628167055996E-04,
     1.2986150037625821E-02,
    -5.9482150736506945E-01,
     2.8466959376461737E-01,
     3.0368488515892306E-01,
     1.8803104622417124E-01,
     1.9029611438082317E-01,
     1.7804001015194765E-01,
     1.6093893521007518E-01,
     2.7969045360462397E-01,
     1.8594412820314488E-01,
     1.7662223309283423E-01,
     1.9055705835051551E-01,
     1.6634646656482527E-01,
     3.0291539784356175E-01,
     2.8707772992618585E-01,
    -3.4313738796876070E-01,
     1.0239607090663833E-01,
    -6.9953144189762326E-02,
    -1.6722016535049716E-01,
     4.9423025626221473E-02,
    -1.6387847055066745E-01,
    -1.4718934180853116E-01,
     1.9033937979190890E-01,
     1.7515871988795800E-01,
     1.7568722340452717E-01,
     1.9049512461318202E-01,
     1.7750489869390051E-01,
     1.7872347518389806E-01,
     1.8972273938392020E-01,
     1.9206617536161802E-01,
     1.9075237820791180E-01,
    -9.6027101150301497E-02
  ],
  "coordination numbers": [
     6.3946304239334877E+00,
     3.9274091443655221E+00,
     4.0629173654352266E+00,
     4.1787068335780591E+00,
     3.9254491457246239E+00,
     4.0615784033583822E+00,
     4.1519200772239353E+00,
     3.9313027504705751E+00,
     1.0109660511305165E+00,
     9.9930046256447902E-01,
     9.9146737129098739E-01,
     9.9163337840178389E-01,
     9.9124223816140766E-01,
     9.9110559790393715E-01,
     1.0054379895888790E+00,
     9.9143293379443165E-01,
     9.9144830601561651E-01,
     9.9144873279958201E-01,
     9.9141605220651563E-01,
     9.9971697065977683E-01,
     1.0021037646460176E+00,
     2.0014996395012270E+00,
     2.1193819884647516E+00,
     1.0037475389238892E+00,
     3.9568404523420799E+00,
     3.9469276747434110E+00,
     3.9566815860817934E+00,
     3.9565162348186709E+00,
     9.9305795540473607E-01,
     9.9253316184457319E-01,
     9.9273888943007815E-01,
     9.9322673456120203E-01,
     9.9284940217910300E-01,
     9.9265016481398050E-01,
     9.9316667148870419E-01,
     9.9285661280502779E-01,
     9.9280585462605675E-01,
     1.0004690011870565E+00
  ]
}
