{
  "version":  "0.2.0",
  "energy":     9.9867652803392748E-01,
  "charges": [
     5.9776482668111153E-01,
    -1.9910929849746717E-01,
     4.3572694817536450E-02,
    -1.9798668217734838E-01,
    -2.0436184474842189E-01,
     1.5254030544637071E-01,
     1.4625540371774254E-01,
     1.4660450264907415E-01,
     1.5199611459802773E-01,
     1.4882478957310991E-01,
     1.4433708821056734E-01,
     1.5156586829188159E-01,
     1.3844884887468412E-01,
     1.4342849756102977E-01,
    -1.1114682133187570E-01,
    -7.3439262443862807E-01,
     2.9214486481895735E-01,
     2.9942046860081306E-01,
     2.9442449599452247E-01,
    -4.0347383487133071E-02,
    -1.0853139326552941E-01,
    -1.0473342941683439E-01,
    -3.4628200946554277E-02,
    -2.9508389124851331E-01,
     1.4746928674020843E-01,
     1.2916102678141667E-01,
     1.4775863478739046E-01,
     1.5586496202523065E-01,
     1.5615438055996878E-01,
     1.5587296507217133E-01,
     1.4155784963212911E-01,
     1.4515369412436649E-01
  ],
  "coordination numbers": [
     4.2206361731822897E+00,
     3.9580124411311850E+00,
     3.9319585468541636E+00,
     3.9564732450899838E+00,
     3.9579585431392479E+00,
     9.9278751731242743E-01,
     9.9282829742642509E-01,
     9.9264347014863397E-01,
     9.9284062722820554E-01,
     9.9276354526713373E-01,
     9.9277284321969361E-01,
     9.9281630667079934E-01,
     9.9268491300332595E-01,
     9.9287957415889849E-01,
     9.9739932524073271E-01,
     3.9128637597105476E+00,
     1.0179013162917734E+00,
     1.0001057837638729E+00,
     9.9970330471628621E-01,
     4.1348941982301817E+00,
     3.9825125304909577E+00,
     3.9844546983643108E+00,
     4.1686970285493707E+00,
     2.9439338941230071E+00,
     9.9146352161085094E-01,
     9.9159660122892568E-01,
     9.9156790467379707E-01,
     9.9195178257185024E-01,
     9.9194689087909271E-01,
     9.9157307893336455E-01,
     9.9170208739424570E-01,
     9.9190723787472024E-01
  ]
}
