{
  "version":  "0.2.0",
  "energy":     2.1470570787537095E+00,
  "charges": [
     8.5149404649104454E-01,
    -4.4214343889136792E-01,
     3.7967169976483595E-01,
     3.7726070587689270E-01,
    -6.6635040697527659E-01,
     3.6994807816283087E-01,
     3.7941966837332297E-01,
     3.6913627729147858E-01,
     3.3479272648110570E-02,
    -3.5712185825073772E-01,
     2.5523980498866661E-01,
     2.5808545870357724E-01,
     2.2435894622649918E-01,
     3.3482592728197347E-01,
    -9.9157624065795757E-02,
     1.9448354125977182E-01,
    -3.1908077583870614E-01,
    -1.0175319277129924E-01,
    -1.0079733367000654E-01,
     2.3137640139598178E-01,
     2.2889275621993962E-01,
     2.2927612368855613E-01,
     2.3074941093739881E-01,
     2.2635673416594651E-01,
     2.2673629345937357E-01,
     2.3113142008135693E-01,
     2.2654903472118668E-01,
     2.2793302872444512E-01
  ],
  "coordination numbers": [
     4.3465204616278896E+00,
     2.9478456536020161E+00,
     9.9667002295113782E-01,
     9.9672253862738458E-01,
     3.9349980704535419E+00,
     1.0018748668457063E+00,
     1.0016812221064573E+00,
     1.0017837914867007E+00,
     4.0440912631585686E+00,
     2.9423081930028605E+00,
     9.9190079745110094E-01,
     9.9191148112949801E-01,
     9.9197789145283721E-01,
     1.0160895531813718E+00,
     3.9559390654400106E+00,
     4.2623925674940448E+00,
     1.9917075392245849E+00,
     3.9559607203890890E+00,
     3.9559999795861183E+00,
     9.9614476396412943E-01,
     9.9320098214349350E-01,
     9.9311769359349711E-01,
     9.9642275342146114E-01,
     9.9319422409034619E-01,
     9.9315473904039742E-01,
     9.9648351667656421E-01,
     9.9323322581962259E-01,
     9.9320580612769316E-01
  ]
}
