{
  "version":  "0.2.0",
  "energy":     3.2888825955528694E-02,
  "charges": [
     1.1040212746654889E+00,
    -3.0370318087667197E-01,
     5.6700213388334475E-02,
    -7.2618501635388466E-02,
    -6.5465966861286445E-02,
    -6.7927775314907970E-02,
     1.3338092984344452E-01,
     1.3096130839887396E-01,
    -7.1711255893534845E-02,
    -6.9073254150708141E-02,
    -7.9018675432399793E-02,
     3.0775130316190853E-02,
    -3.2036793453094525E-01,
     1.5877896538302705E-01,
     1.3172838559093109E-01,
     1.4122931060568311E-01,
     1.2599636996248978E-01,
     1.2581540885750128E-01,
     1.4051215698404176E-01,
     1.3024205206249984E-01,
     1.2967943631059994E-01,
    -5.5299507003101411E-01,
    -1.7590109094888062E-02,
    -2.4160068692067535E-02,
    -5.6950737688579123E-01,
     2.6412120844913561E-01,
     2.9104733059768140E-01,
     1.1919321023257079E-01,
     1.3547500366560322E-01,
     1.2823454511823312E-01,
     1.1388962078347786E-01,
     2.5260151708536815E-01,
     2.6651275493364668E-01,
     1.9890458929965515E-01,
    -3.2098291075596069E-01,
    -2.7563683867435851E-01,
    -2.8507110986328121E-01,
     3.3089732106859976E-02,
    -3.8791854858583330E-01,
    -1.6700811457772916E-01,
     3.0382157717047734E-04,
    -3.9590919745634395E-01,
     1.2566755294329052E-01,
     1.4365743531332564E-01,
     1.6847779794749781E-01,
     1.1061214459830697E-01,
     1.5627254664049595E-01,
    -2.0808145546401904E-01,
     2.1196958924045892E-01,
    -3.3555831200187386E-01,
    -1.8760765310630301E-01,
    -2.1121655454854182E-01,
     1.4948702428626623E-01,
     1.2282499971081301E-01,
     1.3498620810569908E-01,
     1.2472356222492122E-01,
     1.7622420475265127E-01,
     1.6247868589375988E-01,
     1.2195282088009066E-01,
     1.4834670356445342E-01,
     1.2472537241085403E-01,
    -3.0128553911474382E-01,
     6.8342391605600683E-02,
    -3.0352791278840219E-01
  ],
  "coordination numbers": [
     7.7959895523073302E+00,
     2.8772653246826367E+00,
     3.1001734667921026E+00,
     3.0120163816935852E+00,
     3.0206884465591930E+00,
     3.0158475004984187E+00,
     3.1000460283301248E+00,
     3.1003511321616157E+00,
     3.0156314605161096E+00,
     3.0214434588816879E+00,
     3.0114907166995328E+00,
     3.1000593748039051E+00,
     2.8685714629815546E+00,
     9.9319037220020512E-01,
     9.9302537009074854E-01,
     9.9289652021811303E-01,
     9.9330144137714349E-01,
     9.9330603575867471E-01,
     9.9291560567330084E-01,
     9.9303875328483660E-01,
     9.9304972850907269E-01,
     3.8928205737847410E+00,
     3.9979489370990597E+00,
     4.0226435330338841E+00,
     3.8790839952421257E+00,
     1.0032498863715826E+00,
     1.0079830361074773E+00,
     9.9137466888873593E-01,
     9.9152057589257669E-01,
     9.9146776512379287E-01,
     9.9119438493135004E-01,
     9.9775668941634343E-01,
     1.0040961065709029E+00,
     3.0906625868814963E+00,
     1.0020309978704063E+00,
     1.9791456591334775E+00,
     1.0022323225241090E+00,
     1.0260401055086144E+00,
     1.9744482992489791E+00,
     3.9552904991498741E+00,
     4.0378092650965325E+00,
     1.9905397966682985E+00,
     9.9171914063205691E-01,
     9.9169943826693707E-01,
     9.9173156542673979E-01,
     9.9063963790036347E-01,
     9.9133718428235884E-01,
     3.9576307477662089E+00,
     4.2891660375936205E+00,
     1.9840771852857984E+00,
     3.9573469212753363E+00,
     3.9575533504869709E+00,
     9.9516265470928023E-01,
     9.9345430235591081E-01,
     9.9422826848942147E-01,
     9.9408164834549329E-01,
     9.9396727325675283E-01,
     9.9449618788487548E-01,
     9.9345170469632293E-01,
     9.9475491402415539E-01,
     9.9404850764096953E-01,
     1.9978782151269137E+00,
     2.2181628237111326E+00,
     1.0052726813684361E+00
  ]
}
