{
  "version":  "0.2.0",
  "energy":    -4.1340244536968485E-01,
  "charges": [
     7.7988512549071487E-01,
    -7.0115570331001975E-01,
     2.8670635219537366E-01,
     2.9670725406123949E-01,
     3.0072691551617914E-01,
    -8.1256717826493574E-02,
    -3.7543893040362153E-01,
     1.2984113451982165E-01,
     1.5335653904427721E-01,
     1.4492887694414108E-01,
     2.9058897368547032E-01,
    -2.8436081650622658E-01,
     5.3418455070049609E-02,
    -2.4028688738912440E-01,
    -2.5719723355751345E-01,
     7.3212286680084615E-02,
    -3.3503178271764245E-01,
    -2.6589856982393956E-01,
     7.1939467683595493E-02,
    -2.8725699032786522E-01,
     8.1440535599943908E-02,
     5.3540907110416258E-02,
    -3.0260117401519238E-01,
     7.5732169054338050E-02,
     8.8409127014353439E-02,
    -3.3582159013933471E-01,
     1.4402882934305122E-01,
     1.3480889869160209E-01,
     1.5586701740202810E-01,
     1.5116753091029303E-01
  ],
  "coordination numbers": [
     6.7227293132083910E+00,
     3.8750722982272228E+00,
     9.9772035168564344E-01,
     1.0088607610676119E+00,
     9.9916339094409956E-01,
     4.0351390278099837E+00,
     2.9141538067326849E+00,
     9.9142457531684869E-01,
     9.9214994560391201E-01,
     9.9152034270280875E-01,
     1.0077703171765400E+00,
     1.9983332456829457E+00,
     2.0716388078516541E+00,
     1.0051619196256434E+00,
     1.9827863745497538E+00,
     2.5000507046833658E+00,
     1.0085146066592197E+00,
     1.9934871444165800E+00,
     2.3725323119030524E+00,
     1.0051692434472681E+00,
     3.0754874252399294E+00,
     3.1233461503413569E+00,
     2.9392319230331525E+00,
     3.2380239183969737E+00,
     3.0755879001264006E+00,
     2.0154522060329896E+00,
     9.9253645821351366E-01,
     9.9267051319373323E-01,
     9.9508817730740251E-01,
     9.9256300422999733E-01
  ]
}
