{
  "version":  "0.2.0",
  "energy":     3.1411851875188956E-01,
  "charges": [
     7.8131703860568780E-01,
     1.3634465689811970E-02,
     3.1122650616205449E-01,
    -3.1836072786956615E-01,
    -3.4637308476368334E-01,
    -5.9315820522165985E-01,
     1.4622591478876246E-01,
     1.3484556328804773E-01,
     2.6372998324109898E-01,
     2.5845238272502474E-01,
    -3.9880014240742279E-02,
    -3.9942389699513320E-01,
     1.4350166454106700E-01,
     1.3772217419621502E-01,
     1.4350440593035058E-01,
    -4.9841886384120127E-02,
    -5.4846475930584115E-02,
     4.8363642008913299E-02,
    -3.5002913393292756E-01,
     6.0329346383060367E-02,
    -5.1416262055783313E-02,
     1.5583669537271910E-01,
     1.4959366251219769E-01,
     1.3923745515998265E-01,
     1.6227504869501361E-01,
     1.5353373809419585E-01
  ],
  "coordination numbers": [
     4.5102716678891124E+00,
     4.0977611347940766E+00,
     3.2723320668860554E+00,
     1.0002764437380254E+00,
     1.9930969262647542E+00,
     3.8862752964573080E+00,
     9.9170404991371264E-01,
     9.9143184206646673E-01,
     9.9743376032053988E-01,
     9.9696753889346024E-01,
     4.0286249256187752E+00,
     1.9914275856414161E+00,
     9.9136040440510254E-01,
     9.9117246257791436E-01,
     9.9136749293977111E-01,
     3.0227075225946249E+00,
     3.0097294279930704E+00,
     3.1220342203575555E+00,
     2.9556334464123282E+00,
     3.1544428592738099E+00,
     3.0099145925549466E+00,
     9.9283765099090360E-01,
     9.9303129191577355E-01,
     9.9244619778441745E-01,
     9.9262414318413406E-01,
     9.9302408967994715E-01
  ]
}
