{
  "version":  "0.2.0",
  "energy":     1.8882359633211637E-02,
  "charges": [
     7.6575550362854949E-01,
    -5.6147574592858751E-01,
    -3.1729936441035056E-02,
    -3.2382046482721139E-02,
    -4.0648216447046115E-01,
    -3.5470554939679544E-02,
    -2.9859428218822703E-02,
    -5.5620857885604869E-01,
     2.3455827426361922E-01,
     2.4986242429424171E-01,
     1.0868294467924416E-01,
     1.1924789559964261E-01,
     1.4101808268897598E-01,
     1.0810055309706493E-01,
     2.5987650515018612E-01,
     1.2691450531798051E-01,
     1.0815543382201723E-01,
     1.1226467520895017E-01,
     1.1645083724430641E-01,
     2.7470644686541512E-01,
     2.5854260943081009E-01,
    -2.2244257251338162E-03,
     3.0334639170933742E-01,
    -4.2092482238395834E-01,
    -3.4876999666450625E-01,
    -5.7105184065343784E-01,
     1.2098876669302083E-01,
     1.2875696091566516E-01,
     2.5221852713565895E-01,
     2.5310691946662095E-01,
    -4.1442574717560188E-02,
    -1.3130913369233455E-01,
    -1.3159561294561017E-01,
    -5.3012325770146473E-02,
    -2.5180918703595012E-01,
     1.3196766082049211E-01,
     1.2102356534234593E-01,
     1.1691212972441978E-01,
     1.2512371492649954E-01,
     1.1732903303509104E-01,
     1.2757598295376948E-01,
     1.1035799011453423E-01,
     1.3307987299363949E-01,
    -7.2083131305218595E-02,
    -7.5973703993154063E-02,
    -8.1230063263345920E-02,
     5.5572383695766669E-03,
    -7.0729445360011023E-02,
    -7.6530048878430845E-02,
     2.3354231002118836E-01,
    -3.3270826015937904E-01,
    -4.5842449217746228E-01,
     1.3846077354866765E-01,
     1.3785062295685821E-01,
     1.3052002853803402E-01,
     1.4169040984299314E-01,
     1.3814255646987225E-01,
     2.5865221623421930E-01,
    -1.7686300559696888E-01,
     1.4469193235268679E-01,
    -3.8858523861544247E-01,
    -5.4574263504429366E-01,
     2.5877251350476549E-01,
     2.7081359035873631E-01
  ],
  "coordination numbers": [
     7.8538066229545915E+00,
     3.9019613151504675E+00,
     4.0478800453119010E+00,
     4.0438654726639216E+00,
     3.8353749940213291E+00,
     4.0305874065482570E+00,
     4.0092223815458121E+00,
     3.8694954113599458E+00,
     1.0003013070029976E+00,
     1.0667904085368942E+00,
     9.9085634701192760E-01,
     9.9156016277281012E-01,
     9.9141516788559958E-01,
     9.9065808408478873E-01,
     1.0092880034231504E+00,
     9.9092749250697221E-01,
     9.9050467828076183E-01,
     9.9097766552629452E-01,
     9.9175030746724602E-01,
     1.0064957596779260E+00,
     1.0094729380492584E+00,
     4.0618720811313525E+00,
     3.5339654308526880E+00,
     1.0008382069388944E+00,
     1.9846054851519259E+00,
     3.8282788577181766E+00,
     9.9180417383912900E-01,
     9.9175904964719930E-01,
     9.9834988589163398E-01,
     9.9797651185198344E-01,
     4.1429506867586090E+00,
     3.9696118900201638E+00,
     3.9703791231429575E+00,
     4.0619238556948858E+00,
     2.9093831613081935E+00,
     9.9384785360549532E-01,
     9.9094680746565356E-01,
     9.9195153231931066E-01,
     9.9170416924264426E-01,
     9.9190422688763302E-01,
     9.9204380366579059E-01,
     9.9072531939572706E-01,
     9.9195473024507042E-01,
     3.0142816907598471E+00,
     3.0117345785307483E+00,
     3.0143305727114331E+00,
     3.0184018021266095E+00,
     3.0167410114521243E+00,
     3.0123619489950713E+00,
     3.0138958200632322E+00,
     1.8520773447512449E+00,
     1.9910313368915187E+00,
     9.9286706287144266E-01,
     9.9295418191106410E-01,
     9.9248026578152704E-01,
     9.9265476015626852E-01,
     9.9290904116405354E-01,
     9.9318105303066240E-01,
     1.0131183480704120E+00,
     2.3947811585923784E+00,
     1.9726493249353449E+00,
     2.8657030212314583E+00,
     1.0024610867808947E+00,
     1.0526010168403035E+00
  ]
}
