{
  "version":  "0.2.0",
  "energy":     1.2826183493725563E+00,
  "charges": [
     1.0642811050543348E+00,
    -2.7942638206458602E-02,
    -4.4667569167439858E-02,
    -5.5564968723013752E-02,
     3.0270211439415329E-02,
    -3.3917658623419888E-02,
    -3.1247381802582519E-02,
     3.0809058317752047E-01,
    -3.4193770841323651E-01,
    -3.9300419134218134E-01,
     1.8545918989580190E-01,
     1.7052056908521507E-01,
     1.4823230398122370E-01,
     1.8279150212400841E-01,
     1.8590893215565052E-01,
     2.1517972132948410E-01,
    -2.1037093489664349E-01,
    -2.9095247614110753E-01,
    -2.3430290025383826E-01,
    -2.4841869684540718E-02,
    -2.9551483034703396E-02,
    -4.7262551256138874E-02,
     2.5443477381772994E-02,
    -4.1325971243849818E-02,
    -3.7107467253321980E-02,
     2.5641266713417399E-01,
    -3.3431169598221427E-01,
    -4.2836491134845250E-01,
     1.8773248838945858E-01,
     1.8605728174324360E-01,
     1.5723960437070861E-01,
     1.6953181674397333E-01,
     1.7923084254906049E-01,
     2.8233648581714182E-01,
    -2.8431377753317166E-02,
    -3.0746580637374676E-01,
     3.1279538569608872E-01,
    -3.0349569485201255E-01,
    -2.4377751952971261E-02,
    -2.7122500523180976E-01,
    -5.5964553973274322E-02,
     1.7739479471391562E-01,
     1.5786706258661953E-01,
     1.7271302882637693E-01,
     1.7106147688065124E-01,
     1.7190218830158235E-01,
     1.5704760591977590E-01,
     1.7371138352515253E-01,
     1.5525527724934582E-01,
     1.6465409284644339E-01,
    -5.5186528198139961E-01,
     3.2346879368231063E-01,
     2.7945725138919308E-01,
    -2.7142324042977423E-02,
    -3.6076425905244874E-02,
     7.6737116652327228E-02,
    -3.3423341134125190E-01,
     7.5156998441459649E-02,
    -3.4085715504642580E-02,
     1.8230324960903385E-01,
     1.7085821314807823E-01,
     1.5676078918039199E-01,
     1.8366393146533549E-01,
     1.7552654319952973E-01,
    -1.0767914731426148E-01,
     1.4430239086930069E-01,
    -3.4344108402496482E-01,
     1.6490260172248813E-01,
     1.7450062634622115E-01,
     1.7539837300120814E-01
  ],
  "coordination numbers": [
     7.5019677929479132E+00,
     3.0144196289198089E+00,
     3.0105506966821283E+00,
     3.0133562211561102E+00,
     3.0177828194923233E+00,
     3.0189646214255470E+00,
     3.0109761852613195E+00,
     3.1243142827123336E+00,
     1.0004615063436937E+00,
     1.9918804479065679E+00,
     9.9283382861974889E-01,
     9.9291567813139814E-01,
     9.9252751283205765E-01,
     9.9287428932518651E-01,
     9.9292246416272700E-01,
     3.0805586919586618E+00,
     1.0011309309034004E+00,
     1.9835356230370929E+00,
     1.0012221555569081E+00,
     3.0155129617407175E+00,
     3.0087485721840386E+00,
     3.0139669047189503E+00,
     3.0173820365518864E+00,
     3.0177717173353891E+00,
     3.0090140006778352E+00,
     3.0584584291782582E+00,
     1.9866925381223250E+00,
     1.9911805692828795E+00,
     9.9274733137727367E-01,
     9.9293869136105428E-01,
     9.9240065123979182E-01,
     9.9288119341401959E-01,
     9.9294804563965489E-01,
     9.9253875407677139E-01,
     4.1036854588912846E+00,
     1.9869750594777216E+00,
     4.2400504759335353E+00,
     1.9853850141932430E+00,
     4.0804538837691382E+00,
     2.9427203765796932E+00,
     4.0167763568504977E+00,
     9.9235686111659938E-01,
     9.9188713924201899E-01,
     9.9177194021929171E-01,
     9.9248352885676461E-01,
     9.9224979107048039E-01,
     9.9197509121929706E-01,
     9.9229414761715251E-01,
     9.9198729025619947E-01,
     9.9201353361475952E-01,
     2.9217504707121975E+00,
     9.9447929604395391E-01,
     9.9541036760751389E-01,
     3.0217952081024899E+00,
     3.0088301292167383E+00,
     3.2438828361239169E+00,
     2.9833019286830238E+00,
     3.1633646509596227E+00,
     3.0091714985937266E+00,
     9.9274373978164121E-01,
     9.9296279816376387E-01,
     9.9331145211263028E-01,
     9.9288461530401495E-01,
     9.9292933119396132E-01,
     3.9574435051431918E+00,
     2.0346513039282943E+00,
     1.9680908580760654E+00,
     9.9145666302045665E-01,
     9.9131080424825058E-01,
     9.9152137731890910E-01
  ]
}
