{
  "version":  "0.2.0",
  "energy":     9.3948177301359126E-01,
  "charges": [
     8.3070347320168580E-01,
    -5.7200820129791108E-01,
     2.0148583324372082E-02,
     2.2461170217851822E-02,
    -5.7162263708001326E-01,
     3.0475705893223148E-01,
     3.0869141765966168E-01,
     1.8435981298714899E-01,
     1.8459564299177952E-01,
     1.8501341226078116E-01,
     1.8276032471381037E-01,
     3.0604326970716300E-01,
     3.1227123108934735E-01,
     5.7395477034871079E-02,
     3.0069472040615514E-01,
    -2.4953065951183226E-01,
    -2.8280652073115742E-01,
    -5.5801769247038135E-01,
     2.0064107588918106E-01,
     1.9713720623086284E-01,
     3.1968050055595393E-01,
     3.1663133388843806E-01
  ],
  "coordination numbers": [
     6.1709177715013288E+00,
     3.9430263608205731E+00,
     4.1313780385261669E+00,
     4.1962316392074692E+00,
     3.9449883386687175E+00,
     1.0273037683042512E+00,
     9.9915809682022338E-01,
     9.9135776832739442E-01,
     9.9160028541753498E-01,
     9.9161729866985748E-01,
     9.9139677654796721E-01,
     1.0006326061639417E+00,
     1.0116489603829404E+00,
     4.0973506237959265E+00,
     4.0344869678396149E+00,
     1.9911646986970162E+00,
     1.9915545555315735E+00,
     3.8586327038178121E+00,
     9.9220565928306836E-01,
     9.9224327772392851E-01,
     9.9602193337079026E-01,
     9.9598932951018337E-01
  ]
}
