{
  "version":  "0.2.0",
  "energy":     2.6951416576471604E-01,
  "charges": [
     8.0281863716128177E-01,
    -3.2751393431394327E-01,
     5.9684220132196986E-02,
    -4.6578146648715624E-02,
    -4.8935880739820137E-02,
    -6.0171166831589074E-02,
     1.3085482480348498E-01,
     1.3072880734649384E-01,
    -6.0509944017257733E-02,
    -5.0098190306910650E-02,
    -5.0554179006370048E-02,
     6.0524003668021131E-02,
    -3.2385708391433765E-01,
     1.5258386867830348E-01,
     1.5834914193549399E-01,
     1.5861605507285470E-01,
     1.3675897112495577E-01,
     1.3663366391277090E-01,
     1.5751058239870383E-01,
     1.5400243275244319E-01,
     1.4843510020198727E-01,
     1.6834015972962746E-02,
     2.7385704139233902E-01,
    -3.0954707466199283E-01,
    -2.8913835694102363E-01,
    -5.8950792210916880E-01,
     1.4681741716288432E-01,
     1.5596871424741657E-01,
     2.7608357707144826E-01,
     2.9457507300848096E-01,
    -2.5023951939171662E-01,
    -1.3200770651729887E-01,
     2.8739373792100320E-01,
    -1.7165561151816899E-01,
    -1.2871516904721159E-01
  ],
  "coordination numbers": [
     7.0542008132012901E+00,
     2.9452807129187022E+00,
     3.1256509527031708E+00,
     3.0101379832770956E+00,
     3.0221354082059859E+00,
     3.0140734982547999E+00,
     3.1250355472837166E+00,
     3.1287365411318548E+00,
     3.0141499125546360E+00,
     3.0220675193078330E+00,
     3.0103399875285399E+00,
     3.1430383051672441E+00,
     2.9537549931157150E+00,
     9.9254389823263889E-01,
     9.9307179787930444E-01,
     9.9290018564593208E-01,
     9.9326255387733209E-01,
     9.9326545079477935E-01,
     9.9289713977220284E-01,
     9.9307113568443750E-01,
     9.9264081028273488E-01,
     4.0221277642449795E+00,
     3.9627833141468400E+00,
     1.9547930496079209E+00,
     1.9455998140242281E+00,
     3.6616683493551792E+00,
     9.9222339234963730E-01,
     9.9202732897274615E-01,
     9.9632997769563492E-01,
     9.9634689673201127E-01,
     9.9800739216318668E-01,
     9.9907701357287948E-01,
     3.8313942310125730E+00,
     1.0017569715428412E+00,
     9.9910738573582059E-01
  ]
}
