{
  "version":  "0.2.0",
  "energy":    -7.5699878270967608E-02,
  "charges": [
     4.3245877159994428E-01,
    -4.3245877159994428E-01
  ],
  "coordination numbers": [
     9.9863231228433591E-01,
     9.9863231228433591E-01
  ]
}
