{
  "version":  "0.2.0",
  "energy":     2.8712486294577744E-01,
  "charges": [
     3.3557320359871290E-01,
     9.8183642685800887E-01,
    -5.2355522316603353E-01,
     2.0614559270931182E-01
  ],
  "coordination numbers": [
     2.9460186166831503E+00,
     2.7540214346645433E+00,
     1.9833107146588942E+00,
     1.8040817126868012E+00
  ]
}
