{
  "version":  "0.2.0",
  "energy":    -1.5422948147707318E+00,
  "charges": [
     8.1131233850408035E-01,
    -6.1672139198031906E-01,
    -5.4040175845273675E-01,
     1.9892788250557381E-01,
    -2.9350076365774885E-01,
    -3.0441681463752507E-01,
    -3.7484035105426367E-01,
    -2.5192880736525664E-01,
    -3.5676916075217197E-02,
    -4.3133073732589949E-01,
     4.3399698844922813E-02,
     7.8070007793189802E-02,
     1.0258734491833246E-01,
     6.8379966556766772E-02,
     8.8692084550068606E-02,
    -1.9169602928697493E-01,
     1.3709349627209913E-01,
    -4.8794925010909201E-01
  ],
  "coordination numbers": [
     6.2511409401421094E+00,
     9.7544929784802115E-01,
     9.6940181213989618E-01,
     3.5839662331409565E+00,
     1.9083391268969718E+00,
     1.9391178896823025E+00,
     1.0017050298778871E+00,
     3.9530791996927572E+00,
     4.0493581250217989E+00,
     1.9928606245633187E+00,
     9.9092687788518941E-01,
     9.9135485325311468E-01,
     9.9141622463871037E-01,
     9.8894006413858992E-01,
     9.8942053439653055E-01,
     1.9545741145711810E+00,
     2.0023296945338256E+00,
     1.0062889789249017E+00
  ]
}
