{
  "version":  "0.2.0",
  "energy":     1.9970560061813980E-01,
  "charges": [
     7.4434837901118844E-01,
    -1.8442047617781970E-01,
    -4.4387557189485172E-02,
    -3.9117240960596461E-01,
     1.2626142624717757E-01,
     1.3124827142041431E-01,
     1.2796034435053918E-01,
     1.3532568767184600E-01,
     1.2736182427539303E-01,
     2.7334266340775876E-01,
    -7.3143192458465478E-01,
     2.8900519311650835E-01,
     2.7001808008181072E-01,
     2.8402606919967077E-01,
    -5.8224229012527121E-02,
    -1.8353172959813346E-01,
    -2.1626483795895990E-01,
    -3.3316613892835661E-01,
     4.3123065675077045E-02,
    -2.5884087700867942E-01,
    -1.6827453526899588E-01,
    -3.2780703012376705E-02,
    -3.6734605119220731E-01,
     1.2999096871702970E-01,
     1.3596039206314015E-01,
     1.6512785547384232E-01,
     1.4318200183861710E-01,
     1.4331390011557305E-01,
     2.5647754805781364E-01,
    -6.7251683484046171E-02,
    -3.0846233973675607E-01,
     2.7585919978605200E-01,
    -2.4448736309746913E-01,
    -8.3702780288223672E-02,
    -2.5491857892820291E-01,
    -9.3866521040045753E-02,
     1.3881662355201718E-01,
     1.3863796375520437E-01,
     1.2409406423122771E-01,
     1.1895176730738405E-01,
     1.5549730469238027E-01,
     1.3468326423487706E-01,
     1.4923756884413311E-01,
     1.2993663758068044E-01,
     1.3074267140554796E-01
  ],
  "coordination numbers": [
     7.8665635427000788E+00,
     3.9562947197117202E+00,
     3.9739428351040100E+00,
     2.9466412400446043E+00,
     9.9186888888347546E-01,
     9.9189190804911753E-01,
     9.9137681926796972E-01,
     9.9136371943417778E-01,
     9.9083937659996835E-01,
     1.2456442227730067E+00,
     3.9452729310827879E+00,
     1.0182610218777626E+00,
     1.0049541017131567E+00,
     1.0141066798060416E+00,
     2.7072856694652110E+00,
     1.9578831177114511E+00,
     1.9806357363067226E+00,
     2.0008611990244676E+00,
     2.1431634696139072E+00,
     1.0051220675397659E+00,
     4.0197536826966100E+00,
     4.0557709226415852E+00,
     2.9474595457590640E+00,
     9.9179213947346412E-01,
     1.0061325485872663E+00,
     9.9180304344537085E-01,
     9.9149278353642156E-01,
     9.9152597082322380E-01,
     1.0465523829929744E+00,
     4.1479154640408780E+00,
     1.9886846578540629E+00,
     4.2522002766231246E+00,
     2.9220867843763205E+00,
     4.1815686360554185E+00,
     2.9441655786970031E+00,
     4.1848958892155670E+00,
     9.9201394199871817E-01,
     9.9203699111927524E-01,
     9.9137687448037859E-01,
     9.9146712978073648E-01,
     9.9181373066536338E-01,
     9.9234226692586613E-01,
     9.9229329900472596E-01,
     9.9177607145814584E-01,
     9.9154785784128041E-01
  ]
}
