{
  "version":  "0.2.0",
  "energy":    -1.1207160607719766E-01,
  "charges": [
     6.0272581933401459E-01,
     2.7730926021315722E-01,
    -2.2173252189580181E-01,
    -2.9821716799931247E-01,
    -3.6008538965205750E-01
  ],
  "coordination numbers": [
     3.7269170942336531E+00,
     2.7281315009045359E+00,
     1.9617703250859888E+00,
     1.9767242686216857E+00,
     9.9824411623212939E-01
  ]
}
