{
  "version":  "0.2.0",
  "energy":     4.1967458616022646E-01,
  "charges": [
     1.0619279832482289E+00,
    -2.4635865674268935E-03,
    -7.3497714722665988E-02,
    -3.1465073477746813E-01,
     3.6000443957766504E-01,
     1.5569589053130450E-01,
     2.5435923380785952E-01,
    -3.7820953486850095E-01,
    -8.1747248723540028E-02,
     2.8226699447723586E-01,
    -5.6406971839592861E-02,
    -6.0152050312580488E-02,
    -5.1290360600050344E-01,
     3.6577690616998493E-01
  ],
  "coordination numbers": [
     5.0661695971046896E+00,
     1.2653094528019180E+00,
     1.0018295007727316E+00,
     1.2598564327223007E+00,
     9.9632735794155813E-01,
     1.0152191857298432E+00,
     2.1144025701888420E+00,
     2.0120629715877252E+00,
     9.9972110088770982E-01,
     3.0762450750534152E+00,
     1.8997401061450097E+00,
     9.9909785019091224E-01,
     1.9910690301283198E+00,
     1.0089460499412883E+00
  ]
}
