{
  "version":  "0.2.0",
  "energy":    -8.5316653263150410E-01,
  "charges": [
     8.1718791985798100E-01,
     1.7700604708856243E-01,
    -2.3690749606111206E-01,
    -2.3144280508929987E-01,
    -2.7808537520425580E-01,
     1.7617046200655967E-01,
    -2.3154925419806421E-01,
    -2.3801802566446273E-01,
    -2.7870877979477870E-01,
     1.8362135895681209E-01,
    -2.0616305522390321E-01,
    -2.4187213448762629E-01,
    -2.7280205661782947E-01,
    -1.3843680556858282E-01
  ],
  "coordination numbers": [
     7.4587193989190155E+00,
     3.5834716838421778E+00,
     1.9413964555471415E+00,
     1.9136362570978704E+00,
     1.0017271990758445E+00,
     3.5809018161587431E+00,
     1.9162971019111428E+00,
     1.9381392221070435E+00,
     1.0017151197994361E+00,
     3.5767566237433996E+00,
     1.9022613196276028E+00,
     1.9440251706510416E+00,
     1.0017792179083758E+00,
     9.9069387241502849E-01
  ]
}
