{
  "version":  "0.2.0",
  "energy":     2.6267192305831061E-01,
  "charges": [
     1.7160359942719561E-01,
     7.0617754823397749E-01,
     7.6020909078721366E-01,
    -1.8931138070124015E-01,
    -4.4867885774714661E-01
  ],
  "coordination numbers": [
     3.3239904398207329E+00,
     9.2056943816038217E-01,
     3.3605723550677782E+00,
     2.0431199797364261E+00,
     2.0625590243400431E+00
  ]
}
