{
  "version":  "0.2.0",
  "energy":     9.1935562956630223E-01,
  "charges": [
     8.4731168611428909E-01,
    -2.0598386732885199E-01,
     5.2613373792858908E-02,
    -1.8203092571426971E-01,
    -1.8603111004797146E-01,
     1.5101017432770369E-01,
     1.4024572349343167E-01,
     1.3210671982240776E-01,
     1.5454039727609703E-01,
     1.7006361028420280E-01,
     1.5426555159743569E-01,
     1.5455331184910243E-01,
     1.4902346494633101E-01,
     1.6853570189180736E-01,
     5.7153695650664638E-02,
     1.8761592734189020E-01,
    -4.4686883388598986E-01,
    -5.4587492291795525E-01,
     3.0952838931752169E-01,
     3.0616919155890315E-01,
    -1.8070947507325855E-01,
     2.5667465809101014E-01,
    -1.2729431596534552E-01,
    -1.1783507949074638E-01,
    -1.8288952031526295E-01,
     2.0324789302988164E-01,
    -4.1012012890347921E-01,
    -1.9852426183799701E-01,
    -1.8470177156467238E-01,
     1.5328558313397292E-01,
     1.6166990581337493E-01,
     1.5482236368083080E-01,
     1.5182561418522031E-01,
     1.3857595606500309E-01,
     1.4552087651001550E-01,
     1.5351348787313707E-01,
     1.5637080229940623E-01,
     1.5862015309930069E-01
  ],
  "coordination numbers": [
     6.0060142350761572E+00,
     3.9571374219692892E+00,
     3.9423691653255499E+00,
     3.9568741829284182E+00,
     3.9566084582871692E+00,
     9.9267579681077667E-01,
     9.9286590770616723E-01,
     9.9285772580908827E-01,
     9.9282132976724657E-01,
     9.9317529951983108E-01,
     9.9294056621987004E-01,
     9.9271563903116267E-01,
     9.9283215705013284E-01,
     9.9313332457034775E-01,
     1.0145296842822589E+00,
     2.1143411631490867E+00,
     2.0115010026167504E+00,
     2.9077076870496672E+00,
     9.9442198900444900E-01,
     9.9354032229761557E-01,
     9.9910205176411004E-01,
     3.3660245454377824E+00,
     1.7833292954749860E+00,
     1.7117161247789054E+00,
     3.9576933866928812E+00,
     4.2672223695562348E+00,
     1.9925570260797514E+00,
     3.9575104050190175E+00,
     3.9574767361339287E+00,
     9.9381591131447777E-01,
     9.9420378172674173E-01,
     9.9422539770392060E-01,
     9.9370540142377006E-01,
     9.9409820388886150E-01,
     9.9414859120275967E-01,
     9.9363796498190649E-01,
     9.9406565005060266E-01,
     9.9400562242914692E-01
  ]
}
