{
  "version":  "0.2.0",
  "energy":    -1.1074707569289079E-01,
  "charges": [
     7.0731535729571715E-01,
    -1.7716988671952549E-01,
    -1.7649299363997056E-01,
    -1.7683608440598070E-01,
    -1.7681639253024040E-01
  ],
  "coordination numbers": [
     3.9713782847075159E+00,
     9.9804297098613226E-01,
     9.9830029831893530E-01,
     9.9814994196586593E-01,
     9.9815050073133005E-01
  ]
}
