{
  "version":  "0.2.0",
  "energy":     9.2425676414803815E-01,
  "charges": [
     8.5006642581647962E-01,
     5.5458685836979216E-02,
     3.0413117873997941E-01,
    -2.3966796212847175E-01,
    -2.3234443454373555E-01,
    -5.6096354814069738E-01,
     1.9986345014710621E-01,
     1.9945596711674929E-01,
     3.1791993765806470E-01,
     3.1850144404821829E-01,
    -6.0789904582645660E-02,
     1.9170196568646936E-01,
    -2.9545442073090522E-01,
     2.0732568237135396E-01,
     2.0748293812102783E-01,
     2.0720498104077262E-01,
    -7.0028830848083012E-01,
     3.4173923627315494E-01,
     3.4292891810499215E-01,
     3.4572776764593943E-01
  ],
  "coordination numbers": [
     5.6394648934251084E+00,
     4.0581244887076835E+00,
     4.0103205022087103E+00,
     1.9749752231363065E+00,
     1.9889767124131161E+00,
     3.8015826623821845E+00,
     9.9223530348641376E-01,
     9.9224898277733509E-01,
     9.9599453444236641E-01,
     9.9597670054602627E-01,
     3.9574237854753136E+00,
     2.0122665569770124E+00,
     1.9629830408077575E+00,
     9.9143614475544073E-01,
     9.9141022027963821E-01,
     9.9142761467840135E-01,
     3.9147169570693947E+00,
     9.9941768050573643E-01,
     1.0005662350183613E+00,
     9.9633665425635876E-01
  ]
}
