{
  "version":  "0.2.0",
  "energy":    -7.3770365100400942E-02,
  "charges": [
     5.9680896098976910E-01,
    -2.9838419067312505E-01,
    -2.9842477031664399E-01
  ],
  "coordination numbers": [
     1.9834761490871511E+00,
     9.9223752729744774E-01,
     9.9225666139181801E-01
  ]
}
