{
  "version":  "0.2.0",
  "energy":    -1.8368404820535500E-01,
  "charges": [
     5.7521842801276346E-01,
     8.4122463058033989E-02,
     5.4418804029509188E-02,
    -3.3838516659550855E-01,
     5.6465800858722742E-02,
     8.1952200134449496E-02,
    -3.3938871959305633E-01,
     1.4853546302850584E-01,
     1.5241130363557134E-01,
     1.4100815162691760E-01,
     1.4683269806140090E-01,
    -2.8773435866496905E-01,
     6.7165992061729213E-02,
    -2.2634117943277821E-01,
     1.0461668072280321E-01,
    -3.4774119658362501E-01,
    -7.3157364360469768E-02
  ],
  "coordination numbers": [
     4.2301332964630038E+00,
     3.0726528788711338E+00,
     3.1552088277137988E+00,
     2.9853011800765756E+00,
     3.1823925885286828E+00,
     3.0723801143429821E+00,
     2.0154079568812957E+00,
     9.9260985009830005E-01,
     9.9245223004141359E-01,
     9.9265460623467305E-01,
     9.9259654979889156E-01,
     2.0015679826027029E+00,
     2.0512169988016176E+00,
     1.0056033059198395E+00,
     1.9817999583939763E+00,
     1.0143259912059062E+00,
     9.9302125136617470E-01
  ]
}
