{
  "version":  "0.2.0",
  "energy":    -6.2691395462287081E-02,
  "charges": [
     5.6654123433565950E-01,
    -1.8863573594628397E-01,
    -1.8910756931243325E-01,
    -1.8879792907694232E-01
  ],
  "coordination numbers": [
     2.9835333626016984E+00,
     9.9600814231000889E-01,
     9.9606716321526179E-01,
     9.9606386669615876E-01
  ]
}
