{
  "version":  "0.2.0",
  "energy":    -1.1039282585006277E-01,
  "charges": [
     7.0823212183339379E-01,
    -2.3686652745114206E-01,
    -2.3621274393928171E-01,
    -2.3515285044296996E-01
  ],
  "coordination numbers": [
     2.9822362064955827E+00,
     9.9547156418550298E-01,
     9.9565074775426687E-01,
     9.9584185916374235E-01
  ]
}
