{
  "version":  "0.2.0",
  "energy":    -9.7305945616447162E-02,
  "charges": [
    -1.7603253781576367E-01,
     1.4386774175347128E-01,
     1.6725402897821984E-01,
     1.6642895415357095E-01,
    -3.0151818706949873E-01
  ],
  "coordination numbers": [
     2.1179542584042252E+00,
     1.8977430450765578E+00,
     1.7837418443822868E+00,
     1.7991283811292123E+00,
     9.0719359419807510E-01
  ]
}
