{
  "version":  "0.2.0",
  "energy":    -6.9648297888608135E-01,
  "charges": [
     2.2614746579300538E-01,
    -2.2134232369710971E-01,
    -5.4536225028328245E-01,
    -4.5944289181261300E-01
  ],
  "coordination numbers": [
     2.8923520037041568E+00,
     9.0935632715452375E-01,
     9.9653685470656850E-01,
     9.9055108955412852E-01
  ]
}
