{
  "version":  "0.2.0",
  "energy":    -1.4508354945782065E-01,
  "charges": [
    -2.0997290724786399E-01,
     2.5287085865910297E-01,
     2.6688305375039645E-01,
     2.5182484300951791E-01,
    -2.9780278434510010E-01,
    -2.6380306382605323E-01
  ],
  "coordination numbers": [
     4.1263257343976969E+00,
     3.2271599764587942E+00,
     3.0266482349092740E+00,
     3.2424497242019932E+00,
     2.3942974860879467E+00,
     1.8213582469501519E+00
  ]
}
