{
  "version":  "0.2.0",
  "energy":    -1.7058860911060474E+00,
  "charges": [
     8.1597449241592823E-01,
     7.9740028627595296E-03,
     1.6748226052965443E-02,
    -3.1373917278559116E-01,
     1.8676036775626792E-02,
     1.5917368790035247E-02,
    -4.4818740843134519E-01,
     6.7073609453605063E-02,
     1.2546048069331672E-01,
     1.5963652378585552E-01,
     7.5754175209320540E-02,
    -4.5063759305110829E-01,
     3.8959945826114378E-01,
    -3.6506090166617472E-01,
    -4.6344349055645179E-01,
    -3.7530958350703081E-01,
     2.9852745791698637E-01,
    -3.6986674757454535E-01,
    -3.8771838501456068E-01,
    -3.5298358106776062E-01,
     3.8446703720071107E-01,
    -4.6937161795739890E-01,
    -3.7949038780628724E-01
  ],
  "coordination numbers": [
     7.6097314327478163E+00,
     3.0809712469117549E+00,
     3.1350269607795891E+00,
     2.9243585740912712E+00,
     3.1015481846260258E+00,
     3.0818810101217382E+00,
     2.0118926287218697E+00,
     9.9228252471555933E-01,
     9.9227462864778282E-01,
     9.8971708721564688E-01,
     9.9238433314052443E-01,
     9.9911583320860320E-01,
     3.1119935650041253E+00,
     1.9840619058595781E+00,
     9.9895320970051049E-01,
     1.9314534131733812E+00,
     3.9489056611408904E+00,
     1.8068357780578763E+00,
     1.9614930696048756E+00,
     1.9844235893380278E+00,
     3.8783559942163244E+00,
     9.9926331374727528E-01,
     1.9861716777541494E+00
  ]
}
