{
  "version":  "0.2.0",
  "energy":    -3.6468449182411028E-01,
  "charges": [
     9.4449600916128795E-01,
     7.6408046025724641E-01,
    -5.3287034340314166E-01,
    -6.3437131197273433E-01,
    -5.4133481404265882E-01
  ],
  "coordination numbers": [
     3.1697627710709577E+00,
     1.1799748723492307E+00,
     9.9940662653937817E-01,
     1.9939908588737838E+00,
     9.9940668094417795E-01
  ]
}
