{
  "version":  "0.2.0",
  "energy":    -1.4429153642365050E-01,
  "charges": [
     8.2144144777991768E-01,
    -2.0536090682200261E-01,
    -2.0529908952520193E-01,
    -2.0533699534576211E-01,
    -2.0544445608695111E-01
  ],
  "coordination numbers": [
     3.9782782569678901E+00,
     9.9842656890314441E-01,
     9.9843104955930428E-01,
     9.9843056688627474E-01,
     9.9843255470473569E-01
  ]
}
