{
  "version":  "0.2.0",
  "energy":    -9.8596403537126887E-01,
  "charges": [
     6.2826924666866146E-01,
    -3.7341024364679998E-01,
     3.2994278052499781E-01,
    -3.5763135377936900E-01,
    -3.9818894507165159E-01,
    -5.5605784552470827E-01,
     2.6638618035781580E-01,
    -2.7288549961855840E-01,
     2.2312833653448808E-01,
    -3.8139561246831455E-01,
    -2.5288578657203542E-01,
    -2.6462508219399039E-01,
     6.6863362864956505E-02,
     8.4002065369274945E-02,
     9.3220662359926473E-02,
     7.0521694413147415E-02,
     1.2848458088289563E-01,
     1.2792274059312367E-01,
     6.7695760367862429E-02,
     1.2237629595294586E-01,
     8.7956906940003438E-02,
    -7.6404832341390883E-01,
     2.7478186509456376E-01,
     2.3354129500040827E-01,
     2.4308725160976191E-01,
     6.5758429637801680E-02,
    -4.9281076288329889E-01
  ],
  "coordination numbers": [
     7.4714905750680227E+00,
     1.9235599582790064E+00,
     3.9529090746036131E+00,
     1.9575229703263286E+00,
     1.8190315050414334E+00,
     1.9857451272213655E+00,
     1.2223163851105365E+00,
     3.9572036333857730E+00,
     4.4996909534141079E+00,
     1.9540647411553937E+00,
     3.9583405915169658E+00,
     3.9566233283453185E+00,
     9.9274303881241099E-01,
     9.9389080715822153E-01,
     9.9446304706002042E-01,
     9.9329873775918287E-01,
     9.9381270872372962E-01,
     9.9653636118791500E-01,
     9.9273269819566501E-01,
     1.0000589031259084E+00,
     9.9397666102487037E-01,
     3.9136039493878183E+00,
     1.1046559722953404E+00,
     9.9683176940595786E-01,
     1.0029428119225940E+00,
     1.9268994439835341E+00,
     1.0020527020504808E+00
  ]
}
