{
  "version":  "0.2.0",
  "energy":    -3.7612153390539715E-01,
  "charges": [
     7.5861523733996816E-01,
     1.8192693683793459E-01,
    -2.7392548231283098E-01,
    -2.2074999357200786E-01,
    -2.5009869287743658E-01,
    -4.3742692151377494E-02,
    -1.4659518095693369E-01,
    -1.4404460427528731E-01,
    -5.1163663013268468E-02,
    -2.4356151726153996E-01,
     1.2596697001257179E-01,
     1.2769491286709100E-01,
     1.1059320679388787E-01,
     1.0183239286540574E-01,
     1.0126215766670565E-01,
     1.1771270142189397E-01,
     1.1821377860634757E-01,
     1.2898900309943701E-01,
    -2.8263850229441723E-01,
    -9.4095555487032412E-02,
    -9.7196220192515614E-02,
    -8.4761673387226955E-02,
     7.4991220247544454E-04,
    -8.3241108448794510E-02,
    -9.7151632656999054E-02,
     2.5701132130381743E-01,
    -3.4609314003028047E-01,
    -3.4642269942553561E-01,
     1.1788989133965952E-01,
     1.1900681540729222E-01,
     1.3623304235720038E-01,
     1.3658448180652388E-01,
     1.1861350212146957E-01,
    -8.6375443600248847E-02,
    -9.0931680712187157E-02,
    -8.9716360837349574E-02,
     9.9695265886667328E-03,
    -5.5246608525523044E-02,
    -7.9623027439171434E-02,
     2.6192210962751589E-01,
    -2.9310160840534366E-01,
    -4.4183202525517307E-01,
     1.2227507491156173E-01,
     1.2047715914179141E-01,
     1.1935002316012014E-01,
     1.6752564802906145E-01,
     1.3330526867408482E-01,
     2.4858803893599923E-01
  ],
  "coordination numbers": [
     7.5991547534401489E+00,
     3.6369998658145199E+00,
     1.0017927607373718E+00,
     1.9344739882150330E+00,
     1.9461607730699209E+00,
     4.1571404517852582E+00,
     3.9863851958034635E+00,
     3.9817508962136792E+00,
     4.0657573461869276E+00,
     2.9034490132534243E+00,
     9.9227429864448791E-01,
     9.9192830324806902E-01,
     9.9141724990804470E-01,
     9.9188445427057026E-01,
     9.9186254354183490E-01,
     9.9134112348849612E-01,
     9.9103142992578430E-01,
     9.9190261173980243E-01,
     9.9771984685434756E-01,
     3.0136583916057456E+00,
     3.0121606740804605E+00,
     3.0157303565880262E+00,
     3.0176349893323851E+00,
     3.0159278889647796E+00,
     3.0120823101911594E+00,
     3.8177066629252314E+00,
     1.9643891584886610E+00,
     1.9395659617802634E+00,
     9.9278004421505628E-01,
     9.9283280656705220E-01,
     9.9288406309211741E-01,
     9.9288919571292134E-01,
     9.9282315434969703E-01,
     3.0143064774883284E+00,
     3.0118684125219151E+00,
     3.0156700426283578E+00,
     3.0184654909720807E+00,
     3.0179813666227737E+00,
     3.0132278406619504E+00,
     3.3426278284228106E+00,
     1.9392492072632210E+00,
     1.9927164278580323E+00,
     9.9283826292372623E-01,
     9.9291996548080075E-01,
     9.9252556264814196E-01,
     9.9388458053566442E-01,
     9.9292293862011771E-01,
     9.9363281257130254E-01
  ]
}
