{
  "version":  "0.2.0",
  "energy":     1.3541539131009834E+00,
  "charges": [
     8.2366441836917614E-01,
     1.5783400689276246E+00,
     5.9799551270319928E-01
  ],
  "coordination numbers": [
     9.8927903985586241E-01,
     9.5883875025264764E-01,
     1.9472059667001567E+00
  ]
}
