{
  "version":  "0.2.0",
  "energy":    -7.1958439944999431E-01,
  "charges": [
    -2.7997671212505026E-01,
    -1.0270760121877744E+00,
     3.0705272431282465E-01
  ],
  "coordination numbers": [
     1.8745570458214900E+00,
     1.9859978586758427E+00,
     1.8628010197936486E+00
  ]
}
