{
  "version":  "0.2.0",
  "energy":     8.6884993283581546E-01,
  "charges": [
     8.0148493767327000E-01,
    -3.5436059054906544E-02,
    -4.2496775154194921E-02,
    -4.5118854055419266E-02,
     2.3562456430238021E-02,
    -4.3027680228706844E-02,
    -4.1816151669585466E-02,
     2.5744167669315887E-01,
    -3.3616280767484008E-01,
    -3.4740347625408580E-01,
     1.7665899490723436E-01,
     1.7321993480612177E-01,
     1.6790062731283611E-01,
     1.7106071711232906E-01,
     1.7396708905440766E-01,
    -5.5540846189313853E-01,
    -1.0244577899363838E-02,
    -8.2443134064307255E-03,
    -5.6185957410088327E-01,
     2.6405869973945462E-01,
     2.6409191345424377E-01,
     1.4673979868464865E-01,
     1.4156176275885635E-01,
     1.4274754940821741E-01,
     1.5162039744739181E-01,
     2.6197199867820281E-01,
     2.6550296639278959E-01,
    -3.0468088749452782E-02,
    -3.9514790993146875E-01,
     1.5493641076079201E-01,
     1.5241334233619208E-01,
     1.5708394204547949E-01,
    -1.5647115990797003E-01,
    -3.2434510272165609E-02,
    -4.0741493757869529E-01,
     1.4868827427143996E-01,
     1.3757470420051748E-01,
     1.3621432068243455E-01,
     1.5456957676382826E-01,
     1.5701890772061111E-01,
     2.6706433849661193E-01
  ],
  "coordination numbers": [
     7.2113689086587272E+00,
     3.0154135572118017E+00,
     3.0104572913405292E+00,
     3.0164501014142262E+00,
     3.0202275261749119E+00,
     3.0159283540975519E+00,
     3.0105572172375767E+00,
     3.8925679718085835E+00,
     1.9828416700721903E+00,
     1.9896558776746947E+00,
     9.9280986531447191E-01,
     9.9296595242318286E-01,
     9.9294545049516625E-01,
     9.9293390618744937E-01,
     9.9296395792231618E-01,
     3.9194398435894477E+00,
     4.0793815981401034E+00,
     4.0775334172590574E+00,
     3.9060703986967660E+00,
     1.0070546265589906E+00,
     1.0036568182713763E+00,
     9.9134811928412425E-01,
     9.9148837279925850E-01,
     9.9156034154414563E-01,
     9.9150854579405223E-01,
     1.0012807671242312E+00,
     1.0001186290506148E+00,
     4.0567721814872773E+00,
     1.9899602728559547E+00,
     9.9180731807244893E-01,
     9.9171199375806829E-01,
     9.9181890442593978E-01,
     4.3978657561106544E+00,
     4.0906574947508778E+00,
     2.9170647235910012E+00,
     9.9174157725104184E-01,
     1.0489472484321531E+00,
     1.0767345813471385E+00,
     9.9177097205371467E-01,
     9.9174679672757282E-01,
     9.9441020432255556E-01
  ]
}
