{
  "version":  "0.2.0",
  "energy":     4.0076009340002361E-01,
  "charges": [
     3.8259990506847652E-01,
    -3.8125999778832598E-01,
     9.9866009271984946E-01
  ],
  "coordination numbers": [
     1.9296306479932692E+00,
     1.9582819799819164E+00,
     1.9585483418097152E+00
  ]
}
