{
  "version":  "0.2.0",
  "energy":     4.4370969789560039E-01,
  "charges": [
     8.0160406460821720E-01,
     3.0912097372241848E-02,
     2.8608231452653943E-01,
    -2.7348743470040493E-01,
    -2.5516490409817438E-01,
    -5.7679126203148734E-01,
     1.6417097291962734E-01,
     1.6640109389428104E-01,
     2.7418214165308108E-01,
     2.8580180657085280E-01,
     1.6793138060992238E-01,
     1.0006638476462643E-01,
     2.2829597671180696E-01,
    -4.0000463280112991E-01
  ],
  "coordination numbers": [
     6.1171211580467695E+00,
     4.1720239049970296E+00,
     4.0308423357965628E+00,
     1.9798164393844742E+00,
     1.9870074834334668E+00,
     3.9840483317250284E+00,
     9.9234762838515511E-01,
     9.9235314852330880E-01,
     1.0022283612267531E+00,
     1.0010867501535214E+00,
     9.9633401923634946E-01,
     1.0152078136330811E+00,
     2.1692329153915413E+00,
     2.0129689029248139E+00
  ]
}
