{
  "version":  "0.2.0",
  "energy":    -4.3981037994536232E-01,
  "charges": [
     8.3914069271724645E-01,
    -7.4747125555782640E-02,
    -3.0978905517184707E-01,
     3.2874783173854549E-01,
    -3.2359133370260074E-01,
    -6.9754847894499428E-02,
    -3.1010692154424724E-01,
    -6.3853122402261195E-02,
     1.1872854237250437E-01,
     1.3002214314355048E-01,
     1.2239096989981771E-01,
     1.2324711215090389E-01,
     1.2975996237326295E-01,
     1.2993120004868036E-01,
     1.4875662868811629E-01,
     1.3336457461152512E-01,
     1.3608425899208831E-01,
    -3.7803468781895488E-01,
     4.1014766529793056E-01,
    -3.4425601029555997E-01,
    -3.6183559851892777E-01,
    -5.9979287272200987E-01,
     2.9444896928514513E-01,
     9.5472762829493435E-02,
    -3.4614307451249365E-01,
     6.3577865802782504E-02,
     3.4981065221697631E-02,
    -3.7022958116846677E-01,
     4.5209497905500468E-02,
     7.2322810683796326E-02,
    -3.6284561707281693E-01,
     1.2805634060388899E-01,
     1.2189859200105888E-01,
     1.6412056228556107E-01,
     1.4456979972737199E-01
  ],
  "coordination numbers": [
     6.4816363458123707E+00,
     4.1869458605920267E+00,
     1.9892532547971014E+00,
     4.6082625186216406E+00,
     1.9887452125117422E+00,
     4.2059383133947161E+00,
     1.9891113267726075E+00,
     4.1553346857038953E+00,
     9.9198431448994651E-01,
     9.9163538863873146E-01,
     9.9089261992259292E-01,
     9.9213795184327047E-01,
     9.9157062793561845E-01,
     9.9098239787139608E-01,
     9.9136893411300075E-01,
     9.9204194634532872E-01,
     9.9129626867462139E-01,
     1.9784683665684790E+00,
     3.9613894714615974E+00,
     1.9788918372635287E+00,
     1.7485694395033606E+00,
     1.9906305245821452E+00,
     1.0003016726792637E+00,
     9.9940189432509374E-01,
     9.9940189383614175E-01,
     3.0733345478323573E+00,
     3.1121625023872674E+00,
     2.9537975450743490E+00,
     3.1443836152630515E+00,
     3.0734994219585898E+00,
     2.0147898797040575E+00,
     9.9254955925775690E-01,
     9.9262042981096865E-01,
     9.9253305326650487E-01,
     9.9255002936361070E-01
  ]
}
