{
  "version":  "0.2.0",
  "energy":    -8.3751928889321758E-02,
  "charges": [
     5.9957291305603844E-01,
    -1.9934152362619562E-01,
    -1.9998864463111998E-01,
    -2.0024274479872284E-01
  ],
  "coordination numbers": [
     2.9807816265270874E+00,
     9.9516218983866445E-01,
     9.9512171215167111E-01,
     9.9507528796650568E-01
  ]
}
