{
  "version":  "0.2.0",
  "energy":    -3.3270576651326811E-01,
  "charges": [
     1.0789369278853878E-02,
     3.6429991619404184E-01,
     6.6269239671976066E-01,
    -1.0377816821926564E+00
  ],
  "coordination numbers": [
     2.9039826684425964E+00,
     2.7976754495444602E+00,
     2.8041547130007825E+00,
     2.9505850155210265E+00
  ]
}
