{
  "version":  "0.2.0",
  "energy":     3.4823902053118078E-01,
  "charges": [
     5.2443646257306886E-01,
     1.0735582895453304E+00,
    -2.5444687246188424E-01,
    -3.4354787965651501E-01
  ],
  "coordination numbers": [
     2.9459067486459229E+00,
     1.9480550367550560E+00,
     9.9891244723325290E-01,
     1.9919648861346886E+00
  ]
}
