{
  "version":  "0.2.0",
  "energy":    -6.9087738850336111E-01,
  "charges": [
    -1.7446940178126502E-01,
    -5.0100075754705720E-01,
     4.9825483683434135E-01,
    -8.2278467750601914E-01
  ],
  "coordination numbers": [
     2.8854630880564818E+00,
     1.9061778133913840E+00,
     2.8977837279441925E+00,
     1.9806816113178343E+00
  ]
}
