{
  "version":  "0.2.0",
  "energy":     9.8679656884280043E-01,
  "charges": [
     7.8154901585917980E-01,
    -3.3025650148518976E-01,
     6.9094142181777896E-02,
    -2.8580641179138722E-02,
    -2.2595151227288668E-02,
    -4.0673885246807540E-02,
     1.4149404813387859E-01,
     1.4097014885200720E-01,
    -4.0209984485870431E-02,
    -2.0424572483924430E-02,
    -2.1608576880153940E-02,
     8.7002034041936238E-02,
    -3.2069766584695875E-01,
     1.5215679758892475E-01,
     1.7866498321713015E-01,
     1.8612837801767362E-01,
     1.5799856908594850E-01,
     1.5840202284879093E-01,
     1.8806323037828712E-01,
     1.8615449769367265E-01,
     1.7601588282840347E-01,
    -2.0160703529000934E-01,
    -1.4450913476963384E-01,
    -3.3679207984919426E-02,
    -4.0689522430267283E-01,
     1.7265778405380522E-01,
     1.7248483583541169E-01,
     1.7391767832603910E-01,
     1.6300818333681757E-01,
     1.5165024532099391E-01,
     2.7977313756967603E-01,
     4.4925597022383454E-02,
     1.7934316722824573E-01,
    -3.2971679823841599E-01
  ],
  "coordination numbers": [
     7.0651639622149043E+00,
     2.9893131494568683E+00,
     3.2448745471168978E+00,
     3.0084820830358794E+00,
     3.0217548852475069E+00,
     3.0122219654515812E+00,
     3.2109564624172213E+00,
     3.2122365003119180E+00,
     3.0118325296694142E+00,
     3.0219075348934323E+00,
     3.0082424216474601E+00,
     3.2687914548623214E+00,
     2.9925910727922584E+00,
     9.9324625705604142E-01,
     9.9300029518380306E-01,
     9.9280352206664890E-01,
     9.9317251417710306E-01,
     9.9317321513096335E-01,
     9.9280327709462934E-01,
     9.9299300674449409E-01,
     9.9366297833561212E-01,
     9.9891146134739461E-01,
     3.9554464362006660E+00,
     4.0105820725797763E+00,
     2.9376145112715264E+00,
     9.9167433420490259E-01,
     9.9155280315097105E-01,
     9.9171225841626143E-01,
     9.9175959467920993E-01,
     9.9171068404977447E-01,
     1.0100903103649879E+00,
     1.8682516717425770E+00,
     2.9508002835620459E+00,
     2.0071432385975507E+00
  ]
}
