{
  "version":  "0.2.0",
  "energy":     2.6249892965953081E-01,
  "charges": [
     7.3266315848246055E-01,
    -2.3166054452259974E-02,
    -1.9243542885146928E-01,
    -2.1387977162838501E-01,
     8.7627039835271175E-02,
     6.5973042371338025E-02,
    -3.2991845432707284E-01,
     4.5610345065150409E-02,
     8.2747130747855252E-02,
    -3.2485789083707250E-01,
     1.5679387991773319E-01,
     1.5439066754845776E-01,
     1.2876958789015167E-01,
     1.5276403963599100E-01,
    -2.0560092825051068E-01,
     2.2172115942571236E-01,
    -3.3949010068505814E-01,
    -1.9772084193406372E-01,
    -1.9284315676314231E-01,
     1.3058286432415697E-01,
     1.4784438355490376E-01,
     1.4086933735691151E-01,
     1.3190743964748211E-01,
     1.5554993965751879E-01,
     1.6349366594581893E-01,
     1.3239006077568810E-01,
     1.6922778841782887E-01,
     1.5451528608528645E-01,
    -3.6604515793013145E-02,
    -1.2079317163409581E-01,
    -1.2464165069756702E-01,
    -3.4440464693666427E-02,
    -2.6755652329557439E-01,
     1.2790971318176725E-01,
     1.5691764998297913E-01,
     1.4387271013413477E-01,
     1.3367164255172989E-01,
     1.3751771888057152E-01,
     1.3110417294027593E-01,
     1.5677408145827845E-01,
     1.4012080318469328E-01,
     1.3858398417154710E-01,
    -2.8928185799072581E-01,
     1.8410505156214108E-01,
    -2.5070496971483563E-01,
    -2.2731761540904782E-01,
    -2.3476494777627449E-01
  ],
  "coordination numbers": [
     7.9062590445542442E+00,
     2.7490689932448209E+00,
     1.9827355391168098E+00,
     1.9796918484846016E+00,
     3.0738864655694762E+00,
     3.2106196802406393E+00,
     2.9805869244117096E+00,
     3.1930982446259719E+00,
     3.0736808864264669E+00,
     2.0155230244076536E+00,
     9.9254564198827744E-01,
     9.9296174289728523E-01,
     9.9278644553068407E-01,
     9.9252814166420578E-01,
     3.9577666097727509E+00,
     4.4869161151482855E+00,
     1.9928669761554652E+00,
     3.9583150147382824E+00,
     3.9574493608018395E+00,
     9.9347609819056970E-01,
     9.9421999671090067E-01,
     9.9439139616442596E-01,
     9.9382399383855535E-01,
     9.9421562791665696E-01,
     9.9456664365068814E-01,
     9.9357651103306477E-01,
     9.9364744709574282E-01,
     9.9407618372647555E-01,
     4.1101490641322851E+00,
     3.9848952792384065E+00,
     3.9862626528302121E+00,
     4.1130729698108173E+00,
     2.9446381309607998E+00,
     9.9106891997007818E-01,
     9.9233341398887642E-01,
     9.9150087651958074E-01,
     9.9196304921995093E-01,
     9.9196712927792774E-01,
     9.9141213517109339E-01,
     9.9179512150623061E-01,
     9.9163549740342916E-01,
     1.8750564311620286E+00,
     9.9982584193386081E-01,
     3.7919716982000322E+00,
     1.0016984372406510E+00,
     1.9855289700042178E+00,
     1.9731732983866586E+00
  ]
}
