{
  "version":  "0.2.0",
  "energy":     5.2880111633811300E-01,
  "charges": [
     4.4369673059345194E-01,
     5.1343021919526756E-02,
     5.0496024748702129E-01
  ],
  "coordination numbers": [
     1.7137502281264121E+00,
     1.9469395592795786E+00,
     1.7286434911063280E+00
  ]
}
