{
  "version":  "0.2.0",
  "energy":    -9.3019566055520786E-01,
  "charges": [
     6.6002838989263002E-01,
    -7.5358663788630742E-01,
     2.4259569403536296E-01,
     3.0415210595994358E-01,
     2.2746527981663733E-01,
    -1.1332587467517652E-01,
    -2.4240034594091778E-01,
    -2.3571266876704805E-01,
    -3.8111387512027006E-01,
     3.8938057337875620E-01,
    -3.5441532393857977E-01,
    -4.8615496987424378E-01,
    -9.0987820722676874E-02,
    -3.9459209965691988E-01,
     7.2862734100346105E-02,
     8.3281849052287776E-02,
     7.2522990346176167E-02
  ],
  "coordination numbers": [
     7.3756189140639847E+00,
     3.9518703742651651E+00,
     1.0241981585374491E+00,
     1.1244929742282146E+00,
     1.0050111561194530E+00,
     2.6971389456939487E+00,
     1.9689405504966517E+00,
     1.9526879529872101E+00,
     1.9894742776140175E+00,
     3.9339165760695272E+00,
     1.9908789617064615E+00,
     1.0097652021001409E+00,
     4.3556771048870733E+00,
     1.9932869951096999E+00,
     9.8922244499552381E-01,
     9.9053743382135995E-01,
     9.8946170846022596E-01
  ]
}
