{
  "version":  "0.2.0",
  "energy":    -9.1669088693434042E-02,
  "charges": [
     5.2550944215054263E-01,
    -5.2550944215054263E-01
  ],
  "coordination numbers": [
     9.9934654106023224E-01,
     9.9934654106023224E-01
  ]
}
