{
  "version":  "0.2.0",
  "energy":     2.0563184712626470E-01,
  "charges": [
     9.9124061814293418E-01,
     1.8804515640506128E-01,
    -2.0303013755718818E-01,
    -2.4623050764441440E-01,
    -2.2709636060734334E-01,
    -7.5370153526984163E-01,
     3.0368217315290441E-01,
     2.7984292144296885E-01,
     2.8670994870346389E-01,
    -1.2835421113999654E-01,
     1.3123603622981933E-01,
    -3.4468897887848327E-01,
     1.5559081576285144E-01,
     1.5113691322199219E-01,
     1.5496512966170303E-01,
    -5.5196993644394982E-02,
    -2.9913516097874371E-01,
     2.7901948669059740E-01,
    -2.6999397471337727E-01,
    -6.9846914114636394E-02,
    -2.7163113308902931E-01,
    -8.5745479390879009E-02,
     1.4913011065952000E-01,
     1.4907132626572145E-01,
     1.3375795752682804E-01,
     1.6408220893733030E-01,
     1.5178994604161378E-01,
     1.4287343298439417E-01,
     1.3581811687138887E-01,
     1.3950391060016665E-01,
     1.4000319205224615E-01,
    -5.8112174706112893E-02,
     1.8228379575812975E-01,
    -3.9701963537719404E-01
  ],
  "coordination numbers": [
     7.5662539119649939E+00,
     3.7120832651779896E+00,
     1.0015751673858659E+00,
     1.9700058907281655E+00,
     1.9659582600909067E+00,
     3.9350122768016913E+00,
     1.0076841387362725E+00,
     1.0018543997631078E+00,
     1.0005761810112217E+00,
     3.9583224158652675E+00,
     2.0157641134815671E+00,
     1.9634246266877682E+00,
     9.9177559504076385E-01,
     9.9179098874247451E-01,
     9.9182064161210981E-01,
     4.1483366251372695E+00,
     1.9880515444136941E+00,
     4.1470773999499713E+00,
     2.9213168057328334E+00,
     4.1455583168243120E+00,
     2.9080940037093717E+00,
     4.1514014260185874E+00,
     9.9209393469283746E-01,
     9.9209865128541175E-01,
     9.9145545880107111E-01,
     9.9232904498927699E-01,
     9.9182099941363244E-01,
     9.9176381617771003E-01,
     9.9195167344582202E-01,
     9.9162319467005311E-01,
     9.9181477876969293E-01,
     1.0122568219376813E+00,
     2.4493979270877198E+00,
     2.0040263310056909E+00
  ]
}
