{
  "version":  "0.2.0",
  "energy":    -1.2753712991787238E+00,
  "charges": [
     2.0160141445840551E-02,
    -2.3318977165363347E-01,
    -8.4333891069534439E-01,
    -9.4363145909686241E-01
  ],
  "coordination numbers": [
     2.8068605560898803E+00,
     8.4449497541777241E-01,
     9.8617444455887338E-01,
     9.7985624186548570E-01
  ]
}
