{
  "version":  "0.2.0",
  "energy":    -3.3123659332958849E-01,
  "charges": [
     7.2180328084886280E-01,
    -1.1621566883040435E-01,
    -4.0899790633254818E-01,
     1.1081905285174198E-01,
     1.0943858025175779E-01,
     1.1472716305121033E-01,
     2.7960595586311643E-01,
     4.5335870299062719E-02,
    -4.1734843804158794E-01,
    -5.4557831476224905E-01,
     2.8064284119201444E-01,
     5.4223256467355929E-02,
     2.5122587569277877E-02,
    -3.3977767240388673E-01,
     3.0074960855392296E-02,
     4.8621492474322014E-02,
    -3.7563683091813277E-01,
     1.1962989588435188E-01,
     1.1826276378146316E-01,
     1.1429841945316088E-01,
     1.1599497388949298E-01,
    -2.1406855861516572E-01,
    -1.8991797375496278E-02,
    -3.9035599188165726E-01,
     9.5355724254808510E-02,
     1.1269256496274714E-01,
     1.1309684806453259E-01,
     1.1091260879830644E-01,
     1.0631233834814754E-01
  ],
  "coordination numbers": [
     5.9393129083063538E+00,
     3.9834525127561173E+00,
     2.9069494301781420E+00,
     9.9140491527093388E-01,
     9.9127737160522056E-01,
     9.9192850282525225E-01,
     1.2172463774521463E+00,
     1.8629952439359565E+00,
     1.7829131359022048E+00,
     1.9912079863002123E+00,
     1.0124100829442311E+00,
     3.0750134382424967E+00,
     3.1098855924137823E+00,
     2.9248069071016731E+00,
     3.1968815087647995E+00,
     3.0745941315843455E+00,
     2.0148000203624248E+00,
     9.9253765112805059E-01,
     9.9236307101942067E-01,
     9.9387524878467293E-01,
     9.9252923170386254E-01,
     3.9540903340985505E+00,
     4.0704270758753491E+00,
     1.9924246344190077E+00,
     9.9147291253856462E-01,
     9.9133525817089652E-01,
     9.9139420975425807E-01,
     9.9010556967041552E-01,
     9.9004765237057857E-01
  ]
}
