{
  "version":  "0.2.0",
  "energy":     9.0801730653257362E-01,
  "charges": [
     8.8171908554106104E-01,
    -3.5149455553504477E-01,
     5.1149152881180826E-02,
    -4.5246940636096467E-02,
    -4.1143036822504420E-02,
    -5.5551313161756488E-02,
     1.2671075359379230E-01,
     1.2668359471744023E-01,
    -5.5936735998497022E-02,
    -4.2238702906125303E-02,
    -4.7817582084448584E-02,
     5.3858312787352640E-02,
    -3.5019734650689316E-01,
     1.4504741381392228E-01,
     1.6281268601272827E-01,
     1.6918608990413153E-01,
     1.4433713907911999E-01,
     1.4441244042418139E-01,
     1.6872743607382218E-01,
     1.6118761389490729E-01,
     1.4991959347544651E-01,
     3.0470100078481083E-02,
     1.7828209493830222E-01,
    -4.5016878916877262E-01,
    -1.9797088217079120E-01,
     2.0245260706584042E-01,
    -4.0710642564979826E-01,
    -1.9697290629695000E-01,
    -1.9036761243051234E-01,
     1.4011105090581077E-01,
     1.4899011522786415E-01,
     1.4340720539177912E-01,
     1.4420062123183472E-01,
     1.4977502003691667E-01,
     1.4497710886225371E-01,
     1.4512430980612104E-01,
     1.5249893121775643E-01,
     1.5159556328681950E-01,
    -7.0476003788472394E-02,
    -4.3922765920281559E-01,
     1.5735802092113235E-01,
     1.5380256290863153E-01,
     1.4918356584492173E-01,
     2.6393630243592675E-01
  ],
  "coordination numbers": [
     5.6577193888861466E+00,
     2.9664162597504156E+00,
     3.1388691677017890E+00,
     3.0093119674225139E+00,
     3.0217868611288550E+00,
     3.0129697173268024E+00,
     3.1521080592254123E+00,
     3.1611970655650286E+00,
     3.0133208598763179E+00,
     3.0210854054775389E+00,
     3.0096670783337638E+00,
     3.1756135482816257E+00,
     2.9798390948889448E+00,
     9.9260500630328163E-01,
     9.9302606476336042E-01,
     9.9285002723700178E-01,
     9.9321125299995394E-01,
     9.9321243833809181E-01,
     9.9284794968383494E-01,
     9.9301917908092108E-01,
     9.9280965382443842E-01,
     1.0142123824476243E+00,
     2.0832971042959247E+00,
     2.0102929340070954E+00,
     3.9575359341733929E+00,
     4.2595111954042713E+00,
     1.9911203437319953E+00,
     3.9574693814040742E+00,
     3.9577312933733655E+00,
     9.9396537996962042E-01,
     9.9407801425201558E-01,
     9.9359788404770022E-01,
     9.9361465981538100E-01,
     9.9400791567790137E-01,
     9.9389265796734616E-01,
     9.9381056827446823E-01,
     9.9425341166562209E-01,
     9.9421690810042307E-01,
     4.0624353471095791E+00,
     2.9321417964813419E+00,
     9.9200564722784090E-01,
     9.9199092444596459E-01,
     9.9297619125379466E-01,
     9.9489296509808689E-01
  ]
}
