{
  "version":  "0.2.0",
  "energy":     1.0279839854053732E+00,
  "charges": [
     6.7062169007282257E-01,
     5.6316594026270150E-02,
     3.0301007668629854E-01,
    -2.3949173106977731E-01,
    -2.6083666846409054E-01,
    -5.4711078688149795E-01,
     1.9257714451798125E-01,
     1.9409995219967488E-01,
     3.1012204009210542E-01,
     3.1127325071983186E-01,
    -5.8607559739592419E-03,
    -8.4982055071936624E-02,
    -8.3444360684684082E-02,
    -1.1740048070471520E-02,
    -2.7807106323367958E-01,
     1.7608919767553607E-01,
     1.7581238578185171E-01,
     1.8133479871573813E-01,
     1.8691382523489225E-01,
     1.8736521438530429E-01,
     1.8229572158025403E-01,
     1.7269214870797839E-01,
     1.7591084119856079E-01,
     1.9101359570310145E-01,
    -1.5591100784810499E-01
  ],
  "coordination numbers": [
     6.3353487972813056E+00,
     4.2090857549041649E+00,
     4.0379766839464910E+00,
     1.9944060682093570E+00,
     1.9966995384689188E+00,
     3.9449024697137292E+00,
     9.9217156321389055E-01,
     9.9222107391031944E-01,
     9.9721279758140291E-01,
     9.9687719137409392E-01,
     4.2479474940325037E+00,
     3.9820266201305534E+00,
     3.9829553446293824E+00,
     4.1654903450132847E+00,
     2.9492955529457943E+00,
     9.9164812284535131E-01,
     9.9312308551349382E-01,
     9.9157926125223916E-01,
     9.9188049036156123E-01,
     9.9189429072037072E-01,
     9.9160120586470146E-01,
     9.9148382550767700E-01,
     9.9178242664423433E-01,
     1.9275353271771776E+00,
     1.0004996406410029E+00
  ]
}
