{
  "version":  "0.2.0",
  "energy":    -1.0181582264847044E+00,
  "charges": [
     6.3096503220804223E-01,
    -3.5482614155505759E-01,
    -7.6529290326085986E-01,
     2.3158799735431304E-01,
     2.3326112413031741E-01,
     2.8628379611563420E-01,
     2.2607293355925151E-02,
    -6.2852261624801731E-04,
    -3.0429191248332477E-01,
    -4.3256313626626186E-03,
     2.8634003179590195E-02,
    -4.1469539182330184E-01,
     8.8497882791986782E-02,
     1.2078145871962749E-01,
     1.3878789627594046E-01,
     9.5514296996046105E-02,
    -2.3081520488589483E-01,
    -3.4302191810537036E-02,
    -4.1139529788426138E-01,
     6.9220097854045329E-02,
     1.0485323180196618E-01,
     1.2008067687217426E-01,
     8.1532459388990453E-02,
     7.5613458380887885E-02,
     3.4058549835217089E-01,
    -4.4338270747768943E-01,
    -2.6583285654401806E-01,
     3.7528442290708897E-01,
    -4.5570726706841241E-01,
    -3.5859459791247911E-01
  ],
  "coordination numbers": [
     5.6357112703434211E+00,
     9.9788530001487175E-01,
     3.9292919063486789E+00,
     9.9688554877250812E-01,
     1.0239196105043575E+00,
     1.0625431023809817E+00,
     3.0726724487144033E+00,
     3.0299145448534768E+00,
     3.0115273504272002E+00,
     3.0236213644245957E+00,
     3.0736759374299023E+00,
     2.0067228386253637E+00,
     9.9229854412705798E-01,
     9.9339781933961468E-01,
     1.0357354923164959E+00,
     9.9245448968226047E-01,
     3.9522370262512370E+00,
     4.0692829282361753E+00,
     1.9902797929146168E+00,
     9.9098523114651549E-01,
     9.9137934441911124E-01,
     9.9118308619583217E-01,
     9.8799102884670642E-01,
     9.8543983200236873E-01,
     3.0309193547959046E+00,
     1.0012181692238631E+00,
     2.6552802119812853E+00,
     3.4568041764421755E+00,
     1.0040769365452560E+00,
     1.9169367637521937E+00
  ]
}
