{
  "version":  "0.2.0",
  "energy":    -3.6945240905488508E-01,
  "charges": [
     7.1007440921772158E-01,
    -9.4688570240450423E-02,
    -9.7869424582335704E-02,
    -8.3293823212824081E-02,
     3.9821547451493189E-03,
    -7.9893997292540764E-02,
    -9.6540133964056862E-02,
     2.5074906361460270E-01,
    -3.6259095493641047E-01,
    -3.4766880709817788E-01,
     1.1567110981747036E-01,
     1.1638378318473150E-01,
     1.3452654360493713E-01,
     1.3850800467227772E-01,
     1.1752709790232257E-01,
    -9.1535843241206449E-02,
    -8.9917683514933885E-02,
    -7.3514487658091876E-02,
     7.4147174270095886E-03,
    -7.7044213993296723E-02,
    -9.4983902707565765E-02,
     2.2853691859607439E-01,
    -3.4392443280360369E-01,
    -3.7167942432651491E-01,
     1.1724420573634749E-01,
     1.2121436173043916E-01,
     1.3904491038516953E-01,
     1.3530509420432676E-01,
     1.1762985758532232E-01,
     2.8625642398953982E-01,
    -7.5933526454460942E-02,
     1.6366795745193580E-01,
    -4.7782977405764143E-01,
    -2.0971595324019335E-01,
    -4.3525460270478740E-03,
    -3.9943050423464393E-01,
     9.7864823970685619E-02,
     1.1494972889049788E-01,
     1.2823791887363456E-01,
     1.1145877343773707E-01,
     1.1986337852948983E-01,
    -5.5625302316274683E-01,
     2.6097121685809449E-01,
     2.9157857232322665E-01
  ],
  "coordination numbers": [
     7.7922679917415216E+00,
     3.0141972441065610E+00,
     3.0124790894427056E+00,
     3.0163402455559405E+00,
     3.0195904454435132E+00,
     3.0162485543111046E+00,
     3.0124989061313947E+00,
     3.9198030954606331E+00,
     1.9881157478808644E+00,
     1.9871408983064054E+00,
     9.9279148108926574E-01,
     9.9286004322688193E-01,
     9.9291719659499655E-01,
     9.9292473500154710E-01,
     9.9286619636605877E-01,
     3.0147925117780803E+00,
     3.0124688719857735E+00,
     3.0147116495251609E+00,
     3.0191185430581928E+00,
     3.0190165053515150E+00,
     3.0120544960251889E+00,
     3.6825333740221380E+00,
     1.9304110855956305E+00,
     2.8770953958865366E+00,
     9.9283933751978015E-01,
     9.9294567019228275E-01,
     9.9300158733931809E-01,
     9.9296639789954710E-01,
     9.9291849990151171E-01,
     1.0181831482203849E+00,
     1.9673656680933735E+00,
     2.2126266618267447E+00,
     1.0477011422288633E+00,
     3.9547596630739541E+00,
     4.2603929130370233E+00,
     1.9920170289956536E+00,
     9.9150201098287116E-01,
     9.9145506473915557E-01,
     9.9155311105061017E-01,
     9.9035007212188830E-01,
     9.9029560540914119E-01,
     2.9436090647731268E+00,
     1.0144108848645210E+00,
     1.5340012627047832E+00
  ]
}
