{
  "version":  "0.2.0",
  "energy":     1.1781364536853351E+00,
  "charges": [
     9.7920390514080191E-01,
     7.6769914641956849E-01,
     2.5309694843962927E-01
  ],
  "coordination numbers": [
     1.9445783836600796E+00,
     9.5839987438014873E-01,
     1.0092091642565162E+00
  ]
}
