{
  "version":  "0.2.0",
  "energy":     1.6265608519070851E+00,
  "charges": [
     7.3230548993479472E-01,
    -3.2451331565022112E-01,
     8.4128268959577035E-02,
    -9.1773554868191942E-03,
    -4.0412830954891232E-03,
    -2.8518973745086496E-02,
     1.4251135289892000E-01,
     1.4598065903885465E-01,
    -2.6778767269203696E-02,
    -2.9422857661204893E-03,
    -1.0365086184053185E-02,
     8.1218279855020670E-02,
    -3.2699805589200598E-01,
     1.8382920038476669E-01,
     2.0268731757749306E-01,
     2.0767472940414577E-01,
     1.7292558312867773E-01,
     1.7282361581051253E-01,
     2.0673233277634792E-01,
     1.9774590041584161E-01,
     1.6186344515470671E-01,
    -3.2589796207083510E-01,
     8.6263897928942623E-02,
    -5.8983354264856014E-03,
    -1.3461778312159334E-03,
    -2.5982026059533980E-02,
     1.4693911865626330E-01,
     1.4750160293636100E-01,
    -2.6802316155733585E-02,
    -3.7883439180259326E-03,
    -1.3805841250192574E-02,
     7.8408516748319376E-02,
    -3.2355855252953397E-01,
     1.7545625221560165E-01,
     2.0354573426851941E-01,
     2.0854524117668055E-01,
     1.7383203933658362E-01,
     1.7297309601130043E-01,
     2.0618781436043165E-01,
     1.9429718928417716E-01,
     1.5939730478945432E-01,
    -1.8535930472173828E-01
  ],
  "coordination numbers": [
     6.2956182804384158E+00,
     2.9945170085523491E+00,
     3.2308352688398578E+00,
     3.0071221387559097E+00,
     3.0203449661141351E+00,
     3.0104821671715332E+00,
     3.2204858803252252E+00,
     3.2243204263549439E+00,
     3.0103855975560458E+00,
     3.0212755489547787E+00,
     3.0067793986229567E+00,
     3.2548048651484081E+00,
     2.9972608476230329E+00,
     9.9277527004153399E-01,
     9.9288127201244958E-01,
     9.9268178001920582E-01,
     9.9306612491004209E-01,
     9.9308203980669951E-01,
     9.9266296744192140E-01,
     9.9288995611778930E-01,
     9.9264689632305902E-01,
     2.9972999233413393E+00,
     3.2513627321635132E+00,
     3.0068472537858160E+00,
     3.0213492761811791E+00,
     3.0102983467741051E+00,
     3.2252311679581140E+00,
     3.2327780774068762E+00,
     3.0109522150102892E+00,
     3.0206090301941577E+00,
     3.0073856494528721E+00,
     3.2519209854492006E+00,
     2.9971660821860890E+00,
     9.9247416762948504E-01,
     9.9288666670057868E-01,
     9.9267256311552465E-01,
     9.9306840578056033E-01,
     9.9307962980760589E-01,
     9.9268012787987825E-01,
     9.9289920528116760E-01,
     9.9295925919183681E-01,
     9.9903726403404125E-01
  ]
}
