{
  "version":  "0.2.0",
  "energy":    -1.3031157797036157E+00,
  "charges": [
    -6.5478249792624288E-01,
    -1.3622779974025312E+00,
     1.7060495328774072E-02
  ],
  "coordination numbers": [
     1.9222841166937048E+00,
     1.9822759985550196E+00,
     1.9069911884898989E+00
  ]
}
