{
  "version":  "0.2.0",
  "energy":    -7.3352987007883552E-01,
  "charges": [
     4.7388158343841202E-01,
    -4.9583087077158067E-01,
     5.4741995948998090E-02,
    -1.0327927086158295E+00
  ],
  "coordination numbers": [
     2.8486611133897881E+00,
     1.9387198264292014E+00,
     1.8514013452680329E+00,
     9.8315022251590900E-01
  ]
}
