{
  "version":  "0.2.0",
  "energy":     3.1382041387401388E-01,
  "charges": [
     7.1820307582197418E-01,
    -7.0756781802972846E-02,
    -7.5217304196836032E-02,
    -6.3483736138545632E-02,
     8.2830964664947215E-03,
    -7.9518940349400546E-02,
    -7.5010002405779708E-02,
     2.3726128068970009E-01,
    -3.2381067988230361E-01,
    -4.2808753556785284E-01,
     1.3933660373146456E-01,
     1.3855927342250873E-01,
     1.4828105025860608E-01,
     1.2573470186206415E-01,
     1.3800940369263617E-01,
     2.4730731423846880E-01,
    -5.1543798681068287E-02,
    -1.3496123955143580E-01,
    -1.3821254524575610E-01,
    -5.4302483317853922E-02,
    -2.7872026793645616E-01,
     1.1928019472501580E-01,
     1.2235343072395657E-01,
     1.2180694862741639E-01,
     1.1578517330435018E-01,
     1.1473952480371780E-01,
     1.1563210083074538E-01,
     1.2197775126013533E-01,
     1.1188603302268396E-01,
    -2.0199311696144162E-01,
    -8.3588167390273860E-03,
    -3.9386810139893819E-01,
     1.1749986317815300E-01,
     1.2027988272303981E-01,
     1.1648197320923895E-01,
     1.2865830158922473E-01,
     1.2511649258677926E-01,
    -5.9536611332764777E-02,
    -3.8429137158863580E-01,
     1.2521478538187636E-01,
     1.2682441721843996E-01,
     1.1716065972837594E-01
  ],
  "coordination numbers": [
     4.9071424787811271E+00,
     3.0150788065012684E+00,
     3.0116926182026660E+00,
     3.0191922765783854E+00,
     3.0180618484943311E+00,
     3.0143801846741045E+00,
     3.0113427712602476E+00,
     3.2857018933378681E+00,
     1.9204870536411276E+00,
     2.2406194062256022E+00,
     9.9286274311899980E-01,
     9.9295887875825262E-01,
     9.9296386526943703E-01,
     9.9248465110410677E-01,
     9.9298254932463870E-01,
     9.9322124303836823E-01,
     4.1205905420601887E+00,
     3.9865522025857327E+00,
     3.9792610372162835E+00,
     4.1448356981312680E+00,
     2.9257380549992673E+00,
     9.9221068209872509E-01,
     9.9168657555238049E-01,
     9.9160747352294631E-01,
     9.9198592305516620E-01,
     9.9196920386802390E-01,
     9.9137601657794239E-01,
     9.9123885287450442E-01,
     9.9535611346802177E-01,
     3.9542625802121121E+00,
     4.0822280870475351E+00,
     1.9919416551807423E+00,
     9.9165905294303958E-01,
     9.9142056917189514E-01,
     9.9136529875864365E-01,
     9.9070588491149536E-01,
     9.9064597430804469E-01,
     4.0856716218460614E+00,
     1.9920025334915756E+00,
     9.9086995155319268E-01,
     9.9097508769163234E-01,
     9.9086385856029846E-01
  ]
}
