{
  "version":  "0.2.0",
  "energy":     1.0234526703796769E+00,
  "charges": [
     6.7122885248349329E-01,
    -5.6347457647567223E-01,
     1.3627615553722827E-02,
     7.1026605121786157E-03,
    -5.6388754346629288E-01,
     2.7909015268648746E-01,
     3.0370862047515856E-01,
     1.8069435724190380E-01,
     1.7750063322838344E-01,
     1.7699970856508548E-01,
     1.6403218132942499E-01,
     2.9370328799542866E-01,
     2.8455702154901985E-01,
     1.6755528381526164E-02,
    -3.5371440012396010E-01,
     2.0262214789781272E-01,
     1.9460892578485789E-01,
     1.8680628587400444E-01,
     1.8535789559395510E-01,
    -1.5226754559108668E-01,
     2.9494819050456855E-01
  ],
  "coordination numbers": [
     5.1191819332988615E+00,
     3.9067498734526422E+00,
     4.0682100064664546E+00,
     4.0918355566768803E+00,
     3.9323830808368019E+00,
     1.0049184064186907E+00,
     9.9701568521301809E-01,
     9.9129086171962477E-01,
     9.9152014341555716E-01,
     9.9159346117251701E-01,
     9.9145205185878371E-01,
     1.0034340856991104E+00,
     1.0064298438521568E+00,
     4.0727569454725483E+00,
     1.9881890950677477E+00,
     9.9206411000224559E-01,
     9.9208260487783662E-01,
     9.9198852194425413E-01,
     1.8828148318246196E+00,
     9.9969994454287203E-01,
     9.9904327655552017E-01
  ]
}
