{
  "version":  "0.2.0",
  "energy":     8.8711334807204767E-01,
  "charges": [
     8.2796880307007381E-01,
    -5.5950934661341822E-01,
     5.7661548207940116E-03,
     1.0729790335049394E-02,
    -5.5261996593531471E-01,
     2.8613458112329793E-01,
     2.8717888321370011E-01,
     1.7034122259661758E-01,
     1.6730808663102104E-01,
     1.7641129221801474E-01,
     1.7066664482588045E-01,
     3.0172463879737643E-01,
     2.8143226123588605E-01,
     1.8957632268852642E-01,
    -9.4982348834417071E-02,
    -1.8261167302500719E-01,
    -1.7558590353597997E-01,
    -1.2943626636820815E-01,
     2.6338322639643530E-02,
    -3.6880696227348869E-01,
     1.8358225957114840E-01,
     1.7907161558904322E-01,
     1.8326561286549731E-01,
     1.7798142428715336E-01,
     1.7612127898703941E-01,
    -7.0520056001641429E-01,
     3.1496326253893958E-01,
     3.2221129229191481E-01,
     3.2997927627563073E-01
  ],
  "coordination numbers": [
     6.5915363251967412E+00,
     3.8968525371190355E+00,
     4.0625877806031863E+00,
     4.0579507449358596E+00,
     3.9130120192167306E+00,
     9.9835149869287765E-01,
     1.0000766873365601E+00,
     9.9155862752752455E-01,
     9.9132383256779555E-01,
     9.9129115437592574E-01,
     9.9152458151249601E-01,
     1.0036940320129384E+00,
     1.0044381802917384E+00,
     3.7350835681677763E+00,
     1.0011211213231306E+00,
     1.9799013493858260E+00,
     1.9775069092217032E+00,
     3.9556585574178955E+00,
     4.0740857412636666E+00,
     1.9868511702487055E+00,
     9.9176453979045842E-01,
     9.9159637647660137E-01,
     9.9161319611302190E-01,
     9.9170903482918238E-01,
     9.9169275585693750E-01,
     3.8984600185147977E+00,
     9.9832288091347099E-01,
     9.9664953054738259E-01,
     1.0052402354658865E+00
  ]
}
