{
  "version":  "0.2.0",
  "energy":    -1.3439053956253777E+00,
  "charges": [
     2.3465066699735981E-01,
    -6.3878324775264050E-01,
    -5.0706781222065533E-01,
    -1.0887996070240642E+00
  ],
  "coordination numbers": [
     2.9692566352128216E+00,
     9.9641573416476081E-01,
     9.9073725776271804E-01,
     9.8661548549605183E-01
  ]
}
