{
  "version":  "0.2.0",
  "energy":    -9.6304061412945341E-01,
  "charges": [
     7.2568484742947303E-01,
    -8.1255235574262202E-02,
    -3.6414795010146028E-01,
     8.7386209605229609E-02,
     1.1284904420155673E-01,
     1.0160670236030191E-01,
    -1.2267375254743385E-01,
    -1.1714349086244186E-01,
    -9.0014113476372559E-02,
     7.7343525272152158E-03,
    -9.7306660364469333E-02,
    -1.2557897137928814E-01,
     2.8485071113639560E-01,
    -4.6429499238898481E-01,
    -3.5288651734315785E-01,
     8.6890904271422043E-02,
     9.6798523478375517E-02,
     1.3594548409750845E-01,
     1.2132643506816665E-01,
     8.8073365767662420E-02,
    -3.3956282231746804E-01,
     3.4329476421637195E-02,
     2.9383548007741747E-02,
    -3.1244699651874958E-01,
     2.2243005379766263E-02,
     2.9547360219461458E-02,
    -4.1179851139824902E-01,
     9.8621332740435802E-02,
     1.6129039649807508E-01,
     1.1723744289998597E-01,
     9.2114065160402006E-02,
    -3.8098550478764509E-01,
    -2.2733366977907499E-01,
    -3.3102598573414049E-02,
    -3.8731464262166149E-01,
     7.0276013624751332E-02,
     1.1074933064165100E-01,
     1.1076728000571659E-01,
     9.0317074516261059E-02,
     9.1823523974940105E-02
  ],
  "coordination numbers": [
     6.1520630638671046E+00,
     4.0520601149279187E+00,
     1.9926624999365776E+00,
     9.9055217738620982E-01,
     9.9059483485294830E-01,
     9.9009458032636477E-01,
     3.0129656278265884E+00,
     3.0128640973299285E+00,
     3.0138244764779438E+00,
     3.0168883450715143E+00,
     3.0172242476814759E+00,
     3.0119251726971248E+00,
     3.1160314167808565E+00,
     1.0007316303427691E+00,
     1.9890761937706598E+00,
     9.9268708272027606E-01,
     9.9279285853127597E-01,
     9.9264019434084450E-01,
     9.9286835452008937E-01,
     9.9270227345662043E-01,
     9.8593282397383497E-01,
     3.0801616034281274E+00,
     3.1026834251069628E+00,
     2.9354106173036305E+00,
     3.1464369908631156E+00,
     3.0795479817248701E+00,
     2.0132569669380151E+00,
     9.9245427993136648E-01,
     9.9152492344739684E-01,
     9.9283542953229098E-01,
     9.9245712676000419E-01,
     9.7340977054293099E-01,
     3.9546260741982637E+00,
     4.0441289957138222E+00,
     1.9928207615006865E+00,
     9.9133111445872135E-01,
     9.9153146501879164E-01,
     9.9156686089238644E-01,
     9.8983702715547306E-01,
     9.9013553709143842E-01
  ]
}
