{
  "version":  "0.2.0",
  "energy":     9.9932972388056529E-01,
  "charges": [
     6.7460084783187724E-01,
     1.1465704423411660E-01,
     6.2081544376030973E-02,
    -3.7111617571345246E-01,
     6.0316199962190842E-02,
     1.1597760762021359E-01,
    -2.8440162325611318E-01,
     1.8524134809047038E-01,
     1.4518056378804406E-01,
     1.4469306588122538E-01,
     1.8614386951431650E-01,
    -1.9776408815547919E-01,
     3.6223512234618171E-02,
    -2.0022109304846947E-01,
    -1.9623737519293216E-01,
     1.5543432661650317E-01,
     1.4882141013105352E-01,
     1.4577790719870187E-01,
     1.5632360504086093E-01,
     1.4471505888711245E-01,
     1.4692666481694183E-01,
     1.5648216200062956E-01,
     1.4981862179387598E-01,
     1.4997474446761030E-01,
    -1.0565200226080318E-01,
     1.3834078752423506E-01,
    -3.7178590106858700E-01,
     1.7617654124290932E-01,
     1.7130984022192908E-01,
     1.7270607100297444E-01,
    -1.0745085782597918E-02
  ],
  "coordination numbers": [
     4.0767916442488037E+00,
     3.0655966376065003E+00,
     3.1518310230572650E+00,
     2.9722569907387157E+00,
     3.1483470997351741E+00,
     3.0658949784302676E+00,
     2.0166015845411556E+00,
     9.9249274631756812E-01,
     9.9233852477075857E-01,
     9.9255673369849351E-01,
     9.9249826339524372E-01,
     3.9563843017896527E+00,
     3.9531796026527379E+00,
     3.9568427582439618E+00,
     3.9567999118064030E+00,
     9.9280761349272861E-01,
     9.9271142022868109E-01,
     9.9275297678390650E-01,
     9.9299550224938571E-01,
     9.9285068698200352E-01,
     9.9320734799005717E-01,
     9.9292193488813130E-01,
     9.9306351955601002E-01,
     9.9281925062549270E-01,
     3.9576304942162333E+00,
     2.0114421178815345E+00,
     1.9611128414755292E+00,
     9.9150505358300922E-01,
     9.9152304352278442E-01,
     9.9150530776376122E-01,
     1.0066878747314441E+00
  ]
}
