{
  "version":  "0.2.0",
  "energy":    -1.7110352490220933E+00,
  "charges": [
     7.6053863371382802E-01,
     1.7707983431923391E-01,
    -2.6944178570979416E-01,
    -3.0209167159880979E-01,
    -3.7808606543511836E-01,
    -1.3682228375372074E-01,
    -1.3224505199352932E-01,
    -9.6245448248299059E-02,
     1.5376260404972975E-02,
    -7.9583483555981882E-02,
    -1.2650831588809119E-01,
     1.9570246791421542E-01,
    -3.3731558466317468E-01,
    -4.8795005815885939E-01,
     6.8231798650812581E-02,
     7.4958142422176272E-02,
     1.2548450539265910E-01,
     1.2652348164465355E-01,
     7.8115329940483647E-02,
     2.9750330277309867E-01,
     1.9767894927452079E-01,
    -2.8421359093048737E-01,
    -2.9677867190051072E-01,
    -3.7344935435705096E-01,
    -2.0768661431213908E-01,
    -4.2901843341734874E-01,
     6.6619813561789787E-01,
    -4.7798931679898249E-01,
    -3.6796511134665522E-01
  ],
  "coordination numbers": [
     7.7023899677677017E+00,
     3.5054758358592926E+00,
     1.8657112588710021E+00,
     1.9152565585647006E+00,
     1.0017149993390619E+00,
     3.0095712994571997E+00,
     3.0116252916631296E+00,
     3.0154530487727476E+00,
     3.0399916985424902E+00,
     3.0165449450664976E+00,
     3.0115328274457083E+00,
     4.0627153039224515E+00,
     1.9918112597607633E+00,
     2.0024883594449969E+00,
     9.9257608299637923E-01,
     9.9244360161104872E-01,
     9.9295534745001746E-01,
     9.9300123268853024E-01,
     9.9243289778091359E-01,
     9.9479056914474917E-01,
     3.4644220810688173E+00,
     1.8836315814865321E+00,
     1.8584853072188769E+00,
     1.0017941770410896E+00,
     9.8102771370853681E-01,
     1.9063383082742540E+00,
     5.0522131395991776E+00,
     9.9927455908343266E-01,
     1.8551560005928085E+00
  ]
}
