{
  "version":  "0.2.0",
  "energy":    -1.3460043852145833E+00,
  "charges": [
     2.6997271333082917E-01,
    -9.5500852038859818E-01,
    -1.3149641929422309E+00
  ],
  "coordination numbers": [
     1.9506359732387146E+00,
     9.8616072426592893E-01,
     9.6539160449845340E-01
  ]
}
