{
  "version":  "0.2.0",
  "energy":    -6.9476763036965750E-01,
  "charges": [
     3.6936429078257582E-01,
    -3.4055381254677153E-01,
    -3.5276976891234879E-01,
    -6.7604070932345539E-01
  ],
  "coordination numbers": [
     2.9753284932816531E+00,
     9.9477823498763396E-01,
     9.9328776052938750E-01,
     9.9180887819814245E-01
  ]
}
