{
  "version":  "0.2.0",
  "energy":    -1.8477946865455328E+00,
  "charges": [
     1.0105672188745327E+00,
     1.6967921905867764E-01,
    -2.9688653549902932E-01,
    -2.2065182661231120E-01,
    -2.0226596384073958E-01,
    -1.5334511438926601E-01,
     1.2543777270859457E-01,
    -3.2066475563311508E-01,
     1.6573258058757087E-01,
     1.0006106936342400E-01,
     1.5302041115695844E-01,
    -1.7514559263490870E-01,
     2.7345864955437155E-01,
    -1.9952630772696450E-01,
    -2.1857276574174500E-01,
     1.7131517346492114E-01,
    -2.1032522123413699E-01,
    -2.3832858975472754E-01,
    -2.9504131454893778E-01,
     2.0876861493205301E-01,
    -3.3688819655367153E-01,
    -2.3369358803605184E-01,
    -3.1708384698531750E-01,
    -7.4326570007488091E-01,
     3.2711424374904241E-01,
     2.8941381521109610E-01,
     2.9572090192706568E-01,
     1.9608169534107267E-01,
    -2.3967194321738797E-01,
    -2.2141891963397473E-01,
    -2.7237862524188960E-01,
    -1.7548597690159981E-01,
     3.2043342857323220E-01,
    -1.6115502627030176E-01,
    -1.6435269768751481E-01,
    -6.8408695724342078E-02,
    -2.1050579459955776E-01,
    -1.3174179596024102E-01
  ],
  "coordination numbers": [
     7.8955192480643701E+00,
     3.5171547908222802E+00,
     1.0016214779614687E+00,
     1.8489078373524519E+00,
     1.9387918150685515E+00,
     3.9574448285618153E+00,
     2.1137459474008331E+00,
     1.7818004998870993E+00,
     9.9106541459459851E-01,
     9.9186544022142442E-01,
     9.9159148432163224E-01,
     9.9887896759666628E-01,
     3.4125214871155913E+00,
     9.9881225264357276E-01,
     9.9840886989687228E-01,
     3.5301156972248320E+00,
     1.9302420937549343E+00,
     1.8649772332034669E+00,
     1.0016030236361591E+00,
     3.0110936622405502E+00,
     1.0019628417049393E+00,
     1.8956131433511523E+00,
     1.0023960827320195E+00,
     3.9229709268634769E+00,
     1.0062145898728039E+00,
     1.0007231430270256E+00,
     1.0043510886716405E+00,
     3.0857264425722892E+00,
     1.0899265720926730E+00,
     1.9833353922163495E+00,
     1.0024340373172871E+00,
     9.9888644093796763E-01,
     3.7044065123951357E+00,
     9.9882489366411509E-01,
     9.9878211200967737E-01,
     2.0368836761189817E+00,
     1.0156987770219104E+00,
     2.2970504700591947E+00
  ]
}
