{
  "version":  "0.2.0",
  "energy":    -3.6449184242053667E-01,
  "charges": [
     7.6306377545902615E-01,
    -9.4069584657364702E-02,
    -9.8321778158080742E-02,
    -8.4284857494143051E-02,
     8.4417132513133764E-03,
    -7.7203643034468583E-02,
    -9.5432250756316117E-02,
     2.5295509344769707E-01,
    -3.6419875037880012E-01,
    -3.8515583793485375E-01,
     1.1581218122763126E-01,
     1.1515347204542098E-01,
     1.2767814653412460E-01,
     1.3971756035614455E-01,
     1.1819579940466290E-01,
     5.8175605280203824E-02,
     4.2477072220217904E-02,
    -3.2205583234061652E-01,
     4.9991193649916554E-02,
     5.9929867052825547E-02,
    -3.7613027812848698E-01,
     1.1694240303005426E-01,
     1.2684071272577516E-01,
     1.3849064091602226E-01,
     1.1759399407661489E-01,
    -3.1376467529751828E-01,
    -8.8482597569420784E-02,
    -3.0332623369873302E-01,
     2.5112701585455155E-01,
    -2.5354325766572317E-01,
    -1.1334517835724589E-01,
    -2.7687947823697545E-01,
    -1.2157812120182426E-01,
     1.1065670745657519E-01,
     1.1811175179356823E-01,
     9.9014644235690785E-02,
     1.2958662729778769E-01,
     1.1431836707766180E-01,
     1.1079103558344229E-01,
     1.2192027858121862E-01,
     1.0554001455797962E-01,
     1.1753117085806331E-01,
    -2.6228448906362556E-01
  ],
  "coordination numbers": [
     7.1967069760124804E+00,
     3.0142554254622933E+00,
     3.0122973695529467E+00,
     3.0164526338658098E+00,
     3.0191055733330252E+00,
     3.0164277016811116E+00,
     3.0126107161162174E+00,
     3.7955495236224097E+00,
     1.9643348705326131E+00,
     1.9405733473021272E+00,
     9.9281005744978046E-01,
     9.9284823368200747E-01,
     9.9293099982547961E-01,
     9.9291405807417554E-01,
     9.9290526293897585E-01,
     3.0783412246883959E+00,
     3.0956938957330591E+00,
     2.8860740688180480E+00,
     3.1003177151738601E+00,
     3.0783228772923188E+00,
     2.0145752771028365E+00,
     9.9248275852774270E-01,
     9.9256134942857699E-01,
     9.9269594521603732E-01,
     9.9249999973526126E-01,
     9.8164720894782320E-01,
     4.1656176352656145E+00,
     1.9897694744023600E+00,
     4.0798360617930083E+00,
     2.8055459438459689E+00,
     4.1583746631762484E+00,
     2.7897457477437744E+00,
     4.1636829579145562E+00,
     9.9136094303350930E-01,
     9.9201137426394137E-01,
     9.9110015120746109E-01,
     9.9226255671092467E-01,
     9.9170224254523021E-01,
     9.9161680395350249E-01,
     9.9212485350923441E-01,
     9.9156114977175580E-01,
     9.9166396153489611E-01,
     9.8860154923559307E-01
  ]
}
