{
  "version":  "0.2.0",
  "energy":    -1.0993851443934037E-01,
  "charges": [
    -1.2708934261617152E-01,
     4.3122689735260955E-01,
    -1.5206533931206040E-01,
    -1.5207221542437763E-01
  ],
  "coordination numbers": [
     2.6935472681979684E+00,
     7.7659313744238911E-01,
     9.6010408045876527E-01,
     9.6000915171433654E-01
  ]
}
