{
  "version":  "0.2.0",
  "energy":    -1.0342474842635885E-01,
  "charges": [
    -8.7153107221846771E-03,
     4.4439251845211586E-01,
    -1.2172052586851637E-01,
    -1.9219946543113126E-01,
    -1.2175721643028356E-01
  ],
  "coordination numbers": [
     3.7739293414688664E+00,
     1.8942032588019053E+00,
     9.6561696997961022E-01,
     1.8420496531036585E+00,
     9.6494950135913982E-01
  ]
}
