{
  "version":  "0.2.0",
  "energy":    -9.0873742365055810E-01,
  "charges": [
     6.6710661728671217E-01,
    -8.6795518764255508E-02,
    -1.7614476770608412E-01,
    -1.3703833730647708E-01,
     1.8518470737024284E-02,
    -3.5450098963782917E-01,
    -1.0085631473642720E-01,
    -1.0053725809396030E-01,
     3.4117843756104493E-02,
    -3.2920681795863527E-01,
     3.5383677543271985E-02,
    -9.6813624372718787E-02,
     1.0089365663062400E-01,
     1.0134393425230612E-01,
     1.3925853197955917E-01,
     1.2198541985832728E-01,
     1.0359169390509018E-01,
     8.4997464626640040E-02,
    -4.1452339931842042E-01,
    -1.4729042913814550E-01,
     3.0189090959803189E-01,
    -2.0853081866885659E-01,
    -2.3567021105903707E-01,
    -3.2117973341284412E-01
  ],
  "coordination numbers": [
     6.3028498209379054E+00,
     3.8828700972803638E+00,
     2.0221037327524600E+00,
     2.0244360832247450E+00,
     1.0620394676959872E+00,
     1.9842714259439456E+00,
     3.0222945741124985E+00,
     3.0112261778224552E+00,
     3.1122843578186838E+00,
     2.9160113838499573E+00,
     3.1990104142182139E+00,
     3.0110200638421203E+00,
     9.9275530697699743E-01,
     9.9299847687598319E-01,
     9.9261491048238870E-01,
     9.9418308797769139E-01,
     9.9304137020521566E-01,
     1.9664919008775001E+00,
     1.0152772852263556E+00,
     1.9460309062368246E+00,
     4.3566708189913168E+00,
     9.9881630640134311E-01,
     9.9836002281384140E-01,
     9.8366864426363509E-01
  ]
}
