{
  "version":  "0.2.0",
  "energy":    -1.2837760840979289E+00,
  "charges": [
     1.6369833036032007E+00,
    -1.9224811214211238E-01,
     1.1927145046514609E-01,
    -1.1052109348306161E-01,
     7.3905683873463301E-02,
    -5.1732386765942717E-01,
    -2.1478177185151129E-01,
    -4.5616400560327608E-01,
     1.0017723075080492E-01,
     8.3319410594123400E-02,
     1.0640211740095282E-01,
     1.0333100648117949E-01,
     7.2370579592724443E-02,
     9.4685855939309935E-02,
     9.2298746476260962E-02,
    -2.4601360258351621E-01,
    -7.4009540012125702E-02,
    -5.2967303987124470E-01,
     7.4271494697492266E-02,
     8.6124638204409132E-02,
     1.0914207358822300E-01,
     8.8117725321277457E-02,
     1.1183935591642839E-01,
     2.2968871438431337E-01,
    -8.6455101344431928E-01,
     2.5027618523408324E-01,
     2.6144735298778932E-01,
     2.5000069271031111E-01,
    -6.8735664050194056E-01,
    -4.9284270275129910E-01,
    -5.5816822831765933E-01
  ],
  "coordination numbers": [
     6.1892139662411125E+00,
     4.0930981470187042E+00,
     2.9877934269704687E+00,
     2.9931626247898624E+00,
     3.1354347523606254E+00,
     1.9885356422583103E+00,
     3.9602640126016526E+00,
     1.0026362232749477E+00,
     1.0041113093178931E+00,
     1.0981076686781179E+00,
     9.9202326511806582E-01,
     9.9276539796927388E-01,
     9.9202189021441356E-01,
     9.9133329732638487E-01,
     9.9148072616979110E-01,
     3.9565456146262994E+00,
     4.0160103239517602E+00,
     2.9012074152416645E+00,
     9.9154831556131739E-01,
     9.9130610700440158E-01,
     9.9169881647628966E-01,
     9.9080499039984105E-01,
     9.9153529161829734E-01,
     1.0765693612792404E+00,
     3.9008956934255359E+00,
     1.0172879614793420E+00,
     9.9878774185150920E-01,
     1.0028479648087236E+00,
     9.7708935255106333E-01,
     9.9758494025014599E-01,
     9.7790810706229525E-01
  ]
}
