{
  "version":  "0.2.0",
  "energy":    -3.2897447549354579E+00,
  "charges": [
    -8.6184463222878094E-03,
    -1.4539820966348072E+00,
    -1.6381606231242023E+00,
    -1.8992388339187030E+00
  ],
  "coordination numbers": [
     2.8899149527856576E+00,
     9.9941482158084494E-01,
     9.1552569025708230E-01,
     9.7905445371047684E-01
  ]
}
