{
  "version":  "0.2.0",
  "energy":    -5.3940497908173679E-02,
  "charges": [
     4.8716289566940346E-01,
    -1.2176442378722868E-01,
    -1.2180951546374715E-01,
    -1.2160851155391143E-01,
    -1.2198044486451617E-01
  ],
  "coordination numbers": [
     3.9597261789828666E+00,
     9.9371118101470213E-01,
     9.9372173086845272E-01,
     9.9364590940601882E-01,
     9.9377197252684812E-01
  ]
}
