{
  "version":  "0.2.0",
  "energy":     3.5150851067951649E-01,
  "charges": [
     8.1713524285495076E-01,
    -4.9653020902967512E-02,
    -5.2614789951465235E-02,
    -6.1285597337788669E-02,
     1.6375619471866915E-02,
    -5.5789279639803312E-02,
    -5.6237014740602484E-02,
     2.6005046723072367E-01,
    -3.6565176451568526E-01,
    -3.7921177365825265E-01,
     1.5992731538469485E-01,
     1.5989312281890589E-01,
     1.4568687322231760E-01,
     1.4434676758334958E-01,
     1.5690469124080411E-01,
     2.6848918601385041E-01,
    -9.0029935499467084E-02,
    -1.1344350835310876E-01,
    -7.8021272388859675E-01,
     2.8852109170670787E-01,
     2.8990606481442582E-01,
     2.9689296614514027E-01
  ],
  "coordination numbers": [
     4.0150809593283707E+00,
     3.0152025640624016E+00,
     3.0110928341058933E+00,
     3.0147314200913788E+00,
     3.0182708037363861E+00,
     3.0174043386099170E+00,
     3.0114428681888725E+00,
     3.0608878421891461E+00,
     1.9905001854490862E+00,
     1.9920404642186522E+00,
     9.9285867237884240E-01,
     9.9299191579850010E-01,
     9.9243937322029918E-01,
     9.9275926855841323E-01,
     9.9294628938851570E-01,
     9.9321610220408729E-01,
     9.9704551521155960E-01,
     9.9557136499350651E-01,
     3.9370504988558066E+00,
     1.0059056467149770E+00,
     1.0066811242599059E+00,
     9.9882251859595161E-01
  ]
}
