{
  "version":  "0.2.0",
  "energy":    -9.1467553962669568E-01,
  "charges": [
     8.1665745839224479E-01,
    -1.0870859341526135E-01,
    -4.4157834721562478E-01,
     6.8493008403663597E-02,
     7.4073888081205005E-02,
     6.9508782501899444E-02,
    -3.7772203883266292E-01,
     1.6786309866339888E-02,
    -4.0477127590539602E-01,
    -1.0894402744853157E-01,
    -4.4401885575115813E-01,
     6.8176405086701253E-02,
     7.4823119320528472E-02,
     6.9116886756950241E-02,
    -6.2260314718149257E-01,
     2.5071042734059451E-01
  ],
  "coordination numbers": [
     4.1268191460225045E+00,
     4.0099290666716634E+00,
     1.9928258626854989E+00,
     9.8895132068583447E-01,
     9.8900869886791920E-01,
     9.8894626292897225E-01,
     1.9959116102668943E+00,
     2.0297108543761686E+00,
     1.0054649706564307E+00,
     4.0094863444675681E+00,
     1.9926985299761819E+00,
     9.8892008351437077E-01,
     9.8899086487961618E-01,
     9.8894224757088800E-01,
     1.9915405316295631E+00,
     1.0008387907772498E+00
  ]
}
