{
  "version":  "0.2.0",
  "energy":     1.0182205512049300E+00,
  "charges": [
     7.4981267919734229E-01,
     5.7857769618471909E-02,
     3.0772781394310900E-01,
    -2.2756061179543019E-01,
    -2.4762588760017740E-01,
    -5.3808246063622944E-01,
     2.0072942259266280E-01,
     1.9916572181799574E-01,
     3.2277312473547931E-01,
     3.2135362717185101E-01,
     2.2841953639626941E-01,
    -1.3698294237525174E-01,
    -2.4685676334028350E-01,
     1.1807150854972608E-01,
    -4.8717242886998011E-02,
     1.1416296005992366E-02,
     4.0887205286758432E-03,
     1.0667214775054440E-01,
    -3.2210145389466993E-01,
     1.0801357276434342E-01,
     7.3452708612988526E-03,
     2.1608518681972427E-01,
     2.0887886436814668E-01,
     1.8901824080473162E-01,
     1.9936877963354480E-01,
     2.1112907896913027E-01
  ],
  "coordination numbers": [
     6.8960179892866940E+00,
     4.0841106606680171E+00,
     4.0244078085874584E+00,
     1.9828455088290688E+00,
     1.9854812464313021E+00,
     3.8780488525223245E+00,
     9.9224061409691089E-01,
     9.9222779666752459E-01,
     9.9632886714235092E-01,
     9.9620652595263159E-01,
     1.8861988346867795E+00,
     9.9972093095885217E-01,
     2.0019569977872376E+00,
     2.1125898170175645E+00,
     1.0044078873400890E+00,
     3.0226025865739370E+00,
     3.0074682300427682E+00,
     3.3065673696940143E+00,
     2.9904002050197169E+00,
     3.1784340066976151E+00,
     3.0078429452718440E+00,
     9.9274011095862580E-01,
     9.9295475625516527E-01,
     9.9456320650085495E-01,
     9.9267729828279094E-01,
     9.9294375321126349E-01
  ]
}
