{
  "version":  "0.2.0",
  "energy":     9.6402164813893554E-01,
  "charges": [
     8.5160734355113377E-01,
     1.8121637478955474E-01,
    -7.8758649142834591E-02,
    -1.8487397622921053E-01,
    -1.9388269290856699E-01,
    -1.2657290380912223E-01,
     4.3895667589830212E-02,
    -3.5880125530134555E-01,
     1.9054960863563619E-01,
     1.6889802419520203E-01,
     1.5953672309879163E-01,
     1.9462545998910902E-01,
     1.8975564002460282E-01,
     1.4603436917659568E-01,
     1.0110208541934021E-01,
    -3.4040631550635048E-01,
     9.9084904577609045E-02,
     1.4502678522961737E-01,
    -2.4612842465348916E-01,
     2.1803429027822285E-01,
     1.8007220259387852E-01,
     1.8033903780839772E-01,
     2.1619461893247219E-01,
    -7.1755913460852339E-01,
     3.2489314918183032E-01,
     3.3082584250189678E-01,
     3.2529122458572163E-01
  ],
  "coordination numbers": [
     6.9557914490550079E+00,
     3.7787836037449756E+00,
     1.0010328096765493E+00,
     1.9873158892458855E+00,
     1.9836171576467230E+00,
     4.5115653541061560E+00,
     4.4898651066658815E+00,
     1.9882251028408540E+00,
     9.9157221031044873E-01,
     1.0471492406589524E+00,
     1.0429209853066412E+00,
     9.9169394055268878E-01,
     9.9171140615539066E-01,
     3.0617013443971119E+00,
     3.2719424889220736E+00,
     2.9953524329927408E+00,
     3.2149659681735390E+00,
     3.0621399275191523E+00,
     2.0169595860864646E+00,
     9.9245063441266979E-01,
     9.9283951354279321E-01,
     9.9256346951312224E-01,
     9.9244952800739394E-01,
     3.9406132442430435E+00,
     1.0079326872728673E+00,
     1.0041337252731104E+00,
     1.0025437622660700E+00
  ]
}
