{
  "version":  "0.2.0",
  "energy":    -1.1271466802777723E+00,
  "charges": [
     8.7931619129998762E-01,
    -2.1255129353109228E-01,
     8.1564562246667083E-02,
    -1.1359213368798582E-01,
     7.6913262848572084E-02,
    -3.5511104954296985E-01,
    -2.2504540331972400E-01,
    -3.0099330452194228E-01,
     7.0567450832206391E-02,
     1.0123116964752901E-01,
     9.9713556148244772E-02,
     7.9393552495526903E-02,
     6.9485742302943895E-02,
     8.5942919908788218E-02,
     8.5954004978394088E-02,
    -2.6583142046072200E-01,
     2.3059343997315124E-01,
    -3.8460641767782144E-01,
    -2.4133797454184513E-01,
    -2.5393090411334041E-01,
     8.8913879075888547E-02,
     7.2015506183208358E-02,
     9.6318221653414943E-02,
     7.7169582885040666E-02,
     1.4235204815876751E-01,
     1.2409819419078318E-01,
     9.3885960974645813E-02,
     7.4565018873255243E-02,
     1.2803181613117351E-01,
    -7.4055547676462785E-01,
     2.7193859845241253E-01,
     2.5515696216630229E-01,
     2.6650056272816125E-01,
    -5.3739298976004402E-01,
     2.7571252234569160E-01,
     1.6837279441165154E-01,
    -2.6422238277657462E-01,
    -2.7828520005381807E-01,
    -3.4056108424307213E-01,
    -1.8247881201986316E-01,
     8.8114871673352829E-02,
    -3.9312125380754487E-01,
     1.3667101366596490E-01,
     8.6608240059924138E-02,
     1.3569786453648752E-01,
     1.0954970733951602E-01,
    -4.6273211736466618E-01
  ],
  "coordination numbers": [
     7.6266183511742209E+00,
     3.9592369412756998E+00,
     3.0326192305689190E+00,
     2.9943016584006426E+00,
     3.0098670944257284E+00,
     1.8115052498337123E+00,
     3.9589237796428982E+00,
     1.9289347695255437E+00,
     9.9193172958136788E-01,
     9.9160541560160453E-01,
     9.9157389890460301E-01,
     9.9295374737423980E-01,
     9.9192945734426985E-01,
     9.9148689942724566E-01,
     9.9147312598327364E-01,
     3.9565645278232360E+00,
     4.5122352519125766E+00,
     1.9371847893103729E+00,
     3.9574638254559318E+00,
     3.9568435020599972E+00,
     9.9337941917860650E-01,
     9.9238044001933723E-01,
     9.9362181554128171E-01,
     9.9366462759532759E-01,
     9.9668394062715304E-01,
     9.9421193862639967E-01,
     9.9386049997492787E-01,
     9.9254981554424848E-01,
     9.9482549943768372E-01,
     3.8471588952019919E+00,
     9.9805444761519180E-01,
     9.9647049586961423E-01,
     1.0054551379155976E+00,
     1.9993257850812212E+00,
     1.1174900109824843E+00,
     3.3389288385332501E+00,
     1.8290594339727235E+00,
     1.7463061161862683E+00,
     1.0017986582140326E+00,
     3.9576711968001321E+00,
     2.1136195207545718E+00,
     1.5969766243185841E+00,
     9.9132106642107232E-01,
     9.9188141335095725E-01,
     9.9167198145407731E-01,
     1.9065847708982924E+00,
     1.0004974758507750E+00
  ]
}
