{
  "version":  "0.2.0",
  "energy":    -6.9928605847122988E-02,
  "charges": [
     4.0449999524125091E-01,
    -4.0449999524125091E-01
  ],
  "coordination numbers": [
     9.9846154521380548E-01,
     9.9846154521380548E-01
  ]
}
