{
  "version":  "0.2.0",
  "energy":    -9.8612418427445037E-01,
  "charges": [
     8.6685092645496509E-01,
    -1.1829906786476599E-01,
    -1.1810183645591443E-01,
    -9.2012669925957025E-02,
     4.3682068039125332E-03,
    -9.2358941459938532E-02,
    -1.1841526862362783E-01,
     2.6098735869858664E-01,
    -3.4919982592687937E-01,
    -3.6091737395855344E-01,
     9.0494570776341071E-02,
     9.4266930477440752E-02,
     1.2607906749830375E-01,
     1.2544492053221659E-01,
     9.4012322858863073E-02,
    -1.1811173236527819E-01,
    -1.1794691128442765E-01,
    -9.1858288728883769E-02,
     3.9428907461585005E-03,
    -9.2626406781609688E-02,
    -1.1831081886763464E-01,
     2.5461222452472909E-01,
    -3.5394068031216702E-01,
    -3.5851571318154474E-01,
     9.0627077957984095E-02,
     9.4446716706760900E-02,
     1.2625771952013701E-01,
     1.2540069103117726E-01,
     9.4057255362520797E-02,
    -2.0477510002497418E-01,
     1.4247732215623465E-01,
    -4.2400300854648348E-01,
    -1.1810875844191907E-01,
    -1.1828115958432386E-01,
    -9.2316958496623427E-02,
     3.9283927179485506E-03,
    -9.2348989211814878E-02,
    -1.1803953111559307E-01,
     2.5408433987329349E-01,
    -3.5497393609966460E-01,
    -3.5945497251824776E-01,
     9.0630143895170878E-02,
     9.4137809010060997E-02,
     1.2586953532009709E-01,
     1.2562758154647974E-01,
     9.4313945307444150E-02
  ],
  "coordination numbers": [
     7.7597223856111102E+00,
     3.0133674575552334E+00,
     3.0124027836419591E+00,
     3.0163194052539728E+00,
     3.0178131010185165E+00,
     3.0160956885101964E+00,
     3.0124955415857908E+00,
     3.8352904230441904E+00,
     1.9490739572961253E+00,
     1.9684737614081431E+00,
     9.9270650673681438E-01,
     9.9275079125983723E-01,
     9.9288627870595025E-01,
     9.9288860238108434E-01,
     9.9275411535957581E-01,
     3.0134113561285671E+00,
     3.0123974524935999E+00,
     3.0162537038633648E+00,
     3.0178582286886515E+00,
     3.0160230364209690E+00,
     3.0124582506857980E+00,
     3.8247876301071324E+00,
     1.9507059698934262E+00,
     1.9623771965569912E+00,
     9.9270895949730331E-01,
     9.9275618127020504E-01,
     9.9287958523227537E-01,
     9.9288847889261422E-01,
     9.9275707244567268E-01,
     1.0114215536102886E+00,
     2.0460247895920611E+00,
     2.0019412526999956E+00,
     3.0134371340216886E+00,
     3.0124277119516725E+00,
     3.0162411931385478E+00,
     3.0179762490640893E+00,
     3.0160689220124866E+00,
     3.0125052527208771E+00,
     3.8196278620579616E+00,
     1.9434242909715449E+00,
     1.9642755364128446E+00,
     9.9271367759372353E-01,
     9.9275893704097928E-01,
     9.9289394572310563E-01,
     9.9288321896348819E-01,
     9.9276515380713093E-01
  ]
}
