{
  "version":  "0.2.0",
  "energy":     5.1194100026423139E-01,
  "charges": [
     4.7990137302220415E-01,
     5.9328798656699711E-02,
     4.6076982832109692E-01
  ],
  "coordination numbers": [
     1.9119721131965655E+00,
     1.8944260611313100E+00,
     1.9057722782201960E+00
  ]
}
