{
  "version":  "0.2.0",
  "energy":     1.7961920645754890E+00,
  "charges": [
     9.4908950135613024E-01,
     2.7893104699975624E-01,
     1.1105700236292515E+00,
     2.6847447395189850E-01,
     3.9293495406296364E-01
  ],
  "coordination numbers": [
     2.0531085369176276E+00,
     1.9939334233298833E+00,
     9.7594110643637322E-01,
     1.9701848855359110E+00,
     1.0622062767420175E+00
  ]
}
