{
  "version":  "0.2.0",
  "energy":     2.6187567297491110E-01,
  "charges": [
     9.2490567306025262E-01,
    -8.8430182917077466E-02,
    -4.1645767851592436E-01,
     1.3534895201723107E-01,
     1.3876177322124389E-01,
     1.4287926433319187E-01,
     2.6658231285043854E-01,
    -1.2503563165494402E-01,
     8.8329152863362653E-02,
     5.4772933139065200E-02,
    -3.4132103997694951E-01,
     5.7094804545203520E-02,
     8.6949922491288315E-02,
    -3.2667013852532023E-01,
     1.5518166539848646E-01,
     1.3782792617782971E-01,
     1.4416276509722667E-01,
     1.5385134108942267E-01,
    -1.4579942711560789E-01,
     1.0414855570494086E-01,
    -3.7614442620646904E-01,
     1.4113139159930965E-01,
     1.4134199457546745E-01,
     1.4268601520071506E-01,
    -1.7981560085528414E-01,
     4.4398617323172709E-03,
    -4.1660130348607960E-01,
     1.3316894416662506E-01,
     1.4192259502006629E-01,
     1.4362652213471666E-01,
     1.4021203217572620E-01,
     1.3662497541840893E-01,
    -2.9967594475888049E-01
  ],
  "coordination numbers": [
     6.2230642054896821E+00,
     4.0132152185920660E+00,
     2.9247809785539616E+00,
     9.9177236596841034E-01,
     9.9183740097172013E-01,
     9.9212816913895718E-01,
     1.0744273483612501E+00,
     9.9644747416929036E-01,
     3.0727750046052922E+00,
     3.1887864209017325E+00,
     2.9640499718537248E+00,
     3.1333466373007894E+00,
     3.0727986716523663E+00,
     2.0154651762790836E+00,
     9.9254497891755289E-01,
     9.9292156552391386E-01,
     9.9279115106224047E-01,
     9.9253839626772944E-01,
     3.9582313600745138E+00,
     2.0178885767066594E+00,
     1.9558561638490053E+00,
     9.9169804174754717E-01,
     9.9179826733508403E-01,
     9.9181006820951190E-01,
     3.9579639509772324E+00,
     4.1239945641652263E+00,
     1.9911903219874967E+00,
     9.9178843199471256E-01,
     9.9171865999633901E-01,
     9.9163025534592020E-01,
     9.9119028744780557E-01,
     9.9116753546382874E-01,
     9.9868847806455374E-01
  ]
}
