{
  "version":  "0.2.0",
  "energy":    -1.9497827578244626E+00,
  "charges": [
    -8.1415610272407957E-02,
    -1.7825966826846980E+00,
    -1.1359877070428941E+00
  ],
  "coordination numbers": [
     1.9729347062829632E+00,
     9.7601871946277718E-01,
     9.9786596688896356E-01
  ]
}
