{
  "version":  "0.2.0",
  "energy":     1.3618783738979034E-01,
  "charges": [
     2.4140300464817299E-02,
     4.8210495292029648E-01,
     7.6759723175217487E-01,
     4.8535305509088156E-01,
    -7.5919554022817026E-01
  ],
  "coordination numbers": [
     3.3910991862315960E+00,
     1.9179932423450996E+00,
     3.3802399926828368E+00,
     1.9778117140439511E+00,
     1.9626176046446204E+00
  ]
}
