{
  "version":  "0.2.0",
  "energy":    -2.2501799334081078E-02,
  "charges": [
     2.9263597439173772E-01,
    -5.8185566813287126E-02,
    -5.8274501277137625E-02,
    -5.9713856513789132E-02,
    -5.8278041604161723E-02,
    -5.8184008183361779E-02
  ],
  "coordination numbers": [
     4.6429442858582384E+00,
     9.2502136214314934E-01,
     9.2581376511565150E-01,
     9.7388571592016415E-01,
     9.2565545377628133E-01,
     9.2508242240521366E-01
  ]
}
