{
  "version":  "0.2.0",
  "energy":     1.4712306939909396E+00,
  "charges": [
     7.1518977464183386E-01,
    -5.8211014589068533E-01,
    -3.1280728758940057E-03,
    -1.8342247651123134E-02,
    -4.3372237974734168E-01,
    -2.2033180522304741E-02,
     5.6045813631799835E-03,
    -6.0636780642469190E-01,
     2.7506286324381102E-01,
     2.6902915277002898E-01,
     1.6589706066095783E-01,
     1.4982075225448946E-01,
     1.4859579768754727E-01,
     1.5510494030403946E-01,
     2.3416958041400926E-01,
     1.5402042289636408E-01,
     1.4888985502622368E-01,
     1.6225148083654020E-01,
     1.4261034449003379E-01,
     2.6203688732073710E-01,
     2.5996924672751054E-01,
    -1.1025778051849934E-01,
    -2.8948883326493757E-02,
    -3.3260790319261202E-01,
     2.9365512112907355E-01,
    -2.8861551477255232E-01,
    -7.3345660871560914E-02,
    -2.8743246553948981E-01,
    -8.2776329346040345E-02,
     1.7327160441061951E-01,
     1.7381310845515169E-01,
     1.7322208220152033E-01,
     1.5372802909504754E-01,
     1.6953054650085075E-01,
     1.5530307930166670E-01,
     1.5578595224861491E-01,
     1.6194561661899781E-01,
     1.3360401836645927E-01,
    -1.8897174924498811E-01,
     5.0080647982548715E-02,
    -1.9256931195397164E-01,
    -1.9091506874627928E-01,
     1.6900927182056652E-01,
     1.4992203908128188E-01,
     1.5766910037495280E-01,
     1.6470811945195690E-01,
     1.4520521200684433E-01,
     1.4806069624913812E-01,
     1.6445182883811574E-01,
     1.5232793083041063E-01,
     1.4859775502340364E-01
  ],
  "coordination numbers": [
     7.4401388342298329E+00,
     3.9314998291345500E+00,
     4.0498695812649084E+00,
     4.1007163721757127E+00,
     3.9049870353410983E+00,
     4.0664884284733835E+00,
     4.3209932127842832E+00,
     3.9419985099297437E+00,
     1.0069277359980555E+00,
     1.0105038637642600E+00,
     9.9154351611507074E-01,
     9.9158711589525073E-01,
     9.9104268984565902E-01,
     9.9121603456079121E-01,
     1.0012116174956569E+00,
     9.9138169380306618E-01,
     9.9149380795465181E-01,
     9.9135321836527357E-01,
     9.9666886527042298E-01,
     9.9866176840369203E-01,
     1.0139514619999259E+00,
     1.0003027071388706E+00,
     4.1147054988351695E+00,
     1.9825630538231529E+00,
     4.0848329685420737E+00,
     2.9485392556891385E+00,
     4.1251863701350313E+00,
     2.9433923246074274E+00,
     4.1150490743149906E+00,
     9.9233906519866455E-01,
     9.9232723178115556E-01,
     9.9183323925583089E-01,
     9.9230631414255388E-01,
     9.9179931377644159E-01,
     9.9200583399570430E-01,
     9.9186525813844995E-01,
     9.9176614594648882E-01,
     9.9203012108360333E-01,
     3.9565330535389176E+00,
     3.9520128059543014E+00,
     3.9565190187196064E+00,
     3.9581796748808635E+00,
     9.9296331224685286E-01,
     9.9262175785987861E-01,
     9.9284592788545023E-01,
     9.9281503046840847E-01,
     9.9313892208144861E-01,
     9.9257736628674564E-01,
     9.9292073710478146E-01,
     9.9291969448581341E-01,
     9.9326366467440685E-01
  ]
}
