{
  "version":  "0.2.0",
  "energy":    -2.9090454589152076E-01,
  "charges": [
     7.7825383721426111E-01,
     7.4428437773708422E-01,
    -4.4845656083918811E-01,
    -6.5527682871761761E-01,
    -4.1880482539453956E-01
  ],
  "coordination numbers": [
     3.2625207422587827E+00,
     1.2740665547633672E+00,
     9.9903186720832071E-01,
     1.9960697373451612E+00,
     9.9653074450406987E-01
  ]
}
