{
  "version":  "0.2.0",
  "energy":    -1.7788468575866114E+00,
  "charges": [
    -1.2800418480635529E+00,
    -1.7199581519364471E+00
  ],
  "coordination numbers": [
     9.7876367887218230E-01,
     9.7876367887218230E-01
  ]
}
