{
  "version":  "0.2.0",
  "energy":    -6.6751861512285293E-02,
  "charges": [
     5.1339289263016996E-01,
    -2.5670597252886862E-01,
    -2.5668692010130134E-01
  ],
  "coordination numbers": [
     1.9968777531050854E+00,
     9.9893417234793613E-01,
     9.9893326125060966E-01
  ]
}
