{
  "version":  "0.2.0",
  "energy":     9.1315909808974749E-01,
  "charges": [
     7.9088725887929590E-01,
    -5.9847298859205145E-01,
    -5.1391815541157460E-04,
     1.6295000309621277E-03,
    -6.0063330103571522E-01,
     2.7453623523326154E-01,
     2.7881184376670876E-01,
     1.6129021279571845E-01,
     1.6286511348485061E-01,
     1.6267235346057177E-01,
     1.6440851133253093E-01,
     2.7618694516294973E-01,
     2.7843464949258501E-01,
     8.5287145305668902E-02,
    -2.4259270075761796E-01,
    -6.1162794855035063E-02,
    -2.7857366633566361E-01,
     2.9812798950965308E-01,
    -2.7806412024441518E-01,
    -6.1686577454574398E-02,
    -2.9554557764195327E-01,
    -2.4016816330044100E-02,
     1.6776947723158853E-01,
     1.5589492277824260E-01,
     1.6871745525350546E-01,
     1.6798370608929281E-01,
     1.5571658829582233E-01,
     1.6697889966082788E-01,
     1.7908929602031920E-01,
     1.6541516709282880E-01,
     1.7855919052529731E-01
  ],
  "coordination numbers": [
     5.8514543807756549E+00,
     3.9299814682272451E+00,
     4.0849321349778922E+00,
     4.1625163692003326E+00,
     3.9296886940254270E+00,
     1.0156444617833289E+00,
     9.9710077804724406E-01,
     9.9140103671157309E-01,
     9.9159665274357511E-01,
     9.9157265097506198E-01,
     9.9125718186572165E-01,
     9.9765359109272289E-01,
     1.0011124974290144E+00,
     1.9915350932226330E+00,
     1.0376147600352468E+00,
     4.1237092773724573E+00,
     2.9429627808356589E+00,
     4.1223691719250786E+00,
     2.9411271607361371E+00,
     4.1241350887696475E+00,
     1.9851590903324885E+00,
     4.1117170910158070E+00,
     9.9198381740834485E-01,
     9.9220579522289576E-01,
     9.9182700730381423E-01,
     9.9179622809957468E-01,
     9.9222144343402974E-01,
     9.9197719261217099E-01,
     9.9233600804521860E-01,
     9.9177167194621507E-01,
     9.9231871427924112E-01
  ]
}
