{
  "version":  "0.2.0",
  "energy":    -2.4565365128424697E+00,
  "charges": [
     7.4651860559449457E-01,
     1.1788719435763539E-02,
    -5.3599368677792936E-01,
    -3.9121457302496454E-01,
     3.2054416093712845E-01,
    -3.1538084464767535E-01,
    -5.0211285189937704E-01,
     1.8250519589027070E-01,
    -4.7434251517913673E-01,
    -6.3467552721351472E-01,
     2.7490793664664315E-01,
     3.0228575631113497E-01,
    -3.7220063684295335E-01,
     3.3588676228132508E-01,
    -4.9222278317613488E-01,
    -4.9850344114546807E-01,
    -1.6805501998421879E-01,
    -1.7265638508990244E-01,
    -1.3119567393746645E-01,
    -6.7052186203821473E-03,
    -9.8913042435290255E-02,
    -1.4039611016975978E-01,
     2.7035195809628088E-01,
    -5.0326809014843565E-01,
    -3.8977484300328785E-01,
     3.9832335038340216E-02,
     3.8418313983184571E-02,
     8.8057336047639614E-02,
     1.3552879379655031E-01,
     8.0985369237141322E-02
  ],
  "coordination numbers": [
     6.1042467358581547E+00,
     1.8570946033565079E+00,
     9.9984024758807077E-01,
     1.9619903115731052E+00,
     3.2792212041384232E+00,
     1.9831912254182056E+00,
     9.9911471739605417E-01,
     2.9225501900655209E+00,
     1.0020119846812507E+00,
     2.0040272362555260E+00,
     1.1744740432855281E+00,
     1.0122158380511275E+00,
     1.9684714437577471E+00,
     3.2137627090912328E+00,
     9.9910843756830570E-01,
     1.9628344241043463E+00,
     3.0114761472377127E+00,
     3.0104527891898112E+00,
     3.0162826255317210E+00,
     3.0120209284894743E+00,
     3.0150720494417040E+00,
     3.0114957672996949E+00,
     2.9988767835777805E+00,
     1.0007041512423251E+00,
     1.9456152546217700E+00,
     9.9233958071759609E-01,
     9.9227577986729010E-01,
     9.9267199517324567E-01,
     9.9273920600218801E-01,
     9.9259595942978240E-01
  ]
}
