{
  "version":  "0.2.0",
  "energy":    -1.5467964111567096E+00,
  "charges": [
     6.8604029152175583E-01,
     1.8313498035791589E-01,
    -4.0625699948260463E-01,
    -2.6945412866283114E-01,
    -2.7476680603829440E-01,
    -1.5530859662576207E-01,
    -1.5238107102446552E-01,
    -1.1581944068732306E-01,
    -1.0229736507674697E-02,
    -1.1868720604788860E-01,
    -1.5370713132442174E-01,
     2.5498042981563596E-01,
    -3.7327438325988677E-01,
    -3.4595963697901794E-01,
     5.2623408048782565E-02,
     5.9399315726795271E-02,
     1.0688676888644214E-01,
     1.0161891541917369E-01,
     5.7796649222676869E-02,
    -3.6211782165102824E-01,
     2.9768248533765784E-01,
    -3.7437065187331597E-01,
    -3.6816518182656627E-01,
    -3.1966445234575480E-01
  ],
  "coordination numbers": [
     7.7695793187796234E+00,
     3.4929819626076748E+00,
     1.0017004367478606E+00,
     1.8537852196521172E+00,
     1.9007784731706279E+00,
     3.0123667104032670E+00,
     3.0118406013476147E+00,
     3.0161155204156804E+00,
     3.0155834197836517E+00,
     3.0155549126002894E+00,
     3.0119656269385615E+00,
     3.6998399129508250E+00,
     1.9133206549914439E+00,
     1.7734918206568278E+00,
     9.9255419610856510E-01,
     9.9256150973032131E-01,
     9.9277827567855947E-01,
     9.9278198204892476E-01,
     9.9256297992532172E-01,
     1.9496581211649389E+00,
     3.9552216480464990E+00,
     1.9389699557275311E+00,
     1.8162812985224841E+00,
     9.9723014151462319E-01
  ]
}
