{
  "version":  "0.2.0",
  "energy":     4.1970468154453916E-01,
  "charges": [
     6.2358700764264063E-01,
    -8.1811210087373604E-02,
    -5.4194126485041805E-01,
     2.7923446864158424E-01,
     2.7701610810353544E-01,
    -2.8008071330303447E-02,
     1.9113398997459058E-01,
    -3.4576780030542387E-01,
    -3.8564893997461436E-02,
    -1.2073613092192273E-01,
    -1.2046077975863456E-01,
    -4.1836183274233690E-02,
    -2.6092287598186292E-01,
     1.4210161424530149E-01,
     1.4104214628899020E-01,
     1.3849565231805566E-01,
     1.3610382854509157E-01,
     1.3605085075250622E-01,
     1.3825338728194658E-01,
     1.3973993731318790E-01,
     1.3485923136584813E-01,
    -1.3283541936264451E-01,
     1.1864240441277485E-01,
    -3.3682524978115103E-01,
     1.4891378719872897E-01,
     1.5039754356289473E-01,
     1.5413792200375259E-01
  ],
  "coordination numbers": [
     5.4264104332313270E+00,
     9.9594884002041795E-01,
     2.9224610095550672E+00,
     9.9887847359071014E-01,
     9.9532469382783084E-01,
     1.0130282007992131E+00,
     2.3916786272093820E+00,
     2.0061764090612826E+00,
     4.0866594697606411E+00,
     3.9851493836816871E+00,
     3.9815441635849771E+00,
     4.1041190711588662E+00,
     2.9429366266622106E+00,
     9.9149639631867892E-01,
     9.9178518449119935E-01,
     9.9157844461211386E-01,
     9.9198759551704097E-01,
     9.9198800773267504E-01,
     9.9149744939559881E-01,
     9.9145842836076170E-01,
     9.9189931987481206E-01,
     3.9582160297808784E+00,
     2.0137561647907285E+00,
     1.9589423109970747E+00,
     9.9178172740899218E-01,
     9.9173564194728225E-01,
     9.9172423150970257E-01
  ]
}
