{
  "version":  "0.2.0",
  "energy":    -1.3825909622362154E+00,
  "charges": [
    -2.3359193188995153E-01,
    -1.1365310814936083E+00,
     2.5711242025536113E-01,
    -8.8698940687180139E-01
  ],
  "coordination numbers": [
     2.3167855094571284E+00,
     1.9871092814436855E+00,
     1.3134661981075526E+00,
     9.9821846217457200E-01
  ]
}
