{
  "version":  "0.2.0",
  "energy":     9.4420910387784551E-01,
  "charges": [
     7.8756113326811450E-01,
    -9.3270503345288275E-02,
     1.5875750545132472E-01,
    -3.2265781552012385E-01,
     1.8061170912818991E-01,
     1.8330472754078680E-01,
     1.8505197143700519E-01,
    -4.7216483041381402E-01,
     3.5553232720664368E-01,
    -1.7556700057594721E-01,
     2.0941621590884368E-01,
    -3.5904774301133802E-01,
    -1.7610395564386050E-01,
    -1.7456540437970697E-01,
     1.6143200208054620E-01,
     1.6776458648601078E-01,
     1.6549854036759573E-01,
     1.6149395293919699E-01,
     1.6666942029894843E-01,
     1.6710396227976707E-01,
     1.6099584177341850E-01,
     1.6686877495980862E-01,
     1.6829959103644404E-01,
    -7.1748684406181717E-01,
     3.1374849530326837E-01,
     3.1983932064781634E-01,
     3.1091401883816644E-01
  ],
  "coordination numbers": [
     4.4486594799330943E+00,
     3.9577408229567164E+00,
     2.0543024277408168E+00,
     1.9865008898825209E+00,
     9.9157952134132987E-01,
     9.9156024730389625E-01,
     9.9154317512931289E-01,
     1.9922762807897776E+00,
     1.0368122127532731E+00,
     3.9576306879879128E+00,
     4.3427435660827847E+00,
     1.9957067905835206E+00,
     3.9575883637100997E+00,
     3.9576273254348067E+00,
     9.9381177324821568E-01,
     9.9411625601494347E-01,
     9.9402202092609038E-01,
     9.9382393527899016E-01,
     9.9403614825200926E-01,
     9.9408745740513371E-01,
     9.9381754279376100E-01,
     9.9402044767703135E-01,
     9.9412758582819016E-01,
     3.9512591185344395E+00,
     1.0040560026184995E+00,
     1.0189154311281419E+00,
     1.0210932911030559E+00
  ]
}
