{
  "version":  "0.2.0",
  "energy":    -4.1386649222290173E-01,
  "charges": [
     7.8412327229670642E-01,
     1.5224124767902162E-02,
     2.6092512148011648E-01,
    -3.0514943518459714E-01,
    -3.1819884418387800E-01,
    -6.4895842558566119E-01,
     1.2448251909330552E-01,
     1.3799470401958711E-01,
     2.8836915041611771E-01,
     2.7442923502360383E-01,
    -2.8602342964918248E-01,
     7.9682764872959416E-02,
    -2.6677061508759348E-01,
    -7.1363879789398055E-01,
     2.9718309307238261E-01,
     3.0123800145133667E-01,
     3.0208076492650382E-01,
     1.9586465734796482E-01,
    -2.1755186310682059E-01,
    -2.1859211123068714E-01,
    -2.3380776648274293E-01,
    -7.2771049668256738E-01,
     2.9579683815996660E-01,
     2.8499793447826460E-01,
     2.9400960368099294E-01
  ],
  "coordination numbers": [
     7.7079208674481174E+00,
     3.9596889296850826E+00,
     3.9266919225803028E+00,
     1.9810854560074391E+00,
     1.9785584132507381E+00,
     2.9940833936397384E+00,
     9.9041578286731546E-01,
     9.9205974633538485E-01,
     9.9619030767055960E-01,
     9.9639779451095034E-01,
     2.0007834420196513E+00,
     2.3460310482549529E+00,
     1.0049779768536062E+00,
     3.9439840890958493E+00,
     1.0288318049488439E+00,
     1.0086934067954498E+00,
     1.0048810623621982E+00,
     3.7768553720891624E+00,
     1.9784544254489917E+00,
     1.9796953096913041E+00,
     1.0016633121156708E+00,
     3.9467850814346912E+00,
     1.0510167666657368E+00,
     1.0052691739033337E+00,
     1.0100417248424591E+00
  ]
}
