{
  "version":  "0.2.0",
  "energy":    -1.8516844442893619E+00,
  "charges": [
    -1.3718353983288429E+00,
    -1.6281646016711571E+00
  ],
  "coordination numbers": [
     9.9546775550823607E-01,
     9.9546775550823607E-01
  ]
}
