{
  "version":  "0.2.0",
  "energy":     2.9997693457665903E-01,
  "charges": [
     7.3163932854232516E-01,
    -3.2773766211144739E-01,
     3.6441761054372523E-02,
    -8.7887710056255508E-02,
    -8.0758468608685657E-02,
    -8.6823133367338087E-02,
     1.1776003467793650E-01,
     1.1825136793161783E-01,
    -8.5767278250369783E-02,
    -7.9560370675339095E-02,
    -8.5817063091258597E-02,
     3.0562745557486309E-02,
    -3.3308360834396367E-01,
     1.3387759314256625E-01,
     1.2386630511150916E-01,
     1.3091788325964959E-01,
     1.1762864967354156E-01,
     1.1769760454077489E-01,
     1.3100854614157084E-01,
     1.2364350327691115E-01,
     1.2235487840668542E-01,
    -1.8213218023963990E-01,
     9.5945925475650451E-02,
    -8.5069693856976131E-02,
     9.9220886013524787E-02,
    -3.4908131039647206E-01,
    -1.8267083617149116E-01,
    -3.4168072709348063E-01,
     1.1094490997438124E-01,
     1.2748608751484972E-01,
     1.1802026718117400E-01,
     1.1240416151942689E-01,
     1.1118670796929575E-01,
     1.2389446327224332E-01,
     1.1996988279098758E-01,
    -1.9745940401040374E-01,
    -1.2025061123930123E-02,
    -3.9277065173664272E-01,
     1.1127781386781752E-01,
     1.2566390450712847E-01,
     1.2422208460241498E-01,
     1.1886503142497432E-01,
     1.1263088382237987E-01,
    -5.2547699275424187E-02,
    -1.4119962106767339E-01,
    -1.3977734073640041E-01,
    -5.2702371957841262E-02,
    -2.7547010630721275E-01,
     1.1729926584772679E-01,
     1.1495602267681444E-01,
     1.1420836397640614E-01,
     1.1157886411731986E-01,
     1.1131936397900981E-01,
     1.1741772672275977E-01,
     1.1419054056579551E-01,
     1.2366893933921780E-01
  ],
  "coordination numbers": [
     7.0568910946045520E+00,
     2.9950104128926061E+00,
     3.2734962230803832E+00,
     3.0105831696216692E+00,
     3.0214742311331522E+00,
     3.0137748839474492E+00,
     3.2424017294278062E+00,
     3.2318320775820473E+00,
     3.0136811824525331E+00,
     3.0220214482998209E+00,
     3.0101830039496518E+00,
     3.2314137344339970E+00,
     2.9896022837554241E+00,
     9.9411081743090346E-01,
     9.9306813156290819E-01,
     9.9289041116171628E-01,
     9.9323444798143434E-01,
     9.9323056523505304E-01,
     9.9288991209548438E-01,
     9.9306939220729262E-01,
     9.9322907697517859E-01,
     3.9603553158389131E+00,
     3.2184835741688502E+00,
     3.0107594153592219E+00,
     3.2419032873956795E+00,
     1.9937356543577422E+00,
     3.9607205802587551E+00,
     1.9918404872398199E+00,
     9.9228931935867148E-01,
     9.9147074935726742E-01,
     9.9159241175386903E-01,
     9.9323519537662364E-01,
     9.9229393025985768E-01,
     9.9161785506176781E-01,
     9.9148048552845758E-01,
     3.9544597312512364E+00,
     4.0789001811457526E+00,
     1.9935176257127223E+00,
     9.9164448950236128E-01,
     9.9141080962243855E-01,
     9.9153393530249723E-01,
     9.9018891098726325E-01,
     9.9009560424346255E-01,
     4.1652475262630073E+00,
     3.9842918370575955E+00,
     3.9860287912573611E+00,
     4.0823945209848507E+00,
     2.9460146540754835E+00,
     9.9155862555307639E-01,
     9.9186321124467192E-01,
     9.9138031056973031E-01,
     9.9195163374677175E-01,
     9.9194823100980933E-01,
     9.9148438733199917E-01,
     9.9121865699247458E-01,
     9.9211916948156098E-01
  ]
}
