{
  "version":  "0.2.0",
  "energy":     1.0921832700243530E+00,
  "charges": [
     1.4891217985699634E+00,
     5.1087820143003648E-01
  ],
  "coordination numbers": [
     9.9869404205907664E-01,
     9.9869404205907664E-01
  ]
}
