{
  "version":  "0.2.0",
  "energy":     1.0108364678756301E+00,
  "charges": [
     8.0990402271692319E-01,
    -4.5908434636485501E-02,
    -4.1210661736619314E-01,
     1.7702917961268999E-01,
     1.8734112300280709E-01,
     1.6492355981078560E-01,
     2.8616057333294653E-01,
     5.3032807324778219E-03,
    -3.8719115547935756E-01,
     1.8320057448145416E-01,
     1.8662381206091699E-01,
     1.7176910578395627E-01,
    -9.0068784283785508E-03,
    -1.7071694707909285E-02,
     7.9221913877002018E-02,
    -3.6054270796035742E-01,
     8.5232778786747426E-02,
    -1.7676955796312399E-02,
     1.9720159487132374E-01,
     1.8914296165273284E-01,
     1.5785608468374288E-01,
     1.6300441951419353E-01,
     1.8755025816619517E-01,
    -7.9037671985854541E-02,
     2.8942448292432971E-01,
    -9.5471480424811267E-02,
    -9.6876129225565155E-02
  ],
  "coordination numbers": [
     5.7189282593196520E+00,
     4.0163833295797824E+00,
     2.9569004555141705E+00,
     9.9204635291987930E-01,
     9.9207742724546932E-01,
     9.9214843764090777E-01,
     1.0183705795264117E+00,
     4.0666680384689862E+00,
     1.9909397583771513E+00,
     9.9175310908222070E-01,
     9.9170318334711816E-01,
     9.9164127799884572E-01,
     3.0228080104648321E+00,
     3.0082448851544248E+00,
     3.2795515325131417E+00,
     2.9954310793552903E+00,
     3.2493798206149069E+00,
     3.0086593960148580E+00,
     9.9276221795447306E-01,
     9.9297415274079182E-01,
     9.9272565085269537E-01,
     9.9306541406096471E-01,
     9.9296290697154799E-01,
     1.8918569060373676E+00,
     3.4869451406716525E+00,
     1.8048721249974911E+00,
     1.0000071070860548E+00
  ]
}
