{
  "version":  "0.2.0",
  "energy":    -4.6034033624852622E-01,
  "charges": [
     8.3252825685563592E-01,
    -1.5217781826418772E-01,
     1.2184639239148740E-01,
    -2.9048347371239369E-01,
     1.2711883191550472E-01,
     1.2703310709896820E-01,
     1.4964065205478846E-01,
    -4.7003113988311057E-02,
    -1.3890603723655370E-01,
    -1.7276184473087675E-01,
    -1.8502878360543265E-01,
    -2.4832532104008528E-02,
    -2.6296127586899309E-01,
     1.1376176017509623E-01,
     1.3679510060870007E-01,
     1.4226120984268131E-01,
     1.3134273890651205E-01,
     1.4588676606299514E-01,
    -1.7967972037106461E-01,
     1.2736988678811526E-03,
    -3.4807489600189745E-01,
     1.1361567312219602E-01,
     1.4778869538631118E-01,
     1.5192827210887158E-01,
     1.3104914153655955E-01,
     1.3216639299350397E-01,
     3.2474041234894951E-01,
    -1.5072186194585252E-01,
     1.2868107469962850E-01,
    -2.8719093851642374E-01,
     1.5084491601735750E-01,
     1.2864586942919121E-01,
     1.2371858832959168E-01,
     2.4610558623714790E-01,
    -2.5491016235322161E-01,
    -3.1457948334973018E-01,
     4.5516245701026675E-01,
    -3.4925622523199562E-01,
    -4.1156802129224579E-01,
     1.1023304911844618E-02,
     2.0474118965821592E-01,
    -3.5441443075529744E-01,
     2.0957969184901654E-01,
    -2.7250469669326743E-01,
    -2.2253922339795967E-01,
    -2.6968524099918983E-01
  ],
  "coordination numbers": [
     7.9402323625280378E+00,
     3.9583342089489486E+00,
     2.0153212538171728E+00,
     1.9459499910995923E+00,
     9.9185192183724169E-01,
     9.9195748594527711E-01,
     9.9158075007774826E-01,
     2.5687813032188487E+00,
     1.9446006167556682E+00,
     1.9544291202974700E+00,
     3.9556561162100623E+00,
     3.9860102721554087E+00,
     1.9963551117064551E+00,
     9.9171310048988204E-01,
     9.9184850395721469E-01,
     9.9182679441931310E-01,
     9.9215493054710002E-01,
     9.9162627928884728E-01,
     3.9557899357570081E+00,
     4.1196720729310385E+00,
     1.9923614822881683E+00,
     9.9171162239524868E-01,
     9.9185404013623302E-01,
     9.9169192534662987E-01,
     9.9097198652047336E-01,
     9.9119440215254162E-01,
     1.0067269385523021E+00,
     3.9584490935094072E+00,
     2.0125549492995818E+00,
     1.9355681326946570E+00,
     9.9170893394869974E-01,
     9.9188535866578853E-01,
     9.9192034265265416E-01,
     3.0241719467567441E+00,
     1.9446540888310171E+00,
     1.9992558691663884E+00,
     3.2377221573484718E+00,
     9.9920862047253589E-01,
     1.9836848794413262E+00,
     1.9885787781579563E+00,
     2.0008767030103511E+00,
     1.0064476001749938E+00,
     3.0798830104956378E+00,
     1.0021152061949152E+00,
     1.9733350302247565E+00,
     1.0016898357430586E+00
  ]
}
