{
  "version":  "0.2.0",
  "energy":    -6.8220743137104356E-01,
  "charges": [
     2.0188502781943640E-01,
    -1.2018850278194364E+00
  ],
  "coordination numbers": [
     9.7851439270049756E-01,
     9.7851439270049756E-01
  ]
}
