{
  "version":  "0.2.0",
  "energy":    -2.1457245522099988E-01,
  "charges": [
     6.4704950112763249E-01,
     4.5658344988407051E-01,
    -5.5187242039697681E-01,
    -5.5176053061472619E-01
  ],
  "coordination numbers": [
     2.9854401292820256E+00,
     9.9124958036077260E-01,
     9.9939746855436251E-01,
     9.9939743934986502E-01
  ]
}
