{
  "version":  "0.2.0",
  "energy":    -2.5955282087376369E-01,
  "charges": [
     7.2300583533711293E-01,
    -1.7505665113342625E-01,
     1.1244356677390141E-01,
    -8.1640272488579704E-02,
     1.1140613987986954E-01,
    -3.1897833052311164E-01,
    -1.7595705525329139E-01,
    -3.2193024414140303E-01,
     1.0926390231457546E-01,
     1.2924242754661389E-01,
     1.3470873428065805E-01,
     1.1141077686434633E-01,
     1.0881074648600991E-01,
     1.3237572518676785E-01,
     1.2959357314534506E-01,
    -1.5303359712225550E-01,
     1.1083418533555084E-01,
    -3.3763104569011515E-01,
     1.2816476957737005E-01,
     1.3282076011822966E-01,
     1.5954806983093270E-01,
     1.9435381049585812E-01,
    -2.2079687643600804E-01,
    -2.1058109209714829E-01,
    -2.5131824109047834E-01,
     1.0973275426247046E-01,
    -3.9079237145979490E-01
  ],
  "coordination numbers": [
     7.0925846042449709E+00,
     3.9606316230524126E+00,
     3.3068260906712723E+00,
     3.0219914746382459E+00,
     3.3027464001880631E+00,
     1.9963623837382896E+00,
     3.9607268218571257E+00,
     1.9967802543210729E+00,
     9.9228857694635941E-01,
     9.9153012648956729E-01,
     9.9165116277683563E-01,
     9.9326318578029760E-01,
     9.9228493213134072E-01,
     9.9154413823812870E-01,
     9.9165385042679688E-01,
     3.9574512656436642E+00,
     2.1790354234375204E+00,
     1.9691683122970183E+00,
     9.9200175059957996E-01,
     9.9189627677353354E-01,
     9.9052560001883361E-01,
     3.8010018341901510E+00,
     1.9834925376354144E+00,
     1.9814787151702351E+00,
     1.0017178844808141E+00,
     1.9871222543609566E+00,
     1.0356067622888583E+00
  ]
}
