{
  "version":  "0.2.0",
  "energy":    -8.8603068338116342E-01,
  "charges": [
     7.2602508520604747E-01,
    -1.3225528838200190E-01,
    -4.2990019636017351E-01,
     8.6570638960781265E-02,
     1.0492477649666716E-01,
     1.0686976792437818E-01,
     2.5973173743775130E-01,
     2.5592920822101739E-02,
    -4.7696933436292910E-01,
    -3.8023050476774978E-01,
     3.2772911773903990E-01,
    -3.6461003893240579E-01,
    -3.6696371303410869E-01,
    -4.8651496874739802E-01
  ],
  "coordination numbers": [
     6.6579168882706270E+00,
     3.9963848017038863E+00,
     2.9169778989332693E+00,
     9.9126149788275697E-01,
     9.9145376042592037E-01,
     9.9201717399935418E-01,
     1.0741728306493021E+00,
     1.9636982788315231E+00,
     1.0253317948746643E+00,
     1.9781598041010326E+00,
     3.9703069265550432E+00,
     1.9680642736012484E+00,
     1.9666982587797417E+00,
     9.8687155239856317E-01
  ]
}
