{
  "version":  "0.2.0",
  "energy":    -1.0354385250406313E+00,
  "charges": [
     7.8102281748547941E-01,
    -1.1954877963558759E-01,
    -1.1918040042644307E-01,
    -9.3302190573694321E-02,
     1.2073906168255100E-03,
    -9.5729830926949838E-02,
    -1.2030848857998799E-01,
     2.6255362250845599E-01,
    -3.5530408855731543E-01,
    -3.4727365005347488E-01,
     8.9138123401545824E-02,
     9.2952809949074899E-02,
     1.2357512417084904E-01,
     1.2016257007633566E-01,
     9.1738376109128744E-02,
    -7.5055943506076339E-01,
     2.5509544019525698E-01,
     2.7753058236199080E-01,
     2.5730017561320645E-01,
    -2.1530548678639538E-01,
     1.3036513983529530E-01,
    -3.9001122189374804E-01,
    -3.1030102014639088E-01,
     4.8913469523455988E-02,
    -3.8231776200926004E-01,
    -3.1027690366716926E-01,
    -7.3100199707610058E-01,
     2.9702529422225771E-01,
     2.5742991567869516E-01,
     2.5441040364542755E-01
  ],
  "coordination numbers": [
     7.4457479824906194E+00,
     3.0133980025114564E+00,
     3.0124051115263928E+00,
     3.0164329051947272E+00,
     3.0173336065170400E+00,
     3.0164866309150353E+00,
     3.0124209208584078E+00,
     3.8576314982718305E+00,
     1.9614781835636244E+00,
     1.9691824560496007E+00,
     9.9271808074632695E-01,
     9.9274237843523316E-01,
     9.9289885927519173E-01,
     9.9289658341317377E-01,
     9.9273892866375490E-01,
     3.9490577715839557E+00,
     1.0047053443177010E+00,
     1.1200544680667539E+00,
     1.0142487965836340E+00,
     1.0102490142987008E+00,
     2.0501462048093977E+00,
     1.9988722002696120E+00,
     1.9903368199352087E+00,
     2.3278510476679779E+00,
     1.0049374376976825E+00,
     9.9873050555678500E-01,
     3.9393680797774815E+00,
     1.0114960144994969E+00,
     1.0091789001603351E+00,
     1.0105136626457893E+00
  ]
}
