{
  "version":  "0.2.0",
  "energy":    -2.8751860539020613E-01,
  "charges": [
     1.2745882039737055E+00,
    -3.7239704133804757E-01,
    -3.0051880996548996E-01,
    -3.0066793021109839E-01,
    -3.0100442245906972E-01
  ],
  "coordination numbers": [
     3.9821219814935551E+00,
     9.9941123686406108E-01,
     9.9941345527429171E-01,
     9.9941324501719286E-01,
     9.9941363719781595E-01
  ]
}
