{
  "version":  "0.2.0",
  "energy":    -2.7925424115249853E-01,
  "charges": [
     8.2856119245723969E-01,
     5.0272975173466225E-02,
    -3.4951814329970449E-01,
    -2.6923780841927841E-01,
    -3.0959859088632707E-01,
     4.0513592253343578E-01,
    -3.1794608446247041E-01,
    -3.4040821760058865E-01,
    -2.2954256195968409E-01,
     2.1697505637013442E-01,
    -3.6062072395328731E-01,
    -2.2306382108523931E-01,
    -2.2009043058307032E-01,
     1.2436393011100111E-01,
     1.0546856324771585E-01,
     1.2350683577031166E-01,
     1.0690788785851742E-01,
     1.4413537937852866E-01,
     1.2564809311770936E-01,
     1.0688251128318309E-01,
     1.3297504755580328E-01,
     1.4919298739260356E-01
  ],
  "coordination numbers": [
     6.9346190383601538E+00,
     1.1127238966583519E+00,
     1.9879002668764736E+00,
     9.9836701133440009E-01,
     1.9860769699203313E+00,
     3.9627854790522186E+00,
     1.9800663816170516E+00,
     1.8399800846217369E+00,
     3.9577291592550781E+00,
     4.4508945051825819E+00,
     1.9891569520548282E+00,
     3.9577101191719244E+00,
     3.9574947247080523E+00,
     9.9456184690893590E-01,
     9.9337668664120482E-01,
     9.9421948383253156E-01,
     9.9352750913889754E-01,
     9.9694039258350386E-01,
     9.9438546146704265E-01,
     9.9407835065922168E-01,
     9.9393588230585639E-01,
     9.9525074920565793E-01
  ]
}
