{
  "version":  "0.2.0",
  "energy":    -8.4770270404792669E-01,
  "charges": [
     5.4138775384531090E-01,
     1.4236178291691465E-01,
    -3.4684590251691888E-01,
    -1.1669743630188251E-01,
    -2.2448818305063484E-01,
     2.4700410620991456E-01,
    -9.7989850525832117E-02,
    -2.0744488184564808E-01,
    -2.2562819137990642E-01,
    -1.9339550128138638E-01,
     9.7400417298790898E-02,
    -3.5199748016783544E-01,
     1.1428671482331508E-01,
     1.1416831849913141E-01,
     1.0511813388168469E-01,
     1.8265523839100145E-01,
    -3.0072773787744383E-01,
    -2.2488584842726800E-01,
    -2.5428145249130690E-01
  ],
  "coordination numbers": [
     7.2896220919255601E+00,
     1.9001016348802153E+00,
     1.0000478040932110E+00,
     1.1993557684561704E+00,
     9.9891480141357469E-01,
     3.7421791671451281E+00,
     1.8479376685348265E+00,
     9.9880962382510585E-01,
     9.9142700911493531E-01,
     3.9616681581417623E+00,
     2.4153731261210671E+00,
     1.6283070369833768E+00,
     9.9143891063223943E-01,
     9.9134706107658044E-01,
     9.9189484641556014E-01,
     3.7002829565694739E+00,
     1.0017884825819356E+00,
     1.9487062603644274E+00,
     1.9643031462319085E+00
  ]
}
