{
  "version":  "0.2.0",
  "energy":     1.0007765221454954E+00,
  "charges": [
     6.8221231580363240E-01,
    -5.7155190059941630E-01,
     4.3452932191543336E-03,
    -2.5206322668764880E-03,
    -4.1791449942074493E-01,
    -1.3084664567197701E-02,
     1.0679799776606658E-02,
    -5.7562247606610228E-01,
     2.8054077289221169E-01,
     3.0438964272347901E-01,
     1.7798466454316508E-01,
     1.5206974487473257E-01,
     1.8362709408425534E-01,
     1.6581198156713906E-01,
     2.7434160033334309E-01,
     1.7306212555900094E-01,
     1.5303676222282245E-01,
     1.7120259009929645E-01,
     1.3666059817247872E-01,
     3.0507623928038646E-01,
     2.8884987730071299E-01,
     1.8963991733067920E-01,
    -7.4466443413147232E-02,
    -1.4414445559729541E-01,
    -1.8989558307582619E-01,
     3.3566963522351029E-01
  ],
  "coordination numbers": [
     7.0710167002746518E+00,
     3.9344230806784717E+00,
     4.0673247032674897E+00,
     4.1060386284444830E+00,
     3.9149922837696600E+00,
     4.1051618602262518E+00,
     4.4220203648351752E+00,
     3.9381871766140595E+00,
     1.0027396961091215E+00,
     1.0189373851010135E+00,
     9.9154852731692600E-01,
     9.9151081078258319E-01,
     9.9148619560950912E-01,
     9.9131771702441451E-01,
     1.0022651014326458E+00,
     9.9143533599477784E-01,
     9.9156676559470380E-01,
     9.9141327309764371E-01,
     1.0157254112143708E+00,
     9.9766417124913787E-01,
     1.0072533785003266E+00,
     3.7611186081710422E+00,
     1.0009429317996776E+00,
     1.9873145980726035E+00,
     1.9795921366235651E+00,
     9.9635112726554009E-01
  ]
}
