{
  "version":  "0.2.0",
  "energy":     8.6155500021569598E-01,
  "charges": [
     8.3767822358330868E-01,
    -2.4280394540095696E-01,
    -7.3805719988981799E-01,
     3.1946881495160118E-01,
     3.0448903562554097E-01,
     3.0097271937356784E-01,
    -2.7417717369883854E-02,
    -2.9948753023835928E-02,
    -4.4779139167208937E-02,
     2.2926489391600136E-02,
    -4.9755197183170591E-02,
    -4.1474615259970538E-02,
     2.5836737339171612E-01,
    -3.4606356538665717E-01,
    -3.6964145819296124E-01,
     1.8363324232984696E-01,
     1.8386703268656540E-01,
     1.5816313650684516E-01,
     1.5152869774561459E-01,
     1.7279935774311170E-01,
     2.7931448305473722E-01,
    -1.5591054084101760E-01,
    -2.5830149789093287E-02,
    -4.2183290275799801E-01,
     1.6133511257645930E-01,
     1.4042324115656979E-01,
     1.6298833449961642E-01,
     1.5640548740842566E-01,
     1.6880732852855743E-01,
     2.7106293035123474E-01,
    -1.1877636414970985E-01,
     2.6917146323023466E-01,
    -8.8917022802030343E-02,
    -9.7533439083924076E-02,
    -6.2327651582028909E-02,
    -3.9819513438547438E-01,
     1.6621432757761551E-01,
     1.6575263843570048E-01,
     1.5762440317828783E-01,
     2.6627092293898214E-01
  ],
  "coordination numbers": [
     6.2042856393589219E+00,
     9.9868276487608920E-01,
     3.9334000993379776E+00,
     1.0270691208736755E+00,
     9.9973871771209577E-01,
     9.9716393072167442E-01,
     3.0154438440027826E+00,
     3.0101013709421869E+00,
     3.0145197171480085E+00,
     3.0167328425148412E+00,
     3.0187009045113369E+00,
     3.0102179984027124E+00,
     3.0577707694135245E+00,
     1.9819419286228444E+00,
     1.9915017066224818E+00,
     9.9282569760488393E-01,
     9.9296949267615187E-01,
     9.9239610205898909E-01,
     9.9296898876546624E-01,
     9.9296397862899699E-01,
     9.9295334722119044E-01,
     4.0777295009146730E+00,
     4.0531485523654629E+00,
     2.9474553477431389E+00,
     9.9175148945326796E-01,
     9.9144058210041575E-01,
     1.0055147909642104E+00,
     9.9181620539565873E-01,
     9.9172605120642832E-01,
     9.9970831797083992E-01,
     1.0285735217283403E+00,
     3.1729780175509994E+00,
     1.9329178083993677E+00,
     9.9911720239866941E-01,
     3.9621076921191252E+00,
     2.9181172962360984E+00,
     9.9179417092512079E-01,
     9.9191380799025719E-01,
     9.9237364793856653E-01,
     1.0133867949166415E+00
  ]
}
