{
  "version":  "0.2.0",
  "energy":    -9.2858787559292177E-01,
  "charges": [
     6.8300896974843828E-01,
    -5.0621355142682302E-03,
     2.9391932250948594E-01,
    -4.5296950608974185E-01,
    -3.5306712509365512E-01,
    -5.9050752384956062E-01,
     1.0952806338164515E-01,
     8.7653838341173032E-02,
     2.3014666829660280E-01,
     2.5595657581844589E-01,
    -1.8004900534180951E-01,
     1.2708043058994892E-01,
    -4.5221125210061008E-01,
    -3.6570497659330242E-01,
     3.2895395296445251E-01,
    -3.5238601541973752E-01,
    -3.6429028164750737E-01
  ],
  "coordination numbers": [
     7.7523966377372480E+00,
     4.3162447471223837E+00,
     3.4494722050190223E+00,
     1.0003758206379771E+00,
     1.9944138836265060E+00,
     3.9547110696051568E+00,
     9.9148528871992436E-01,
     9.9133444694433415E-01,
     1.0357005964215018E+00,
     1.0434995118938142E+00,
     1.9704997110099089E+00,
     2.9014400287951565E+00,
     1.5649255436383429E+00,
     1.9853754149739302E+00,
     3.9730688304539603E+00,
     1.9709293519508861E+00,
     1.9809535576790509E+00
  ]
}
