{
  "version":  "0.2.0",
  "energy":    -3.3994177799033212E+00,
  "charges": [
    -3.2898833755851342E-02,
    -1.3933661851857599E+00,
    -1.8555755606451445E+00,
    -4.4176555190850952E-01,
     6.2091193085250185E-02,
    -1.3384850615899848E+00
  ],
  "coordination numbers": [
     4.7516770400816100E+00,
     1.9906339167093412E+00,
     9.9631916460540282E-01,
     1.4776053250846619E+00,
     2.5298190476427020E+00,
     9.9827046903397587E-01
  ]
}
