{
  "version":  "0.2.0",
  "energy":     1.5762552314086744E+00,
  "charges": [
     6.8703623083652898E-01,
    -3.2342653941481669E-01,
     7.8558134869248120E-02,
    -1.1951629136032205E-02,
    -4.1562873963076896E-03,
    -2.7600146369615830E-02,
     1.4567750032402271E-01,
     1.4691442378953978E-01,
    -2.5979915180797342E-02,
    -8.6788611396454440E-04,
    -2.8986084022228353E-03,
     8.5910912197783074E-02,
    -3.2676188105386272E-01,
     1.6527927921086255E-01,
     1.9727144195605228E-01,
     2.0622925181957022E-01,
     1.7142916577477352E-01,
     1.7168175195215862E-01,
     2.0837937461439610E-01,
     2.0401266181553962E-01,
     1.7787902534395289E-01,
    -7.1817186981479764E-01,
     3.2671590784642329E-01,
     3.2009790997215087E-01,
     3.0761559663443883E-01,
     1.4833299737657679E-03,
    -8.7785428482742289E-03,
    -1.6003242465335743E-02,
     3.5858369114506253E-02,
    -2.6738231649633321E-02,
    -4.0859652240242683E-03,
     2.5373988567679012E-01,
    -2.9846209059498235E-01,
    -3.5949979624310990E-01,
     2.1246491955491070E-01,
     2.0534245859201972E-01,
     1.8975494761501552E-01,
     1.7536554127872095E-01,
     2.0981487131223700E-01,
     2.7964947944654400E-01,
     1.6358319410126448E-01,
    -1.7236293371543859E-01
  ],
  "coordination numbers": [
     6.2501567962120621E+00,
     2.9966811029313867E+00,
     3.1883952228937060E+00,
     3.0078635878905313E+00,
     3.0210274352939415E+00,
     3.0118134731268436E+00,
     3.2395021177475138E+00,
     3.2317792005559092E+00,
     3.0120477289708303E+00,
     3.0209069708818364E+00,
     3.0079205046163286E+00,
     3.1554213924753540E+00,
     2.9915007035695043E+00,
     9.9241342184405745E-01,
     9.9291798762748229E-01,
     9.9271863568964136E-01,
     9.9316602338932203E-01,
     9.9316995146865938E-01,
     9.9272476724861658E-01,
     9.9291413202356082E-01,
     9.9239737926840288E-01,
     3.9249063843421412E+00,
     9.9706428855570284E-01,
     9.9791682459477471E-01,
     9.9761361204491461E-01,
     3.0157628456459182E+00,
     3.0078602067350539E+00,
     3.0193296174472746E+00,
     3.0168547967410504E+00,
     3.0131282880785752E+00,
     3.0078471178424913E+00,
     3.5090210242012532E+00,
     1.9877001781072838E+00,
     2.5700418067098534E+00,
     9.9269426995128462E-01,
     9.9293027515731946E-01,
     9.9295946707949678E-01,
     9.9237359364199840E-01,
     9.9292646204745072E-01,
     9.9221513042210763E-01,
     1.8000441128620546E+00,
     9.9944179943837330E-01
  ]
}
