{
  "version":  "0.2.0",
  "energy":    -9.1576959754803033E-01,
  "charges": [
     8.2391595571692200E-01,
    -1.0672401220881320E-01,
    -1.0667922504169591E-01,
    -8.3047382003635262E-02,
     8.6017916496770597E-03,
    -8.2479159341432406E-02,
    -1.0636190890326216E-01,
     2.5848138671417198E-01,
    -3.3114611082928613E-01,
    -3.3540283283925065E-01,
     1.0185900396414982E-01,
     1.0552619802518706E-01,
     1.3513633707235428E-01,
     1.3604687127677603E-01,
     1.0596186062741571E-01,
    -1.5697072031869164E-01,
    -2.5253772364098964E-01,
     1.7953565459771137E-01,
    -2.3035010926816477E-01,
    -2.2347950687119456E-01,
    -2.9578724078839258E-01,
    -2.8743569591414575E-01,
     5.1454853804670159E-02,
    -3.0811828548008074E-01
  ],
  "coordination numbers": [
     7.4572169202926437E+00,
     3.0137856371085379E+00,
     3.0126967672277214E+00,
     3.0162167466120868E+00,
     3.0191646502297980E+00,
     3.0162399481756328E+00,
     3.0126795010453247E+00,
     3.8231578338033199E+00,
     1.9525859833589223E+00,
     1.9624085768622583E+00,
     9.9273884956110425E-01,
     9.9280614693064706E-01,
     9.9289018284203934E-01,
     9.9291327170454391E-01,
     9.9280536479419368E-01,
     9.8879177988883882E-01,
     9.9819463457442570E-01,
     3.6309804063989715E+00,
     1.9409367188424698E+00,
     1.9472290858084857E+00,
     1.0017082204815777E+00,
     1.9991457460145989E+00,
     2.0558965912990734E+00,
     1.0056331826056626E+00
  ]
}
