{
  "version":  "0.2.0",
  "energy":    -9.2348798873547566E-01,
  "charges": [
     6.5406630580730973E-01,
     4.8615971511157374E-02,
    -4.5003455539060755E-01,
    -5.6654134647026078E-01,
     2.6394286903070441E-01,
     4.8898159501754357E-02,
    -4.4976174029353833E-01,
    -1.2138753028248961E-01,
    -1.2148608595142851E-01,
    -9.6608278380007073E-02,
    -1.2670220144829214E-03,
    -9.8064270327959391E-02,
    -1.2245222684130541E-01,
     2.4875811842592110E-01,
    -3.7583616055503738E-01,
    -3.7126516841540247E-01,
     8.7691938132882341E-02,
     9.1373805096354316E-02,
     1.2144475639668001E-01,
     1.1957114752223670E-01,
     9.0341313497521114E-02
  ],
  "coordination numbers": [
     5.5517561995052205E+00,
     1.9583943536866428E+00,
     1.0101313261108729E+00,
     1.9915706949259064E+00,
     1.0156409164126501E+00,
     1.9584952333995682E+00,
     1.0102340197931463E+00,
     3.0133654534902359E+00,
     3.0123297325347087E+00,
     3.0160109515754074E+00,
     3.0171871416734408E+00,
     3.0160070596196897E+00,
     3.0122499867953882E+00,
     3.7847770406495949E+00,
     1.9266048851893398E+00,
     1.9536679658076306E+00,
     9.9272074963075330E-01,
     9.9277162247872663E-01,
     9.9290060121689905E-01,
     9.9290449850765405E-01,
     9.9276209079744859E-01
  ]
}
