{
  "version":  "0.2.0",
  "energy":     9.3096184151396111E-01,
  "charges": [
     7.6724149162177713E-01,
    -5.7686044255327307E-02,
    -1.5730230938329592E-01,
    -1.9838963055616132E-01,
    -1.0606000104850333E-01,
     1.4302299987082212E-01,
    -3.5137561602544432E-01,
     1.7111870469294521E-01,
     1.7144557806735677E-01,
     1.7459617605640304E-01,
    -1.9148771966973888E-01,
     5.2642282851536049E-02,
    -1.8975685156211664E-01,
    -1.8826132094526760E-01,
     1.5349514580389764E-01,
     1.5301684776963950E-01,
     1.5299518368437007E-01,
     1.5346565748717630E-01,
     1.4962796286951471E-01,
     1.6180838140761178E-01,
     1.5441292292417977E-01,
     1.6155203693920922E-01,
     1.5251593736801955E-01,
    -2.8019208408241569E-02,
    -3.3583650968926904E-02,
    -3.5886652596564983E-02,
     2.6161043264268935E-02,
    -4.6288016941645749E-02,
    -3.2061845247911114E-02,
     2.6304853539269790E-01,
    -3.3345639264370464E-01,
    -3.6924575066309673E-01,
     1.8266563262301957E-01,
     1.8140045499024487E-01,
     1.7557842456250897E-01,
     1.5790963202520147E-01,
     1.8128160909164659E-01,
     2.7785836955190163E-01
  ],
  "coordination numbers": [
     4.8811699743708914E+00,
     2.9765532330171247E+00,
     1.0063657152580072E+00,
     1.9846708022641932E+00,
     3.9577645688344134E+00,
     2.0101857516744523E+00,
     1.9579833844343550E+00,
     9.9157435287409879E-01,
     9.9155583013032889E-01,
     9.9156275989662834E-01,
     3.9565543729208823E+00,
     3.9322318829152820E+00,
     3.9568345902248501E+00,
     3.9566752584815745E+00,
     9.9282129030388599E-01,
     9.9291091627274053E-01,
     9.9293832049211961E-01,
     9.9279562438601765E-01,
     9.9274869496749485E-01,
     9.9297798399736159E-01,
     9.9279781490953400E-01,
     9.9298489400921408E-01,
     9.9280819440629742E-01,
     3.0153714494669934E+00,
     3.0103124713514999E+00,
     3.0171954446713807E+00,
     3.0168417118048811E+00,
     3.0151736490122927E+00,
     3.0099052111686175E+00,
     3.0401602433579429E+00,
     1.9875198337896576E+00,
     1.9920617025869873E+00,
     9.9282669342131857E-01,
     9.9296155324072899E-01,
     9.9307657597170707E-01,
     9.9244054805898507E-01,
     9.9297955004504246E-01,
     9.9298754447383608E-01
  ]
}
