{
  "version":  "0.2.0",
  "energy":    -4.7829606634665411E-01,
  "charges": [
    -8.9714328483789929E-01,
    -1.0285671516210065E-01
  ],
  "coordination numbers": [
     1.0868236353177707E-01,
     1.0868236353177707E-01
  ]
}
