{
  "version":  "0.2.0",
  "energy":     1.4063627355632704E+00,
  "charges": [
     7.8007661633986114E-01,
    -2.2047886138653411E-01,
    -5.7179082712122131E-03,
    -2.9779504787191430E-01,
     3.2232651784765592E-01,
    -2.6743247282733429E-01,
    -4.4747329059062424E-02,
    -3.0084541416814270E-01,
    -1.1343283110801128E-02,
     2.0220604986841767E-01,
     1.7634066449524885E-01,
     1.8727951651591429E-01,
     1.8232360319842847E-01,
     1.7219270032841225E-01,
     1.7810313861235749E-01,
     1.8817824429708763E-01,
     1.7344698868792152E-01,
     1.8444562378633345E-01,
    -2.1224219789575949E-02,
    -2.8984319628417854E-01,
     3.1985008142009219E-01,
    -3.0171181511106576E-01,
    -9.6018150836140737E-03,
    -2.6575128952748200E-01,
    -4.7351856883301624E-02,
     1.7201473485840518E-01,
     1.6216975179681672E-01,
     1.9258964181571189E-01,
     1.9983829293853173E-01,
     1.8298709927536991E-01,
     1.7366791348019520E-01,
     1.8356369899863453E-01,
     1.8135308729249772E-01,
     1.6171725806395965E-01,
    -1.0820957042586994E-01,
     2.8547317313337628E-01,
    -8.5687924930175990E-02,
    -1.0841637875412169E-01,
    -4.9810054142423688E-01,
     3.3058589040874420E-01,
     3.2771561654513204E-01,
    -7.0447293813382261E-01,
     3.1470565103414017E-01,
     3.3296197642293501E-01,
     3.2061833158026504E-01
  ],
  "coordination numbers": [
     7.2227593193046005E+00,
     9.9892807611178736E-01,
     4.0873302386307513E+00,
     1.9851001305700038E+00,
     4.2622318740553098E+00,
     2.9492368475345465E+00,
     4.0219729932330957E+00,
     1.9841569053481951E+00,
     4.0729693707729933E+00,
     9.9236215862605803E-01,
     9.9184444598427834E-01,
     9.9218827480483185E-01,
     9.9222202615787758E-01,
     9.9199163033353432E-01,
     9.9198429031612001E-01,
     9.9227498428689920E-01,
     9.9209303347836286E-01,
     9.9244335897100111E-01,
     4.0618617660926581E+00,
     1.9853687134755260E+00,
     4.2706014379877324E+00,
     1.9845248030219640E+00,
     4.0995223437307136E+00,
     2.9450315564904832E+00,
     4.0257710921497498E+00,
     9.9221226798437723E-01,
     9.9201946379251993E-01,
     9.9223045100488783E-01,
     9.9243719389829455E-01,
     9.9190940648262504E-01,
     9.9202038886494570E-01,
     9.9238982960304778E-01,
     9.9208074507013766E-01,
     9.9201890570165308E-01,
     9.9912539251641430E-01,
     3.0357174276840020E+00,
     1.9512443062647309E+00,
     9.9912126904744802E-01,
     2.9323510275547076E+00,
     1.0049676513289727E+00,
     9.9401173332062420E-01,
     3.9138459677309392E+00,
     9.9876563606866942E-01,
     9.9852500343147277E-01,
     1.0044993973029968E+00
  ]
}
