{
  "version":  "0.2.0",
  "energy":    -3.8577940516405634E-01,
  "charges": [
     8.3968306381437752E-01,
    -3.2037210616574607E-01,
     4.8942496294124971E-01,
    -3.2585003597268392E-01,
    -4.0998410554623232E-01,
    -7.2381365617723459E-02,
    -7.6460227688401217E-02,
    -7.7639906957071569E-02,
     1.9265743832235671E-02,
    -4.2234231296185420E-02,
    -6.6000748611790949E-02,
     2.5556866535956801E-01,
    -3.0634131992627645E-01,
    -4.0939457396803791E-01,
     1.3488075134053973E-01,
     1.3395000020722556E-01,
     1.3004710121461527E-01,
     1.6921293642493765E-01,
     1.4269713192070826E-01,
     2.6120113277429940E-01,
    -5.2331331148129001E-01,
     3.2495940347746533E-01,
     2.8380591510701575E-01,
     1.6780659300796819E-01,
    -2.4030844670890072E-01,
    -2.2221736920725821E-01,
    -2.6000565227460481E-01
  ],
  "coordination numbers": [
     6.8884920230804969E+00,
     1.9839190542141978E+00,
     3.9072368267862032E+00,
     1.9866407014986560E+00,
     1.0172542950697387E+00,
     3.0147378399255045E+00,
     3.0118961521510315E+00,
     3.0149582304550471E+00,
     3.0186453849795623E+00,
     3.0174512116529053E+00,
     3.0128034645825021E+00,
     3.0776214568151561E+00,
     1.8992788423910669E+00,
     1.9916885404922633E+00,
     9.9285773281974876E-01,
     9.9294221703079177E-01,
     9.9252433221061587E-01,
     9.9280332197857213E-01,
     9.9296161138751593E-01,
     9.9352489835066482E-01,
     2.9118413514261912E+00,
     1.0441553469661855E+00,
     9.9732828819700803E-01,
     3.5427205846787491E+00,
     1.9265406013180257E+00,
     1.8980258727611448E+00,
     1.0017443962547983E+00
  ]
}
