{
  "version":  "0.2.0",
  "energy":    -2.4334722399128985E+00,
  "charges": [
     8.1487124579876569E-01,
    -4.9827672471169038E-02,
    -3.9873673464144366E-01,
    -2.7569485989436437E-01,
    -7.6707668956499830E-01,
     3.0189452803390815E-01,
     2.3735378677287577E-01,
     2.3669659359117776E-01,
     1.7892968686750321E-01,
    -4.4586751904651811E-01,
    -3.1392408465809352E-01,
    -2.9378546915701409E-01,
    -1.9515452614859519E-01,
     9.3793011931454950E-02,
    -5.7993630841946742E-01,
    -3.7409862732386423E-01,
     3.6916771026703277E-01,
    -4.9674007126056607E-01,
    -5.2438065834266467E-01,
    -1.3396820264902420E-01,
    -3.8351513968493589E-01
  ],
  "coordination numbers": [
     6.9942499945416579E+00,
     2.8446546468683724E+00,
     1.0017331736353370E+00,
     1.9209179308552882E+00,
     3.9099339538147788E+00,
     9.9925326808933690E-01,
     1.0003433761015286E+00,
     1.0036494017679507E+00,
     3.3452818297531834E+00,
     1.0016862484030460E+00,
     1.7417752944527969E+00,
     1.8321280030830014E+00,
     1.6585282375852195E+00,
     1.9969653482420924E+00,
     1.0065040614750780E+00,
     1.9880340614212049E+00,
     3.1595914064548651E+00,
     9.9904827990769807E-01,
     9.9902649316568493E-01,
     1.0104764928357657E+00,
     1.9553666270378613E+00
  ]
}
