{
  "version":  "0.2.0",
  "energy":     1.0073997827714634E+00,
  "charges": [
     7.7643983756203516E-01,
    -7.1606422566849334E-02,
     2.9178164837841014E-01,
    -1.0164919897864158E-01,
    -7.0806090544816291E-02,
    -3.8250927937812484E-02,
    -4.1139208492863205E-01,
     1.7814152894339685E-01,
     1.9470678478458667E-01,
     1.7449509505390035E-01,
     2.9196671871185387E-01,
    -1.6574826791713460E-01,
     5.9577383202093409E-02,
    -1.7305544468392545E-01,
    -1.7653096750669792E-01,
     1.7252538945777338E-01,
     1.7529367231863863E-01,
     1.7696207789956953E-01,
     1.7230087490031046E-01,
     1.7155156017732859E-01,
     1.6710183209100091E-01,
     1.7163486357092164E-01,
     1.6054862432237571E-01,
     1.6961735823163701E-01,
    -2.3772017679473051E-01,
     5.3159396473380582E-01,
    -2.6465528810659034E-01,
    -3.2482434437380758E-01
  ],
  "coordination numbers": [
     7.4489454142298390E+00,
     1.0014006797670758E+00,
     3.4995362805121273E+00,
     1.7964055698134640E+00,
     1.9072715909794704E+00,
     4.0849327563770519E+00,
     2.9488059829571114E+00,
     9.9214728165234156E-01,
     9.9212152474506077E-01,
     9.9339191068314836E-01,
     1.0007135039265398E+00,
     3.9599350630678947E+00,
     3.9579343009088790E+00,
     3.9567294573216616E+00,
     3.9581115556268411E+00,
     9.9307681477031196E-01,
     9.9349171957534566E-01,
     9.9295856717355591E-01,
     9.9300138856055131E-01,
     9.9308295541765812E-01,
     9.9286845713512939E-01,
     9.9293151596690965E-01,
     9.9284081189539197E-01,
     9.9315115767276652E-01,
     1.9911428091808503E+00,
     3.9718333207838334E+00,
     1.9884251558293711E+00,
     1.9890969980369206E+00
  ]
}
