{
  "version":  "0.2.0",
  "energy":    -2.1885028248498634E-01,
  "charges": [
     1.1006977826854669E+00,
    -3.6680821847939415E-01,
    -3.6707121638622386E-01,
    -3.6681834781984879E-01
  ],
  "coordination numbers": [
     2.9931102906308187E+00,
     9.9925333191692012E-01,
     9.9925206678954481E-01,
     9.9925368740699838E-01
  ]
}
