{
  "version":  "0.2.0",
  "energy":    -5.4257552330752537E-02,
  "charges": [
     5.0606141988304376E-01,
    -1.6767179605180199E-01,
    -1.6894811009981930E-01,
    -1.6944151373142241E-01
  ],
  "coordination numbers": [
     2.9892989754975972E+00,
     9.9800498661286063E-01,
     9.9798267254334938E-01,
     9.9794068282389947E-01
  ]
}
