{
  "version":  "0.2.0",
  "energy":    -1.6183224832084595E+00,
  "charges": [
     7.9786345647654411E-01,
    -2.4111214775305784E-01,
     7.8951567758857477E-02,
    -1.3112211113760386E-01,
     6.7385058738072767E-02,
    -3.6842493098249685E-01,
    -2.5214731765254222E-01,
    -3.7872776030510680E-01,
     3.9572727100683380E-02,
     9.9842245843891050E-02,
     6.6668662930551251E-02,
     5.5751836542109863E-02,
     3.7670144424001767E-02,
     5.9521134315723978E-02,
     6.7328352717886425E-02,
     1.4527640517859930E-02,
    -5.4021882398240217E-01,
    -4.0795911672992574E-01,
     2.7501048530928041E-01,
    -4.3001597223686705E-01,
    -4.0850923359516533E-01,
     3.3425286602738968E-02,
    -5.3528118490303356E-01
  ],
  "coordination numbers": [
     7.1119570888776487E+00,
     3.9586724763910084E+00,
     3.1024215229692222E+00,
     2.9960802297798326E+00,
     3.0797146641822515E+00,
     1.9548074065678431E+00,
     3.9589139200030417E+00,
     1.9524721964204641E+00,
     9.9169285981338273E-01,
     9.9087073553035054E-01,
     9.9176342077928137E-01,
     9.9290927286011410E-01,
     9.9177708944343657E-01,
     9.9146581460158334E-01,
     9.9159210263738995E-01,
     1.9463182770879497E+00,
     1.0020864524748569E+00,
     1.7486739056938179E+00,
     3.9555496323420183E+00,
     1.9587400275681093E+00,
     1.9562087986523347E+00,
     1.9337400661260942E+00,
     1.0016625064513232E+00
  ]
}
