{
  "version":  "0.2.0",
  "energy":     2.8003573278086080E-01,
  "charges": [
     6.6512101781838751E-01,
    -5.7117516649787536E-01,
    -2.6655918322618877E-02,
    -3.9452405320235029E-02,
    -4.1611169927460628E-01,
    -3.9147039429467290E-02,
    -2.8568784030704175E-02,
    -5.6241266700279269E-01,
     2.4901665149923546E-01,
     2.4954131233266297E-01,
     1.2023165824156415E-01,
     1.2761850974437872E-01,
     1.2875132136759038E-01,
     1.1656779680843171E-01,
     2.3055863712447902E-01,
     1.1626557243860905E-01,
     1.2456853119919038E-01,
     1.3684749701087234E-01,
     1.2232961438053236E-01,
     2.5842892086044744E-01,
     2.4710632810257038E-01,
    -5.5137739600662670E-02,
    -3.7318924206410742E-01,
     1.3237245249916024E-01,
     1.3628304695383614E-01,
     1.2787034459209118E-01,
    -8.9529270886908388E-02,
     1.6592065150317870E-01,
    -3.7491254102566296E-01,
    -7.2897128025613644E-01,
     2.9361898790026564E-01,
     2.7874730199985098E-01,
     2.7749759933444268E-01
  ],
  "coordination numbers": [
     6.4014942715707956E+00,
     3.9079887530312227E+00,
     4.1131596107292152E+00,
     4.0383737674054174E+00,
     3.8925879835866315E+00,
     4.0960520254365553E+00,
     4.0466874913701680E+00,
     3.9105222190707458E+00,
     1.0011472747257946E+00,
     9.9740679458268389E-01,
     9.9126020013620764E-01,
     9.9132793325255086E-01,
     9.9122472798353023E-01,
     9.9105861949905272E-01,
     1.0016292897546721E+00,
     9.9083448182765821E-01,
     9.9092118474427338E-01,
     9.9135649512350899E-01,
     9.9136775343981309E-01,
     9.9917154638523265E-01,
     1.0078125167067116E+00,
     4.0176258802406934E+00,
     1.9916646099764801E+00,
     9.9093694977243008E-01,
     9.9092498629092862E-01,
     9.9066929805626547E-01,
     1.0111363623644936E+00,
     2.3662605699004935E+00,
     1.9931063438581509E+00,
     3.9012620931802253E+00,
     1.0070773832782862E+00,
     9.9867286906406694E-01,
     9.9650488786551605E-01
  ]
}
