{
  "version":  "0.2.0",
  "energy":     2.8707213582159541E-01,
  "charges": [
     8.2667503616586491E-01,
    -6.1000414661671432E-01,
    -9.5540709693331394E-03,
    -1.0451732235735617E-02,
    -6.0704630485497302E-01,
     2.6098849263949231E-01,
     2.6686137636535368E-01,
     1.6064971338810138E-01,
     1.4039447320181375E-01,
     1.4339648294631571E-01,
     1.4425958473806735E-01,
     2.8247480597188246E-01,
     2.7461133662135773E-01,
    -7.0315937758603564E-02,
    -4.5028649026050732E-01,
     1.5576072994770246E-01,
     1.5287737884876079E-01,
     1.6061224602221510E-01,
     2.6853283474976641E-01,
     6.9936076496588756E-02,
    -3.2408363732516715E-01,
    -9.0892323956510021E-02,
     1.0263011547271186E-01,
    -2.3802603959845053E-01
  ],
  "coordination numbers": [
     6.0742084434066044E+00,
     3.9323708729077591E+00,
     4.1205728167045557E+00,
     4.1281075319343721E+00,
     3.9302235854936569E+00,
     1.0063992649453546E+00,
     1.0015027993032364E+00,
     9.9146610572557936E-01,
     9.9150893034402365E-01,
     9.9142656292290621E-01,
     9.9129792760439006E-01,
     1.0143949655021460E+00,
     9.9872954518998025E-01,
     3.9985755121761670E+00,
     2.9434039032258132E+00,
     9.9195839077360581E-01,
     9.9226839568286440E-01,
     9.9194035393850566E-01,
     1.0068590976371343E+00,
     1.9811475486902808E+00,
     1.0567812918495312E+00,
     9.9546867591096522E-01,
     1.8721176120750957E+00,
     9.9960378058644928E-01
  ]
}
