{
  "version":  "0.2.0",
  "energy":    -1.0621118325939782E-01,
  "charges": [
     6.9417688232521702E-01,
    -2.6268757244266439E-01,
    -2.6191143192977567E-01,
    -8.6790550542713979E-02,
    -8.2787327410063005E-02
  ],
  "coordination numbers": [
     3.9518767936651562E+00,
     9.9576648374486521E-01,
     9.9581118317984263E-01,
     1.7042533083055700E+00,
     1.7052442728484518E+00
  ]
}
