{
  "version":  "0.2.0",
  "energy":    -4.3411658905335077E-02,
  "charges": [
     3.7179650389412056E-01,
    -3.7179650389412056E-01
  ],
  "coordination numbers": [
     9.9891392235239351E-01,
     9.9891392235239351E-01
  ]
}
