{
  "version":  "0.2.0",
  "energy":     1.6941685808423232E+00,
  "charges": [
     8.8355751433414342E-01,
    -3.5146922146561960E-01,
     1.0183225194100531E-01,
     1.7159386699274526E-02,
     2.0324311481591084E-02,
    -7.3541823741934964E-03,
     1.5779022641445584E-01,
     1.5697510979971707E-01,
    -8.7699072841652681E-03,
     1.8086345322131270E-02,
     1.1452642609702857E-02,
     9.3179236338617966E-02,
    -3.5347631364883503E-01,
     1.8088563690010795E-01,
     2.2363622059099708E-01,
     2.2810828417652282E-01,
     1.9034348108256460E-01,
     1.8997290891248508E-01,
     2.2693375459239465E-01,
     2.1945989738616145E-01,
     1.7290499407866700E-01,
     4.1725526370822352E-01,
     1.6814752076156192E-01,
    -1.0790256347991142E-01,
     2.8804028303655577E-01,
     2.7827256966023861E-01,
    -4.1534565157439479E-01
  ],
  "coordination numbers": [
     5.8128980575162501E+00,
     3.0039183987852081E+00,
     3.2996239007784558E+00,
     3.0055680367272188E+00,
     3.0214011212129144E+00,
     3.0084804227635118E+00,
     3.2246893704884618E+00,
     3.2284828878538168E+00,
     3.0087095570108486E+00,
     3.0208106581565159E+00,
     3.0059226646815427E+00,
     3.2979465192914326E+00,
     3.0032343619031368E+00,
     9.9293767315803372E-01,
     9.9280388856930024E-01,
     9.9257050657165191E-01,
     9.9295714531913770E-01,
     9.9296696265417594E-01,
     9.9258001736180912E-01,
     9.9280624862432543E-01,
     9.9329136451091848E-01,
     9.9845174582233387E-01,
     1.8714689255907810E+00,
     9.9962914591993179E-01,
     1.0142763490338842E+00,
     2.1823374624415575E+00,
     2.0123194890273997E+00
  ]
}
