{
  "version":  "0.2.0",
  "energy":     6.7344541876970004E-02,
  "charges": [
     8.6407643274609469E-01,
    -5.5902845555334413E-01,
    -3.6534502920188838E-02,
    -4.0111399009284260E-02,
    -3.9716992360192072E-01,
    -3.2361076384878507E-02,
    -2.7236774372027761E-02,
    -5.4748610581892687E-01,
     2.4102836604859312E-01,
     2.4677635192840852E-01,
     1.1010867283271011E-01,
     1.0357146885633720E-01,
     1.0554032095817720E-01,
     1.2657593220710878E-01,
     2.3568286636353014E-01,
     1.0493769045637413E-01,
     1.3726353886321666E-01,
     1.1850878581624218E-01,
     1.0980228745910861E-01,
     2.5656166438197753E-01,
     2.6286912369065635E-01,
    -1.2177776903196233E-01,
     1.4371558007809956E-01,
    -4.0942560933310723E-01,
    -3.6218487804127480E-02,
    -1.3868222503918387E-01,
    -1.3650918431563311E-01,
    -2.5558303453179696E-02,
    -2.8671917665393820E-01,
     1.3452089974372522E-01,
     1.2080834377487201E-01,
     1.1532910227585999E-01,
     1.1901308661657371E-01,
     1.1594595792000156E-01,
     1.1938329657661800E-01,
     1.4110240342886296E-01,
     1.3514545088078062E-01,
    -1.0865585481597248E-01,
     1.3390353535146082E-01,
    -3.9006895858315649E-01,
    -2.1087794216780120E-01,
     2.0478385499102159E-01,
    -3.2872278147695799E-01,
    -2.1687954706552498E-01,
    -2.0504803733835819E-01,
     1.2891479831972300E-01,
     1.4765929469023953E-01,
     1.1735499159932095E-01,
     1.2831353295932743E-01,
     1.1796575495893082E-01,
     1.3814827319925377E-01,
     1.4076927619815666E-01,
     1.1669211253947895E-01,
     1.4746699443819006E-01,
     7.2358345223373755E-02,
     5.0644963941859453E-02,
    -3.2850033391719102E-01,
     1.5297378675746987E-02,
     5.3748557427753488E-02,
    -3.4988705812074283E-01,
     1.4386209485278070E-01,
     1.5833639234418728E-01,
     1.1200298037705560E-01,
     1.3033211004148612E-01,
    -8.8588521473173920E-02,
    -1.9741303227689022E-01,
    -2.0736180550580349E-01
  ],
  "coordination numbers": [
     7.8621379124849371E+00,
     3.8742202508526526E+00,
     3.9794568561272579E+00,
     4.0043892697945473E+00,
     3.7918144543133581E+00,
     4.0047568967143885E+00,
     4.0122509112121243E+00,
     3.8978388728157505E+00,
     1.0209876021410498E+00,
     1.0089530165402367E+00,
     9.9181755239127245E-01,
     9.9129764750296090E-01,
     9.9072158569163804E-01,
     9.9188622893972589E-01,
     1.0006322611312548E+00,
     9.9085960828025677E-01,
     9.9192352803384853E-01,
     9.9177170097625478E-01,
     9.9098838904065545E-01,
     1.0046093435734811E+00,
     1.0229047721075295E+00,
     1.0121775734467793E+00,
     2.1623590723380781E+00,
     2.0007485669860401E+00,
     4.0556210838035369E+00,
     3.9722654518794815E+00,
     3.9707395196444617E+00,
     4.0603344155819894E+00,
     2.4167256930349357E+00,
     9.9123273115900279E-01,
     9.9207038398343617E-01,
     9.9180371195918671E-01,
     9.9193582303776839E-01,
     9.9159096371469513E-01,
     9.9196881049618213E-01,
     9.9236803040697641E-01,
     9.9118214125436488E-01,
     1.0128942096416846E+00,
     2.1191614597601802E+00,
     2.0038730809151071E+00,
     3.9575329003259050E+00,
     4.2843896165468625E+00,
     1.9873115997629460E+00,
     3.9573362371635668E+00,
     3.9577938409965752E+00,
     9.9409408764274332E-01,
     9.9409622981028711E-01,
     9.9345307028079688E-01,
     9.9422702098050664E-01,
     9.9353948121310420E-01,
     9.9403022024660359E-01,
     9.9424839767757600E-01,
     9.9410337552213601E-01,
     9.9419783028893782E-01,
     3.0790244510534652E+00,
     3.1043262672465133E+00,
     2.8140084399947698E+00,
     3.0828107267525029E+00,
     3.0786273459375275E+00,
     2.0148780403133362E+00,
     9.9258663066289365E-01,
     9.9287719193938528E-01,
     9.9288925082293655E-01,
     9.9247443653012724E-01,
     2.4353786780537643E+00,
     1.9022301727176378E+00,
     1.8599620795883798E+00
  ]
}
