{
  "version":  "0.2.0",
  "energy":    -1.0868240883995109E-01,
  "charges": [
    -3.1312250195891611E-01,
     1.9250032758783478E-01,
     1.7363234663600591E-01,
     1.9235767945293611E-01,
    -2.4536785171786066E-01
  ],
  "coordination numbers": [
     3.5185649538929207E+00,
     2.1402531068863562E+00,
     2.8036828426160820E+00,
     2.1412203885640446E+00,
     9.8129123526412521E-01
  ]
}
