{
  "version":  "0.2.0",
  "energy":    -1.1188623635127785E-02,
  "charges": [
     1.8355552136059627E-01,
    -9.1777047154998945E-02,
    -9.1778474205597330E-02
  ],
  "coordination numbers": [
     1.9129358454537408E+00,
     9.5687899072979210E-01,
     9.5691914715735571E-01
  ]
}
