{
  "version":  "0.2.0",
  "energy":     1.7890652503804250E-01,
  "charges": [
     9.2965780009930099E-01,
    -2.9527990605517246E-01,
     5.4167842508286018E-02,
    -7.3401361204551402E-02,
    -7.3564410942873110E-02,
    -7.8578710691516909E-02,
     1.2845450744403500E-01,
     1.2584304437355343E-01,
    -8.1122749143658926E-02,
    -7.7341233409240914E-02,
    -8.4679670783626898E-02,
     3.8289905641917032E-02,
    -3.0313317976712945E-01,
     1.6226651725021304E-01,
     1.3436022997604979E-01,
     1.3614213555919680E-01,
     1.2045872536378138E-01,
     1.2000616245055513E-01,
     1.3353019324539264E-01,
     1.2455051371875289E-01,
     1.3565350280748911E-01,
    -1.7370044936773729E-01,
     1.0093328128456472E-01,
    -7.7495641696476658E-02,
     1.0041000680998666E-01,
    -3.1071516111240938E-01,
    -1.7558116247689434E-01,
    -3.2596201868715879E-01,
     1.1406462524394993E-01,
     1.2216710362263111E-01,
     1.3700952150877810E-01,
     1.1660351101009507E-01,
     1.1453500024540841E-01,
     1.3894554052725383E-01,
     1.1594950755430525E-01,
     3.8682747253949087E-02,
    -3.5724432261066608E-01,
    -2.3330325620932571E-01,
     2.1402054397440970E-01,
    -3.5695600147255196E-01,
    -2.1382431832146867E-01,
    -2.1512112779472928E-01,
     1.1970441614362690E-01,
     1.1298608242950701E-01,
     1.1374817417455424E-01,
     1.1451833858168858E-01,
     1.4144621667379054E-01,
     1.3548502933986722E-01,
     1.1423741828185091E-01,
     1.2118427333762818E-01,
     1.5479645769570777E-01,
    -4.4067128950148089E-02,
    -1.3531677578303980E-01,
    -1.3287680004784638E-01,
    -4.9549367204205205E-02,
    -2.6148056932049119E-01,
     1.1457456715921595E-01,
     1.4458014346565470E-01,
     1.1186784241037157E-01,
     1.1137461272683526E-01,
     1.2461345685900840E-01,
     1.0885841952755100E-01,
     1.3141183574419746E-01,
     1.0989176857341014E-01,
     1.7739491608549005E-01,
    -2.1480458614633710E-01,
    -2.8669845083612067E-01,
    -2.8757807864843438E-01
  ],
  "coordination numbers": [
     7.9229937944447695E+00,
     2.9274938338396010E+00,
     3.1230269237965445E+00,
     3.0126520200518705E+00,
     3.0209363113325249E+00,
     3.0175341158204132E+00,
     3.1382036613208237E+00,
     3.1385126833461117E+00,
     3.0164889290110235E+00,
     3.0211755841330694E+00,
     3.0120474999980802E+00,
     3.1498063176513291E+00,
     2.9481417496714037E+00,
     9.9317414771507195E-01,
     9.9306611352117002E-01,
     9.9291997256867504E-01,
     9.9332607124495542E-01,
     9.9332090161101227E-01,
     9.9290395018940636E-01,
     9.9305342980964184E-01,
     9.9327015703688115E-01,
     3.9606839783138375E+00,
     3.1548235084260368E+00,
     3.0005595360978896E+00,
     3.1362343548686473E+00,
     1.9828404289421755E+00,
     3.9604291934592419E+00,
     1.9879706560498214E+00,
     9.9230521639877445E-01,
     9.9161527256822790E-01,
     9.9144847703592021E-01,
     9.9327950768029627E-01,
     9.9228295526719901E-01,
     9.9136771549366642E-01,
     9.9161896576327813E-01,
     1.0540275839475051E+00,
     1.9868780900866554E+00,
     3.9575737313919515E+00,
     4.3816038747222859E+00,
     1.9859067592900583E+00,
     3.9575614950683509E+00,
     3.9577849820524600E+00,
     9.9428494135147538E-01,
     9.9404002440757022E-01,
     9.9335687225109304E-01,
     9.9365748759099493E-01,
     9.9461446956822641E-01,
     9.9427312549847180E-01,
     9.9345626543500387E-01,
     9.9436738351436738E-01,
     9.9494786417325720E-01,
     4.0926324019787437E+00,
     3.9736100971789190E+00,
     3.9697112992585746E+00,
     4.0896202626789009E+00,
     2.9155076327913880E+00,
     9.9123005226417238E-01,
     9.9278454057451171E-01,
     9.9203581456705425E-01,
     9.9187918686632415E-01,
     9.9166593608486764E-01,
     9.9192651998892689E-01,
     9.9241804644874865E-01,
     9.9076993592132379E-01,
     3.6613562910942017E+00,
     1.9396135972384405E+00,
     1.9635004186062437E+00,
     1.0015396701908754E+00
  ]
}
