{
  "version":  "0.2.0",
  "energy":    -6.8942567206335820E-02,
  "charges": [
     4.2834265848248004E-01,
    -4.2834265848248004E-01
  ],
  "coordination numbers": [
     9.9935515636314420E-01,
     9.9935515636314420E-01
  ]
}
