{
  "version":  "0.2.0",
  "energy":    -1.0487963842749977E+00,
  "charges": [
     6.9215804048044327E-01,
    -7.6113112977924624E-01,
     2.5779852727602443E-01,
     2.3929673447319111E-01,
     2.8194180754293141E-01,
    -4.7198230557715432E-01,
     4.1075102010215553E-01,
    -3.7395511755947608E-01,
    -3.6459814720529782E-01,
    -1.6944058723510438E-01,
     1.2505553744246278E-01,
    -5.0937396545432079E-01,
    -1.8876732447638042E-01,
     2.4896670022265027E-01,
    -4.6351227526891547E-01,
     9.1126812742846022E-02,
     9.4681258662504569E-02,
     8.9953414500347412E-02,
    -1.2025883679511531E-01,
    -1.1781249510296929E-01,
     3.6681741309287086E-02,
    -3.2781020494419716E-01,
     1.5823790757493780E-02,
    -1.1593603665981349E-01,
     8.5342311286973185E-02,
     8.9299538399335882E-02,
     1.4064259554798733E-01,
     1.4298565076237590E-01,
     8.9948356882416716E-02,
    -4.8130144385584123E-01,
     3.3342603152240530E-01
  ],
  "coordination numbers": [
     7.0008341015574480E+00,
     3.9219394615068079E+00,
     1.0334991728859206E+00,
     1.0010032176709780E+00,
     9.9965064315575081E-01,
     1.0060638231864365E+00,
     3.9295092587127023E+00,
     1.9911875811618094E+00,
     1.9886637524849151E+00,
     1.9503898146023015E+00,
     2.1162501952576847E+00,
     1.0070644400451041E+00,
     3.9600573346326904E+00,
     3.2220034866590890E+00,
     2.0008374093908481E+00,
     9.9137909974994010E-01,
     9.9231999558877071E-01,
     9.9146523803227193E-01,
     3.0207849173524375E+00,
     3.0112269251401083E+00,
     3.2801714298117570E+00,
     2.9510459155927169E+00,
     3.0980891219808875E+00,
     3.0111096302319273E+00,
     9.9269152404858296E-01,
     9.9295364061535896E-01,
     9.9993712733817031E-01,
     9.9208293072269793E-01,
     9.9294057488414378E-01,
     1.9829087281355031E+00,
     9.8555752349207104E-01
  ]
}
