{
  "version":  "0.2.0",
  "energy":    -1.1428854694156215E-01,
  "charges": [
     7.7634805147110231E-01,
    -1.2943056846492773E-01,
    -1.2938617907769281E-01,
    -1.2941479637989334E-01,
    -1.2931125280640568E-01,
    -1.2935834352069198E-01,
    -1.2944691122149074E-01
  ],
  "coordination numbers": [
     5.8266766531182883E+00,
     1.0397423727876465E+00,
     1.0393987067721584E+00,
     1.0397719134952679E+00,
     1.0399391721715370E+00,
     1.0399975626259357E+00,
     1.0394403111149151E+00
  ]
}
