{
  "version":  "0.2.0",
  "energy":    -9.6004101558486044E-01,
  "charges": [
     6.9022882061175883E-01,
    -5.8555658898877416E-01,
     2.5758662150195299E-01,
     3.2351256325131694E-02,
     1.7920955672707667E-01,
    -3.7614585900904274E-01,
     1.9560098932801362E-02,
     1.3829168263569752E-02,
    -4.2189781818790462E-01,
     8.4146417677088969E-02,
     1.0150523430362816E-01,
     8.6553087198206063E-02,
     8.1582911508845973E-02,
    -2.7288745378721613E-01,
     7.1009453228074199E-02,
    -2.6054312569716692E-01,
    -2.5099107674307802E-01,
     7.0792927676005077E-02,
     7.6154437190421753E-02,
     8.4889108523143977E-02,
     7.1245340301596169E-02,
     1.0033181330418120E-01,
     8.9509174283896986E-02,
     6.9654135202517189E-02,
     1.0222362200784202E-01,
     1.0787206744479602E-01,
    -3.6799889820664489E-01,
     3.4329442798110105E-01,
    -3.4040913362142772E-01,
    -3.8253870895053604E-01,
    -6.3308905118920927E-02,
    -4.1125211188292365E-01
  ],
  "coordination numbers": [
     7.1016840954093876E+00,
     1.9914072394528004E+00,
     1.1110309097790250E+00,
     3.0623784179504119E+00,
     4.3621462796974200E+00,
     2.9949895425670965E+00,
     3.3039135075597947E+00,
     3.0661245174910920E+00,
     2.0109207470855912E+00,
     9.9195684507919868E-01,
     9.9230472386385760E-01,
     9.9272764093344179E-01,
     9.9275991444838585E-01,
     3.9555890017453788E+00,
     3.9538934823349177E+00,
     3.9559285675976223E+00,
     3.9603964490416113E+00,
     9.9193656734053981E-01,
     9.9264563050576093E-01,
     9.9320402634303839E-01,
     9.9191537848070510E-01,
     9.9370774023674002E-01,
     9.9309018696639750E-01,
     9.9200352410844506E-01,
     9.9401663964592757E-01,
     9.9367042896548874E-01,
     1.9680214235881968E+00,
     3.9818447823440959E+00,
     1.9785858094162094E+00,
     1.9786936381864590E+00,
     1.0770509776636681E+00,
     1.9915589516139542E+00
  ]
}
