{
  "version":  "0.2.0",
  "energy":     9.9663434407402174E-01,
  "charges": [
     6.5020697065780819E-01,
    -1.3322173858840033E-01,
    -1.4728094752566978E-02,
    -3.8227906187073457E-01,
     1.6719661455437068E-01,
     1.6159946456494101E-01,
     1.5380950646856917E-01,
     1.7719768978059339E-01,
     1.7133818881113483E-01,
     2.8633061885547806E-01,
    -5.0549551920595959E-02,
    -3.7114021964382771E-01,
     1.7428713388939815E-01,
     1.8027298364922173E-01,
     1.6834696581073508E-01,
     2.9296370344941480E-01,
     1.9290594889160459E-01,
    -1.8175183462508659E-01,
    -1.8831526354504019E-01,
    -1.2378645394293269E-01,
    -1.7666076949157561E-02,
    -2.2403173643116392E-02,
    -3.9206230206699944E-02,
     3.2982705067301707E-02,
    -2.7216885030235990E-02,
    -2.5209804348461901E-02,
     2.6324279721138200E-01,
    -3.0743615251409018E-01,
    -3.8737700839174938E-01,
     1.9277424706701196E-01,
     1.9071303163955880E-01,
     1.6258179580172338E-01,
     1.7959797345246656E-01,
     1.8892474344943955E-01,
     2.8501446690054300E-01
  ],
  "coordination numbers": [
     6.4389205652271206E+00,
     4.4465976732569832E+00,
     4.1288139418774437E+00,
     2.9420410918837945E+00,
     9.9171168845846491E-01,
     1.0793846805867959E+00,
     1.0482166427812114E+00,
     9.9176861491306845E-01,
     9.9177821915123410E-01,
     9.9498748900066403E-01,
     3.9852072781610692E+00,
     2.9481579803464326E+00,
     9.9203451290366740E-01,
     9.9205019302142894E-01,
     9.9215835007667152E-01,
     1.0246967580681972E+00,
     3.7688040185988596E+00,
     1.9819727420958291E+00,
     1.9828657806557244E+00,
     1.0012279188915834E+00,
     3.0157291532008150E+00,
     3.0095583940973505E+00,
     3.0146935849205869E+00,
     3.0172590089408580E+00,
     3.0181670519375965E+00,
     3.0097773811128068E+00,
     3.0853292490296269E+00,
     1.9920986953273792E+00,
     1.9918099084231775E+00,
     9.9280828509319186E-01,
     9.9298111038717796E-01,
     9.9241906112788048E-01,
     9.9302528774465593E-01,
     9.9296729217697433E-01,
     9.9285880200872256E-01
  ]
}
