{
  "version":  "0.2.0",
  "energy":    -4.2508483006657251E-02,
  "charges": [
     4.5008219854439468E-01,
    -7.5752572694978926E-02,
    -7.5755827569667034E-02,
    -7.4641616253240506E-02,
    -7.4643852292383281E-02,
    -7.4644281623338971E-02,
    -7.4644048110785982E-02
  ],
  "coordination numbers": [
     5.7258178211135800E+00,
     9.7588515753759975E-01,
     9.7588717424319960E-01,
     9.6971733319726461E-01,
     9.6973920355960441E-01,
     9.6974003369472772E-01,
     9.6973460155020774E-01
  ]
}
