{
  "version":  "0.2.0",
  "energy":     5.1442219275033707E-01,
  "charges": [
     4.5790664773176637E-01,
     5.4209335226823385E-01
  ],
  "coordination numbers": [
     6.1997935814605842E-01,
     6.1997935814605842E-01
  ]
}
