{
  "version":  "0.2.0",
  "energy":    -9.9778124560527148E-02,
  "charges": [
     6.4213769575141644E-01,
     1.9347064499318448E-02,
    -3.4845300948499630E-01,
    -3.1303175076573864E-01
  ],
  "coordination numbers": [
     2.9651854917345482E+00,
     9.7471105736015762E-01,
     9.9864136203752185E-01,
     9.9632175650831911E-01
  ]
}
