{
  "version":  "0.2.0",
  "energy":     5.2184616588706423E-01,
  "charges": [
     1.0385130290003912E+00,
     1.1389027284165308E-01,
    -1.5240330184204437E-01
  ],
  "coordination numbers": [
     1.9978262916871845E+00,
     9.9940841967263783E-01,
     9.9940597828671329E-01
  ]
}
