{
  "version":  "0.2.0",
  "energy":    -5.1239346515578932E-01,
  "charges": [
     7.6676089404447612E-01,
    -5.5468345733559987E-01,
    -3.2798330003196652E-02,
    -2.8513107251235015E-02,
    -5.5000047527967466E-01,
     2.4153129978416432E-01,
     2.3924341065368726E-01,
     9.2935068870022175E-02,
     1.2784064818568180E-01,
     1.2683638954026177E-01,
     9.6543239763195954E-02,
     2.7304684403301865E-01,
     2.4212719620589462E-01,
    -1.0430421674220147E-02,
     2.9734294814351125E-01,
    -4.5784797127697985E-01,
    -3.3363273689799294E-01,
    -5.7490011644080263E-01,
     1.0457840599611445E-01,
     1.1194014945162450E-01,
     2.4643189577414246E-01,
     2.3324435518616546E-01,
    -7.3209729159690595E-01,
     2.7115258125300767E-01,
     2.6486478927424628E-01,
     2.5460218381921085E-01,
    -9.4861961728230915E-02,
    -9.7575747009928215E-02,
    -8.1194637713065121E-02,
     6.2758555967465934E-03,
    -8.1301697173573273E-02,
    -9.7381967725983509E-02,
     2.5566552594199798E-01,
    -3.5542016910802071E-01,
    -3.5266230301037421E-01,
     1.1522890163299471E-01,
     1.1591757623707313E-01,
     1.3357224143459900E-01,
     1.3462001183523653E-01,
     1.1620986341352146E-01,
    -1.9198810348708806E-01,
     1.4529965219245439E-01,
    -3.8652143355017282E-01
  ],
  "coordination numbers": [
     7.8313465295039242E+00,
     3.9087633068645582E+00,
     4.0678648542080742E+00,
     4.0497445865875781E+00,
     3.8641510142839133E+00,
     1.0130350981216631E+00,
     1.0215333861300175E+00,
     9.9077807749891278E-01,
     9.9128291580542349E-01,
     9.9123227981157136E-01,
     9.9082371041576422E-01,
     1.0119175503914617E+00,
     9.9890534990907742E-01,
     4.0759526853167394E+00,
     3.6231801318224468E+00,
     1.0026485482158405E+00,
     1.9804525456406026E+00,
     3.8261439218656790E+00,
     9.9083662535386896E-01,
     9.9188349129521036E-01,
     1.0255152260057550E+00,
     9.9652529858582461E-01,
     3.8542093770219186E+00,
     1.0023475056634998E+00,
     1.0015222744914096E+00,
     9.9670985182436933E-01,
     3.0139524485323825E+00,
     3.0122496522096514E+00,
     3.0164083786130593E+00,
     3.0177169195185272E+00,
     3.0161650670380160E+00,
     3.0122762146913606E+00,
     3.7943764823322788E+00,
     1.9531043546382856E+00,
     1.9430287524252812E+00,
     9.9280036975569264E-01,
     9.9285180032747267E-01,
     9.9295720552458100E-01,
     9.9291325236326866E-01,
     9.9283249073515023E-01,
     1.0117290546058628E+00,
     2.4065866231334940E+00,
     1.9839439681708857E+00
  ]
}
