{
  "version":  "0.2.0",
  "energy":     1.0240917059858929E+00,
  "charges": [
     7.7710880361305179E-01,
    -2.5937920306301234E-02,
    -3.3369858235376082E-02,
    -3.2068514241502422E-02,
     2.6271489911798618E-02,
    -4.5440866688385928E-02,
    -3.0990202215239515E-02,
     2.4756440301546490E-01,
    -3.2664259349330826E-01,
    -3.6380846542183171E-01,
     1.8414704494242162E-01,
     1.8036952881168947E-01,
     1.7544578167556693E-01,
     1.5764190149989435E-01,
     1.8212500033501794E-01,
     2.6152833391317892E-01,
    -2.6911811207754321E-02,
    -1.0415235427383429E-01,
    -1.0174738290920882E-01,
    -3.4817276686615176E-02,
    -3.0187843424122490E-01,
     1.5825830697026624E-01,
     1.4610715259936471E-01,
     1.5461147066532743E-01,
     1.6082878840773215E-01,
     1.5908398741214980E-01,
     1.5929101860926292E-01,
     1.4230995730137475E-01,
     1.5155008628985236E-01,
     9.9030443520286102E-02,
     2.1970693022044652E-01,
    -4.1399279511374404E-01,
     9.8778045320179086E-02
  ],
  "coordination numbers": [
     5.7142226321813521E+00,
     3.0159165306731364E+00,
     3.0090580978125185E+00,
     3.0199823256718137E+00,
     3.0181513936678090E+00,
     3.0135751903102452E+00,
     3.0091996947311470E+00,
     3.5892998648832020E+00,
     1.9877658649638859E+00,
     2.7156159694043769E+00,
     9.9276871224984475E-01,
     9.9296702628348577E-01,
     9.9297363744653921E-01,
     9.9249327121291753E-01,
     9.9297954703204905E-01,
     9.9258268281564632E-01,
     4.1683685428733224E+00,
     3.9808684250149371E+00,
     3.9831081216393214E+00,
     4.1296406158188717E+00,
     2.9472657471458916E+00,
     9.9176706872062770E-01,
     9.9235168984606759E-01,
     9.9157984159813939E-01,
     9.9192246024534025E-01,
     9.9193496011211568E-01,
     9.9163203413823098E-01,
     9.9154032732303499E-01,
     9.9184598525296153E-01,
     1.0151710993871879E+00,
     2.1787256887327162E+00,
     2.0130467220432724E+00,
     9.9691301716696223E-01
  ]
}
