{
  "version":  "0.2.0",
  "energy":     1.5172710596071248E+00,
  "charges": [
     7.2219987320360524E-01,
    -1.3726068914450518E-01,
     2.9115780242912725E-01,
    -7.4869000288344534E-02,
    -9.7045776186314270E-02,
    -1.1389452996030114E-02,
    -8.0002988625137661E-02,
    -8.0046383414374644E-02,
    -2.1200568159103872E-02,
    -2.6734631755816840E-01,
     1.7124025394924292E-01,
     1.7952025682097703E-01,
     1.9353216247293084E-01,
     1.8291563060695681E-01,
     1.8817309431084883E-01,
     1.8939998770810618E-01,
     1.5678710125502782E-01,
     1.6440163301768126E-01,
    -8.7856349680697887E-02,
     2.8199976052879150E-01,
    -1.0222414844937627E-01,
    -8.7600184335205777E-02,
    -6.9912619639139306E-01,
     3.0905751166106693E-01,
     3.2136070240454134E-01,
     3.2780725526020954E-01,
    -6.1316002918305745E-03,
    -3.0832868483526321E-01,
     3.1438197569248028E-01,
    -2.3949813595210634E-01,
    -3.9267257875725214E-02,
    -2.5036295351392113E-01,
    -4.8745144951604091E-02,
     1.9301949662314891E-01,
     1.9586502133185943E-01,
     1.8510823272330729E-01,
     1.8057898656875435E-01,
     1.7499024543551961E-01,
     1.9357558928016935E-01,
     1.8068454728515670E-01,
     1.5844627371033543E-01,
     1.8209843836925152E-01
  ],
  "coordination numbers": [
     7.4313688801583639E+00,
     9.9929352053811726E-01,
     3.4555251838882146E+00,
     1.8549942346006780E+00,
     1.8561628265847787E+00,
     4.1207820898910690E+00,
     3.9839457182162468E+00,
     3.9822932354703058E+00,
     4.1403794077924445E+00,
     2.9392448938360722E+00,
     9.9175429854557073E-01,
     9.9156803871846222E-01,
     9.9187567733994264E-01,
     9.9160064862981301E-01,
     9.9160820420131479E-01,
     9.9188964160112203E-01,
     9.9165421949385379E-01,
     9.9146560703199249E-01,
     9.9909579248965041E-01,
     3.0424105698185926E+00,
     1.9697855109167177E+00,
     9.9913683650723684E-01,
     3.9105117415669346E+00,
     1.0213957370345081E+00,
     1.0004796672603478E+00,
     9.9830604600007078E-01,
     4.1181461476336434E+00,
     1.9843757720121653E+00,
     4.2056413106167820E+00,
     2.9415107800404776E+00,
     4.1653313148976654E+00,
     2.9526770561378761E+00,
     4.1697818328808971E+00,
     9.9228590434209973E-01,
     9.9234476466487553E-01,
     9.9179086132295691E-01,
     9.9238390997046544E-01,
     9.9182348799131148E-01,
     9.9194595844518663E-01,
     9.9200245721842606E-01,
     9.9220449452462489E-01,
     9.9180062019457882E-01
  ]
}
