{
  "version":  "0.2.0",
  "energy":     1.5812030260629901E+00,
  "charges": [
     7.7836234510361102E-01,
     1.3223986489524839E-01,
     8.6928626829599231E-02,
    -3.5803745660235803E-01,
     8.7834266018987806E-02,
     1.3803110329933499E-01,
    -2.5637350876930504E-01,
     2.0505314532716448E-01,
     1.5879619013558463E-01,
     1.6615591240287980E-01,
     2.0963281633728342E-01,
    -3.8018644490558362E-03,
    -1.6720411974303018E-02,
    -2.7113496847364416E-02,
     3.5629372380350299E-02,
    -2.8588133801185578E-02,
    -8.4849865458384299E-03,
     2.7454489859626380E-01,
    -3.3928296950475778E-01,
    -3.5521967996314102E-01,
     2.0674255699483385E-01,
     1.9685817316528215E-01,
     1.6875619749970402E-01,
     1.7334191599018772E-01,
     2.0517324208217746E-01,
     2.9131003657262500E-01,
    -4.5069208979976461E-03,
    -1.7803024421282038E-02,
    -2.4584936818788039E-02,
     3.7912903923911848E-02,
    -2.7275794719197111E-02,
    -7.9412874149485946E-03,
     2.7631099860512603E-01,
    -3.2944073773646565E-01,
    -3.5425776248546020E-01,
     2.0617483039881696E-01,
     1.9568342456159044E-01,
     1.7596119352865988E-01,
     1.7565973204227189E-01,
     2.0593557983813840E-01,
     2.9596794354058109E-01,
     7.4435702881233551E-02
  ],
  "coordination numbers": [
     4.6548458753145656E+00,
     3.0595001378323605E+00,
     3.3055886851719531E+00,
     2.9982851972726206E+00,
     3.2209810481522947E+00,
     3.0599823754995183E+00,
     2.0173082175719079E+00,
     9.9238960042600777E-01,
     9.9314331897611208E-01,
     9.9257621488914705E-01,
     9.9238231211564720E-01,
     3.0158248807770391E+00,
     3.0076812337797207E+00,
     3.0161967341617277E+00,
     3.0159002649917275E+00,
     3.0149971699099352E+00,
     3.0073614143731628E+00,
     3.1219870033383055E+00,
     1.9969609232719572E+00,
     1.9918493558127750E+00,
     9.9268998514292139E-01,
     9.9294805531377595E-01,
     9.9297727472498920E-01,
     9.9245808250480838E-01,
     9.9291686527708212E-01,
     9.9247105917491307E-01,
     3.0156782324972635E+00,
     3.0076286758618629E+00,
     3.0162315525714503E+00,
     3.0157231449602735E+00,
     3.0147682853612077E+00,
     3.0073764633709077E+00,
     3.1440635168776607E+00,
     1.9966258368568788E+00,
     1.9922321662580567E+00,
     9.9268175531856251E-01,
     9.9293276513690998E-01,
     9.9303040880313276E-01,
     9.9248375244305187E-01,
     9.9291288666928335E-01,
     9.9242371611840507E-01,
     9.9816560439012569E-01
  ]
}
