{
  "version":  "0.2.0",
  "energy":    -1.1468776633782554E-01,
  "charges": [
    -7.7699570807748364E-02,
     4.2658447219257140E-01,
    -1.7939157247398468E-01,
    -1.6949332891083835E-01
  ],
  "coordination numbers": [
     2.3939837257679235E+00,
     4.8767137922480863E-01,
     9.5424504267573429E-01,
     9.5413078818426111E-01
  ]
}
