{
  "version":  "0.2.0",
  "energy":     8.8270520239736561E-01,
  "charges": [
     7.1058303114401911E-01,
    -3.0877698330801680E-02,
    -3.2585093241374041E-01,
     2.9056537363898532E-01,
    -2.5183123685126474E-01,
    -6.4280546481534140E-02,
    -2.4641852544466325E-01,
    -6.0368771776632468E-02,
     1.7109403159816439E-01,
     1.6266551237956389E-01,
     1.7040694106658666E-01,
     1.6064154167388628E-01,
     1.5800776232409675E-01,
     1.6476827751173970E-01,
     1.6301248361861218E-01,
     1.6667789928122329E-01,
     1.7359529079054350E-01,
    -2.4285996122240905E-01,
    -7.2212356338162642E-01,
     3.0674889368090597E-01,
     3.0360420955568151E-01,
     3.0735715216790677E-01,
    -7.2068833144360900E-01,
     3.0675595356388435E-01,
     3.1028876111030035E-01,
     3.0390503499254329E-01,
    -5.6292555162826913E-02,
    -3.9873779369342566E-01,
     1.7090204080391111E-01,
     1.7312763970076608E-01,
     1.7172140562573859E-01,
     2.7390067997347456E-01
  ],
  "coordination numbers": [
     6.2473618621140199E+00,
     4.1231152391571930E+00,
     1.9853262047929672E+00,
     4.0666607731837914E+00,
     2.8941794053395853E+00,
     4.1246008178281777E+00,
     2.9286634023317060E+00,
     4.1094569013127531E+00,
     9.9224087039029030E-01,
     9.9172515366174796E-01,
     9.9219532692237422E-01,
     9.9182202763099259E-01,
     9.9215666195962804E-01,
     9.9174504869521485E-01,
     9.9193409463277327E-01,
     9.9197361956310459E-01,
     9.9234029025676396E-01,
     9.9832716062609972E-01,
     3.9191441560528695E+00,
     9.9885247873864280E-01,
     9.9634077583545544E-01,
     1.0022346845142955E+00,
     3.9131865757502871E+00,
     9.9621680239311772E-01,
     9.9964693586068876E-01,
     9.9786602299523786E-01,
     4.0162856878024193E+00,
     2.9327247581619380E+00,
     9.9208081080040866E-01,
     9.9201195392243768E-01,
     9.9235548106523730E-01,
     9.9486751660654704E-01
  ]
}
