{
  "version":  "0.2.0",
  "energy":     8.0517980776992770E-01,
  "charges": [
     9.6351794119052103E-01,
    -3.9138472616850238E-02,
    -4.7197999542049174E-02,
    -5.0202839434673019E-02,
     2.2191969257424726E-02,
    -4.5947881045486527E-02,
    -4.5421535725562401E-02,
     2.5505647205680104E-01,
    -3.6121002081450160E-01,
    -3.7423313603264552E-01,
     1.7336099985036293E-01,
     1.6932125253596000E-01,
     1.6365233700935775E-01,
     1.6890549357663170E-01,
     1.7096123135407387E-01,
    -1.6828491881631646E-01,
    -3.8042383538208463E-02,
    -4.2332079369812781E-01,
     1.5221841428211430E-01,
     1.5245426683152993E-01,
     1.5417926621306027E-01,
     1.4983577256105807E-01,
     1.5287771026374386E-01,
     2.5957458339208350E-01,
    -1.6993792619465231E-01,
    -4.1533494264495555E-02,
    -4.2186993593345806E-01,
     1.5286504682154001E-01,
     1.5169656180330887E-01,
     1.4605712216234884E-01,
     1.4806983468682963E-01,
     1.4027229186010398E-01,
     2.6496875805439885E-01,
    -7.5341647276077994E-01,
     2.9086619175937795E-01,
     2.9052446625130984E-01,
     2.7861811343715792E-01,
    -2.6513056860118844E-02,
    -4.2164636215246254E-01,
     1.4823316123232691E-01,
     1.5826952825040602E-01,
     1.4936844273655617E-01
  ],
  "coordination numbers": [
     6.8319122994333066E+00,
     3.0153974140483202E+00,
     3.0103085900359128E+00,
     3.0158707199421242E+00,
     3.0202721334261522E+00,
     3.0165475441588114E+00,
     3.0103775752680386E+00,
     3.9122368242938128E+00,
     1.9894131995348596E+00,
     1.9916206709441493E+00,
     9.9279499483064892E-01,
     9.9296563002060534E-01,
     9.9291936798668878E-01,
     9.9293051431000645E-01,
     9.9296663576295252E-01,
     3.9554871154530638E+00,
     4.0064823113853540E+00,
     2.9518133187065896E+00,
     9.9170331115250043E-01,
     9.9147292927228214E-01,
     9.9180345505734824E-01,
     9.9166867836464778E-01,
     9.9211702907855948E-01,
     1.0283375277161566E+00,
     3.9553698352229238E+00,
     4.0036111141755555E+00,
     2.9527519304953351E+00,
     9.9173609558935993E-01,
     9.9159067668704992E-01,
     9.9166318522681696E-01,
     9.9164265925684791E-01,
     9.9170559128603308E-01,
     1.0392046754972144E+00,
     3.9335886424781172E+00,
     1.0077844201926052E+00,
     1.0018929518435824E+00,
     1.0011655034305349E+00,
     4.1089305276734525E+00,
     1.9903282977427601E+00,
     9.9170859390108834E-01,
     9.9172371185879715E-01,
     9.9165899663748913E-01
  ]
}
