{
  "version":  "0.2.0",
  "energy":    -2.8343297199153455E-01,
  "charges": [
     7.6666089249116398E-01,
     1.5966368826709126E-01,
    -3.0160981103836981E-01,
    -2.6681675226305224E-01,
     8.7215896954393218E-02,
    -2.0785652928607043E-01,
    -7.7969058900463226E-02,
    -7.4592634249894804E-02,
     1.8214613602679269E-01,
    -3.7501719360086733E-01,
    -1.3818714976075103E-01,
     2.2814818463210948E-01,
    -9.6568129469557368E-02,
    -1.4458730644625076E-01,
    -6.7184920542411236E-02,
    -6.9560001313032777E-02,
    -6.8770062363117404E-02,
     1.5519972813997890E-02,
    -5.5229192495935615E-02,
    -6.8467104527833431E-02,
     2.6380459070376194E-01,
    -2.8257681148715946E-01,
    -3.9027122307132700E-01,
     1.4098961400543619E-01,
     1.4167763521926977E-01,
     1.4153360134658244E-01,
     1.5185607038600141E-01,
     1.4328358888354736E-01,
     2.6276400908594616E-01
  ],
  "coordination numbers": [
     6.2914266682232372E+00,
     1.9805885788308704E+00,
     1.0179695183769004E+00,
     2.0018168767659992E+00,
     2.0943267556294831E+00,
     1.0054116605333352E+00,
     1.0690867046036354E+00,
     1.0119539680037919E+00,
     2.0864612902533866E+00,
     2.0008801897598030E+00,
     9.9905399150252716E-01,
     3.2243759275963306E+00,
     1.9133094475068164E+00,
     9.9908668112676846E-01,
     3.0151168210013459E+00,
     3.0117576476823924E+00,
     3.0156667866790849E+00,
     3.0190921038914729E+00,
     3.0173073602381111E+00,
     3.0122228976623644E+00,
     3.2677840542081524E+00,
     1.9793930242802116E+00,
     1.9900130440270454E+00,
     9.9284010460999816E-01,
     9.9296451456878021E-01,
     9.9280184811789418E-01,
     9.9284376420515752E-01,
     9.9296415466522170E-01,
     9.9094128305383222E-01
  ]
}
