{
  "version":  "0.2.0",
  "energy":    -7.7745344853364751E-01,
  "charges": [
     3.0769435302339554E-01,
    -1.8945639489831201E-01,
    -2.2622887678269465E-01,
    -5.4455100128123113E-01,
    -8.0021571967728122E-01,
     4.5275763961612336E-01
  ],
  "coordination numbers": [
     4.6860739785481833E+00,
     1.7908638870949636E+00,
     2.4792233612791970E+00,
     2.8911138769588689E+00,
     9.8815062808842935E-01,
     3.3721708460150710E+00
  ]
}
