{
  "version":  "0.2.0",
  "energy":    -1.7717882376985394E-01,
  "charges": [
     1.0083526620393817E+00,
    -1.6805735379232534E-01,
    -1.6806010862837500E-01,
    -1.6805929851656920E-01,
    -1.6805839358686894E-01,
    -1.6805850714184453E-01,
    -1.6805900037339860E-01
  ],
  "coordination numbers": [
     5.8706770004821518E+00,
     9.9890783717028775E-01,
     9.9890786629407646E-01,
     9.9890786391649034E-01,
     9.9890784853243098E-01,
     9.9890785356814149E-01,
     9.9890785166057849E-01
  ]
}
