{
  "version":  "0.2.0",
  "energy":    -7.3089644987878999E-01,
  "charges": [
    -2.6921568729941669E-01,
    -9.1232059966957213E-01,
     1.8153628696898838E-01
  ],
  "coordination numbers": [
     1.3719042209449075E+00,
     9.9870517018824234E-01,
     3.7345945742981268E-01
  ]
}
