{
  "version":  "0.2.0",
  "energy":    -3.4626687084258770E-02,
  "charges": [
     3.4993474114581602E-01,
    -8.7583684757592151E-02,
    -8.7640960389900324E-02,
    -8.7387142801501727E-02,
    -8.7322953196822151E-02
  ],
  "coordination numbers": [
     3.7877111216704336E+00,
     9.5108115549396821E-01,
     9.5244571688559443E-01,
     9.4905070959085958E-01,
     9.4758781543155468E-01
  ]
}
