{
  "version":  "0.2.0",
  "energy":     2.0446647163701023E-01,
  "charges": [
     6.8402561819450025E-01,
    -5.8847647906369593E-01,
    -1.9267495872019369E-02,
    -4.7176468573514790E-02,
    -4.2221192572605148E-01,
    -4.2295690467693547E-02,
    -2.6583968463777752E-02,
    -5.6966959770697789E-01,
     2.6820451103168630E-01,
     2.4699275625010536E-01,
     1.1547683346682552E-01,
     1.3272047309350887E-01,
     1.1742617397543403E-01,
     1.1197689400256064E-01,
     2.2502755074794653E-01,
     1.2568493740865558E-01,
     1.1228994102851433E-01,
     1.1729381233716973E-01,
     1.2848170505954765E-01,
     2.4917876485103072E-01,
     2.5791388980177071E-01,
    -6.5705476058321596E-02,
     1.5706808442830672E-01,
    -4.2563769037420957E-01,
    -4.5166007100137559E-02,
    -3.4835819704356430E-01,
     3.3942684735391948E-01,
    -3.0517098660027742E-01,
    -5.4614000386432882E-02,
    -3.2356405470072869E-01,
    -6.7800471786239797E-02,
     1.3105464736676470E-01,
     1.4416710464774368E-01,
     1.4490856652787687E-01,
     1.4226503434748475E-01,
     1.3873956006059210E-01,
     1.2815186272527454E-01,
     1.3670242295599688E-01,
     1.3130253529718727E-01,
     1.2285712629187469E-01,
    -5.5525256927322220E-01,
     2.9761342594458695E-01
  ],
  "coordination numbers": [
     6.1919621520948507E+00,
     3.9203859105447494E+00,
     4.2718690216683921E+00,
     4.0406290352591796E+00,
     3.8911972574992246E+00,
     4.0388781233036140E+00,
     4.0698436656947594E+00,
     3.9143831164374285E+00,
     1.0040477209376704E+00,
     9.9641468083490015E-01,
     9.9123704336633711E-01,
     9.9490874916381422E-01,
     9.9123763040904667E-01,
     9.9160916268589272E-01,
     1.0037829195698986E+00,
     9.9140668610383820E-01,
     9.9118628570153344E-01,
     9.9126483688303502E-01,
     9.9122848213690329E-01,
     9.9783596870602143E-01,
     1.0029623273765509E+00,
     1.0130107986111607E+00,
     2.0379417609620329E+00,
     2.0043248461594008E+00,
     4.1368140940704219E+00,
     1.9876524316344852E+00,
     4.5208907037066588E+00,
     1.9894625808347248E+00,
     4.1704500224864285E+00,
     1.9892103503402101E+00,
     4.1687425188776999E+00,
     9.9224737119046935E-01,
     9.9181885576835604E-01,
     9.9203573754490737E-01,
     9.9229068100333073E-01,
     9.9170804606598306E-01,
     9.9115152664302020E-01,
     9.9210389155160694E-01,
     9.9156521432681100E-01,
     9.9110599549456158E-01,
     1.9909424463048211E+00,
     9.9783354559049187E-01
  ]
}
