{
  "version":  "0.2.0",
  "energy":    -1.7549198960443588E-01,
  "charges": [
     9.9202138502194759E-01,
    -2.4777153073047878E-01,
    -2.4796722448465075E-01,
    -2.4796085993385394E-01,
    -2.4832176987296412E-01
  ],
  "coordination numbers": [
     3.9772122597529620E+00,
     9.9816339141264443E-01,
     9.9815846615404080E-01,
     9.9816110731576391E-01,
     9.9815332938216716E-01
  ]
}
