{
  "version":  "0.2.0",
  "energy":     1.0227745449656565E+00,
  "charges": [
     9.7801894870348760E-01,
     2.4877653717518664E-01,
     2.1708949402484118E-01,
    -9.7335676275503574E-02,
    -7.2604735280010901E-01,
     3.4508766034361993E-01,
     3.5901382356813377E-01,
     3.4947618127792579E-01,
     5.0650753927575176E-02,
    -3.7660321439159561E-01,
     2.2009653926692460E-01,
     2.2298795156189971E-01,
     2.1196253324424158E-01,
     3.4328382628112314E-01,
    -3.4645800590775078E-01
  ],
  "coordination numbers": [
     4.9680127277321944E+00,
     9.9777828307731831E-01,
     1.8047629604124014E+00,
     9.9948164789136662E-01,
     3.9202363783484167E+00,
     1.0037329524140786E+00,
     9.9796694664664187E-01,
     9.9743549757642036E-01,
     4.0603803506631717E+00,
     1.9853430391518199E+00,
     9.9208543747708511E-01,
     9.9213912833649509E-01,
     9.9206474893800234E-01,
     1.1369398360807432E+00,
     1.9964937849452742E+00
  ]
}
