{
  "version":  "0.2.0",
  "energy":     1.6392435642542540E+00,
  "charges": [
     5.4278699289407761E-01,
     1.1691023568163049E-01,
    -1.8059744744862516E-01,
    -1.6473592502851431E-01,
     5.0424590068752995E-02,
    -1.8123973829364004E-01,
    -1.5238181158948083E-01,
     1.8808661101284477E-01,
     1.6670718162204234E-01,
     1.8638198117621690E-01,
     1.8539701688367155E-01,
     1.6542211579227425E-01,
     1.5389668392886210E-01,
     1.8923482785999168E-01,
     1.9534989308489475E-01,
     1.8099322796768993E-01,
     8.0679530078765771E-02,
     1.5138132278406152E-01,
     9.2825961157789461E-02,
    -3.6077635151890608E-01,
     6.8738558606953271E-02,
     1.3692452770263897E-01,
    -2.3613369265645140E-01,
     2.2713482268671492E-01,
     1.8119031555456602E-01,
     1.3412852138831979E-01,
     2.1730909805852905E-01,
    -1.2927268264738279E-01,
     7.5170724741074335E-03,
    -3.9179299471693796E-01,
     1.9043193091755020E-01,
     1.4317128027641618E-01,
     1.3937654813623390E-01,
     1.9996879131637424E-01,
     1.9691144002496280E-01,
     3.0764956476300592E-01
  ],
  "coordination numbers": [
     6.1845481286029544E+00,
     1.9157954998545881E+00,
     1.0000126584387496E+00,
     3.9562984646728472E+00,
     3.9605114738040745E+00,
     3.9809750887239730E+00,
     3.9566399265933239E+00,
     9.9300489756929178E-01,
     9.9245051993792011E-01,
     9.9278256804646769E-01,
     9.9255708419193489E-01,
     9.9226889111048866E-01,
     9.9214351204413820E-01,
     9.9352692468664738E-01,
     9.9287762184742689E-01,
     9.9307672198088692E-01,
     1.0040137464578596E+00,
     3.0581611469335384E+00,
     3.1371647978170669E+00,
     2.9948908202992728E+00,
     3.4093286472555286E+00,
     3.0566846790225242E+00,
     2.0175716640528254E+00,
     9.9228267232163780E-01,
     9.9266973482989318E-01,
     1.0001868495784043E+00,
     9.9231784679118373E-01,
     4.5136504981279373E+00,
     4.1814336021703546E+00,
     2.9533367410601068E+00,
     9.9117255371926660E-01,
     1.0957845244668523E+00,
     1.0678314749221078E+00,
     9.9172738595618348E-01,
     9.9174373874702670E-01,
     9.9898874857878983E-01
  ]
}
