{
  "version":  "0.2.0",
  "energy":     4.3467299121825892E-01,
  "charges": [
     7.2706994359054633E-01,
    -1.5298594511684271E-01,
     1.0907979717415242E-01,
    -6.7331722460898358E-02,
     1.0863499456766347E-01,
    -3.4442617118059304E-01,
    -1.5390644385451727E-01,
    -3.4193319683776602E-01,
     1.3119884867716625E-01,
     1.4928330691943076E-01,
     1.4718903901650518E-01,
     1.2930105397057301E-01,
     1.3089588744539588E-01,
     1.4745443073202502E-01,
     1.4671240165121921E-01,
    -3.7454349934127690E-02,
    -8.5789350123697275E-02,
    -4.2836588115328678E-01,
     1.4368241742222657E-01,
     1.4500919009523436E-01,
     1.4176260886290795E-01,
     2.5491914053668274E-01
  ],
  "coordination numbers": [
     4.3371981550555017E+00,
     3.9608615201516351E+00,
     3.1903420710435428E+00,
     3.0068471353387221E+00,
     3.1983697435435152E+00,
     1.9932604409068286E+00,
     3.9609428403104205E+00,
     1.9920567647976375E+00,
     9.9242321044733561E-01,
     9.9162808226264598E-01,
     9.9132640980053921E-01,
     9.9328297011687194E-01,
     9.9242213206869057E-01,
     9.9144002465173386E-01,
     9.9151720774745744E-01,
     9.9411314505772719E-01,
     3.9743174989250001E+00,
     2.9148120592536610E+00,
     9.9196115385071870E-01,
     9.9196209939871594E-01,
     9.9212816138257676E-01,
     9.9771532609166336E-01
  ]
}
