{
  "version":  "0.2.0",
  "energy":     1.8022604097238681E-01,
  "charges": [
     8.8371483587026112E-01,
    -7.4914035484093866E-01,
     2.8276190523148326E-01,
     2.9354044131959423E-01,
     2.9635182761199619E-01,
    -2.2364793255256646E-01,
    -2.1477837022334342E-01,
     4.8958131482770728E-02,
    -1.9396146657808694E-01,
    -2.1637015420824812E-01,
     1.3477340560394699E-01,
     1.3383441216570222E-01,
     1.3527056490057576E-01,
     1.3369040976895100E-01,
     1.5218452845526101E-01,
     1.5416243492317189E-01,
     1.3446821810890247E-01,
     1.3248119504656747E-01,
     1.3033898429203308E-01,
     1.7431755695864332E-01,
    -2.3455781182218916E-01,
    -2.7359048129231178E-01,
    -2.7225166775410647E-01,
    -7.7594512810365757E-01,
     2.8806875642007213E-01,
     2.7003246260290120E-01,
     2.8787128102101106E-01,
    -7.7052787059422712E-01,
     2.8770465266652806E-01,
     2.7674589083931095E-01,
     2.9349934267999178E-01
  ],
  "coordination numbers": [
     6.9856918048160477E+00,
     3.8995733265826367E+00,
     9.9646845275331497E-01,
     9.9902389673531911E-01,
     1.0024243225047478E+00,
     1.0133737476336497E+00,
     3.9566753917184085E+00,
     3.9611320814195370E+00,
     3.9563770471424444E+00,
     3.9563729215208889E+00,
     9.9252015851898623E-01,
     9.9290372094924262E-01,
     9.9329416292274786E-01,
     9.9250751151375916E-01,
     9.9294047905062133E-01,
     9.9297400125204138E-01,
     9.9249814421215543E-01,
     9.9318091104476736E-01,
     9.9281843941828463E-01,
     3.6835138510921652E+00,
     1.0015572807101698E+00,
     1.9674743855231576E+00,
     1.9533639031189391E+00,
     3.9199161765466384E+00,
     1.0003575306405246E+00,
     1.0096588668846875E+00,
     9.9709845287017806E-01,
     3.9175368625551670E+00,
     9.9717755100243011E-01,
     1.0081671759060322E+00,
     9.9940520945637079E-01
  ]
}
