{
  "version":  "0.2.0",
  "energy":    -7.9293138713248806E-02,
  "charges": [
     4.4584463233477734E-01,
     1.4502713882296733E-01,
    -1.9149452057865651E-01,
    -3.9937725057908818E-01
  ],
  "coordination numbers": [
     1.1616222403351255E+00,
     2.1597497833749664E+00,
     9.9877771376308200E-01,
     1.9970585169931816E+00
  ]
}
