{
  "version":  "0.2.0",
  "energy":     1.5511322205444062E+00,
  "charges": [
     6.8215378401987925E-01,
    -5.8056060368183582E-01,
     8.5681873219043414E-03,
    -8.8408361882702513E-03,
    -4.4079102433561518E-01,
    -9.0012440024090923E-03,
     7.7247178015321660E-03,
    -5.8066655928096300E-01,
     2.8845763338473368E-01,
     2.8800313534901217E-01,
     1.4985270907151782E-01,
     1.7494402027038283E-01,
     1.6204769796649618E-01,
     1.6479887167658117E-01,
     2.5091775274736072E-01,
     1.6258428446882769E-01,
     1.6342911936262089E-01,
     1.5077950915863517E-01,
     1.7508806531465909E-01,
     2.8827006670194855E-01,
     2.8725905785709127E-01,
    -3.4108045609512938E-01,
     8.5958766461671665E-02,
    -7.3805764289879838E-03,
     3.6559059971574825E-04,
    -2.6831519251189595E-02,
     1.5243322671551873E-01,
     1.5277615593789989E-01,
    -2.6987832807027767E-02,
     6.9354638981333760E-05,
    -8.3870180874029976E-03,
     8.4278222766356450E-02,
    -3.4262236226360604E-01,
     1.6266380701138822E-01,
     2.0282778022201670E-01,
     2.1070754560417546E-01,
     1.7420018794857234E-01,
     1.7401099576025128E-01,
     2.1043454690809657E-01,
     2.0133905243974037E-01,
     1.5620618693486926E-01
  ],
  "coordination numbers": [
     7.0602373761199972E+00,
     3.9550667774162633E+00,
     4.3203965675098495E+00,
     4.2076477855398959E+00,
     3.9420774590081376E+00,
     4.2103646194997415E+00,
     4.2961362365648919E+00,
     3.9549186855544187E+00,
     1.0207164594078080E+00,
     1.0114264202608201E+00,
     9.9158579109229361E-01,
     9.9142437202150280E-01,
     9.9130717030423643E-01,
     9.9132269728557088E-01,
     1.0114133980033948E+00,
     9.9130914840376594E-01,
     9.9127811208610783E-01,
     9.9154865913927193E-01,
     9.9143378852341701E-01,
     1.0113515663686705E+00,
     1.0232637135892970E+00,
     3.0068326805370598E+00,
     3.3334668620576169E+00,
     3.0074291516680898E+00,
     3.0209130256068519E+00,
     3.0113589945350814E+00,
     3.3973712802530631E+00,
     3.4005199575779130E+00,
     3.0115071842455512E+00,
     3.0209897872931064E+00,
     3.0075005422783621E+00,
     3.3279048198328374E+00,
     3.0058236599187511E+00,
     9.9318155811404196E-01,
     9.9288473874975036E-01,
     9.9267638228540189E-01,
     9.9312010415304375E-01,
     9.9312327499710751E-01,
     9.9269816551846013E-01,
     9.9289700659119973E-01,
     9.9325124799920239E-01
  ]
}
