{
  "version":  "0.2.0",
  "energy":    -3.6909193897605808E-01,
  "charges": [
     8.5498610820532761E-01,
    -6.4402602986791832E-02,
    -1.4517941049760177E-01,
    -1.4534226998474539E-01,
    -5.2097555834396486E-02,
    -2.9009023272456191E-01,
     1.1046313096211638E-01,
     1.0477664598431911E-01,
     9.8740317428001989E-02,
     1.1083389838508392E-01,
     1.0677609556684654E-01,
     1.0208662210988459E-01,
     1.1556929968430771E-01,
     1.2485501153944845E-01,
    -1.7219174350193900E-01,
     1.3594124278796879E-01,
    -4.3071300067967899E-01,
    -7.5440723408736421E-01,
     2.6413283484142092E-01,
     2.7219674150214079E-01,
     2.5425295700758227E-01,
    -7.7379460886515494E-01,
     2.5066663927801403E-01,
     2.5198790287151751E-01,
     2.7052562129212726E-01,
    -1.7960612887290203E-01,
    -1.2906024379026493E-01,
     1.4704235569396623E-01,
    -4.3894839331467234E-01
  ],
  "coordination numbers": [
     5.9705732146695656E+00,
     4.0442321654149751E+00,
     3.9885233277752032E+00,
     3.9856713190720017E+00,
     4.0537303665976525E+00,
     2.8961867546037521E+00,
     9.9175539973007609E-01,
     9.9091058281061972E-01,
     9.9193313306080899E-01,
     9.9148253661512076E-01,
     9.9136212070732999E-01,
     9.9194133599579004E-01,
     9.9185180306004650E-01,
     9.9151826411714516E-01,
     1.0111888055388718E+00,
     2.1982000953097032E+00,
     1.9989583640341406E+00,
     3.8869686460264399E+00,
     9.9683177360794328E-01,
     1.0066555641469348E+00,
     9.9641451105648393E-01,
     3.8938932652826885E+00,
     1.0171864689985526E+00,
     9.9636329641044430E-01,
     9.9968356170904205E-01,
     9.9132675255384228E-01,
     1.0124628225626857E+00,
     2.0526075618212332E+00,
     2.0039487426829252E+00
  ]
}
