{
  "version":  "0.2.0",
  "energy":    -4.2375622061234303E-01,
  "charges": [
     9.8057886772760505E-01,
    -1.9179070377808088E-01,
     9.3238858338016428E-02,
    -9.6077182335309486E-02,
     9.4514286971527806E-02,
    -3.4458862816177505E-01,
    -1.8890167561867710E-01,
    -3.5496877240101277E-01,
     9.7120810294288318E-02,
     1.1914907601539736E-01,
     1.1164705390540824E-01,
     1.0135135308521029E-01,
     9.7385407108353403E-02,
     1.1941878248682000E-01,
     1.1883774640296602E-01,
    -3.4891385901396232E-01,
     6.0259184523826781E-02,
    -2.9332031962960603E-01,
    -1.0123391654589396E-01,
    -1.0236940806834927E-01,
    -1.0259050928019262E-01,
    -1.9770694440423085E-02,
     4.7551624741498780E-02,
    -1.0378105120115182E-01,
     2.3491700115298844E-01,
    -3.3529388993050502E-01,
    -4.2616053871100396E-01,
     1.1835622153946547E-01,
     1.1718753138644292E-01,
     1.1263495437890614E-01,
     1.3999228243587911E-01,
     1.2767722785690364E-01,
     2.4455437573136915E-01,
    -1.0660678832738907E-01,
    -2.9317382760226829E-01,
     1.2131811096576371E-01,
     1.2009855521547826E-01,
     1.1386771265589649E-01,
    -5.2186115349291858E-02,
    -3.8779674832161609E-01,
     1.1469256157852357E-01,
     1.2595223320636054E-01,
     1.1722280901161260E-01
  ],
  "coordination numbers": [
     6.8672732703014656E+00,
     3.9603991661566944E+00,
     3.1887357623342369E+00,
     3.0050755353423719E+00,
     3.1952983810800761E+00,
     1.9907870857739054E+00,
     3.9605034612435173E+00,
     1.9890984805309611E+00,
     9.9225174230457824E-01,
     9.9157245704190622E-01,
     9.9160610137370053E-01,
     9.9323916506445187E-01,
     9.9225563655260185E-01,
     9.9157233804374201E-01,
     9.9162097460824672E-01,
     2.0013303646780853E+00,
     2.1022860125157345E+00,
     1.0053873239740545E+00,
     3.0053073989595704E+00,
     3.0043165824424092E+00,
     3.0068432717362095E+00,
     3.0149223710476356E+00,
     4.2361572173471229E+00,
     2.9981802937857180E+00,
     3.2160949656109015E+00,
     1.9910358441159159E+00,
     1.9915218595344308E+00,
     9.9259419883221600E-01,
     9.9307729455399407E-01,
     9.9215173192854778E-01,
     1.0463866531260004E+00,
     9.9279096873120487E-01,
     9.9391111252964848E-01,
     4.0434919024419731E+00,
     2.9123502810218955E+00,
     9.9209923653863097E-01,
     9.9131377092251238E-01,
     9.9152925198476538E-01,
     4.1089748776000192E+00,
     1.9928902050128476E+00,
     9.9077927540153254E-01,
     9.9108360900594761E-01,
     9.9106629200706386E-01
  ]
}
