{
  "version":  "0.2.0",
  "energy":     4.0750146325073311E-01,
  "charges": [
     6.8101439278666198E-01,
     8.3827210716034328E-02,
    -2.8350601615610194E-01,
    -4.0691752346907639E-02,
    -3.8159219569157576E-02,
    -4.2722853213949419E-02,
     6.2280036289151894E-02,
    -3.7063746793142582E-01,
     6.8240294345647573E-02,
    -4.1928548440911595E-02,
     1.6660693602990612E-01,
     1.6092993746259338E-01,
     1.4693477568446608E-01,
     1.5055830399773798E-01,
     1.6339176519335472E-01,
    -7.5768693310561164E-01,
     2.9764662068496595E-01,
     2.9717328959339545E-01,
     2.9672922798015017E-01
  ],
  "coordination numbers": [
     4.4224009162410978E+00,
     1.9917271297812054E+00,
     1.0374168481737369E+00,
     9.9751424984187853E-01,
     3.0232530424124260E+00,
     3.0092822314329073E+00,
     3.1989881981061110E+00,
     2.9943661424917236E+00,
     3.3297527029227139E+00,
     3.0090249120151116E+00,
     9.9283503498795156E-01,
     9.9302835037080861E-01,
     9.9257846109342385E-01,
     9.9439756147263214E-01,
     9.9304749844876561E-01,
     3.9372829920588304E+00,
     1.0149648894483603E+00,
     9.9838159081618372E-01,
     1.0005756536584434E+00
  ]
}
