{
  "version":  "0.2.0",
  "energy":     1.4135835542048647E-01,
  "charges": [
     7.3323333882327479E-01,
    -5.5968927517534595E-01,
    -2.9419154832059258E-02,
    -4.0791011737156158E-02,
    -4.1894973117732903E-01,
    -3.6357108798575677E-02,
    -3.1404894776278169E-02,
    -5.5779151951934225E-01,
     2.5551831646593437E-01,
     2.4918290479654986E-01,
     1.0878523728240985E-01,
     1.2158493625669269E-01,
     1.2180660219212297E-01,
     1.0689312466011855E-01,
     2.2552087772531004E-01,
     1.2799844094910307E-01,
     1.0873266562502493E-01,
     1.1339881343920211E-01,
     1.1496152349530070E-01,
     2.6357713858760612E-01,
     2.4757854336888682E-01,
    -1.7700780704234909E-01,
     9.0185612480653821E-02,
    -8.8459310758806531E-02,
     8.6546112902969430E-02,
    -3.0392963837824288E-01,
    -1.6651467283441224E-01,
    -3.1563907372973016E-01,
     1.1490879499617540E-01,
     1.2421832566947680E-01,
     1.3200730086135901E-01,
     1.1565974567952059E-01,
     1.1531920664210302E-01,
     1.3304169370528199E-01,
     1.5076576938937028E-01,
    -1.6739825019024868E-01,
     7.8182464926595086E-02,
    -3.6553010911921002E-01,
     1.3067053799495137E-01,
     1.2257610119573450E-01,
     1.3039056199728033E-01,
    -1.9797960791723079E-01,
     2.7087931485730876E-01,
    -2.1558990112223503E-01,
    -2.2663943382643004E-01,
    -4.6520239744104797E-02,
    -1.3074487937485846E-01,
    -1.3084800732614388E-01,
    -3.6351653056151401E-02,
    -2.4865143089425104E-01,
     1.4029273315504626E-01,
     1.2934792539747761E-01,
     1.2085739352347426E-01,
     1.2186380435916944E-01,
     1.1806413458979692E-01,
     1.3302002203434443E-01,
     1.3397137343944487E-01,
     1.3786848694952100E-01,
    -2.3720316908409977E-01
  ],
  "coordination numbers": [
     7.7560472168635020E+00,
     3.9082103634097312E+00,
     4.1192526551542494E+00,
     4.0506467824660763E+00,
     3.8542416117276783E+00,
     4.0366928332114309E+00,
     4.0063172600025050E+00,
     3.8554204772292318E+00,
     1.0110704892152178E+00,
     1.0118669421402195E+00,
     9.9084432580411441E-01,
     9.9136836814288998E-01,
     9.9131036526459937E-01,
     9.9087292535303373E-01,
     1.0341145794905726E+00,
     9.9101187805291335E-01,
     9.9064802093012627E-01,
     9.9107274275066892E-01,
     9.9151900424868344E-01,
     1.0022245026599714E+00,
     1.0066732364733753E+00,
     3.9604800564531288E+00,
     3.1535575796231123E+00,
     3.0025059859973231E+00,
     3.1252766496290088E+00,
     2.0577144321375291E+00,
     3.9603746609134403E+00,
     1.9812004439991675E+00,
     9.9228688604405679E-01,
     9.9158826827510538E-01,
     9.9147833802591112E-01,
     9.9318812351772490E-01,
     9.9230590579823463E-01,
     9.9145165742658303E-01,
     9.9161446913567630E-01,
     3.9578759671296835E+00,
     2.1029629656293789E+00,
     1.9060925498941401E+00,
     9.9126433190873620E-01,
     9.9184793977009189E-01,
     9.9186389549623932E-01,
     9.9900495640174736E-01,
     3.8984378467977967E+00,
     9.9905757172609189E-01,
     9.9895392817137374E-01,
     4.0458635699384136E+00,
     3.9830285020477527E+00,
     3.9868935484876546E+00,
     4.1039079986968625E+00,
     2.8924437663435869E+00,
     9.9076746660278570E-01,
     9.9185533696594153E-01,
     9.9127733320170819E-01,
     9.9192999472351318E-01,
     9.9192327143279790E-01,
     9.9150143218316522E-01,
     9.9115159990274204E-01,
     9.9195439230064775E-01,
     9.6996936984574145E-01
  ]
}
