{
  "version":  "0.2.0",
  "energy":     8.3796413115862001E-01,
  "charges": [
     7.3859593564154880E-01,
    -5.1062624454381034E-02,
    -6.2789590939208884E-02,
     3.9143858939488574E-02,
    -3.4002374511149835E-01,
     5.8371096083640328E-02,
    -5.3847548591264505E-02,
     1.6174653687504131E-01,
     1.5082943918984570E-01,
     1.4247132319896905E-01,
     1.6087869862022491E-01,
     1.5996106376861713E-01,
    -4.5128939321161132E-02,
    -4.7530069833124022E-02,
    -5.9338583302980252E-02,
     1.6853102538257336E-02,
    -5.4728755945855800E-02,
    -5.6515462139736072E-02,
     2.5135259371582486E-01,
    -3.1528487936716548E-01,
    -3.9465574766622713E-01,
     1.6631770117001082E-01,
     1.6657349350920236E-01,
     1.4658940223662528E-01,
     1.5604934353648045E-01,
     1.5764343834019628E-01,
     2.7044541399492661E-01,
    -3.0195678911499413E-01,
     6.3306146889129278E-02,
    -1.9789134666081976E-01,
    -5.4260108140289143E-02,
    -3.3022388679953807E-01,
     2.8410280832601725E-01,
    -2.3881245476381546E-01,
    -6.5689358725443681E-02,
    -2.5018912671883686E-01,
    -8.1338185444428945E-02,
     1.5195469243703388E-01,
     1.4293206427572866E-01,
     1.4609910442048962E-01,
     1.6356331953918499E-01,
     1.4748938475141032E-01,
     1.5441318191062642E-01,
     1.3806642772251765E-01,
     1.4499520774283645E-01,
     1.4015991541527176E-01,
    -4.5016111614796905E-02,
    -5.3051310884772884E-02,
     4.9147739907326182E-02,
    -3.3753379843508347E-01,
     5.5597338741725288E-02,
    -5.6197997308240377E-02,
     1.6381817448514088E-01,
     1.5477226513753631E-01,
     1.4441000074640176E-01,
     1.5183633409623676E-01,
     1.5257987338014839E-01
  ],
  "coordination numbers": [
     6.7852893397055167E+00,
     3.0224395709434173E+00,
     3.0092878273180661E+00,
     3.1372037598940938E+00,
     2.9505361938219297E+00,
     3.2387806363094569E+00,
     3.0092060641581924E+00,
     9.9281145891579037E-01,
     9.9298856134636182E-01,
     9.9246701672607784E-01,
     9.9543299828767307E-01,
     9.9299656526034852E-01,
     3.0150724437847041E+00,
     3.0107654059801812E+00,
     3.0146403854843591E+00,
     3.0174504049366542E+00,
     3.0180884041717233E+00,
     3.0110883491163243E+00,
     3.0655474850565314E+00,
     1.9771061599363549E+00,
     1.9916893608594508E+00,
     9.9285120058817622E-01,
     9.9297214486200058E-01,
     9.9244322367620530E-01,
     9.9290913892362376E-01,
     9.9294924549880204E-01,
     9.9313494343008646E-01,
     2.0014601797667577E+00,
     2.1224990243131927E+00,
     1.0050166116662895E+00,
     4.1346242045967996E+00,
     1.9871576005798079E+00,
     4.1441822122507403E+00,
     2.9092442310796516E+00,
     4.1781671448546440E+00,
     2.8923353358641295E+00,
     4.1687304640521008E+00,
     9.9211518685821165E-01,
     9.9157868326387621E-01,
     9.9211162675709019E-01,
     9.9233607934806933E-01,
     9.9166637173252070E-01,
     9.9186574038615838E-01,
     9.9175248233397184E-01,
     9.9159364100348579E-01,
     9.9211303582396493E-01,
     3.0223440497033902E+00,
     3.0097322609847117E+00,
     3.1362480739050476E+00,
     2.9541173123112072E+00,
     3.2610580324256508E+00,
     3.0096054648580051E+00,
     9.9281864750543392E-01,
     9.9300277630892353E-01,
     9.9259215300974635E-01,
     9.9592584916052829E-01,
     9.9300186538456270E-01
  ]
}
