{
  "version":  "0.2.0",
  "energy":     3.2980529399642478E-01,
  "charges": [
     7.3349997472129136E-01,
     2.7768945320034242E-02,
     3.1636911901954079E-01,
    -3.0838727480002581E-01,
    -3.2013289474205853E-01,
    -5.6412180040971749E-01,
     1.5225617118248758E-01,
     1.5654236838731456E-01,
     2.6900181079406466E-01,
     2.7827471228248923E-01,
    -3.0227372674271358E-01,
     6.9335544403510058E-02,
    -4.5502519742062875E-02,
    -4.6825691326067703E-02,
    -5.8420822357221541E-02,
     1.3358942393282552E-01,
     1.3596233947032230E-01,
    -5.7522935951438633E-02,
    -4.6017694587861688E-02,
    -4.5470115878521747E-02,
     6.3251730693834565E-02,
    -3.1055891411857239E-01,
     1.7642903539817881E-01,
     1.6097748521556679E-01,
     1.6107508296476589E-01,
     1.3907922828903230E-01,
     1.3914704674792078E-01,
     1.6081106301154957E-01,
     1.5884421045798611E-01,
     1.5326333255373575E-01,
    -2.7854479812931499E-01,
     7.4194497146569352E-02,
    -1.9081807357196101E-01,
    -8.5075859635482157E-02
  ],
  "coordination numbers": [
     6.4626985317790941E+00,
     4.0556900901114927E+00,
     3.2595838465169642E+00,
     1.0001290418389974E+00,
     1.9944391757328077E+00,
     3.8988576857835318E+00,
     9.9165195123536165E-01,
     9.9148994633771537E-01,
     1.0092133490589799E+00,
     9.9797652517629754E-01,
     2.9623643210655812E+00,
     3.1562529987287089E+00,
     3.0103444373971877E+00,
     3.0210060385839208E+00,
     3.0140006387475884E+00,
     3.1445634734466097E+00,
     3.1467092407053139E+00,
     3.0136771298767782E+00,
     3.0216391678453816E+00,
     3.0101856779501155E+00,
     3.1741282998302509E+00,
     2.9659553243088315E+00,
     9.9288042494523765E-01,
     9.9305733576327970E-01,
     9.9288643843454860E-01,
     9.9325714440856938E-01,
     9.9324790488179637E-01,
     9.9288558627325507E-01,
     9.9306380512854631E-01,
     9.9282097409051406E-01,
     2.0019279363483715E+00,
     2.0838623967578052E+00,
     1.0051947755926873E+00,
     9.9438124117405469E-01
  ]
}
