{
  "version":  "0.2.0",
  "energy":     8.4242525673582169E-01,
  "charges": [
     9.6961491856177995E-01,
    -1.3301689727470220E-01,
    -7.9904698116081141E-03,
    -3.9888144243874751E-01,
     1.7737534731951088E-01,
     1.6554525624446254E-01,
     1.5271206759870862E-01,
     1.8221721050528988E-01,
     1.8019544519638941E-01,
     2.9386398666221963E-01,
    -7.2285099475720360E-01,
     3.2469624881347348E-01,
     3.2531132035758914E-01,
     3.2289555142856297E-01,
     1.5605140094903068E-02,
    -2.0588844536524642E-01,
    -1.6639523120283395E-01,
    -1.6436082183255402E-01,
     2.0931178510843382E-01,
    -3.6491002900581687E-01,
    -1.6402179470807401E-01,
    -1.6619977645096670E-01,
     1.6745955306147381E-01,
     1.7715487408691685E-01,
     1.7349138168617712E-01,
     1.7633257145505854E-01,
     1.6654598805557741E-01,
     1.7793599357311504E-01,
     1.7104201737576039E-01,
     1.7925632665533309E-01,
     1.6739626428596638E-01,
     1.9204624727549735E-01,
    -1.2766176746209359E-01,
    -2.0149423083018161E-01,
    -2.4433359426217086E-01
  ],
  "coordination numbers": [
     7.8166028770707410E+00,
     4.3968067047741464E+00,
     4.1452190933470039E+00,
     2.9486928249190951E+00,
     9.9167274221623014E-01,
     1.0131305103080823E+00,
     1.0993161600238599E+00,
     9.9177327769982515E-01,
     9.9170729520824796E-01,
     9.9948951562347954E-01,
     3.9451500319812620E+00,
     1.0079699843294065E+00,
     1.0059104549704587E+00,
     1.0142175665017223E+00,
     2.7537087423945250E+00,
     1.9887954700816817E+00,
     1.9756042629733139E+00,
     3.9575366481699215E+00,
     4.3282095935242850E+00,
     1.9955964039289844E+00,
     3.9573856629211184E+00,
     3.9574342407238401E+00,
     9.9407565152263899E-01,
     9.9417835941902499E-01,
     9.9422828977975897E-01,
     9.9403448343463907E-01,
     9.9407834978817267E-01,
     9.9400748769611535E-01,
     9.9398821812668547E-01,
     9.9410284085666589E-01,
     9.9398554849510656E-01,
     3.7826787237143833E+00,
     1.0012563601447768E+00,
     1.9821637860104193E+00,
     1.9879884507352612E+00
  ]
}
