{
  "version":  "0.2.0",
  "energy":    -5.5891975769372465E-02,
  "charges": [
     3.5962951045018465E-01,
    -3.5962951045018465E-01
  ],
  "coordination numbers": [
     9.9897594347846397E-01,
     9.9897594347846397E-01
  ]
}
