{
  "version":  "0.2.0",
  "energy":    -5.1001541647006030E-02,
  "charges": [
     4.8531974463791472E-01,
    -1.6282910925461971E-01,
    -1.5353544913568618E-01,
    -1.6895518624760886E-01
  ],
  "coordination numbers": [
     2.9843944714045358E+00,
     9.9975984449594790E-01,
     1.0000676050184341E+00,
     9.9624169880602853E-01
  ]
}
