{
  "version":  "0.2.0",
  "energy":     2.3017649113619304E-01,
  "charges": [
     8.2470024738402370E-01,
    -1.4896996409563848E-01,
     9.9349881156255981E-02,
    -3.5083462804544074E-01,
     1.3845590662441493E-01,
     1.5715589525503496E-01,
     1.3113161743211763E-01,
    -6.0655765279843732E-02,
    -6.5869015879558832E-02,
    -5.6480566319947204E-02,
     1.5088693977918372E-02,
    -6.9823975814299874E-02,
    -6.3666311594659908E-02,
     2.5635922221301566E-01,
    -3.0255573147004156E-01,
    -3.9112396642524672E-01,
     1.4929363724509648E-01,
     1.4774739282434246E-01,
     1.5608782936434298E-01,
     1.3786349948835469E-01,
     1.4898982692199414E-01,
     2.6240254894042514E-01,
    -7.2737604652088020E-02,
    -7.2768693808319879E-02,
    -5.4931735931561892E-02,
     1.6914564776161493E-02,
    -6.6566786535889599E-02,
    -7.1949643697495153E-02,
     2.5996865576793721E-01,
    -3.0629118568925817E-01,
    -3.8627484462719830E-01,
     1.4639040526148203E-01,
     1.4807505498642981E-01,
     1.6306987103655651E-01,
     1.5135462663561902E-01,
     1.4800628008128097E-01,
     2.7023080789658743E-01,
    -8.5138832713436835E-02,
    -4.0827826026540015E-01,
     1.3913071232125662E-01,
     1.3998053286886308E-01,
     1.4818103918082656E-01,
     2.4317376460653273E-01,
     6.0544787364349345E-02,
    -3.4566598789398989E-01,
     1.1330780140985389E-01,
    -3.9237160228175905E-01
  ],
  "coordination numbers": [
     6.3792331436328711E+00,
     3.9573102818686214E+00,
     2.0476789655593999E+00,
     1.9163280126990898E+00,
     9.9187630337667265E-01,
     9.9068039373171501E-01,
     9.9170527011963649E-01,
     3.0148462875813964E+00,
     3.0119963223232702E+00,
     3.0175699511374754E+00,
     3.0183963912018150E+00,
     3.0146457699964904E+00,
     3.0114614843356344E+00,
     3.0212461884800046E+00,
     1.9668128960847344E+00,
     1.9918271836272528E+00,
     9.9286574533831828E-01,
     9.9293481906757108E-01,
     9.9286621860401691E-01,
     9.9246090860705483E-01,
     9.9296904492097493E-01,
     9.9340590122727068E-01,
     3.0138277910682465E+00,
     3.0119100386079696E+00,
     3.0167587265923412E+00,
     3.0189218196487611E+00,
     3.0142369857571119E+00,
     3.0117890001697081E+00,
     3.1440790769328677E+00,
     1.9675736355142899E+00,
     1.9919478641526958E+00,
     9.9282124332696142E-01,
     9.9290574434991985E-01,
     9.9288830563289032E-01,
     9.9259450987992626E-01,
     9.9293078271864399E-01,
     9.9333384836472227E-01,
     3.9790669904508915E+00,
     2.9249229899381897E+00,
     9.9183163637956273E-01,
     9.9180121191199255E-01,
     9.9223964248909979E-01,
     1.0315330586313101E+00,
     1.5581708705532193E+00,
     1.9822023170211187E+00,
     1.9570224853626677E+00,
     1.0069211520353010E+00
  ]
}
