{
  "version":  "0.2.0",
  "energy":    -9.5721606286241423E-01,
  "charges": [
     7.0901385236061754E-01,
    -1.3908712739414109E-01,
    -1.4034715852830570E-01,
    -1.1477282925946269E-01,
    -1.4996177419739132E-02,
    -1.1493694150396250E-01,
    -1.4017972340326737E-01,
     2.4199255001116524E-01,
    -3.8928248904103857E-01,
    -3.9724081574961140E-01,
     7.0736131933746171E-02,
     7.3446362500809256E-02,
     1.0475987619819031E-01,
     1.0492017721452160E-01,
     7.3593208016124401E-02,
    -2.3977683492738155E-01,
    -3.9496208365449759E-02,
    -4.4588166943649593E-01,
     5.4919552525593419E-02,
     9.9202386611996304E-02,
     1.0426362329058199E-01,
     7.3282418235074157E-02,
     7.2692217714976054E-02,
    -1.4770612947913242E-01,
    -4.2906294882075724E-01,
     6.3613383611748398E-02,
     7.9968934328285002E-02,
     1.0423517806766416E-01,
     2.6884318086041331E-01,
    -2.5123606331174031E-01,
    -3.0132569119616114E-02,
    -4.0882926202312730E-01,
     5.4579567101547363E-02,
     8.6346574241806445E-02,
     8.0435954542685484E-02,
     9.6361247513636505E-02,
     7.3757116441657319E-02,
    -2.4047334991191413E-01,
    -2.7706569451091220E-02,
    -4.0422006393850868E-01,
     6.1645984629451631E-02,
     1.1186936288984750E-01,
     8.1402924898544282E-02,
     9.9497988645086757E-02,
     6.9985176698972709E-02
  ],
  "coordination numbers": [
     7.3566511592005028E+00,
     3.0131941110687164E+00,
     3.0122111936163360E+00,
     3.0164442089841312E+00,
     3.0170570182017569E+00,
     3.0157718907696403E+00,
     3.0123566614388020E+00,
     3.8585969782048863E+00,
     1.9499780065063543E+00,
     1.9736761491111761E+00,
     9.9269437788653203E-01,
     9.9271830427045860E-01,
     9.9285845578685006E-01,
     9.9286734731499404E-01,
     9.9272577617285318E-01,
     4.0280775746895259E+00,
     4.1737481554656739E+00,
     1.9927407958018080E+00,
     9.9112846467381122E-01,
     9.9129058837274187E-01,
     9.9415892425252661E-01,
     9.8907937066982043E-01,
     9.8886778043700652E-01,
     4.0183751420769092E+00,
     2.8753029275952411E+00,
     9.9049905019307616E-01,
     9.9137032611266918E-01,
     9.9118842021834386E-01,
     1.5893333987574190E+00,
     3.9532681693072442E+00,
     4.1526358801025598E+00,
     1.9936555762666206E+00,
     9.9110416269245771E-01,
     9.9143588253546788E-01,
     9.9143542234031390E-01,
     9.8903802504443217E-01,
     9.8855240171494874E-01,
     3.9534945066035050E+00,
     4.1764447923865031E+00,
     1.9930477937054345E+00,
     9.9107672027850047E-01,
     9.9139156669671546E-01,
     9.9132913274977685E-01,
     9.8889139020666050E-01,
     9.8856561008024801E-01
  ]
}
