{
  "version":  "0.2.0",
  "energy":    -1.2608582867198884E-01,
  "charges": [
     7.4239435229631057E-01,
    -5.3076690081186828E-01,
    -2.1057328189782940E-01,
    -1.0541695866129186E-03
  ],
  "coordination numbers": [
     2.9699611845557135E+00,
     9.9941350436067822E-01,
     1.2442789211540815E+00,
     1.2215270290927531E+00
  ]
}
