{
  "version":  "0.2.0",
  "energy":     1.3856091944103399E+00,
  "charges": [
     6.7683274178061126E-01,
     1.5338489875693897E+00,
    -1.8456119797499504E-02,
     8.0777439044749877E-01
  ],
  "coordination numbers": [
     1.9388959792630169E+00,
     9.7932996551232865E-01,
     1.9570218312820948E+00,
     9.5966083405342850E-01
  ]
}
