{
  "version":  "0.2.0",
  "energy":     1.6405498260914135E+00,
  "charges": [
     7.6516165546856385E-01,
     1.6665693557479028E-01,
     1.1674574368041868E-01,
    -3.6133946203866385E-01,
     1.1446984215432043E-01,
     1.7420242522991725E-01,
    -2.1084798859511700E-01,
     2.4172668449067103E-01,
     1.5894947216283722E-01,
     1.9380410805778392E-01,
     2.4354430608634497E-01,
     1.9664800418628547E-01,
    -2.5879950552477432E-01,
     1.5096164707151097E-01,
    -1.0547517962400285E-01,
    -1.1635239086220417E-01,
     2.7009032535623567E-01,
    -8.7125136353475852E-02,
    -3.0702038247030532E-02,
    -1.5252954117550693E-01,
     5.5440284620026203E-02,
    -1.4213514274656308E-01,
    -1.4919258678105790E-01,
     1.9756906954628745E-01,
     1.8263435202787695E-01,
     1.9666045742630284E-01,
     1.9900406169706342E-01,
     2.0447596627158571E-01,
     1.9571085735050328E-01,
     2.0218032138962377E-01,
     1.9216672126517301E-01,
     1.9569573083427400E-01
  ],
  "coordination numbers": [
     6.4386861273765348E+00,
     3.0501218281267297E+00,
     3.7050506259140645E+00,
     2.9992012959685947E+00,
     3.0848008604658883E+00,
     3.0532515654263310E+00,
     2.0192869707217822E+00,
     9.9222950723210701E-01,
     1.1865973386075535E+00,
     9.9256864147956136E-01,
     9.9214932745911444E-01,
     1.0516514836203035E+00,
     9.9950777361082199E-01,
     1.8666264696560839E+00,
     9.9960472478849027E-01,
     9.9929018372533029E-01,
     4.0105698133672387E+00,
     9.9923854726649353E-01,
     9.9924713794777720E-01,
     3.9627804884170459E+00,
     3.9877475650071341E+00,
     3.9565574948799638E+00,
     3.9601831187816687E+00,
     9.9337838902619957E-01,
     9.9235569633975551E-01,
     9.9264485677689063E-01,
     9.9431507651265516E-01,
     9.9291630506318995E-01,
     9.9274868640898983E-01,
     9.9320099982320809E-01,
     9.9244987124422490E-01,
     9.9281639008372657E-01
  ]
}
