{
  "version":  "0.2.0",
  "energy":     3.0277389631262575E-01,
  "charges": [
     7.1702887344978272E-01,
    -6.9840345315726138E-02,
    -7.6279788301086171E-02,
    -6.9959829780987137E-02,
     1.5595043292437327E-02,
    -6.2666709891602723E-02,
    -7.3268671015839448E-02,
     2.5384186886251703E-01,
    -3.9736717199110194E-01,
    -3.5973139998925407E-01,
     1.4113280242745058E-01,
     1.3828623470236268E-01,
     1.4122974282314360E-01,
     1.5312352181209415E-01,
     1.4139387670523618E-01,
    -2.2127586215121786E-01,
     4.8349264117047319E-02,
    -2.2355750225328885E-01,
    -2.2344188702017109E-01,
     1.1994099996393659E-01,
     1.2736959022411926E-01,
     1.2412542975373173E-01,
     1.2164280863476090E-01,
     1.2718943426449270E-01,
     1.2302137945164840E-01,
     1.2061308027110648E-01,
     1.2272326171845416E-01,
     1.3091951201867674E-01,
    -6.8532686118188968E-02,
    -7.3776356264913634E-02,
    -6.8000131289500554E-02,
     8.6488341514547873E-03,
    -7.6408491127029188E-02,
    -7.1704900150520889E-02,
     2.4454194533451401E-01,
    -3.6060980487554678E-01,
    -4.1483674870777421E-01,
     1.4143302764555682E-01,
     1.3964909830463623E-01,
     1.3850364922330199E-01,
     1.3195222308326565E-01,
     1.4139328775949309E-01,
     2.5733603283014816E-01,
    -1.5972653658161895E-01
  ],
  "coordination numbers": [
     5.6364381603278133E+00,
     3.0148143385273523E+00,
     3.0120122593306249E+00,
     3.0162880359096196E+00,
     3.0199931952615886E+00,
     3.0166154139582790E+00,
     3.0120607173174783E+00,
     3.8403167907148825E+00,
     1.9683603904681171E+00,
     1.9760612100986057E+00,
     9.9283593919493462E-01,
     9.9293287601687119E-01,
     9.9294246462800739E-01,
     9.9295636281877631E-01,
     9.9292794496966419E-01,
     3.9565500932230213E+00,
     3.9330074325364928E+00,
     3.9564732844126187E+00,
     3.9577074336094418E+00,
     9.9254191348421639E-01,
     9.9348610873595611E-01,
     9.9285657369376423E-01,
     9.9253561655094735E-01,
     9.9298762432999332E-01,
     9.9313656037867037E-01,
     9.9254947065157495E-01,
     9.9306999883402280E-01,
     9.9354139196047342E-01,
     3.0147202564711426E+00,
     3.0120526388275168E+00,
     3.0162101621286235E+00,
     3.0183496511865453E+00,
     3.0149319856989241E+00,
     3.0112788894930462E+00,
     3.0250088349805262E+00,
     1.9713574612278988E+00,
     1.9919321996786818E+00,
     9.9286618880777944E-01,
     9.9294908841895602E-01,
     9.9262945620659071E-01,
     9.9247083464115438E-01,
     9.9297178835938027E-01,
     9.9331835161640480E-01,
     9.9414746854086200E-01
  ]
}
