{
  "version":  "0.2.0",
  "energy":    -3.8916571030104641E-01,
  "charges": [
     1.0031119770871326E+00,
     1.8655226113130466E-01,
    -2.5438356816845703E-01,
    -2.6568030070253762E-01,
    -2.7241193639240685E-01,
    -9.5713881067990197E-02,
    -4.1923185080669584E-01,
     1.2293845923340219E-01,
     1.2525335749184266E-01,
     1.4534256243565541E-01,
     2.6271645552037848E-01,
    -7.6141570188255514E-01,
     2.8647050747974101E-01,
     2.7503998392137513E-01,
     2.8208494103664583E-01,
    -5.7554955790341056E-01,
     3.0936929182140749E-01,
     5.4096712545442821E-02,
    -4.0858971278027528E-01
  ],
  "coordination numbers": [
     6.3379337875018331E+00,
     3.6309311210764177E+00,
     1.0016533817040649E+00,
     1.9521281293021451E+00,
     1.9416942689076881E+00,
     3.9761139458988222E+00,
     2.9293903906504619E+00,
     9.9155129306081413E-01,
     9.9162906729048661E-01,
     9.9222777840794052E-01,
     1.0139866351271918E+00,
     3.9199787368804380E+00,
     1.0006056690422307E+00,
     9.9873620266706631E-01,
     1.0063073032721279E+00,
     1.9920630580422616E+00,
     1.0057711031521990E+00,
     1.0496671706408343E+00,
     1.9884902522484929E+00
  ]
}
