{
  "version":  "0.2.0",
  "energy":    -3.9571739065151501E-01,
  "charges": [
     6.7567298803318110E-01,
    -1.3668698597320006E-03,
     3.0473671659460977E-01,
    -4.5775376727814965E-01,
    -3.3021754913208390E-01,
    -5.8296208729656640E-01,
     1.0769305673845025E-01,
     1.2534282154012855E-01,
     2.3931315536190731E-01,
     2.6845624038808369E-01,
     7.7188091271345405E-02,
    -3.9870302890249387E-01,
    -2.1273604023346104E-01,
    -5.2566874093085914E-02,
    -4.0497585038499223E-01,
     1.0508893994381430E-01,
     1.1894688455828900E-01,
     1.1460377235663419E-01,
     1.2544976032378435E-01,
     1.2210497212611282E-01,
     2.3527179635202577E-01,
    -8.7372982095974328E-02,
    -9.0550426458179345E-02,
    -6.7890165064535268E-02,
     2.5246479580088743E-02,
    -7.2970648160282869E-02,
    -8.7964944931304800E-02,
     2.6153406123773215E-01,
    -3.4339017869901567E-01,
    -4.2931568393984476E-01,
     1.2239703448622596E-01,
     1.2351991343007687E-01,
     1.4782166912635003E-01,
     1.4056455804517509E-01,
     1.2577162313745932E-01,
     3.5138330520823274E-01,
    -2.9737074331000168E-01
  ],
  "coordination numbers": [
     6.5488647540365257E+00,
     4.0605408525817985E+00,
     3.5910891781782421E+00,
     1.0974399278271969E+00,
     1.9867558542326043E+00,
     3.8435286416815932E+00,
     9.9150175634040316E-01,
     9.9179566252099072E-01,
     9.9714332559831398E-01,
     1.0201179687187585E+00,
     1.9694683771691306E+00,
     1.0356159546133528E+00,
     3.9550950790267390E+00,
     4.0146549153055293E+00,
     2.9207433180837281E+00,
     9.9170343459103005E-01,
     9.9175070858295200E-01,
     9.9152249502106127E-01,
     9.9180341629750668E-01,
     9.9117651465328382E-01,
     1.1113480709917427E+00,
     3.0143870958517986E+00,
     3.0123760728790101E+00,
     3.0159273195473251E+00,
     3.0200244870348776E+00,
     3.0167122575980567E+00,
     3.0123287803783549E+00,
     3.1328333761122833E+00,
     1.9832161856671036E+00,
     1.9559849880242499E+00,
     9.9281874431427131E-01,
     9.9288909788349056E-01,
     9.9301454561135305E-01,
     9.9292660506384234E-01,
     9.9292849920563864E-01,
     1.0523753139488239E+00,
     9.8709458034436981E-01
  ]
}
