{
  "version":  "0.2.0",
  "energy":    -9.3339206944961839E-02,
  "charges": [
     6.6094258671417294E-01,
    -2.2015781355926917E-01,
    -2.2037166924132706E-01,
    -2.2041310391357671E-01
  ],
  "coordination numbers": [
     2.9791852263662593E+00,
     9.9456004506496054E-01,
     9.9461174531717056E-01,
     9.9458184776799907E-01
  ]
}
