{
  "version":  "0.2.0",
  "energy":    -1.4697213377490597E+00,
  "charges": [
     3.9919101020692604E-01,
    -2.1934515285756925E-01,
     1.0624176829466081E-01,
    -5.2600400982873508E-01,
    -6.4475507553415545E-01,
     3.5253502311490437E-02,
    -5.0611705429105636E-01,
    -2.1845306415853233E-01,
     1.0254604512532564E-01,
    -5.2855796926835474E-01
  ],
  "coordination numbers": [
     3.9513324543139339E+00,
     1.9783102851746674E+00,
     2.0174079918521555E+00,
     1.0062444077733437E+00,
     9.8694130512069567E-01,
     1.9803053660329697E+00,
     1.0171161193493381E+00,
     1.9772183795401821E+00,
     2.0093879273880741E+00,
     1.0064014946940292E+00
  ]
}
