{
  "version":  "0.2.0",
  "energy":    -2.9163510415458382E-01,
  "charges": [
     7.4025626042047721E-01,
     4.8009523235002877E-01,
     2.1319986300616936E-01,
    -6.7341467202147043E-01,
    -7.6013668375520493E-01
  ],
  "coordination numbers": [
     3.7771257939245713E+00,
     2.8241958052307696E+00,
     1.9016234202407167E+00,
     9.9941111259815774E-01,
     1.9962650907493371E+00
  ]
}
