{
  "version":  "0.2.0",
  "energy":     9.6664031232023429E-01,
  "charges": [
     8.1670123353299773E-01,
    -5.6724893306840288E-02,
    -4.3107800183234729E-01,
     1.7229053301029784E-01,
     1.5651451091857327E-01,
     1.7157002178100217E-01,
     2.7996643368882612E-01,
     1.2100212740904198E-01,
     7.3310965002115647E-02,
    -3.6742660999744503E-01,
     6.9726914654046013E-02,
     1.1799049901343121E-01,
    -2.8086613513875303E-01,
     1.9052448243187400E-01,
     1.5376132218766947E-01,
     1.5048894158131693E-01,
     1.8736453389261942E-01,
    -2.3405104706197721E-02,
    -2.9328925803652844E-02,
    -4.5331785981713182E-02,
     2.7530882418656324E-02,
    -2.9477916870779650E-02,
    -3.0234776282519554E-02,
     2.4272840608295143E-01,
    -3.3362270640268854E-01,
    -3.8503184290982884E-01,
     1.8694521184514823E-01,
     1.8391663964350899E-01,
     1.5694182216874231E-01,
     1.7891391069623219E-01,
     1.8382414919667789E-01,
     2.6195626746816841E-01,
    -7.1441109391131560E-02
  ],
  "coordination numbers": [
     5.5138489129848800E+00,
     3.9987593492479458E+00,
     2.9510787052572178E+00,
     9.9209927965369982E-01,
     9.9211596616929665E-01,
     9.9211401594631443E-01,
     1.0110984266774672E+00,
     3.0659228847147961E+00,
     3.2132793938370012E+00,
     2.9856996739657022E+00,
     3.1518437930169645E+00,
     3.0659695392245521E+00,
     2.0164476302405729E+00,
     9.9249335552098827E-01,
     9.9267529599715054E-01,
     9.9244736837044112E-01,
     9.9248883597631110E-01,
     3.0157996737013999E+00,
     3.0093545162614035E+00,
     3.0137074551661645E+00,
     3.0180376661273387E+00,
     3.0197544577289639E+00,
     3.0093729606733701E+00,
     3.5783890619054866E+00,
     1.9803159887060904E+00,
     2.7389925550958116E+00,
     9.9277930544626258E-01,
     9.9297835303550563E-01,
     9.9247280343088029E-01,
     9.9296656133553185E-01,
     9.9296802909799542E-01,
     9.9252335201880371E-01,
     9.9747073144366905E-01
  ]
}
