{
  "version":  "0.2.0",
  "energy":     1.0573644468445351E+00,
  "charges": [
     6.7329163728833885E-01,
     2.6448378522045900E-03,
    -5.6861507065021355E-03,
     1.0019610272243257E-01,
    -3.3443331034161883E-01,
     9.4982332279296700E-02,
    -4.8458092362501093E-03,
     2.0882392174233627E-01,
     2.0058249480255930E-01,
     1.7887239977748151E-01,
     1.7423216892763393E-01,
     2.0169963275249575E-01,
    -7.0537691906093225E-01,
     3.3398544915839823E-01,
     3.3079447418121788E-01,
     3.2219514907432478E-01,
     2.0311494184347823E-01,
    -1.4498949487845242E-01,
     2.2698979058605478E-01,
     2.5619949072742365E-01,
    -3.1327313949192115E-01
  ],
  "coordination numbers": [
     4.3679621297707882E+00,
     3.0230434472993242E+00,
     3.0087734013004130E+00,
     3.2998550277246022E+00,
     2.9945982787472492E+00,
     3.2888300850303445E+00,
     3.0086418933124186E+00,
     9.9279189250546107E-01,
     9.9298240412046823E-01,
     9.9338559326449349E-01,
     9.9304717888456207E-01,
     9.9297204736228295E-01,
     3.9398710392024814E+00,
     1.0055817953006594E+00,
     1.0032486422524798E+00,
     1.0052963583563947E+00,
     1.8807294108989812E+00,
     9.9975731730987416E-01,
     1.0103838988244762E+00,
     2.0455684136331973E+00,
     1.9973437689503708E+00
  ]
}
