{
  "version":  "0.2.0",
  "energy":    -8.4929366810475404E-01,
  "charges": [
     4.8498243752801318E-01,
    -2.9795038558296006E-02,
    -4.1656158454878905E-01,
     2.2570541308280290E-02,
     1.9668535184908409E-02,
    -3.3633920169598874E-01,
     1.7425654009206260E-02,
     2.6587750846742808E-02,
    -4.1941217026586708E-01,
     8.7285763982803466E-02,
     1.2173094652384608E-01,
     1.2928878305764868E-01,
     9.0458362168398643E-02,
     2.8032317697597620E-02,
    -4.8117382941242759E-01,
    -3.4474926782607695E-01
  ],
  "coordination numbers": [
     5.0787596474951844E+00,
     1.9019943790115983E+00,
     1.9666619261775145E+00,
     3.0778015229298239E+00,
     3.2265372214108696E+00,
     2.9780989924828081E+00,
     3.1782307597076711E+00,
     3.0780508170065657E+00,
     2.0135122511625756E+00,
     9.9242790776633161E-01,
     9.9313120284089962E-01,
     9.9226296176636009E-01,
     9.9245387050807743E-01,
     1.9758251897294832E+00,
     1.0252856587849672E+00,
     9.9850194488483179E-01
  ]
}
