{
  "version":  "0.2.0",
  "energy":    -6.7968659594603364E-01,
  "charges": [
     6.9131100352135078E-01,
    -1.5987972093558277E-03,
     2.8877286815107345E-01,
    -4.1993702200252353E-01,
    -3.6391804131066174E-01,
    -5.7264271895030117E-01,
     1.0541115786903295E-01,
     1.2258610875440645E-01,
     2.4735004426570328E-01,
     2.3378876833216256E-01,
    -6.3966228317241886E-02,
    -2.9929919941060029E-01,
     3.4829946880283491E-01,
    -2.7997168064532407E-01,
    -5.3512366473798284E-02,
    -3.2642494761057728E-01,
    -7.3851645789411474E-02,
     1.1528494683574669E-01,
     1.4330829933292649E-01,
     1.1904226637985671E-01,
     1.1682671265034421E-01,
     1.2581268858397684E-01,
     1.4462058629025071E-01,
     1.4906514336367555E-01,
     1.2639026099247591E-01,
     1.1669140227356167E-01,
     4.2024674918384866E-02,
     2.5522046617453817E-02,
    -3.3244040353159632E-01,
     1.8906651235251482E-02,
     4.1764522569436566E-02,
    -3.8594108036543867E-01,
     1.1729630837997627E-01,
     1.3173029563820482E-01,
     1.4510217396586073E-01,
     1.1745697152711493E-01,
    -3.1178069793468566E-01,
     4.1506706661604859E-02,
    -3.5829825575446966E-01,
    -2.2570409274589742E-01,
     2.0466472996236787E-01,
    -3.3278119831102537E-01,
    -2.1373907327772965E-01,
    -2.4015945680390369E-01,
     9.8936758808972181E-02,
     1.1204996840780773E-01,
     1.4484151861532146E-01,
     1.0045960594390062E-01,
     1.5200668342520926E-01,
     1.3770631172629497E-01,
     9.9335329507201281E-02,
     1.2931807253656791E-01,
     1.0383923512811367E-01,
    -2.3516262627376208E-01,
     1.9199807326482413E-01,
    -4.0140997571363757E-01,
    -2.2309101722020336E-01,
    -2.3857840380487469E-01,
     1.0374990796275248E-01,
     1.4055204678853453E-01,
     9.9893986291476361E-02,
     9.9903252773379372E-02,
     1.3524235495978587E-01,
     1.2694610586134042E-01,
     9.8123463551698167E-02,
     1.1511248090809374E-01,
     1.1220089153399573E-01,
     7.5141483010596977E-02,
    -4.6950823078419407E-01,
    -6.6276482857499375E-01,
     3.1253164925789245E-01,
     3.1605600067741274E-01
  ],
  "coordination numbers": [
     7.4258573913337749E+00,
     4.0516183221938968E+00,
     3.1629215474289936E+00,
     1.0002819970191652E+00,
     1.9780619458735957E+00,
     3.8704122266235057E+00,
     9.9121806044642646E-01,
     9.9146722725477598E-01,
     1.0015517955741293E+00,
     9.9679969383524725E-01,
     4.1785799071447967E+00,
     1.9904467424115344E+00,
     4.4315496883791896E+00,
     2.0098010578428607E+00,
     4.1379306561689484E+00,
     1.9891201628488231E+00,
     4.1307464525012723E+00,
     9.9097109943583561E-01,
     9.9117133129254054E-01,
     9.9191824676513640E-01,
     9.9195310063857267E-01,
     9.9149701287599523E-01,
     9.9177352092682103E-01,
     9.9137953271406420E-01,
     9.9135352289756451E-01,
     9.9185985212886596E-01,
     3.0764335418454500E+00,
     3.1046451762442162E+00,
     2.9057375038821629E+00,
     3.0849136301522426E+00,
     3.0765424853534222E+00,
     2.0138128480453501E+00,
     9.9249070812332896E-01,
     9.9273813528281973E-01,
     9.9161571149428784E-01,
     9.9246728193344680E-01,
     1.9840039555456608E+00,
     2.1021859052086098E+00,
     1.0051653734604766E+00,
     3.9573707663805537E+00,
     4.2297776316333220E+00,
     1.9705875836109490E+00,
     3.9574772531663482E+00,
     3.9568465681889720E+00,
     9.9313761287136515E-01,
     9.9419369660770585E-01,
     9.9593997180351224E-01,
     9.9396930770525493E-01,
     9.9428680193973218E-01,
     9.9446888314621873E-01,
     9.9293661163065483E-01,
     9.9436670943119410E-01,
     9.9354949764444012E-01,
     3.9570235004760814E+00,
     4.1162945365076151E+00,
     1.9048984442006933E+00,
     3.9574194630544035E+00,
     3.9573310241125546E+00,
     9.9380653505093353E-01,
     9.9443625336815966E-01,
     9.9333419365907716E-01,
     9.9367437671833159E-01,
     9.9454278099823057E-01,
     9.9374109210453998E-01,
     9.9302959455811202E-01,
     9.9399345660705674E-01,
     9.9387091102657443E-01,
     1.9447980257904902E+00,
     1.0023155330536699E+00,
     1.9839444317404391E+00,
     9.9188429570817149E-01,
     9.9278666331064436E-01
  ]
}
