{
  "version":  "0.2.0",
  "energy":    -5.9501258586432682E-03,
  "charges": [
     1.3332207403903640E-01,
    -6.6669200766543729E-02,
    -6.6652873272492655E-02
  ],
  "coordination numbers": [
     1.9502155415852105E+00,
     9.7572843359302919E-01,
     9.7540294070283640E-01
  ]
}
