{
  "version":  "0.2.0",
  "energy":     1.4963691937848697E-01,
  "charges": [
     9.8088376963427759E-01,
     2.4733406945540416E-02,
     2.7216674419392961E-01,
    -2.8591435612874488E-01,
    -2.8434783234572403E-01,
    -5.6030280810434596E-01,
     1.5265239002872846E-01,
     1.6260088192276609E-01,
     2.8166072236723344E-01,
     2.9196704178276423E-01,
    -7.4327541432060018E-01,
     3.1537628703886622E-01,
     2.9907708567625252E-01,
     2.9627876190827113E-01,
    -5.0926278275844505E-02,
    -2.9431875133582003E-01,
     2.8447161587504377E-01,
    -2.5225715341848581E-01,
    -7.6941620323045939E-02,
    -2.4186400522037832E-01,
    -6.2142983796763446E-02,
     1.5221314547199358E-01,
     1.5256356512510025E-01,
     1.3723844059524237E-01,
     1.4170802621696402E-01,
     1.4403671629810408E-01,
     1.5602222761602086E-01,
     1.5733721554301039E-01,
     1.4282402741199549E-01,
     1.5962361120234633E-01,
    -1.3988824510029640E-02,
    -2.1337414829871731E-01,
    -1.7036631507252795E-01,
    -3.2049688594605164E-01,
     8.9576646620520450E-02,
    -2.2449495237789155E-01
  ],
  "coordination numbers": [
     7.9702938867758464E+00,
     4.0823916817982386E+00,
     4.0131147362061466E+00,
     1.9805358924247756E+00,
     1.9578840938267810E+00,
     3.8741928850789158E+00,
     9.9222362151529264E-01,
     9.9231582361301474E-01,
     9.9903900864127770E-01,
     9.9634562830587914E-01,
     3.9434613083593266E+00,
     1.0658152500989120E+00,
     1.0036405574976017E+00,
     1.0026509782397364E+00,
     4.1479692708608287E+00,
     1.9881547906886645E+00,
     4.1687708538790282E+00,
     2.9244627405038282E+00,
     4.1772989187472236E+00,
     2.9185337908426119E+00,
     4.1675605937228477E+00,
     9.9206547226408670E-01,
     9.9215438086940910E-01,
     9.9145607221634169E-01,
     9.9196019591032503E-01,
     9.9166338992385938E-01,
     9.9201175912988937E-01,
     9.9250113348704083E-01,
     9.9162495422684316E-01,
     9.9186768800811631E-01,
     2.7162880119818720E+00,
     1.9791107965272445E+00,
     1.9721071088770579E+00,
     2.0013616546618849E+00,
     2.2888306454228022E+00,
     1.0049597312869700E+00
  ]
}
