{
  "version":  "0.2.0",
  "energy":     2.3243361902361126E-01,
  "charges": [
     8.4332136278926850E-01,
    -5.9306960954781973E-01,
    -2.5008453149997140E-02,
    -3.0633763761010735E-02,
    -5.9803502959993460E-01,
     2.5848221821731987E-01,
     2.4643653812209756E-01,
     1.2083732563140455E-01,
     1.3118807922037376E-01,
     1.2847316454325536E-01,
     1.1862806383086612E-01,
     2.4087188861051917E-01,
     2.4810841507062389E-01,
    -3.0576923983674431E-01,
    -2.2015248962449890E-01,
     2.0487947812597523E-01,
    -4.1042898294182462E-01,
    -2.2230325998238371E-01,
    -2.1375732430189820E-01,
     1.3066559177409207E-01,
     1.2477778026853149E-01,
     1.3553098976952418E-01,
     1.2950638679030599E-01,
     1.2903269613872223E-01,
     1.2384774991622295E-01,
     1.3418350080641642E-01,
     1.2341638547899242E-01,
     1.3285118973333010E-01,
    -7.5817421190875911E-01,
     2.7952011781234776E-01,
     2.7505780384668121E-01,
     2.8375360889334195E-01,
    -1.6603797073534193E-01
  ],
  "coordination numbers": [
     6.1143055817660334E+00,
     3.8980086007325800E+00,
     4.0151370688111196E+00,
     4.0534014580613364E+00,
     3.8767764622914225E+00,
     9.9712249814895504E-01,
     1.0194460292363674E+00,
     9.9123019708982074E-01,
     9.9121926415077155E-01,
     9.9145611067946060E-01,
     9.9127127657201353E-01,
     9.9824756379850577E-01,
     9.9659085164732009E-01,
     9.9797517795903090E-01,
     3.9574123387663773E+00,
     4.3549481831471253E+00,
     1.9794780934703802E+00,
     3.9573905174992401E+00,
     3.9577142358100179E+00,
     9.9464582546771840E-01,
     9.9345471996484846E-01,
     9.9408901698514107E-01,
     9.9495475028205949E-01,
     9.9413004484395007E-01,
     9.9339816231208466E-01,
     9.9418944109049789E-01,
     9.9338584787966511E-01,
     9.9419431549820381E-01,
     3.8911217479185458E+00,
     9.9968010596500001E-01,
     9.9625593521764433E-01,
     1.0141341929509364E+00,
     9.8962638885547438E-01
  ]
}
