{
  "version":  "0.2.0",
  "energy":    -2.3898447469914732E+00,
  "charges": [
     8.0452055295466418E-01,
    -1.6384121772471705E-01,
    -1.5997528489306090E-01,
    -1.2116205853541018E-01,
    -1.1856196012174913E-02,
    -1.1786773279224005E-01,
    -1.5850767734592131E-01,
     2.5940914536664506E-01,
    -3.5252615854133740E-01,
    -3.3355696034327265E-01,
     4.2904822453989744E-02,
     5.0492683446462405E-02,
     1.0009621726255208E-01,
     1.0650490496707293E-01,
     5.2101218406916283E-02,
     1.8440070163101230E-01,
    -4.1733177116786568E-01,
    -2.5342434555960303E-01,
    -2.8737174400026388E-01,
     1.8307404025766116E-01,
    -3.9809890304553575E-01,
    -2.2959257061438948E-01,
    -2.5307761403730500E-01,
    -3.6884170676928973E-01,
     9.6176297264973232E-02,
    -3.7115151685930514E-01,
    -2.5155633196727112E-01,
    -7.3475347778945654E-02,
    -3.9052463197701393E-01,
     4.3398974003272944E-02,
     8.0027159177908924E-02,
     1.3735509997481721E-01,
     6.0599591268655273E-02,
     1.1986012852186567E-01,
     2.6667770970443627E-01,
    -2.6294429855349044E-01,
     1.3530391485007343E-02,
    -4.2549289687628356E-01,
    -2.4171355719761806E-01,
    -3.0310798887853152E-02,
    -3.4284406656322325E-01,
     4.2512266507134827E-02,
     1.2587524847343046E-01,
     8.9653251828039349E-02,
     9.6547093479597390E-02,
     6.1327889607276379E-02
  ],
  "coordination numbers": [
     7.8973564726391823E+00,
     3.0115478548724051E+00,
     3.0114910760111808E+00,
     3.0153097706403882E+00,
     3.0137814476494968E+00,
     3.0153112196688943E+00,
     3.0114480049704415E+00,
     3.6578515960052487E+00,
     1.7949914970232337E+00,
     1.8938821909353623E+00,
     9.9243432773268658E-01,
     9.9247369384574391E-01,
     9.9272202899035999E-01,
     9.9272546735161971E-01,
     9.9246003858481835E-01,
     3.3596560616332747E+00,
     1.0016684896402142E+00,
     1.7588498024755550E+00,
     1.8001573953756962E+00,
     3.4403968379811189E+00,
     1.0016932164341759E+00,
     1.8375244927632748E+00,
     1.8434447220756223E+00,
     1.0072025026417197E+00,
     2.0097916173046340E+00,
     1.9177338052452866E+00,
     3.9526490769882727E+00,
     3.9619177261912002E+00,
     2.6743794837102461E+00,
     9.9107751539143152E-01,
     9.9102971467907697E-01,
     9.9080223689754110E-01,
     9.8908466057727207E-01,
     9.9143768447832592E-01,
     1.0703866907544617E+00,
     1.9683077964015983E+00,
     2.0169748217200052E+00,
     1.0049575542340543E+00,
     3.9521644507540383E+00,
     4.0648461648679524E+00,
     1.9886199856263493E+00,
     9.9031033119586453E-01,
     9.9155160260948172E-01,
     9.9125153903389496E-01,
     9.8754186873239025E-01,
     9.8618564991937241E-01
  ]
}
