{
  "version":  "0.2.0",
  "energy":    -3.9565705416234265E-01,
  "charges": [
     9.7297982226097468E-01,
    -1.3712481199675602E-01,
    -2.2249089167008607E-01,
     2.1895387464922189E-01,
    -3.7448880192606887E-01,
    -2.1806251851291891E-01,
    -2.2160506784755490E-01,
     1.0887915265435558E-01,
     1.3089453405898874E-01,
     1.2979086400538001E-01,
     1.1040786918954920E-01,
     1.4577156279159226E-01,
     1.3493897284570033E-01,
     1.1080323246825211E-01,
     1.2803386273616643E-01,
     1.4430377907367004E-01,
     7.5629528229154197E-02,
    -3.5699172007426838E-01,
    -5.5430780277179348E-02,
    -2.0217212827810377E-01,
    -2.3706946870527104E-01,
    -3.2123313316189317E-01,
     7.1684725672132202E-02,
    -2.6285271208639738E-01,
    -7.4617915686002434E-01,
     2.9703718009554170E-01,
     2.9142017899368339E-01,
     2.8417205167215953E-01
  ],
  "coordination numbers": [
     7.4272420241124451E+00,
     9.9490615464402765E-01,
     3.9577439018122167E+00,
     4.4316663831127681E+00,
     1.9910512523100792E+00,
     3.9575406231501864E+00,
     3.9576532218441329E+00,
     9.9329922766696566E-01,
     9.9456906768998099E-01,
     9.9443312702372832E-01,
     9.9360626116047523E-01,
     9.9508449271279353E-01,
     9.9400347824635737E-01,
     9.9340756131856445E-01,
     9.9445555965834842E-01,
     9.9544523966968690E-01,
     1.1894323273319856E+00,
     1.9924830025390134E+00,
     2.6186370296758508E+00,
     1.9606289772608623E+00,
     1.9457707591122437E+00,
     2.0021557130477889E+00,
     2.1031964927066129E+00,
     1.0055154791495120E+00,
     3.9400795322923274E+00,
     1.0155044071840980E+00,
     1.0140657014832977E+00,
     1.0048884467738359E+00
  ]
}
