{
  "version":  "0.2.0",
  "energy":    -8.9583503576096735E-02,
  "charges": [
     4.7303905627036613E-01,
     2.0456916204193257E-01,
    -3.7666047313937789E-01,
    -3.0094774517292078E-01
  ],
  "coordination numbers": [
     2.9272711697447926E+00,
     1.8456792435585747E+00,
     1.8814004616032962E+00,
     1.0213552695181889E+00
  ]
}
