{
  "version":  "0.2.0",
  "energy":     1.0119174557862916E+00,
  "charges": [
     6.6660120349805729E-01,
     3.6157691415745076E-02,
     3.3038127004015738E-01,
    -2.4273875764606009E-01,
    -3.0291648942422006E-01,
    -5.7390368662429414E-01,
     1.7480049843121656E-01,
     1.7009009583833304E-01,
     2.7475187479799590E-01,
     2.7849462913600609E-01,
    -3.2232507901676521E-01,
     8.2059774318719636E-02,
    -2.2010277093772290E-02,
    -1.9762802462196138E-02,
    -3.9609370585336590E-02,
     1.4056829364683851E-01,
     1.4063942655806905E-01,
    -3.9733212197087059E-02,
    -2.0664759725284948E-02,
    -2.4927693826805014E-02,
     6.9155869452551116E-02,
    -3.2884585043304154E-01,
     1.7060150649931435E-01,
     1.8605676633751625E-01,
     1.8907608428380213E-01,
     1.5966307872766280E-01,
     1.5938148747879172E-01,
     1.8807281340812870E-01,
     1.8256603901617177E-01,
     1.5467688725171785E-01,
     1.8364268889806806E-01
  ],
  "coordination numbers": [
     5.8874267191298895E+00,
     4.0558020497741021E+00,
     3.2849099293960915E+00,
     9.9993887442762652E-01,
     1.9933171050201777E+00,
     3.9002637430275522E+00,
     9.9168776943329640E-01,
     9.9135572561497032E-01,
     1.0095076614607352E+00,
     9.9657953408032007E-01,
     2.9966772812308573E+00,
     3.2620228276503553E+00,
     3.0083153528609232E+00,
     3.0216690021850336E+00,
     3.0115574900520476E+00,
     3.2138157665376799E+00,
     3.2053640116645914E+00,
     3.0114351315019166E+00,
     3.0221764832365121E+00,
     3.0078667444022145E+00,
     3.2159496692049503E+00,
     2.9902847732045963E+00,
     9.9322162465056607E-01,
     9.9299192095492295E-01,
     9.9280191600002432E-01,
     9.9315594092140458E-01,
     9.9315488992016210E-01,
     9.9279075887773960E-01,
     9.9299185253573174E-01,
     9.9240773957506612E-01,
     9.9602680919058795E-01
  ]
}
