{
  "version":  "0.2.0",
  "energy":    -9.4112440693803034E-02,
  "charges": [
    -5.8182651266471708E-02,
     4.3341677356761654E-01,
    -6.9463330459390626E-02,
    -1.1729827178965793E-01,
    -1.1708395947951357E-01,
    -7.1388560572582735E-02
  ],
  "coordination numbers": [
     2.5302763323285600E+00,
     2.4012172324376380E+00,
     8.7274838500042229E-01,
     1.7508817812699879E+00,
     1.7470864342053600E+00,
     8.7274838500042229E-01
  ]
}
