{
  "version":  "0.2.0",
  "energy":    -1.3657617590319129E+00,
  "charges": [
     3.6229417321216650E-01,
    -1.2024896585767220E-02,
    -1.5057644571080220E+00,
    -8.4450481951837753E-01
  ],
  "coordination numbers": [
     2.7595783074895213E+00,
     8.1746740908464588E-01,
     9.5148663760043828E-01,
     9.9407023597325228E-01
  ]
}
