{
  "version":  "0.2.0",
  "energy":    -1.1445946460135747E+00,
  "charges": [
     8.8124968196694708E-01,
     3.0195238788343452E-02,
     2.5861789748125363E-02,
    -3.3342548208899958E-01,
     1.9922993842371450E-02,
     2.9716604264611202E-02,
    -4.1396233407008798E-01,
     9.1292294913136812E-02,
     1.2947502119881979E-01,
     1.1330081497424996E-01,
     9.0644161172238516E-02,
    -4.1751874600891986E-01,
     3.9965189173238502E-01,
    -4.1353847152062390E-01,
    -4.5222542218391204E-01,
    -5.7798529042129032E-01,
     2.6972379961698034E-01,
     2.6969743264700846E-01,
    -3.8543013258909120E-01,
     3.9882004279262229E-01,
    -4.2584756655708145E-01,
    -4.5990766929709304E-01,
    -1.3125695264847995E-01,
    -4.1448850213671129E-01,
     8.3055565911738780E-02,
     9.7009207728754751E-02,
     1.1982787222090829E-01,
     2.6054757481971647E-01,
    -6.0337705003899331E-02,
    -1.5137738837175685E-01,
    -1.5606518459765251E-01,
    -5.9181365991216449E-02,
    -2.8946713928406081E-01,
     8.0917610203335585E-02,
     1.4679090439904080E-01,
     1.1860391512478990E-01,
     7.2928999172750475E-02,
     1.0493317184018171E-01,
     7.4183359673923088E-02,
     1.4626639775594602E-01,
     8.7399006261950907E-02
  ],
  "coordination numbers": [
     7.8698360883641492E+00,
     3.0779720859279429E+00,
     3.1280527283733637E+00,
     2.9369595120832557E+00,
     3.1055149607351780E+00,
     3.0776829165618489E+00,
     2.0137271543753110E+00,
     9.9244097799586140E-01,
     9.9223519234685043E-01,
     9.9243224922453877E-01,
     9.9243071615072509E-01,
     1.9718210139339840E+00,
     3.7914344093036538E+00,
     1.9563014343149749E+00,
     9.9913171266167655E-01,
     2.7974302002871374E+00,
     1.2260255372621618E+00,
     1.1270059622789876E+00,
     1.9729914589919364E+00,
     3.8200999960503603E+00,
     1.9659973762532656E+00,
     9.9911416926665009E-01,
     4.0284688316739210E+00,
     2.8722092292600090E+00,
     9.9088115299126045E-01,
     9.9116964654630646E-01,
     9.9177914455652072E-01,
     1.1887572644174638E+00,
     4.0806237079209460E+00,
     3.9697259537492640E+00,
     3.9699733803872128E+00,
     4.1252273669337747E+00,
     2.8802858040550561E+00,
     9.9050088950970405E-01,
     9.9155676999587961E-01,
     9.9200576993033440E-01,
     9.9160821857075199E-01,
     9.9154793628405624E-01,
     9.9168085727524335E-01,
     9.9176547983577201E-01,
     9.9048778896075262E-01
  ]
}
