{
  "version":  "0.2.0",
  "energy":    -1.1614354311069340E-01,
  "charges": [
    -3.3939553092271751E-01,
     2.0311988418147617E-01,
     2.0232118311167868E-01,
     2.0599095733497902E-01,
    -2.7203649370541633E-01
  ],
  "coordination numbers": [
     3.3002190974826000E+00,
     2.3281066769539152E+00,
     2.3448411759730998E+00,
     3.4592734187327396E+00,
     1.8627355957118157E+00
  ]
}
