{
  "version":  "0.2.0",
  "energy":     1.0871439196199333E+00,
  "charges": [
     9.3718265795016542E-01,
     8.0877437054570456E-02,
    -1.7845429791344203E-01,
    -1.1175502390678621E-01,
     7.0191790728926229E-03,
     2.2439485567772310E-03,
     1.0086959117255911E-01,
    -3.7060596067027995E-01,
     9.5901256631523157E-02,
    -2.1880453826892965E-03,
     2.1157955169841952E-01,
     2.0444432246874894E-01,
     1.8727324928440392E-01,
     1.6366511317542667E-01,
     2.0437849702351329E-01,
     2.3094932463828957E-01,
     2.7022143740023441E-01,
    -4.0569549955194512E-01,
     3.7209326129761833E-01
  ],
  "coordination numbers": [
     6.2919643535583161E+00,
     2.7481422036761822E+00,
     1.9923502434717371E+00,
     1.9705087666099432E+00,
     3.0231596088818753E+00,
     3.0076235454578724E+00,
     3.1368629253207692E+00,
     2.9972053414494830E+00,
     3.5108714993418255E+00,
     3.0061497943896951E+00,
     9.9266243302253709E-01,
     9.9288516154632234E-01,
     9.9268492285504006E-01,
     1.0240827101563408E+00,
     9.9291665314405542E-01,
     1.0149825761724003E+00,
     2.1787820896488377E+00,
     2.0129464305669318E+00,
     9.9694453486454915E-01
  ]
}
