{
  "version":  "0.2.0",
  "energy":    -2.4285327158805452E+00,
  "charges": [
     8.7581134440455655E-01,
    -4.2612529959266598E-03,
    -3.1599866628897244E-02,
    -3.0555117006005150E-01,
    -3.6622841327475952E-02,
    -7.8894154388593485E-03,
    -4.8773818393105595E-01,
     4.0988082663055564E-02,
     9.4453271506911046E-02,
     8.7426022878969584E-02,
     3.6670203772466298E-02,
    -2.8905814483954950E-01,
     6.8334069451579715E-02,
    -6.1602333793784769E-01,
    -5.3642969129027263E-01,
     3.1553211753347393E-01,
    -4.5395596316602616E-01,
    -4.3914652362448414E-01,
    -4.5700799335548981E-01,
     6.4541468046091621E-01,
    -5.3330422125432841E-01,
    -5.3303772652903791E-01,
    -4.3300346029262587E-01
  ],
  "coordination numbers": [
     6.9773378294614830E+00,
     3.0957456666194396E+00,
     3.1107726233412381E+00,
     3.8699974835567552E+00,
     3.1305313567885715E+00,
     3.0955421377403320E+00,
     2.0052868771170678E+00,
     9.9105395752794401E-01,
     9.9273380976164116E-01,
     9.9295813410383538E-01,
     9.9089274082570356E-01,
     1.8862483902215139E+00,
     1.9969985551281582E+00,
     1.0064042235936341E+00,
     9.9909181320337481E-01,
     3.8710860721723774E+00,
     1.9823293261165347E+00,
     1.9782865717672218E+00,
     1.9691960955064554E+00,
     4.7075267300957666E+00,
     9.9919764305532777E-01,
     9.9919841467671588E-01,
     9.9726929552947929E-01
  ]
}
