{
  "version":  "0.2.0",
  "energy":    -8.3439780660021709E-02,
  "charges": [
     6.6175117240072012E-01,
    -1.1029194082888163E-01,
    -1.1029182757249090E-01,
    -1.1029190644199591E-01,
    -1.1029187610443489E-01,
    -1.1029180171311022E-01,
    -1.1029181973980655E-01
  ],
  "coordination numbers": [
     5.8490119974100487E+00,
     9.9553588384310121E-01,
     9.9553576049513293E-01,
     9.9553583519092648E-01,
     9.9553581825877746E-01,
     9.9553577695577378E-01,
     9.9553577273128635E-01
  ]
}
