{
  "version":  "0.2.0",
  "energy":    -1.2812762169981139E-02,
  "charges": [
     2.6639538965003240E-01,
    -4.4397878005865608E-02,
    -4.4400458036450922E-02,
    -4.4399964737107757E-02,
    -4.4398582986913737E-02,
    -4.4398623915676033E-02,
    -4.4399881968018369E-02
  ],
  "coordination numbers": [
     5.7895148081786783E+00,
     9.8364614694832753E-01,
     9.8365471014904315E-01,
     9.8365317759962245E-01,
     9.8364907595537776E-01,
     9.8364907663138990E-01,
     9.8365293272440013E-01
  ]
}
