{
  "version":  "0.2.0",
  "energy":    -1.3225803111708809E+00,
  "charges": [
     1.5949478636124637E-01,
    -5.4920890478386597E-01,
    -6.8969314022697037E-01,
    -9.2059274135040992E-01
  ],
  "coordination numbers": [
     2.9728692394754335E+00,
     9.8035735607201691E-01,
     9.9892761410189301E-01,
     9.9812638459993952E-01
  ]
}
