{
  "version":  "0.2.0",
  "energy":     2.1753855964398037E+00,
  "charges": [
     8.7647554154729068E-01,
    -5.3468696653148695E-01,
     6.0713666753109186E-02,
     3.0043478263973356E-02,
    -4.4026953712120848E-01,
     3.6233398649101467E-02,
     4.5995201182421508E-02,
    -5.4300123038803472E-01,
     3.8044515772401544E-01,
     3.6103054263723328E-01,
     2.4822311938576672E-01,
     1.8865900299770991E-01,
     2.3466777071890116E-01,
     2.0806504564702255E-01,
     3.2072588410577391E-01,
     2.2268760118935332E-01,
     2.3064239697064970E-01,
     2.5103891956427532E-01,
     2.0552894255451598E-01,
     3.5531310245674491E-01,
     3.6487143474842781E-01,
     2.8104379325834983E-02,
     2.7321294911513122E-01,
    -2.4279320562522269E-01,
     2.8127563780532444E-01,
     2.7406681823333295E-01,
     2.8273094809004318E-01
  ],
  "coordination numbers": [
     5.7583071585126122E+00,
     3.9526588960676010E+00,
     4.6562003101156515E+00,
     4.2980797550640641E+00,
     3.9468307728263907E+00,
     4.2635047430519002E+00,
     4.1718977840576201E+00,
     3.9439672354144957E+00,
     1.0079057427304434E+00,
     1.0042096377055891E+00,
     9.9050848974412808E-01,
     1.1153049815802563E+00,
     9.9111564947143638E-01,
     9.9132518566379879E-01,
     1.0193625978117646E+00,
     9.9083768610550216E-01,
     9.9092725962573613E-01,
     9.9111379819528889E-01,
     9.9140270038945477E-01,
     1.0196589439543740E+00,
     1.0050598971865030E+00,
     3.9516830586678209E+00,
     2.1005142229172238E+00,
     1.9938433745514752E+00,
     9.8932620169329599E-01,
     9.8929221023774883E-01,
     9.8922765344978814E-01
  ]
}
