{
  "version":  "0.2.0",
  "energy":     3.4967992734122022E-01,
  "charges": [
     6.4511537720479617E-01,
     1.6434993540192322E-01,
    -2.4211816213784743E-01,
    -1.8025914145521396E-01,
    -2.3801811482510590E-01,
    -3.5259121147020400E-02,
    -1.4206019951692031E-01,
     2.3007285750792750E-01,
    -1.2019542761695425E-01,
    -1.0531426396070165E-01,
    -1.9873302805972426E-01,
     2.0266701791742123E-01,
    -3.2622912521766029E-01,
    -1.8877165151191264E-01,
    -2.0346250514142500E-01,
     1.4540124719562891E-01,
     1.5034598879634428E-01,
     1.3206200569071377E-01,
     1.3198653215271716E-01,
     1.6112292190564470E-01,
     1.6180603419861855E-01,
     1.3081690638310145E-01,
     1.4433059612401070E-01,
     1.4187856047792818E-01,
    -4.9818027164439171E-02,
    -5.3232134827339989E-02,
     5.5058391235624962E-02,
    -3.1536307857888335E-01,
     6.5130874835884284E-02,
    -5.2257955824337454E-02,
     1.5576933052642233E-01,
     1.5098139915780492E-01,
     1.4525859153692405E-01,
     1.6956351213491372E-01,
     1.5296591001623536E-01,
    -5.3385495424447582E-01,
     2.8040720724744200E-01,
     2.6785569358193417E-01
  ],
  "coordination numbers": [
     7.6776804908422678E+00,
     3.6685163749167797E+00,
     1.0016586855127985E+00,
     1.9605108614774434E+00,
     1.9491517195317654E+00,
     1.0508228006407832E+00,
     9.9908992139421304E-01,
     3.5510195026942544E+00,
     1.7596323857191916E+00,
     1.8017904221528003E+00,
     3.9577359720639613E+00,
     4.2584749789262020E+00,
     1.9886631049177330E+00,
     3.9574038193460517E+00,
     3.9577028042522500E+00,
     9.9435030530814394E-01,
     9.9451182781752223E-01,
     9.9343774780565841E-01,
     9.9339236103181250E-01,
     9.9390677710302899E-01,
     9.9417298348105554E-01,
     9.9335444792537508E-01,
     9.9452590167891319E-01,
     9.9438695964785406E-01,
     3.0223639231476227E+00,
     3.0105687286722276E+00,
     3.1488985684081916E+00,
     2.9399439930110178E+00,
     3.1109950351928264E+00,
     3.0106169696942615E+00,
     9.9285430371212602E-01,
     9.9302489883283851E-01,
     9.9274509856170834E-01,
     9.9268074281932250E-01,
     9.9301829159073574E-01,
     2.9303456454095196E+00,
     9.9655332966227128E-01,
     1.0188785376495000E+00
  ]
}
