{
  "version":  "0.2.0",
  "energy":    -3.1486217569422451E-02,
  "charges": [
     3.7209576658967852E-01,
    -9.3625158969758260E-02,
    -9.2426674208157200E-02,
    -9.2854504873098820E-02,
    -9.3189428538664257E-02
  ],
  "coordination numbers": [
     3.9432284209074000E+00,
     1.7188724688001509E+00,
     1.7192981524533888E+00,
     1.7191602151185714E+00,
     1.7191120180543056E+00
  ]
}
