{
  "version":  "0.2.0",
  "energy":    -2.3157854507806239E+00,
  "charges": [
     8.3538623896810105E-01,
    -3.9664552294964944E-01,
     3.2930213787019369E-01,
    -5.3147855695585933E-01,
    -4.0078842906680756E-01,
    -1.2734799664142160E-01,
    -3.9272977632844208E-01,
    -2.4982546042227183E-01,
    -4.2081784047814008E-01,
     8.9663749570255358E-02,
    -4.4136467572146887E-01,
     7.3736064891548714E-02,
    -5.2615734887667454E-01,
    -4.9090561505656832E-01,
    -1.6833900100593002E-01,
    -1.5174387987261095E-01,
     1.5689762298147940E-02,
    -3.3677670002548898E-01,
     1.5141291128538528E-02,
    -1.5308501502759578E-01,
     3.1722762837222925E-02,
     4.6682404611750411E-02,
     1.4924883153916257E-01,
     1.5534517986133825E-01,
     4.6087394852669758E-02
  ],
  "coordination numbers": [
     6.9371676823360957E+00,
     1.9671340191457301E+00,
     3.8317435670235724E+00,
     9.9895020573210402E-01,
     1.9731534582938677E+00,
     2.0125253633981197E+00,
     1.0031289575857425E+00,
     1.9541547255328942E+00,
     1.0077886047029603E+00,
     2.0079941855851606E+00,
     1.9661158852604901E+00,
     1.9235635978433949E+00,
     1.0009155311850098E+00,
     9.6023644724284729E-01,
     3.0171106007195547E+00,
     3.0121534210056806E+00,
     3.0629315642365578E+00,
     2.7233927157796565E+00,
     3.0690768179606547E+00,
     3.0124356138663249E+00,
     9.9223616134856663E-01,
     9.9267370086926920E-01,
     9.9195780402556721E-01,
     9.9109408222163520E-01,
     9.9267954911149836E-01
  ]
}
