{
  "version":  "0.2.0",
  "energy":    -9.7689923639558890E-02,
  "charges": [
     6.1163328873860090E-01,
    -3.0590585761877814E-01,
    -3.0572743111982270E-01
  ],
  "coordination numbers": [
     1.9963402347426555E+00,
     9.9867067873382176E-01,
     9.9865533827948294E-01
  ]
}
