{
  "version":  "0.2.0",
  "energy":    -2.7279454377773726E-01,
  "charges": [
     7.6766624360381597E-01,
     1.8119618491059164E-01,
    -2.2658882494508314E-01,
    -2.0112894502417289E-01,
    -2.0859429976806088E-01,
    -4.9740162510307906E-01,
     3.0874370898139764E-01,
     1.6254135311676476E-01,
    -2.9133318785512108E-01,
    -7.5254285388043574E-02,
    -7.6153606226898152E-02,
    -6.0714862611866316E-02,
     1.9236313219386569E-02,
    -6.3091695592433106E-02,
    -7.7401348439955275E-02,
     2.6637862596490280E-01,
    -3.1874491432608493E-01,
    -3.2454218483677910E-01,
     1.3426979987879356E-01,
     1.3688224026855644E-01,
     1.5647383850165730E-01,
     1.5220417975030526E-01,
     1.3535729192140852E-01
  ],
  "coordination numbers": [
     6.7975898682420439E+00,
     3.6646778191943454E+00,
     1.0017783447291135E+00,
     1.9473139823646255E+00,
     1.9553982696649959E+00,
     1.9917449064910322E+00,
     1.0187730953442431E+00,
     1.7587636308724788E+00,
     9.9954110927394524E-01,
     3.0141152589183733E+00,
     3.0122607325109705E+00,
     3.0162660996076855E+00,
     3.0185722366561487E+00,
     3.0161776266493305E+00,
     3.0123703413092944E+00,
     3.8410744803369692E+00,
     1.9641548965727793E+00,
     1.9684082791599753E+00,
     9.9279804923341075E-01,
     9.9286191057816975E-01,
     9.9295215195421616E-01,
     9.9294975978916433E-01,
     9.9286699010097124E-01
  ]
}
