{
  "version":  "0.2.0",
  "energy":    -4.4617354567629003E-01,
  "charges": [
     1.0040509042423771E+00,
    -1.8605329645933363E-01,
     1.0175694472957947E-01,
    -7.8562441744695316E-02,
     1.4314565331690066E-01,
    -3.9990018256593968E-01,
    -2.0156255893785086E-01,
    -3.7745692595412322E-01,
     1.0101696457645427E-01,
     1.1525902704399840E-01,
     1.1799160960161839E-01,
     1.1107598409907508E-01,
     1.0663391386973958E-01,
     1.1851211181245916E-01,
     1.1318728283193237E-01,
    -3.9303798466764028E-01,
     3.2682079032928413E-01,
    -3.7733666821643513E-01,
    -1.9413455234689561E-01,
     7.0538388970905974E-02,
    -4.1963214455524778E-01,
    -6.6972144302184330E-02,
    -4.3025028406067123E-01,
     1.1344180252999726E-01,
     1.1523461063475776E-01,
     1.1726241832338841E-01,
    -8.1218238175553764E-02,
    -3.1996389184509100E-01,
     2.8549143107717656E-01,
    -2.0992642682869139E-01,
    -8.7889570088910351E-02,
    -2.8223944947231328E-01,
    -8.7536634815449682E-02,
     1.2034205115900616E-01,
     1.1123534193925105E-01,
     1.0751948799555411E-01,
     1.1475994858777021E-01,
     1.5664602581678408E-01,
     1.2860354656936196E-01,
     1.2150729529428507E-01,
     1.3515026295035273E-01,
     1.3648959673501665E-01
  ],
  "coordination numbers": [
     7.1977698322464789E+00,
     3.9604219550931843E+00,
     3.2974573796140314E+00,
     3.0730505597064628E+00,
     4.3850122638365727E+00,
     2.0074783475072691E+00,
     3.9876986125587921E+00,
     1.9946757372814226E+00,
     9.9220619403465360E-01,
     9.9146438089540290E-01,
     9.9144012776873680E-01,
     9.9313974196086274E-01,
     9.9162945615993170E-01,
     9.9176372663483114E-01,
     9.9170003705080312E-01,
     9.9917547944878393E-01,
     3.5175297776056409E+00,
     1.9896941439016231E+00,
     2.2391131157230788E+00,
     1.9663427598650092E+00,
     1.0074079738486068E+00,
     4.0351670385196581E+00,
     1.9915907688076793E+00,
     9.9139160045483710E-01,
     9.9142677931320300E-01,
     9.9138120442064714E-01,
     4.1759293472197303E+00,
     1.9894841605512399E+00,
     4.0224675923488808E+00,
     1.9413151920494967E+00,
     3.9572477683286493E+00,
     2.9117471138149496E+00,
     4.1498914305325885E+00,
     9.9167936851124061E-01,
     9.9204524820098428E-01,
     9.9118456136702360E-01,
     9.9181236172942100E-01,
     9.9144064867893711E-01,
     9.9148663144283677E-01,
     9.9228762701766282E-01,
     9.9223991102989029E-01,
     9.9224021284836628E-01
  ]
}
