{
  "version":  "0.2.0",
  "energy":    -2.4750483132742213E-01,
  "charges": [
     8.1531530895530313E-01,
    -2.0809316706135883E-01,
    -8.7346859344400340E-02,
    -4.6130660288705150E-01,
     9.4954817160858518E-02,
     9.9953399250545846E-02,
     1.0098403047968110E-01,
    -3.4996850994551282E-01,
    -2.4778283868261047E-01,
     2.2401203742130224E-01,
    -4.3924221377039607E-01,
    -2.4951039450513518E-01,
    -2.4876932549010725E-01,
     1.0829542191200484E-01,
     9.3406507674645839E-02,
     1.0944112120531464E-01,
     9.2729099052978853E-02,
     1.0639709474178764E-01,
     1.1647211639894164E-01,
     9.4970806234241256E-02,
     1.1897453040741200E-01,
     1.1611362079155492E-01
  ],
  "coordination numbers": [
     4.6203800682289158E+00,
     9.9487246857503120E-01,
     4.0482068389314430E+00,
     1.9921557998857296E+00,
     9.9009636940504109E-01,
     9.9072344587009908E-01,
     9.9064722251164294E-01,
     9.9342699843449278E-01,
     3.9577084656315531E+00,
     4.5604435245888286E+00,
     1.9858869033475193E+00,
     3.9575578128952245E+00,
     3.9610377080773818E+00,
     9.9429961345619411E-01,
     9.9330584782882259E-01,
     9.9438449578972588E-01,
     9.9314558895774319E-01,
     9.9419972796738953E-01,
     9.9605703731883022E-01,
     9.9321636886527909E-01,
     9.9533482801678463E-01,
     9.9403925247114699E-01
  ]
}
