{
  "version":  "0.2.0",
  "energy":    -9.8160889056489106E-03,
  "charges": [
     1.6687518989715139E-01,
    -8.3451675616519297E-02,
    -8.3423514280632091E-02
  ],
  "coordination numbers": [
     1.9158324505308997E+00,
     9.5878234836356313E-01,
     9.5791646138489206E-01
  ]
}
