{
  "version":  "0.2.0",
  "energy":     5.3182604049880622E-01,
  "charges": [
     3.7689609660164636E-01,
     6.2310390339835364E-01
  ],
  "coordination numbers": [
     9.9690397794800756E-01,
     9.9690397794800756E-01
  ]
}
