{
  "version":  "0.2.0",
  "energy":     1.2521541694475165E+00,
  "charges": [
     1.0808319109880740E+00,
     2.5177696123048682E-01,
     1.7208097363848005E+00,
    -5.3418608603361242E-02
  ],
  "coordination numbers": [
     2.0031811125388472E+00,
     9.8359316871438818E-01,
     9.2109612080979542E-01,
     1.8942418920029320E+00
  ]
}
