{
  "version":  "0.2.0",
  "energy":     9.0266625973137571E-01,
  "charges": [
     7.8139750509838946E-01,
    -3.8224777310433097E-02,
    -4.3831858389859035E-02,
    -4.3116081827823727E-02,
     2.6244616276192845E-02,
    -4.3741693871733489E-02,
    -4.4908878909488692E-02,
     2.6888894761551863E-01,
    -3.1399706446387071E-01,
    -3.2391283081143457E-01,
     1.7374215478242222E-01,
     1.7185473295442594E-01,
     1.7093042659743238E-01,
     1.6946218542403516E-01,
     1.7053218339527390E-01,
    -7.1272816069771450E-01,
     2.9600837483133474E-01,
     2.9915114568138984E-01,
     3.0088288465605117E-01,
    -3.6000926881157580E-02,
    -4.2611374323872020E-02,
    -5.5838461653569843E-02,
     2.1365463962238693E-02,
    -3.8665365077816399E-02,
    -4.2125517462276302E-02,
     2.4191088664849422E-01,
    -3.0163117463099187E-01,
    -3.7098170353195847E-01,
     1.7446658649733060E-01,
     1.7059995941426503E-01,
     1.4528915064732464E-01,
     1.7084427451031922E-01,
     1.7205817920433694E-01,
     2.5145692839462086E-01,
    -1.5697488319461703E-01,
     1.2006423176920356E-02,
    -3.6669505483372394E-01,
     1.5394983230972278E-01,
     1.5718881807614751E-01,
     1.5692094450645086E-01,
     1.5833823166262637E-01,
     1.6049497154907685E-01
  ],
  "coordination numbers": [
     6.6768474502802739E+00,
     3.0153518766293956E+00,
     3.0104290583781781E+00,
     3.0158828446686750E+00,
     3.0203220457286823E+00,
     3.0165389950446206E+00,
     3.0103940641393940E+00,
     3.9039919953811326E+00,
     1.9872406741367037E+00,
     1.9913668131711688E+00,
     9.9279199171103372E-01,
     9.9296156795222856E-01,
     9.9293802641109341E-01,
     9.9293207245718929E-01,
     9.9296482256345708E-01,
     3.9168902717857508E+00,
     1.0023190938582651E+00,
     9.9740083231038401E-01,
     9.9994787933803408E-01,
     3.0157522860073103E+00,
     3.0095289971287089E+00,
     3.0138508481015629E+00,
     3.0179417577792558E+00,
     3.0194506255855167E+00,
     3.0096921448190006E+00,
     3.4651233853078152E+00,
     1.9705379490457986E+00,
     2.5820456710778075E+00,
     9.9278977356994957E-01,
     9.9297948386129775E-01,
     9.9243344940105427E-01,
     9.9295691975740930E-01,
     9.9297010330712521E-01,
     9.9271271496112767E-01,
     3.9557304117675871E+00,
     4.0611751746691365E+00,
     1.9877743823271041E+00,
     9.9178772958134154E-01,
     9.9170208723759590E-01,
     9.9168718349882568E-01,
     9.9164152868407829E-01,
     9.9166888130370179E-01
  ]
}
