{
  "version":  "0.2.0",
  "energy":     1.1342908508927949E+00,
  "charges": [
     5.8838737046011680E-01,
    -1.1190479058109640E-02,
     3.1186368114744506E-01,
    -7.5229244252467908E-02,
    -4.2377152389337369E-02,
    -7.2605255978587746E-02,
     3.1288180002743504E-01,
    -4.5921149179832491E-02,
    -2.1820476500993356E-02,
     4.6151869357824199E-02,
    -1.2951721337731414E-01,
    -1.1303269509043372E-01,
    -1.5252681294504872E-01,
     7.3105402846009526E-02,
    -1.5939130740356849E-01,
    -1.5872499096777704E-01,
     1.8127932588853884E-01,
     1.8881257385118272E-01,
     1.8818570179713218E-01,
     1.8159441457054240E-01,
     1.8232865419262684E-01,
     1.8147202384228725E-01,
     1.8161971435804136E-01,
     1.8195388018853045E-01,
     1.8270036461575812E-01
  ],
  "coordination numbers": [
     7.4581919261922689E+00,
     1.8725451381500928E+00,
     3.5122694747165388E+00,
     1.9215723932979278E+00,
     9.9918652761721738E-01,
     1.8945935741945696E+00,
     3.4929529378165007E+00,
     9.9983369701179647E-01,
     1.8527661321211006E+00,
     2.7894489874832562E+00,
     1.9855929807000514E+00,
     1.9905035825171469E+00,
     3.9575737135468190E+00,
     3.9574037736301193E+00,
     3.9569307177022859E+00,
     3.9570946873152346E+00,
     9.9306640982568162E-01,
     9.9294027208470581E-01,
     9.9284696670646877E-01,
     9.9300373447277757E-01,
     9.9299019622095219E-01,
     9.9284450474590358E-01,
     9.9299923593323491E-01,
     9.9283174988905554E-01,
     9.9301082015625397E-01
  ]
}
