{
  "version":  "0.2.0",
  "energy":    -7.6739286919300465E-01,
  "charges": [
     1.3560685256964544E-01,
    -6.1532336379235575E-01,
     3.3626782429483149E-01,
    -8.5655131307212118E-01
  ],
  "coordination numbers": [
     2.8787954509240921E+00,
     1.9426911244888387E+00,
     1.8589710930377041E+00,
     9.9936513589080533E-01
  ]
}
