{
  "version":  "0.2.0",
  "energy":    -3.4742970415640340E-02,
  "charges": [
     3.7948621078579681E-01,
    -7.1320886434680861E-02,
    -7.3276349763786414E-02,
    -2.3488897458732955E-01
  ],
  "coordination numbers": [
     2.9710125747704534E+00,
     1.7167419819412562E+00,
     1.7159758032434764E+00,
     9.9636590784541745E-01
  ]
}
