{
  "version":  "0.2.0",
  "energy":     9.5281151557689303E-01,
  "charges": [
     7.3574644709664616E-01,
     1.0376702858689869E-01,
     4.9256987691342680E-02,
    -3.6378068447488421E-01,
     5.5835922081418965E-02,
     1.0241895667103845E-01,
    -2.9798755116173564E-01,
     1.7392537283302312E-01,
     1.3088101745181371E-01,
     1.3520829610139110E-01,
     1.7229044842184771E-01,
    -4.6195265596999324E-02,
    -1.1000378048252873E-01,
    -1.0950532704265462E-01,
    -4.7989019359011925E-02,
    -3.0667660443653133E-01,
     1.2994787122812229E-01,
     1.3408927711929608E-01,
     1.4733738189737350E-01,
     1.4746913036741643E-01,
     1.4925536545470425E-01,
     1.4619679474532268E-01,
     1.3609126386305873E-01,
     1.2911821265723297E-01,
    -1.7246223922759632E-01,
     8.7044101440432453E-04,
    -4.1521538755663501E-01,
     1.5102839313287289E-01,
     1.4006278040037831E-01,
     1.3607151186183997E-01,
     1.5178306856515247E-01,
     1.4987988505565347E-01,
    -1.6813076342764896E-01,
    -4.5025967627556479E-02,
    -4.3305361984303808E-01,
     1.5489411162502131E-01,
     1.5384277432331242E-01,
     1.4899211199517876E-01,
     1.5354453243553906E-01,
     1.3586885465177126E-01,
     2.6035197090774875E-01
  ],
  "coordination numbers": [
     4.3050433358543527E+00,
     3.0667568682827619E+00,
     3.1389165558605541E+00,
     2.9683926341126492E+00,
     3.1514978920749828E+00,
     3.0670615931084679E+00,
     2.0165201512594182E+00,
     9.9248525346278704E-01,
     9.9238850307985871E-01,
     9.9271901805199736E-01,
     9.9250200891880080E-01,
     4.0541200024124890E+00,
     3.9847878335357372E+00,
     3.9829845459102557E+00,
     4.0630018034543909E+00,
     2.9320912245183335E+00,
     9.9160872049409043E-01,
     9.9192054483081726E-01,
     9.9157211009974411E-01,
     9.9195141831502287E-01,
     9.9196025717086567E-01,
     9.9156192818235045E-01,
     9.9145984756853967E-01,
     9.9149788073577749E-01,
     3.9551079878896527E+00,
     4.0237912523720549E+00,
     1.9894223909699225E+00,
     9.9177714681666451E-01,
     9.9153445257033379E-01,
     9.9161985122415253E-01,
     9.9139458486006315E-01,
     9.9142632887705950E-01,
     3.9554942018820505E+00,
     3.9789900844528310E+00,
     2.9310593122553792E+00,
     9.9171763164856053E-01,
     9.9152937431634225E-01,
     9.9179438328491454E-01,
     9.9166565776044013E-01,
     9.9145214685368011E-01,
     9.9998663479333239E-01
  ]
}
