{
  "version":  "0.2.0",
  "energy":    -3.7057444316024213E-01,
  "charges": [
     7.0894579763982868E-01,
    -5.6276182886475712E-01,
    -3.6816059572120613E-02,
    -3.0708696077148420E-02,
    -5.5764506269814496E-01,
     2.5113925807846349E-01,
     2.3954393658077883E-01,
     1.2033089580347962E-01,
     9.6051986706864267E-02,
     9.5399916694179354E-02,
     1.3208833022538014E-01,
     2.3560482898281321E-01,
     2.5351377993162444E-01,
    -2.9092768096186511E-01,
    -1.9390924821790220E-01,
    -5.8422589398300528E-02,
    -3.9312285661865076E-01,
     1.0538070222397811E-01,
     1.4415162759102590E-01,
     1.3420342276668001E-01,
     1.1497361521747378E-01,
     1.2529531548826423E-01,
     2.8264022774502984E-01,
    -7.6406646487179652E-02,
    -1.7201010413196535E-01,
    -2.2116468094567762E-01,
    -2.8012899658517609E-01,
     4.2488985566840942E-02,
    -3.3578247140834833E-01,
    -8.5990668115996982E-02,
    -8.8045351200799954E-02,
     2.7797885825425410E-02,
    -3.2631256315730894E-01,
     4.7699935008207905E-02,
    -8.4209989012129935E-02,
     1.1867395998396921E-01,
     1.1543252112005975E-01,
     1.3080266807911828E-01,
     1.5239834625190624E-01,
     1.1980754994208088E-01
  ],
  "coordination numbers": [
     7.4913701134724562E+00,
     3.8722242917246552E+00,
     4.0100321844988702E+00,
     4.0179712520814235E+00,
     3.9007007184967728E+00,
     9.9955274792638438E-01,
     9.9770287587400919E-01,
     9.9135453597117085E-01,
     9.9093339543635928E-01,
     9.9094158224822237E-01,
     9.9128361048731506E-01,
     1.0041620091312069E+00,
     9.9948670737745804E-01,
     9.8302333232247019E-01,
     3.9548286378990305E+00,
     3.9652404609181726E+00,
     2.8696973205762282E+00,
     9.9162522689302612E-01,
     9.9157287665311511E-01,
     9.9167119121171687E-01,
     9.9110810319571563E-01,
     9.9182523673478773E-01,
     9.9879153514270413E-01,
     2.4799394399408712E+00,
     1.8839236819860590E+00,
     1.9269145389810713E+00,
     1.9882764443410297E+00,
     2.2563660454394752E+00,
     1.0049583436572416E+00,
     3.0218643131320100E+00,
     3.0112256682592884E+00,
     3.0949439515144306E+00,
     2.9286705438621397E+00,
     3.1344869896046665E+00,
     3.0112670913348571E+00,
     9.9279832084296604E-01,
     9.9301174218885890E-01,
     9.9243600390328801E-01,
     9.9264441514597301E-01,
     9.9302345285839877E-01
  ]
}
