{
  "version":  "0.2.0",
  "energy":     8.5396512619736109E-01,
  "charges": [
     1.0350946845442754E+00,
    -3.1798760042323009E-02,
    -3.0492307074791891E-02,
    -4.7860709973768234E-02,
     3.8674867459349505E-02,
     1.1553008274609816E-01,
    -3.7384731164269713E-02,
     2.8033273461133967E-01,
    -3.0240739466173572E-01,
    -3.5112502168092391E-01,
     1.8481118569233379E-01,
     1.8608954208689599E-01,
     1.6233296045041085E-01,
     1.0001164796160569E-01,
     1.7017989978843837E-01,
     2.8321310688811613E-01,
    -3.6535752158395762E-01,
     2.7556294413190202E-01,
     2.2335590257262078E-01,
    -3.5235350913463820E-01,
     1.5338567835933628E-01,
    -3.8984179877135050E-01,
    -2.4554013594528412E-02,
    -2.8450151824485459E-02,
    -4.2135386080432768E-02,
     3.3474360790961610E-02,
    -3.2895400919386045E-02,
    -3.3859777184906903E-02,
     2.7031912417463433E-01,
    -3.3324849740574569E-01,
    -4.0825668306677521E-01,
     1.8516250000272222E-01,
     1.8450431728269992E-01,
     1.5949923087631321E-01,
     1.7253369292521575E-01,
     1.7925509592819119E-01,
     2.8673610551159789E-01,
    -5.2506611153718619E-01,
     3.3323533651311926E-01,
     3.2379277440302745E-01
  ],
  "coordination numbers": [
     6.8662214427306827E+00,
     3.0186377763296033E+00,
     3.0080578293714213E+00,
     3.0191538135396154E+00,
     3.0133940615171939E+00,
     3.0357868810996598E+00,
     3.0087122967341369E+00,
     3.0930967013242316E+00,
     1.9897741343779174E+00,
     1.9923147632482667E+00,
     9.9282908268119563E-01,
     9.9304158819314381E-01,
     9.9258659742809652E-01,
     9.8170528752250785E-01,
     9.9265545367285668E-01,
     9.9296202461477812E-01,
     2.9007914999367506E+00,
     1.0085331972335414E+00,
     1.1118571967889723E+00,
     1.9956172545050839E+00,
     1.1132172115931738E+00,
     1.9933140532848777E+00,
     3.0158842154328225E+00,
     3.0091121859811674E+00,
     3.0141794085153322E+00,
     3.0177973609779141E+00,
     3.0182945256478515E+00,
     3.0093253639072346E+00,
     3.0767916833934725E+00,
     1.9915752207778858E+00,
     1.9915179079713852E+00,
     9.9278929820381379E-01,
     9.9298374125045274E-01,
     9.9241437223605011E-01,
     9.9294557629540225E-01,
     9.9297828537987431E-01,
     9.9267744241886469E-01,
     2.9316583990664231E+00,
     9.9613563174523723E-01,
     9.9572056870951453E-01
  ]
}
