{
  "version":  "0.2.0",
  "energy":    -1.1791726634283223E-01,
  "charges": [
     1.9788161436748886E-02,
     4.3863217089773621E-01,
    -1.5281668511645674E-01,
    -1.5281674608641999E-01,
    -1.5278690113160837E-01
  ],
  "coordination numbers": [
     3.7485356581851210E+00,
     8.3340717634316341E-01,
     9.7567492652813126E-01,
     9.7571129848954197E-01,
     9.7564721046536640E-01
  ]
}
