{
  "version":  "0.2.0",
  "energy":    -7.6700710607470510E-02,
  "charges": [
     5.9788995835044190E-01,
    -9.9648317225868824E-02,
    -9.9648301991140997E-02,
    -9.9648370759449545E-02,
    -9.9648359587839741E-02,
    -9.9648287043766659E-02,
    -9.9648321742376159E-02
  ],
  "coordination numbers": [
     5.8646955992951924E+00,
     1.0005744625219366E+00,
     1.0005741592358941E+00,
     1.0005742980133503E+00,
     1.0005743707894315E+00,
     1.0005743264860314E+00,
     1.0005742908538462E+00
  ]
}
