{
  "version":  "0.2.0",
  "energy":    -5.2385948070752836E-02,
  "charges": [
     4.6399720575326592E-01,
    -2.3203438234061430E-01,
    -2.3196282341265162E-01
  ],
  "coordination numbers": [
     1.9899784958610800E+00,
     9.9549018599418382E-01,
     9.9546454626200997E-01
  ]
}
