{
  "version":  "0.2.0",
  "energy":    -7.0240729784776967E-02,
  "charges": [
    -3.3425608256135059E-01,
     3.3425608256135059E-01
  ],
  "coordination numbers": [
     9.4046579443812917E-01,
     9.4046579443812917E-01
  ]
}
