{
  "version":  "0.2.0",
  "energy":     6.0478768579873399E-01,
  "charges": [
     8.0481720654582034E-01,
    -5.9411513462978005E-01,
    -2.0411008633310579E-02,
    -3.8185644120335482E-02,
    -4.2654930285248055E-01,
    -3.8245929515727972E-02,
    -2.0598894087982933E-02,
    -5.8206730949188235E-01,
     2.6089884506548600E-01,
     2.4779169489109881E-01,
     1.2998846906941683E-01,
     1.2679568624221010E-01,
     1.2268295138334495E-01,
     1.2605474300621619E-01,
     2.1735895208029210E-01,
     1.2415689535925913E-01,
     1.1794599742210483E-01,
     1.2865287707560330E-01,
     1.2947797354917162E-01,
     2.5904870026040966E-01,
     2.6815462522143796E-01,
    -5.9073810688266659E-01,
    -2.3815732927102762E-02,
    -1.6767606755212661E-02,
    -5.8653529775251567E-01,
     2.3828111181732442E-01,
     2.5766249363589505E-01,
     1.2123664509258872E-01,
     1.2871200316762077E-01,
     1.3096445490968764E-01,
     1.4325504688237634E-01,
     2.4029410422566103E-01,
     2.7622837302537878E-01,
    -3.4037245391046106E-02,
    -1.1026510552847205E-01,
    -1.1921432806668980E-01,
    -5.3006567328140852E-02,
    -2.7523575945085560E-01,
     1.5866227782126896E-01,
     1.3010275814900141E-01,
     1.4254112571608821E-01,
     1.5400970226902463E-01,
     1.3478600759278977E-01,
     1.4147046190149973E-01,
     1.1738118929651703E-01,
     1.2995615305635952E-01,
     8.5666824736722130E-02,
    -3.1180533350562750E-01,
    -3.2598110534009256E-01,
    -8.4704348820783493E-01,
     2.9644318518701862E-01,
     2.9534758570073805E-01,
     2.9862917832122554E-01,
    -1.7578701816427789E-01,
    -1.2558055382342212E-02,
    -5.2066095751652497E-01,
     1.4708926681429552E-01,
     1.4131104072537623E-01,
     1.4799595697025936E-01,
     1.5752289616886378E-01,
     1.5532369946392446E-01,
     2.8892577171152445E-01
  ],
  "coordination numbers": [
     7.2596468303782276E+00,
     3.9364428141842565E+00,
     4.1205876594654001E+00,
     4.0096602136949882E+00,
     3.8186888420812792E+00,
     4.0136660894079226E+00,
     4.0189175500797214E+00,
     3.9286391574493464E+00,
     1.0068747465298573E+00,
     1.0053469749185711E+00,
     9.9129685919474220E-01,
     9.9115973813514113E-01,
     9.9124908479039853E-01,
     9.9142076485219643E-01,
     9.9772063824938595E-01,
     9.9102073182546135E-01,
     9.9117311558370869E-01,
     9.9144170233739715E-01,
     9.9128932472268705E-01,
     1.0224410258463408E+00,
     1.0096775835128735E+00,
     3.8950550466937877E+00,
     4.0328665381862070E+00,
     4.0539734136758021E+00,
     3.9218934035057620E+00,
     9.9978675939275874E-01,
     9.9858604176704002E-01,
     9.9110014780941125E-01,
     9.9129432976343423E-01,
     9.9131373093910469E-01,
     9.9128583960036476E-01,
     1.0019133023488767E+00,
     1.0060700264487910E+00,
     4.0419276088551648E+00,
     3.9857850575093199E+00,
     3.9863748900321410E+00,
     4.0180712244116830E+00,
     2.8588291603451568E+00,
     9.9232281940530598E-01,
     9.9111037447290151E-01,
     9.9197622543118857E-01,
     9.9142007009867061E-01,
     9.9145754577245881E-01,
     9.9194359825015876E-01,
     9.9136718518699585E-01,
     9.9059666933319690E-01,
     1.7657720094361862E+00,
     9.9947047747486373E-01,
     9.9782152118378953E-01,
     2.9833534597999680E+00,
     9.9598342028665421E-01,
     9.9598858952867086E-01,
     9.9597379123398522E-01,
     3.9549227298038838E+00,
     3.9517810014783992E+00,
     1.9818966440358023E+00,
     9.9176700940249241E-01,
     9.9162844378047055E-01,
     9.9143577020667628E-01,
     9.9156907440493747E-01,
     9.9100776749267006E-01,
     9.9330499761414437E-01
  ]
}
