{
  "version":  "0.2.0",
  "energy":    -7.6949453156138353E-03,
  "charges": [
     1.7904970531094444E-01,
    -4.4760172500919161E-02,
    -4.4757508398982800E-02,
    -4.4765370300718664E-02,
    -4.4766654110323816E-02
  ],
  "coordination numbers": [
     3.9231840489725274E+00,
     9.8439951063173314E-01,
     9.8439113702356185E-01,
     9.8445352310550938E-01,
     9.8445562346653492E-01
  ]
}
