{
  "version":  "0.2.0",
  "energy":    -2.9260833692947974E-01,
  "charges": [
     9.1029574986600903E-01,
    -1.8456656516229103E-01,
     9.7967046213126074E-02,
    -8.8506062372245092E-02,
     9.8261056371686278E-02,
    -3.4406991757993682E-01,
    -1.8369274203331096E-01,
    -3.5861515541356914E-01,
     1.0022553852976376E-01,
     1.2167145750240504E-01,
     1.2043616780434703E-01,
     1.0459773877205165E-01,
     1.0028968294450315E-01,
     1.2121924861218872E-01,
     1.2324852791983582E-01,
    -9.0530187839407000E-02,
    -9.2889802031983687E-02,
    -7.5053499881989255E-02,
     1.3879468391958180E-02,
    -7.4349611222164158E-02,
    -9.2392078349092396E-02,
     2.5316280801674274E-01,
    -3.6724030131887864E-01,
    -3.6357139947395267E-01,
     1.1913611774665836E-01,
     1.2036914842230827E-01,
     1.4098493576523902E-01,
     1.4201463025209013E-01,
     1.2096856564073850E-01,
    -6.1586246447718040E-02,
    -2.1257506265940859E-01,
    -2.1908925698570431E-01
  ],
  "coordination numbers": [
     7.0884240990588294E+00,
     3.9606011096405789E+00,
     3.1423165715520325E+00,
     2.9999340052063754E+00,
     3.1377603321217089E+00,
     1.9864015830431168E+00,
     3.9605772585285957E+00,
     1.9887456574044116E+00,
     9.9227907847740227E-01,
     9.9153706481044424E-01,
     9.9162923154523330E-01,
     9.9325595974930625E-01,
     9.9228098647356333E-01,
     9.9159565825806784E-01,
     9.9160459778913879E-01,
     3.0142503360033066E+00,
     3.0124773748789719E+00,
     3.0163466132310495E+00,
     3.0194580143705574E+00,
     3.0162739436385824E+00,
     3.0124653330859434E+00,
     3.8490654780678950E+00,
     1.9699714427134216E+00,
     1.9700077639675584E+00,
     9.9279531632797724E-01,
     9.9287305612385346E-01,
     9.9293927461756049E-01,
     9.9293647302047816E-01,
     9.9287481150759138E-01,
     2.6228341134510398E+00,
     1.9502353454544270E+00,
     1.9537059672503805E+00
  ]
}
