{
  "version":  "0.2.0",
  "energy":    -2.6033407597367195E+00,
  "charges": [
    -1.7903762083673058E-01,
    -4.4555471610126485E-01,
    -1.4345582409480004E+00,
    -1.9408494221140045E+00
  ],
  "coordination numbers": [
     2.5301288484817137E+00,
     1.5385084471599049E+00,
     1.9970009351928013E+00,
     9.9398721807184209E-01
  ]
}
