{
  "version":  "0.2.0",
  "energy":    -2.6458688010799571E+00,
  "charges": [
     1.6269541242281171E-01,
    -1.3151759464940334E+00,
    -4.2666720689838455E-01,
    -1.4877337895069975E+00,
    -9.3311846952339583E-01
  ],
  "coordination numbers": [
     3.8417231725007452E+00,
     9.9281655581751682E-01,
     9.1106749557742717E-01,
     9.9542071731773074E-01,
     9.5565725909881749E-01
  ]
}
