{
  "version":  "0.2.0",
  "energy":     3.0196539478620771E-01,
  "charges": [
     8.7336003610789459E-01,
    -5.1338104653857394E-02,
    -1.2114927220887992E-01,
    -1.2144562883586224E-01,
    -3.6230078401867302E-02,
    -3.1544110935313929E-01,
     1.2405512035595929E-01,
     1.2260524237916544E-01,
     1.3718149773047866E-01,
     1.3026146502782146E-01,
     1.3423174689520648E-01,
     1.3216660627750390E-01,
     1.4521818839196349E-01,
     1.3516355870649696E-01,
    -3.6673631958372777E-01,
     7.3724258384139901E-02,
    -2.1859641830126059E-01,
    -1.5768691564364590E-01,
    -6.2689305268628981E-02,
    -3.1140979650989148E-01,
     2.7000165810353083E-01,
    -2.9773146675406870E-01,
    -9.6754518289957736E-02,
    -2.8494066391526940E-01,
    -8.3981229252588163E-02,
     1.4428840687797792E-01,
     1.2921441998622896E-01,
     1.4225218923306227E-01,
     1.2886982014592110E-01,
     1.4281388386307223E-01,
     1.2869352610711235E-01,
     1.5320836849653560E-01,
     1.3338090374263878E-01,
     1.4543993015993470E-01
  ],
  "coordination numbers": [
     5.7394600650894780E+00,
     4.1103822304648734E+00,
     3.9835317993938206E+00,
     3.9839510525678099E+00,
     4.0949624810312883E+00,
     2.9478458326456307E+00,
     9.9134081738408497E-01,
     9.9174620715312400E-01,
     9.9157640819559401E-01,
     9.9198031771845141E-01,
     9.9197718412389246E-01,
     9.9149330225841492E-01,
     9.9162409330545565E-01,
     9.9193213531132951E-01,
     2.0021236253087897E+00,
     2.0881605514475368E+00,
     1.0052860053939048E+00,
     9.9575994370934851E-01,
     4.1408565870280443E+00,
     1.9877944283356932E+00,
     4.1080640886295399E+00,
     2.9134057921591854E+00,
     4.1299955072814356E+00,
     2.9316208867107889E+00,
     4.1388633270487922E+00,
     9.9214224009868079E-01,
     9.9149196608756895E-01,
     9.9213143785956781E-01,
     9.9219546822148352E-01,
     9.9185899200056760E-01,
     9.9176323791696852E-01,
     9.9232615148554437E-01,
     9.9171928677378318E-01,
     9.9186882755517569E-01
  ]
}
