{
  "version":  "0.2.0",
  "energy":    -9.7395591042114793E-01,
  "charges": [
     8.3544741904819286E-01,
    -4.6312513701884711E-01,
     4.0950317754388466E-01,
    -4.0924353112912276E-01,
    -4.0222633150302084E-01,
    -4.7092948298032444E-01,
    -1.9471762064681747E-01,
     1.3503322224594347E-01,
    -4.5340231172469486E-01,
    -7.8225070571276345E-01,
     2.4312508391626761E-01,
     2.4648423697558752E-01,
     3.0630198098571487E-01
  ],
  "coordination numbers": [
     5.7488681400157642E+00,
     1.0006868749217537E+00,
     3.9187260223444200E+00,
     1.9902686563262098E+00,
     1.9886601534429049E+00,
     9.8845799484627328E-01,
     1.9720465741733832E+00,
     2.0005803573757035E+00,
     1.0061688608872794E+00,
     3.9137899531694194E+00,
     9.9817869180006813E-01,
     9.9804521700479487E-01,
     1.0174572374837512E+00
  ]
}
