{
  "version":  "0.2.0",
  "energy":    -2.7241416161022197E-01,
  "charges": [
    -9.3290755494919275E-02,
    -6.9400741218505591E-01,
     2.8523357085840140E-01,
     5.0206459682157378E-01
  ],
  "coordination numbers": [
     2.7812096574959728E+00,
     9.9896620710500983E-01,
     1.6680528110116839E+00,
     1.7039458374085061E+00
  ]
}
