{
  "version":  "0.2.0",
  "energy":    -2.1400141154185945E+00,
  "charges": [
     3.8997288182623091E-01,
    -1.0327185967449090E-01,
    -1.1197151507710692E+00,
     5.2045080949549960E-01,
    -5.3818610276460643E-01,
    -9.0260137746519797E-01,
    -1.2466492006463659E+00
  ],
  "coordination numbers": [
     5.4780623384096305E+00,
     1.0447726655271401E+00,
     8.8103250428035640E-01,
     2.4546381612670016E+00,
     1.8465221515091308E+00,
     1.5826861566229411E+00,
     9.3000986755008785E-01
  ]
}
