{
  "version":  "0.2.0",
  "energy":     2.1877360060230897E+00,
  "charges": [
     1.0458041835226610E+00,
    -1.1866349474905592E-01,
     1.9298359487513128E-01,
    -3.7561585062721287E-01,
    -1.1509832044488055E-01,
    -1.2098809804016819E-01,
     2.1520455001290972E-01,
     2.1330120217125464E-01,
     2.0770964957702848E-01,
     2.1577384064442592E-01,
     2.1296396649524213E-01,
     2.1406685890229216E-01,
     2.1462036438036658E-01,
     2.0352428315985047E-01,
     2.1115761541345671E-01,
     3.6427685846966085E-01,
     2.9552802158136215E-01,
    -4.1261437302252635E-01,
     5.1116918881074502E-02,
     4.2511260252679817E-02,
     1.2568728926330627E-01,
    -3.7175348552188925E-01,
     1.1943094419690992E-01,
     3.2147031330132581E-02,
     2.5724557569746342E-01,
     2.4486128929042764E-01,
     2.0361247371693922E-01,
     1.7493828739950323E-01,
     2.4225870975037964E-01,
    -5.1352343807764944E-01,
     3.6596940874294481E-01,
     3.6156288275597903E-01
  ],
  "coordination numbers": [
     5.3580081213635982E+00,
     3.9562652239095177E+00,
     4.2131738420773441E+00,
     1.9930110967525234E+00,
     3.9562920116080456E+00,
     3.9563212732496877E+00,
     9.9592240496513185E-01,
     9.9332400974889090E-01,
     9.9330921765371372E-01,
     9.9592089935756700E-01,
     9.9340827245312191E-01,
     9.9338051321930276E-01,
     9.9595373684010102E-01,
     9.9342979834820699E-01,
     9.9335245997279920E-01,
     1.0130648969930309E+00,
     2.1918770644958485E+00,
     2.0111671535449256E+00,
     3.0210489253056165E+00,
     3.0047744384586172E+00,
     3.1051856596011396E+00,
     2.9998262537695259E+00,
     3.7566689204216415E+00,
     3.0022789132779231E+00,
     9.9220001286451964E-01,
     9.9247913303482171E-01,
     9.9260315574782609E-01,
     1.2409712830790856E+00,
     9.9258544159082263E-01,
     2.9390540466196802E+00,
     9.9481298355904357E-01,
     9.9297991914525507E-01
  ]
}
