{
  "version":  "0.2.0",
  "energy":    -1.1158256817707265E-02,
  "charges": [
     2.2483994088722978E-01,
    -4.4796468323750060E-02,
    -4.4855218442864081E-02,
    -4.5568780499816643E-02,
    -4.4943421760225484E-02,
    -4.4676051860573517E-02
  ],
  "coordination numbers": [
     4.8618887302605289E+00,
     9.7953353071929872E-01,
     9.7959203773105408E-01,
     9.8451431758491648E-01,
     9.7954644119552636E-01,
     9.7988940923988466E-01
  ]
}
