{
  "version":  "0.2.0",
  "energy":    -6.2709416927043860E-01,
  "charges": [
    -1.9362644973204413E-01,
    -2.6758382223041793E-01,
    -5.3878972803753800E-01
  ],
  "coordination numbers": [
     1.8925467343072366E+00,
     1.9021348404249743E+00,
     1.9720096202483823E+00
  ]
}
