{
  "version":  "0.2.0",
  "energy":    -3.1807396280493472E-01,
  "charges": [
     1.0125143643211236E+00,
     1.8566131571934291E-01,
    -2.0812490791246280E-01,
    -2.1259766437697264E-01,
    -2.1248569505789805E-01,
    -6.9906510001949695E-02,
     1.8706958569020324E-01,
    -2.0807155639583494E-01,
    -2.1676021692057756E-01,
    -2.0885588190374638E-01,
     9.4268967750939403E-02,
     6.4183525354014628E-02,
    -3.0887476130272451E-01,
     8.5458498098803654E-02,
     9.8567979749497020E-02,
    -3.2639615938320848E-01,
     1.5491077684847687E-01,
     1.4707983988057846E-01,
     1.7515030893827066E-01,
     1.5955968751310656E-01,
    -3.1220803693924765E-01,
     5.1992605782993617E-01,
    -3.1302231929502816E-01,
    -2.8704719820464214E-01
  ],
  "coordination numbers": [
     7.8772853574257429E+00,
     3.6633349726599720E+00,
     1.0015142778678312E+00,
     1.9516748848720500E+00,
     1.9679457729441809E+00,
     9.9474486936766393E-01,
     3.6619607777760761E+00,
     1.0015302141977491E+00,
     1.9547187006728519E+00,
     1.9649010203414194E+00,
     3.0778837239952272E+00,
     3.0903033804528137E+00,
     2.8717083516739974E+00,
     3.0894535691324423E+00,
     3.0778249840361473E+00,
     2.0146811251680026E+00,
     9.9254794342771913E-01,
     9.9293498333543440E-01,
     9.9281014001249179E-01,
     9.9258450800655496E-01,
     1.9890650114592416E+00,
     3.8948540937026435E+00,
     1.9893123224954179E+00,
     1.0000292341522714E+00
  ]
}
