{
  "version":  "0.2.0",
  "energy":     5.1417312802937698E-01,
  "charges": [
     7.1632528704645448E-01,
    -1.2994906634740822E-01,
    -4.6772381678504227E-01,
     3.2952525735226523E-01,
     3.3173148277037900E-01,
     1.9405997616254150E-01,
     2.6310097631439178E-01,
    -3.2339755744124105E-01,
     2.3816554355953024E-01,
    -1.5183808263187068E-01
  ],
  "coordination numbers": [
     3.9247253552837940E+00,
     9.9889195072863934E-01,
     2.9358081393696764E+00,
     9.9532697935648518E-01,
     9.9809337025099509E-01,
     1.0148388739368759E+00,
     2.1360440228442608E+00,
     2.0120850960191916E+00,
     1.8401832796037354E+00,
     9.9952255904368936E-01
  ]
}
