{
  "version":  "0.2.0",
  "energy":    -1.0269686743586437E-01,
  "charges": [
     5.4181241535725544E-01,
    -5.4181241535725544E-01
  ],
  "coordination numbers": [
     9.9935857682188001E-01,
     9.9935857682188001E-01
  ]
}
