{
  "version":  "0.2.0",
  "energy":    -6.7341685996531495E-02,
  "charges": [
     6.0572524590297661E-01,
    -1.5174942251981391E-01,
    -1.5177978258332253E-01,
    -1.5122402904098123E-01,
    -1.5097201175885894E-01
  ],
  "coordination numbers": [
     3.9550986772893957E+00,
     9.9253172606478124E-01,
     9.9257454702660208E-01,
     9.9250775321686024E-01,
     9.9255577503594683E-01
  ]
}
