{
  "version":  "0.2.0",
  "energy":    -1.1674730198105146E-01,
  "charges": [
     7.3567108786532276E-01,
    -1.8419169804908289E-01,
    -1.8388940758536687E-01,
    -1.8386964680862919E-01,
    -1.8372033542224389E-01
  ],
  "coordination numbers": [
     3.9750699752768739E+00,
     9.9763578899451399E-01,
     9.9765859971898418E-01,
     9.9764268474411377E-01,
     9.9766575969157323E-01
  ]
}
