{
  "version":  "0.2.0",
  "energy":     1.3994554246832889E+00,
  "charges": [
     9.7739501732005030E-01,
    -5.7333493693212612E-01,
     1.2500515817070568E-02,
    -3.8844225636911478E-03,
    -5.9015327002896534E-01,
     3.0183034081189647E-01,
     2.5406328689429553E-01,
     1.6985448610922615E-01,
     1.8375165612429811E-01,
     1.4402784021321957E-01,
     1.6857577243175714E-01,
     1.7124816867060794E-01,
     2.7956014072077601E-01,
    -1.4535562531199375E-01,
    -4.7135666936169107E-02,
    -4.2491529122842164E-01,
     1.7455263269364740E-01,
     1.8633379554580878E-01,
     1.6301838943693189E-01,
     1.5218322873423498E-01,
     1.2116727742467798E-01,
     3.0708334252916569E-01,
    -1.9792106000206727E-01,
     2.9254517873301467E-02,
    -1.8548592336557668E-01,
    -1.9972655762223279E-01,
     1.6936821720401440E-01,
     1.4394188382177880E-01,
     1.3941090325026800E-01,
     1.7033863511491823E-01,
     1.6191905747372226E-01,
     1.4866168749050282E-01,
     1.6794042724850963E-01,
     1.3273824152031749E-01,
     1.4231673635682016E-01,
    -2.0841607546600055E-02,
    -9.1703758202712898E-02,
    -1.0027456596910847E-01,
    -5.8166619442140514E-02,
    -3.1168425404531774E-01,
     1.5711968849676961E-01,
     2.5208154464407495E-01,
     1.6816541651943251E-01,
     1.7733032692892656E-01,
     1.7128815548487425E-01,
     1.5020035027754328E-01,
     1.3499843854655419E-01,
     1.1013141561983301E-01,
    -4.2439290159633009E-01,
     4.5174041185225100E-01,
    -2.7276145707602056E-01,
    -2.9835402933260263E-01
  ],
  "coordination numbers": [
     6.7266281751254500E+00,
     3.9066271416394311E+00,
     4.0386785474583480E+00,
     4.0126344814415358E+00,
     3.9012854826946253E+00,
     1.0024933089511618E+00,
     9.9796040119407703E-01,
     9.9155139933721781E-01,
     9.9145853935895367E-01,
     9.9127928453496761E-01,
     9.9152862048200507E-01,
     9.9204746815061817E-01,
     1.0097471839696492E+00,
     3.9552939770242741E+00,
     3.9708712580974916E+00,
     2.9239803496709422E+00,
     9.9161559169081581E-01,
     9.9148026816255275E-01,
     9.9172710150383381E-01,
     9.9161673270462547E-01,
     9.9176709567512056E-01,
     1.0031578728277868E+00,
     3.9561972369822049E+00,
     3.9006704014996778E+00,
     3.9563061150872869E+00,
     3.9562789748327187E+00,
     9.9279907301011239E-01,
     9.9267744179847561E-01,
     9.9270109249851402E-01,
     9.9278239843155891E-01,
     9.9265444657266233E-01,
     9.9260526763980650E-01,
     9.9294530716939633E-01,
     9.9264895814859067E-01,
     9.9277742196940899E-01,
     4.0589814786591329E+00,
     3.9849582919383959E+00,
     3.9808237593020843E+00,
     4.0663053618458846E+00,
     2.9305238805528830E+00,
     9.9177170662616021E-01,
     9.9717263857840255E-01,
     9.9154697936933633E-01,
     9.9184879807633575E-01,
     9.9185357549916109E-01,
     9.9151748686729668E-01,
     9.9124031269671597E-01,
     9.9144336769275654E-01,
     9.9939521186756775E-01,
     2.1005082731458780E+00,
     9.9929497409005119E-01,
     1.8863657258477717E+00
  ]
}
