{
  "version":  "0.2.0",
  "energy":    -4.2978825046845359E-02,
  "charges": [
     4.0548456136391392E-01,
    -4.0548456136391392E-01
  ],
  "coordination numbers": [
     9.9518887490603714E-01,
     9.9518887490603714E-01
  ]
}
