{
  "version":  "0.2.0",
  "energy":    -2.0461510790475468E+00,
  "charges": [
     1.0187120266216265E-01,
    -8.3078511578589276E-01,
    -1.2754732261385746E+00,
    -9.9561286073769506E-01
  ],
  "coordination numbers": [
     2.7254552016075015E+00,
     7.3165637797947980E-01,
     9.9939348857873345E-01,
     9.9768926254706880E-01
  ]
}
