{
  "version":  "0.2.0",
  "energy":    -2.1766930241943233E-01,
  "charges": [
     8.3867460143799544E-01,
    -1.5940346048082571E-01,
     1.0182301216569922E-01,
    -3.9890123075790307E-01,
     1.2895455624904362E-01,
     1.3011734381494716E-01,
     1.2864976119626850E-01,
     5.9715296323269718E-02,
    -3.4113929218197803E-01,
    -1.8256995824114697E-01,
    -3.0592062952536991E-01
  ],
  "coordination numbers": [
     3.9689223198481116E+00,
     3.9584370400460092E+00,
     2.0161199574227275E+00,
     1.9649469837679980E+00,
     9.9182937589254649E-01,
     9.9185783509710479E-01,
     9.9181746064879572E-01,
     1.9839742620428389E+00,
     1.0176437694122464E+00,
     9.9551315593462597E-01,
     9.9877966921286632E-01
  ]
}
