{
  "version":  "0.2.0",
  "energy":     1.0625076560371882E+00,
  "charges": [
     9.8794502020743424E-01,
    -7.8025285403096917E-02,
     1.5336445285540584E-01,
    -7.4572781389879994E-03,
     1.5170023043170389E-01,
    -3.0947593774702292E-01,
    -7.7266876989209421E-02,
    -3.1598616356318532E-01,
     1.9559583467856886E-01,
     2.1433831777685647E-01,
     2.0925547807239500E-01,
     1.8440133658066654E-01,
     1.9545083047163692E-01,
     2.0951238135112141E-01,
     2.1592137600902631E-01,
     5.3396000338484198E-02,
     1.5907987701632337E-01,
    -1.4174959394812037E-01
  ],
  "coordination numbers": [
     4.5676380187693884E+00,
     3.9590184415309571E+00,
     3.2656522099532266E+00,
     3.0134740601412915E+00,
     3.2586878194405129E+00,
     1.9971041866725043E+00,
     3.9589537681737461E+00,
     1.9976740211713988E+00,
     9.9240696153654095E-01,
     9.9076989402800208E-01,
     9.9044675392098558E-01,
     9.9298954642676573E-01,
     9.9233822741835631E-01,
     9.9039661280328239E-01,
     9.9097010448352663E-01,
     9.9823072409837543E-01,
     1.9940668311177463E+00,
     1.0507257920395112E+00
  ]
}
