{
  "version":  "0.2.0",
  "energy":    -1.2175568254956379E-01,
  "charges": [
     7.4254529899820221E-01,
    -2.7358184095928528E-01,
    -9.8364504292116350E-02,
    -2.7169464934028420E-01,
    -9.8904304406516319E-02
  ],
  "coordination numbers": [
     3.9765849926424064E+00,
     1.0005657817069924E+00,
     1.9934169350474731E+00,
     1.0011300052015732E+00,
     1.9934492157282486E+00
  ]
}
