{
  "version":  "0.2.0",
  "energy":     1.0305012970813758E+00,
  "charges": [
     8.2798835203433496E-01,
     1.9757032997715604E-01,
    -1.4692325541255424E-01,
    -1.9590457098624908E-01,
    -2.8218005402761759E-02,
    -3.9163194185759947E-01,
     1.9681459927052572E-01,
     1.9303228186529720E-01,
     1.8928332855962218E-01,
     2.9992061617574373E-01,
    -4.5644727839332377E-03,
    -1.0811766140534418E-02,
    -1.1751124931877854E-02,
     3.9774029788937681E-02,
    -2.7647617981924194E-02,
    -9.2775513448688507E-03,
     2.6018924074978128E-01,
    -2.8576841956680671E-01,
    -3.5375795480450017E-01,
     2.0502047540610180E-01,
     2.0212658014752441E-01,
     1.9577198161010578E-01,
     1.7455445650333790E-01,
     2.0301504890823874E-01,
     2.8119536021690267E-01
  ],
  "coordination numbers": [
     4.8891759871350029E+00,
     1.7750231688169036E+00,
     9.9944213648907976E-01,
     9.9877924177125443E-01,
     4.0305213043389134E+00,
     2.9410413878630886E+00,
     9.9213090092361700E-01,
     9.9217165079670000E-01,
     9.9246510475587968E-01,
     9.9663759117409878E-01,
     3.0158535147229193E+00,
     3.0091192343942081E+00,
     3.0199239928514459E+00,
     3.0180525012453625E+00,
     3.0134500202653536E+00,
     3.0090669372562431E+00,
     3.5082383226828915E+00,
     1.9810670356580236E+00,
     2.5994084661826653E+00,
     9.9277091947099105E-01,
     9.9295995488780076E-01,
     9.9299530359834343E-01,
     9.9241597304300200E-01,
     9.9297744982421499E-01,
     9.9243493632846302E-01
  ]
}
