{
  "version":  "0.2.0",
  "energy":    -2.1006580545907507E+00,
  "charges": [
     5.3244905536923692E-01,
    -2.6726039530401458E-01,
    -1.1069681078284148E+00,
    -1.1675417803056254E+00,
    -9.9067877193118181E-01
  ],
  "coordination numbers": [
     3.7183120743084972E+00,
     7.7889024466307433E-01,
     9.9934933773113954E-01,
     9.8412877888000772E-01,
     9.6743815825976665E-01
  ]
}
