{
  "version":  "0.2.0",
  "energy":    -1.0569877837941051E-01,
  "charges": [
     7.2200441422004036E-01,
    -1.2027652467874447E-01,
    -1.2027771351876407E-01,
    -1.2037494669951679E-01,
    -1.2037414244599391E-01,
    -1.2035013206742744E-01,
    -1.2035095480959368E-01
  ],
  "coordination numbers": [
     5.8542981913247996E+00,
     9.9731839865479266E-01,
     9.9731813084982956E-01,
     9.9736943962249924E-01,
     9.9736941633310305E-01,
     9.9735691262604576E-01,
     9.9735687495800462E-01
  ]
}
