{
  "version":  "0.2.0",
  "energy":    -5.4209878616071072E-04,
  "charges": [
     4.0866898646264957E-02,
    -2.0433508431218946E-02,
    -2.0433390215046008E-02
  ],
  "coordination numbers": [
     1.9512924086718728E+00,
     9.7607860250970635E-01,
     9.7613122459382939E-01
  ]
}
