{
  "version":  "0.2.0",
  "energy":     9.3027443406057120E-01,
  "charges": [
     7.5024901392606269E-01,
    -2.4918956060873819E-02,
     1.2039825153868544E-01,
     6.8259864535236081E-02,
    -3.6019314917781525E-01,
     7.1934973271489955E-02,
     1.2396934338304008E-01,
    -2.7683945613078736E-01,
     1.9109972017419957E-01,
     1.4898538994617688E-01,
     1.5796257623213777E-01,
     1.9298592631047376E-01,
    -5.6166726778390896E-01,
     3.1185660946442961E-01,
     3.0185259472218895E-01,
    -2.8537615450761222E-02,
    -3.0091278271862826E-01,
     2.9478077581341333E-01,
    -2.6304755182140471E-01,
    -6.1401019388608924E-02,
    -2.7046960871955783E-01,
    -6.5767167715546859E-02,
     1.7431278704432579E-01,
     1.6246908755630285E-01,
     1.7308687066423695E-01,
     1.6017947177894806E-01,
     1.6238888531694770E-01,
     1.6630149967914498E-01,
     1.5246262730981003E-01,
     1.6545357195472896E-01,
     1.6276473434591421E-01
  ],
  "coordination numbers": [
     5.5945648460290691E+00,
     9.9646226698979756E-01,
     3.0659172626412223E+00,
     3.1830028959860410E+00,
     2.9724121981977571E+00,
     3.1246783489320658E+00,
     3.0665625942491204E+00,
     2.0165216428347463E+00,
     9.9250704031544412E-01,
     9.9228387538240259E-01,
     9.9275396420385409E-01,
     9.9248556236346630E-01,
     2.9148220294614218E+00,
     9.9316647155800730E-01,
     9.9652784347626078E-01,
     4.1198761286945125E+00,
     1.9857195279161610E+00,
     4.0807037401914421E+00,
     2.9346038811824737E+00,
     4.1320977571902935E+00,
     2.9253699283868171E+00,
     4.1216335983226724E+00,
     9.9231216135414169E-01,
     9.9172630042991639E-01,
     9.9228341294093703E-01,
     9.9233962447452573E-01,
     9.9198000920816654E-01,
     9.9171404414194875E-01,
     9.9214524301577800E-01,
     9.9177442014862827E-01,
     9.9194739018238209E-01
  ]
}
