{
  "version":  "0.2.0",
  "energy":    -9.6922568082481197E-01,
  "charges": [
     7.3300738685137734E-01,
    -4.3277274655196019E-01,
     4.2141565259446445E-01,
    -3.5242921980698494E-01,
    -3.3164658094428673E-01,
    -1.0495050908580977E-01,
    -9.7383901909891490E-02,
     4.0375541510147495E-02,
    -3.1925760143906790E-01,
     4.1834852689719093E-02,
    -9.8883281620572222E-02,
     9.7242775607263202E-02,
     1.0254385426715901E-01,
     1.4310478290574521E-01,
     1.6868176049224715E-01,
     1.0293581935399848E-01,
    -3.0061826963423399E-01,
     3.6260943499406229E-02,
    -3.3706771453961865E-01,
    -8.1295640858399076E-02,
    -3.8172471471488895E-01,
     9.5775299603904837E-02,
     1.0361667956112859E-01,
     1.0262916360718553E-01,
     8.7836444386023005E-02,
    -4.3923077582405595E-01
  ],
  "coordination numbers": [
     6.6793119629088560E+00,
     9.9924549938119966E-01,
     3.8781918242997495E+00,
     1.9871978644768964E+00,
     1.9860212688238601E+00,
     3.0205217829764521E+00,
     3.0114826239877805E+00,
     3.1146465020014871E+00,
     2.9169477083925752E+00,
     3.1112356398698768E+00,
     3.0116820358441760E+00,
     9.9270680724430527E-01,
     9.9298283074846072E-01,
     9.9262802795460381E-01,
     9.9168037271386567E-01,
     9.9296798713316470E-01,
     1.9975411403407985E+00,
     2.0385126748544016E+00,
     1.0055814313850213E+00,
     4.0299476958311953E+00,
     1.9927343689649204E+00,
     9.9048649077842921E-01,
     9.9071022110368290E-01,
     9.9047172942899397E-01,
     1.9564031455503104E+00,
     1.0047048247034143E+00
  ]
}
