{
  "version":  "0.2.0",
  "energy":    -1.0360166890922262E-01,
  "charges": [
     4.5691510696388438E-04,
     4.4187186058629091E-01,
    -1.9298044084438026E-01,
    -1.2484071285038140E-01,
    -1.2450762199849312E-01
  ],
  "coordination numbers": [
     3.7282312851002999E+00,
     1.8669390398977308E+00,
     1.8164132135412512E+00,
     9.5398500021512955E-01,
     9.5260027160473637E-01
  ]
}
