{
  "version":  "0.2.0",
  "energy":     1.9959454677426619E-01,
  "charges": [
     7.6286836002122493E-01,
     8.9640584573150037E-02,
     4.7960955840308822E-02,
    -3.2268552708207920E-01,
     5.6721221700152147E-02,
     9.2025978406304693E-02,
    -3.1922415644711799E-01,
     1.6091651658457851E-01,
     1.4248625100206641E-01,
     1.6491134957865153E-01,
     1.6371669132811076E-01,
    -1.2800254383073564E-01,
     1.2391804533492498E-01,
    -3.3461984076322215E-01,
     1.7097678752340389E-01,
     1.4579122204427647E-01,
     1.4921025308942693E-01,
    -5.2705322747726019E-02,
     1.6158017436459610E-01,
    -3.8876464630680491E-01,
    -7.1613320586668450E-01,
     2.9040536725228649E-01,
     2.9468965278034853E-01,
     2.7794474854043910E-01,
    -2.8530732994868263E-01,
     7.0308918311815433E-02,
    -2.5086097494283355E-01,
    -7.2010309472967571E-01,
     2.9143022989850986E-01,
     2.9217465612611221E-01,
     2.9312914108429461E-01,
    -7.2460103336545012E-02,
    -3.7723741284883955E-01,
     1.4546535244279962E-01,
     1.4685414508904773E-01,
     1.5784831798370227E-01,
     2.7512923795041516E-01
  ],
  "coordination numbers": [
     6.7962472759721155E+00,
     3.0738353696626639E+00,
     3.0964919350824953E+00,
     2.9382312952909952E+00,
     3.1197047978190380E+00,
     3.0737791304212889E+00,
     2.0149031131366151E+00,
     9.9254290763021125E-01,
     9.9235526816185260E-01,
     9.9247731552402829E-01,
     9.9252939710370658E-01,
     3.9582336373576794E+00,
     2.0069167166750006E+00,
     1.9347916862512857E+00,
     9.9175559847028349E-01,
     9.9179761238566311E-01,
     9.9182004662833823E-01,
     1.0115460114318751E+00,
     2.1955743417914784E+00,
     1.9894791228511295E+00,
     3.9044903767662431E+00,
     9.9686899460905742E-01,
     9.9781043003059366E-01,
     9.9719341433611053E-01,
     1.9943569096445781E+00,
     2.1167990344550915E+00,
     1.0051988045006715E+00,
     3.9131710845910037E+00,
     9.9716015569280358E-01,
     1.0003332533694111E+00,
     9.9831918767790651E-01,
     3.9623804558572857E+00,
     2.9109071985249182E+00,
     9.9175849658560367E-01,
     9.9158577775378554E-01,
     9.9211655079825256E-01,
     1.0501254117159720E+00
  ]
}
