{
  "version":  "0.2.0",
  "energy":    -1.6186303672243361E+00,
  "charges": [
     5.5614274177619150E-01,
    -2.9440738144568410E-02,
     2.6436061934623556E-01,
    -5.2629271406806133E-01,
    -3.6549374889246666E-01,
    -5.9826676242205556E-01,
     6.1200548404185331E-02,
     9.9527537113765191E-02,
     2.3108025360468412E-01,
     2.0169424774093545E-01,
    -1.3054948111680231E-01,
    -4.0971090521773351E-01,
     4.8768040752782016E-02,
    -5.4575836293929558E-01,
    -5.9295521171441501E-01,
     2.4324956942991444E-01,
     3.9569319598776465E-02,
    -5.4712495325207211E-01
  ],
  "coordination numbers": [
     5.9880042415268546E+00,
     4.0407015688507100E+00,
     3.1567773978129336E+00,
     1.0003920080327413E+00,
     1.9726989221463711E+00,
     3.8554537624385103E+00,
     9.9067501496129751E-01,
     9.9123394158934186E-01,
     1.0064018467408706E+00,
     9.9731612335553432E-01,
     1.0162223206864045E+00,
     1.9667384809261037E+00,
     1.9338098854361405E+00,
     1.0021512610479553E+00,
     1.9886913986669121E+00,
     1.1503630994260563E+00,
     1.9282619440949347E+00,
     1.0022773560421161E+00
  ]
}
