{
  "version":  "0.2.0",
  "energy":     9.3642604843880040E-01,
  "charges": [
     8.1051505691150316E-01,
    -1.8533842311954743E-01,
     1.9559665592318043E-01,
    -3.9576736116521688E-01,
    -1.9681691170851756E-01,
    -1.9722134256137419E-01,
     1.4930403731512898E-01,
     1.5667957608044680E-01,
     1.5402783322153979E-01,
     1.4697087971435019E-01,
     1.3336357514432406E-01,
     1.5267877835344637E-01,
     1.4656885532271324E-01,
     1.4990339033498348E-01,
     1.3615039410394347E-01,
    -1.6997458170580404E-01,
     1.1388424846584311E-02,
    -3.9811968880109033E-01,
     1.5389160287984305E-01,
     1.4573862383562031E-01,
     1.3233882383995790E-01,
     1.6039521708591431E-01,
     1.5454059645098078E-01,
    -1.6294867150591019E-01,
    -3.7269391157526213E-02,
    -4.2658341063100513E-01,
     1.6040194912095435E-01,
     1.5722879461165865E-01,
     1.5316170562820935E-01,
     1.5982758862468821E-01,
     1.4762390731227479E-01,
     2.6296402706327598E-01,
    -5.6107169238776688E-01,
     2.9769765320214192E-01,
     3.0215352781609517E-01
  ],
  "coordination numbers": [
     4.1881936066029120E+00,
     3.9576738873184132E+00,
     4.2072657548753796E+00,
     1.9896572376708033E+00,
     3.9574275294140389E+00,
     3.9575407015529640E+00,
     9.9382691403448220E-01,
     9.9419650793555903E-01,
     9.9415557355785200E-01,
     9.9360207404588952E-01,
     9.9397521050911575E-01,
     9.9393241379103170E-01,
     9.9375927709553569E-01,
     9.9401295123332645E-01,
     9.9405697698652595E-01,
     3.9548196558662791E+00,
     4.0254581890489050E+00,
     1.9901720544420423E+00,
     9.9178285008336076E-01,
     9.9147157286972742E-01,
     9.9141275964940778E-01,
     9.9134084431562997E-01,
     9.9137142916722354E-01,
     3.9555341770363102E+00,
     3.9819300803770137E+00,
     2.9300088915951141E+00,
     9.9173607445746637E-01,
     9.9151372721119024E-01,
     9.9182490317567407E-01,
     9.9162010179596205E-01,
     9.9151728512295101E-01,
     9.9915482915976472E-01,
     2.9119345906559406E+00,
     9.9514496792939244E-01,
     9.9334665760190699E-01
  ]
}
