{
  "version":  "0.2.0",
  "energy":     3.7122482644245336E-01,
  "charges": [
     7.3436211467458501E-01,
    -2.2803777779343978E-01,
    -1.9947892862852279E-01,
     2.1259147512696194E-01,
    -3.7002006225855938E-01,
    -1.9859617174585034E-01,
    -1.9866546045331937E-01,
     1.4821702324623992E-01,
     1.3759013927801519E-01,
     1.5090371634363803E-01,
     1.3703753279964159E-01,
     1.4747932433514779E-01,
     1.4962950430080607E-01,
     1.3803102920623408E-01,
     1.5166593944671655E-01,
     1.4951011107549705E-01,
    -7.3876593087250630E-01,
     2.9312188781232812E-01,
     2.8705326322584113E-01,
     3.0007304046557515E-01,
     1.4129303964228279E-01,
    -3.4499480922731252E-01
  ],
  "coordination numbers": [
     5.2519952061081359E+00,
     9.9912499989367198E-01,
     3.9575748455412514E+00,
     4.4019256646137084E+00,
     1.9952412063110794E+00,
     3.9577881448519241E+00,
     3.9575685125062554E+00,
     9.9418393865799093E-01,
     9.9360183558130988E-01,
     9.9401116646982324E-01,
     9.9371073533440235E-01,
     9.9433680214925069E-01,
     9.9433871712471777E-01,
     9.9354057776642435E-01,
     9.9417632813885604E-01,
     9.9401103257165513E-01,
     3.9547474548884551E+00,
     1.0071921131128239E+00,
     1.0917001543865545E+00,
     1.0095422552252398E+00,
     1.8015202690333831E+00,
     1.9955173668072721E+00
  ]
}
