{
  "version":  "0.2.0",
  "energy":     3.7883130948000165E-01,
  "charges": [
     6.7375600842079408E-01,
    -1.5757506205227320E-01,
     1.1143971034032046E-01,
    -6.3269406310568377E-02,
     1.1304424753874835E-01,
    -3.0617174205172570E-01,
    -1.5398555243071876E-01,
    -3.1339306974160208E-01,
     1.3017386067782055E-01,
     1.3930380462677436E-01,
     1.4909075160132917E-01,
     1.2844749370642272E-01,
     1.3027003357712405E-01,
     1.5040760808253614E-01,
     1.4638002027126215E-01,
    -2.7141372595668856E-01,
     7.4449637894103055E-02,
    -1.9722882067694755E-01,
    -6.2059807598386918E-02,
    -3.0913159248219202E-01,
     2.7458007889100822E-01,
    -2.4546080252235636E-01,
    -8.3917089009619028E-02,
    -2.4004157993887387E-01,
    -8.4408306226615576E-02,
     1.4255580080296718E-01,
     1.3140451085639951E-01,
     1.4206284946617320E-01,
     1.4041231782029157E-01,
     1.4048842247762119E-01,
     1.4505088387351225E-01,
     1.4451190269446176E-01,
     1.3928172123054519E-01,
     1.4094489214835262E-01
  ],
  "coordination numbers": [
     5.8755779945933071E+00,
     3.9609191301866646E+00,
     3.2051155814359857E+00,
     3.0084064407465352E+00,
     3.2018812443544240E+00,
     1.9921650451980009E+00,
     3.9608761858592789E+00,
     1.9919995958069965E+00,
     9.9238839062531259E-01,
     9.9154587601568878E-01,
     9.9146895350754694E-01,
     9.9327605192850577E-01,
     9.9238013768157352E-01,
     9.9147657345902118E-01,
     9.9158085368324222E-01,
     2.0020191037950008E+00,
     2.0781339219479662E+00,
     1.0054062428974566E+00,
     4.1429466170803577E+00,
     1.9879781688078113E+00,
     4.1036621526434942E+00,
     2.8994785407503718E+00,
     4.1359531487560908E+00,
     2.9211501195939311E+00,
     4.1342690947202660E+00,
     9.9208547715178419E-01,
     9.9148902868477951E-01,
     9.9212002215579354E-01,
     9.9170550276300506E-01,
     9.9183137794903420E-01,
     9.9216351603067832E-01,
     9.9223259495429339E-01,
     9.9184539465701427E-01,
     9.9180772633750180E-01
  ]
}
