{
  "version":  "0.2.0",
  "energy":    -1.9603553469058974E-01,
  "charges": [
    -3.8141801281750393E-01,
     3.4202915767664477E-01,
     2.7976416930518688E-01,
     2.7887740629985885E-01,
    -2.6088596753981114E-01,
    -2.5836675292437544E-01
  ],
  "coordination numbers": [
     4.3419153374059052E+00,
     1.8244371861882227E+00,
     2.5261657848420818E+00,
     1.5593824840278678E+00,
     1.7920611810578828E+00,
     1.7900234114666969E+00
  ]
}
