{
  "version":  "0.2.0",
  "energy":    -1.9629983165945872E-01,
  "charges": [
     3.4840734751281710E-01,
     7.1910817622792711E-01,
    -6.9084354721659158E-01,
    -3.7667197652415263E-01
  ],
  "coordination numbers": [
     2.7943532127935260E+00,
     2.7947691588303476E+00,
     1.9900446290635099E+00,
     1.9640844964827702E+00
  ]
}
