{
  "version":  "0.2.0",
  "energy":     8.5358337064584844E-01,
  "charges": [
     1.0250327867909197E+00,
    -1.5101494784260875E-02,
    -9.8443330785943584E-02,
    -9.3041673219881604E-02,
    -1.5527025194137012E-02,
    -2.6499508732057764E-01,
     1.7725637290778642E-01,
     1.5386651348369274E-01,
     1.5908992512137335E-01,
     1.7143582548909436E-01,
     1.7113999966615975E-01,
     1.7282295781967169E-01,
     1.6303796246470717E-01,
     1.8005230650679771E-01,
    -3.2446093434787798E-01,
     9.1050941465472393E-02,
    -1.2972880407848486E-01,
    -7.2683018497423679E-01,
     3.1708510050819649E-01,
     3.1309413031339584E-01,
     3.0631803921051726E-01,
    -9.9159073465632797E-03,
    -1.6984466651507352E-02,
     7.2553322069389650E-02,
    -3.4929801100253427E-01,
     9.4314817827743258E-02,
    -1.3669920613039427E-02,
     1.9534245995356087E-01,
     1.8703143919944837E-01,
     1.6283069285406182E-01,
     1.8076847615646696E-01,
     1.9060419835049794E-01,
    -9.4532780149722356E-02,
     2.9766829351234736E-01,
    -1.1889981710513059E-01,
    -1.2298913656211341E-01,
    -2.5595304976137906E-01,
     1.0581108217314915E-01,
     2.0264004875509808E-01,
    -4.4047606870215822E-01
  ],
  "coordination numbers": [
     7.0427118182516253E+00,
     4.1255906488204364E+00,
     3.9789148463507900E+00,
     3.9852654027576593E+00,
     4.0991697394353785E+00,
     2.9429828141722396E+00,
     9.9158325695429728E-01,
     9.9199054595787750E-01,
     9.9144651584835852E-01,
     9.9195243735350491E-01,
     9.9195181516558328E-01,
     9.9166619763718877E-01,
     9.9139449257460832E-01,
     9.9210804571865996E-01,
     2.0018810599836856E+00,
     2.0948582700853047E+00,
     1.0047334783344031E+00,
     3.9020862197588890E+00,
     9.9826824369153577E-01,
     9.9964895010829924E-01,
     9.9733867836600076E-01,
     3.0225400327574672E+00,
     3.0085506227540444E+00,
     3.1259179175572136E+00,
     2.9730877121036263E+00,
     3.2360161138477528E+00,
     3.0085655176555450E+00,
     9.9276943909711513E-01,
     9.9295276254586629E-01,
     9.9235121423188133E-01,
     9.9352583002719630E-01,
     9.9295615812783034E-01,
     9.9915331086769843E-01,
     3.9224684941154484E+00,
     9.9912502891732391E-01,
     9.9939586864454277E-01,
     1.0000099376304350E+00,
     1.0148943078811472E+00,
     2.0986666450548972E+00,
     2.0317857041765688E+00
  ]
}
