{
  "version":  "0.2.0",
  "energy":    -4.1114574686905991E-02,
  "charges": [
     3.8047076212440711E-01,
    -3.8047076212440711E-01
  ],
  "coordination numbers": [
     9.9698633725875307E-01,
     9.9698633725875307E-01
  ]
}
