{
  "version":  "0.2.0",
  "energy":    -8.5927236768236048E-02,
  "charges": [
     6.5110643386674516E-01,
    -2.1672484218009130E-01,
    -2.1682958601374902E-01,
    -2.1755200567290481E-01
  ],
  "coordination numbers": [
     2.9839568573704831E+00,
     9.9616935128015971E-01,
     9.9622409337722750E-01,
     9.9616142999342117E-01
  ]
}
