{
  "version":  "0.2.0",
  "energy":    -3.8366373659149544E-01,
  "charges": [
     9.8469018387786922E-01,
    -1.9845851020445079E-01,
     9.2638908650172824E-02,
    -9.8077621583788507E-02,
     9.3635873800818920E-02,
    -3.5234055311298951E-01,
    -1.9669505904125978E-01,
    -3.5788980308400126E-01,
     9.0291573250046608E-02,
     1.1072140388697374E-01,
     1.0744619745492920E-01,
     9.6114169081319131E-02,
     9.0611978891460040E-02,
     1.1001283034435497E-01,
     1.1230502302659510E-01,
    -2.1511609748424418E-01,
    -1.3627994836566515E-02,
    -4.1333130541321661E-01,
     8.8984303439054183E-02,
     1.2182178837512264E-01,
     1.1077383404363492E-01,
     1.1016001664357156E-01,
     1.0610917873896661E-01,
    -1.0216399648607510E-01,
    -1.0533236786209869E-01,
    -8.7791377545922838E-02,
     5.2255765540962784E-03,
    -8.4886238601968866E-02,
    -1.0430366507119858E-01,
     2.5196519479291168E-01,
    -3.8097728446118667E-01,
    -3.7126398390617399E-01,
     1.0809532332452543E-01,
     1.0867416380833868E-01,
     1.2855066662053330E-01,
     1.3260866070601784E-01,
     1.0976798628935333E-01,
    -7.5287857621922027E-02,
    -4.2074946675181579E-01,
     1.0456473276395971E-01,
     9.7561360812933290E-02,
     1.0496225389132047E-01
  ],
  "coordination numbers": [
     6.9896477800515457E+00,
     3.9604599541070380E+00,
     3.1745755282577877E+00,
     3.0026790083715520E+00,
     3.1658247330545644E+00,
     1.9879204183079180E+00,
     3.9604436632804507E+00,
     1.9890272673815446E+00,
     9.9222515059727368E-01,
     9.9164396767433782E-01,
     9.9156594586639990E-01,
     9.9323289988344587E-01,
     9.9223423851842085E-01,
     9.9162686334552941E-01,
     9.9160386524236266E-01,
     3.9585658075500190E+00,
     4.1154780377428422E+00,
     1.9928717017616542E+00,
     9.9157188029384979E-01,
     9.9156037374743100E-01,
     9.9149451859434734E-01,
     9.9056141810783949E-01,
     9.9055740274069937E-01,
     3.0141809494260938E+00,
     3.0126512893336219E+00,
     3.0161598663937594E+00,
     3.0195337208345778E+00,
     3.0165002755497978E+00,
     3.0125016314610553E+00,
     3.8617592093747373E+00,
     1.9731372204957891E+00,
     1.9731906024792680E+00,
     9.9279667664050919E-01,
     9.9285966844960605E-01,
     9.9291638925320402E-01,
     9.9292330619290237E-01,
     9.9285120547166095E-01,
     4.0675656261434323E+00,
     1.9929920212548122E+00,
     9.9082249565152480E-01,
     9.9081447368320141E-01,
     9.9091888613169399E-01
  ]
}
