{
  "version":  "0.2.0",
  "energy":     1.6308589818919128E+00,
  "charges": [
     6.5197436999678304E-01,
    -5.5384293877015289E-01,
     2.3278119679212450E-02,
     1.7004593675920221E-02,
    -5.4875451134072062E-01,
     2.8457824581532770E-01,
     2.9365591165526833E-01,
     1.9083455458713633E-01,
     1.8874239568962894E-01,
     1.9231482736991595E-01,
     1.7425820943974729E-01,
     3.0701006495370986E-01,
     2.9326010987416934E-01,
    -3.2061000200817980E-01,
     9.3436254523005857E-02,
     5.9278641753439665E-03,
     1.3490591138711316E-02,
    -1.5585532303619143E-02,
     1.5353689599162174E-01,
     1.5234870887276275E-01,
    -1.4993188621238107E-02,
     1.4699593962373081E-02,
     1.0150249764901670E-02,
     9.7139423792035273E-02,
    -3.1694087258177656E-01,
     1.7291884963638302E-01,
     2.1593048486650382E-01,
     2.2367556143259809E-01,
     1.8398514752276313E-01,
     1.8469143296423374E-01,
     2.2471328468862103E-01,
     2.1989757779499888E-01,
     1.8727372176201046E-01
  ],
  "coordination numbers": [
     5.0552441778878121E+00,
     3.9446257219910636E+00,
     4.1047917655660200E+00,
     4.0744847189996483E+00,
     3.9182372584254237E+00,
     1.0168814302287359E+00,
     1.0033792626065932E+00,
     9.9125688916465027E-01,
     9.9153644827182852E-01,
     9.9149984481713371E-01,
     9.9132320474612445E-01,
     1.0022706837735758E+00,
     9.9716720458930475E-01,
     3.0019010167505176E+00,
     3.2669571956577901E+00,
     3.0066786696876475E+00,
     3.0204074151153160E+00,
     3.0106574299827447E+00,
     3.2912581648014116E+00,
     3.2749831216409362E+00,
     3.0104251963639417E+00,
     3.0206358311301376E+00,
     3.0067241866399934E+00,
     3.2325777261759070E+00,
     2.9997433674235232E+00,
     9.9280858196041954E-01,
     9.9283172417210341E-01,
     9.9262176944343050E-01,
     9.9307945912542106E-01,
     9.9307926298464810E-01,
     9.9263286732240363E-01,
     9.9281891895259289E-01,
     9.9222408631970804E-01
  ]
}
