{
  "version":  "0.2.0",
  "energy":     2.0351465495977976E+00,
  "charges": [
     7.3849674405253252E-01,
    -5.6262945458710978E-01,
     3.8726246032448675E-02,
     1.5314787852476863E-02,
    -4.3114111001491562E-01,
     1.9626545736263434E-02,
     3.3349216464568787E-02,
    -5.5389679175661310E-01,
     3.1311281330885576E-01,
     3.1420696025917627E-01,
     1.9952464085816130E-01,
     2.2618056903616673E-01,
     2.1586915326793887E-01,
     1.8429651218946089E-01,
     2.8872530410886665E-01,
     1.9900179016571307E-01,
     2.1236631988895527E-01,
     2.2766868576287064E-01,
     1.9352086809204178E-01,
     3.1850591224560088E-01,
     3.2512964852072967E-01,
    -5.5333914508523263E-01,
     4.3233274216201489E-02,
     3.9655595725921255E-02,
    -5.5216343693252878E-01,
     3.1601474484819708E-01,
     3.2697123440559644E-01,
     2.0852596686287914E-01,
     2.2937620960273397E-01,
     2.2864937410772415E-01,
     2.0204524666704246E-01,
     3.1641423225289422E-01,
     3.1999991720770610E-01,
    -6.9618806662613764E-01,
     3.4789694867521564E-01,
     3.5268375329048451E-01,
     3.5426878929711314E-01
  ],
  "coordination numbers": [
     6.5684537071863840E+00,
     3.9378641746050667E+00,
     4.1854845972472123E+00,
     4.1054725920730242E+00,
     3.9343830483410578E+00,
     4.1357999497687459E+00,
     4.0927515615264598E+00,
     3.9305678088797729E+00,
     1.0030504536376439E+00,
     9.9999489988231005E-01,
     9.9087788861091664E-01,
     9.9112908255138255E-01,
     9.9117890866690228E-01,
     9.9135588413977871E-01,
     1.0104704092242827E+00,
     9.9109689076526308E-01,
     9.9097348060710821E-01,
     9.9125476208691676E-01,
     9.9145709276946015E-01,
     1.0042265801697408E+00,
     9.9900334950696035E-01,
     3.9340894926027721E+00,
     4.1020713245422602E+00,
     4.0912683181676126E+00,
     3.9235528536324384E+00,
     1.0049210017107022E+00,
     1.0001868863049106E+00,
     9.9117646673433057E-01,
     9.9120018778426733E-01,
     9.9118878915234454E-01,
     9.9116154425686176E-01,
     1.0019073008809691E+00,
     9.9774040812654530E-01,
     3.9223347159389785E+00,
     9.9792713976643288E-01,
     9.9789857646817559E-01,
     9.9770244993607182E-01
  ]
}
