{
  "version":  "0.2.0",
  "energy":     1.2033140930606798E+00,
  "charges": [
     6.5305056443105469E-01,
     9.5588280009809179E-02,
     1.6137267232824060E-01,
     5.8692495498509345E-01,
     5.0306352824580214E-01
  ],
  "coordination numbers": [
     3.6955175165849337E+00,
     2.9396799247181065E+00,
     1.9686489727334813E+00,
     2.7150600634670221E+00,
     1.9904725830566523E+00
  ]
}
