{
  "version":  "0.2.0",
  "energy":    -4.3577396487555475E-01,
  "charges": [
     8.7949056961816940E-01,
    -3.0980811828950844E-01,
     4.2556836750919408E-01,
    -3.0892546138009225E-01,
    -2.8223771472857440E-01,
    -1.7035911166121742E-01,
     2.5295876364464925E-01,
    -4.1655144089283924E-01,
     1.2029610012223151E-01,
     1.1868497572264891E-01,
     1.1440372650670411E-01,
    -1.6795413909553208E-01,
     2.5650021550806540E-01,
    -4.1409198437758876E-01,
     1.1735068283042462E-01,
     1.1890194195948238E-01,
     1.1820090261073826E-01,
    -9.5158120969360355E-02,
    -8.8186741023341758E-02,
    -5.7629445854414395E-02,
     1.0126339438892656E-02,
    -8.8455235299499516E-02,
    -9.5759688718154934E-02,
     2.5341028108326386E-01,
    -2.7943748419522813E-01,
    -4.1213393125019843E-01,
     1.1780023375046839E-01,
     1.2518765451276251E-01,
     1.6157895176491127E-01,
     1.2136910766603264E-01,
     1.1915746551500701E-01,
     2.4789920047966513E-01,
    -1.6757703593317153E-01,
     1.1705395469904598E-01,
    -3.2720496825938100E-01,
     1.2470960756191814E-01,
     1.3527635539025556E-01,
     1.1624373334109077E-01,
    -2.8431858221673745E-01,
     4.2467235093351652E-01,
    -3.2559244843205798E-01,
    -3.0545982959224016E-01
  ],
  "coordination numbers": [
     7.9075624369814683E+00,
     1.9441307006097670E+00,
     3.9262116586520683E+00,
     1.9917681865870485E+00,
     1.9278761059760372E+00,
     3.9597675339301714E+00,
     3.3330065985383612E+00,
     1.9966806351456663E+00,
     9.9169391754003033E-01,
     9.9157418228477745E-01,
     9.9230228328987735E-01,
     3.9595878564334637E+00,
     3.3436467581960070E+00,
     1.9985057226791954E+00,
     9.9158172386081755E-01,
     9.9230111627710649E-01,
     9.9160378001872651E-01,
     3.0142718236109616E+00,
     3.0130991340487157E+00,
     3.0174696628330082E+00,
     3.0191905772038448E+00,
     3.0147211255575845E+00,
     3.0117221138714916E+00,
     3.1087878472790367E+00,
     1.9462620104310711E+00,
     1.9917932887266874E+00,
     9.9281232626612859E-01,
     9.9293432259091396E-01,
     9.9270781460820867E-01,
     9.9246702127203257E-01,
     9.9291717663054069E-01,
     9.9372225710346829E-01,
     3.9580758089251002E+00,
     2.3211203235798017E+00,
     1.8822103204776930E+00,
     9.9196061300296545E-01,
     9.9107166946745195E-01,
     9.9198988806671018E-01,
     1.9312868974599757E+00,
     3.9318727226985741E+00,
     1.9558402515949247E+00,
     1.9932343555608707E+00
  ]
}
