{
  "version":  "0.2.0",
  "energy":    -2.8961213819529918E-01,
  "charges": [
     8.1533807306496342E-01,
    -4.8931444017981593E-02,
    -1.4624787844664955E-01,
    -1.4525749225634463E-01,
    -5.0713003399543405E-02,
    -2.6047894350533385E-01,
     1.2407273502676899E-01,
     1.3169076418952422E-01,
     1.0815431718481099E-01,
     1.0254133219068598E-01,
     1.0069511552659466E-01,
     1.1455324420508495E-01,
     1.1145578543600060E-01,
     1.3095041786421158E-01,
    -3.4516213416149943E-01,
     3.8940524333267051E-01,
    -3.0453124711619128E-01,
    -3.3062454717362533E-01,
    -6.6460742661875544E-02,
    -2.1422870671763544E-01,
    -1.8635934979456387E-01,
    -2.0631205096303717E-01,
    -1.5532670204757461E-02,
    -3.8684835886416241E-01,
     1.0056498627020258E-01,
     1.3131595943751528E-01,
     1.1314826701876721E-01,
     1.2196156910273702E-01,
     1.1184075943266296E-01
  ],
  "coordination numbers": [
     7.5939457992397887E+00,
     4.0565499249096781E+00,
     3.9829055590067313E+00,
     3.9851321968691522E+00,
     4.1337956117792096E+00,
     2.9321484971849801E+00,
     9.9138690770313520E-01,
     9.9227312476203533E-01,
     9.9141749612151120E-01,
     9.9191979067851843E-01,
     9.9193076074603681E-01,
     9.9153029277444737E-01,
     9.9146288535552163E-01,
     9.9187716045599572E-01,
     1.9695536722235616E+00,
     3.9664849034963305E+00,
     1.9734607960806327E+00,
     1.9717414504996666E+00,
     2.6065120751459609E+00,
     1.9424460072412488E+00,
     1.9482741274165134E+00,
     3.9553262169353385E+00,
     4.0732687401949406E+00,
     1.9917624362841737E+00,
     9.9163691750287164E-01,
     9.9158555889745159E-01,
     9.9139771745148231E-01,
     9.9094278302132821E-01,
     9.9077198514728071E-01
  ]
}
