{
  "version":  "0.2.0",
  "energy":     9.1429426031009675E-01,
  "charges": [
     7.6407036424075758E-01,
    -5.9296879442563299E-01,
    -7.2485376719592098E-03,
    -1.3452367491883832E-02,
    -4.3308605428309910E-01,
    -1.7273187992645767E-02,
    -7.9315894333656933E-03,
    -5.8727301849499747E-01,
     2.7134678663518452E-01,
     2.8143324067573505E-01,
     1.6368324617666322E-01,
     1.4430563402922553E-01,
     1.6794051664630491E-01,
     1.5453074305519302E-01,
     2.6449826583601532E-01,
     1.6361438683424040E-01,
     1.5067835660148388E-01,
     1.6297068006305196E-01,
     1.4191481256195174E-01,
     2.8481485913897903E-01,
     2.7741636409754128E-01,
    -1.5311010398956876E-01,
    -1.4039487964112141E-02,
    -4.0395040145914618E-01,
     1.6972025758123810E-01,
     1.2999572176232796E-01,
     1.3658957588582757E-01,
     1.7710532641887172E-01,
     1.7912961394462079E-01,
     2.9802279082316752E-01,
    -2.2264095037839685E-01,
     1.5384921728033726E-01,
    -1.8465626670391028E-01
  ],
  "coordination numbers": [
     6.1472494725969424E+00,
     3.9011056777896140E+00,
     4.0465838509823246E+00,
     4.0835734893975451E+00,
     3.8886231176342561E+00,
     4.0170173466279362E+00,
     4.0607466326996509E+00,
     3.8621405172297045E+00,
     9.9637382201172997E-01,
     1.0054198605815321E+00,
     9.9147463887824916E-01,
     9.9158309603869821E-01,
     9.9135693655475698E-01,
     9.9117713686115927E-01,
     1.0014149096119791E+00,
     9.9130825402456413E-01,
     9.9126651352394557E-01,
     9.9132738734711623E-01,
     9.9135777845321993E-01,
     9.9647348381485923E-01,
     9.9634421790901762E-01,
     4.3093550378218453E+00,
     4.0495171828945864E+00,
     2.9076327119491427E+00,
     9.9174542358842732E-01,
     1.0176848607963205E+00,
     1.0309894098427241E+00,
     9.9167416523956131E-01,
     9.9169926162704947E-01,
     9.9360906997970311E-01,
     9.9822534617662662E-01,
     1.7288621371851791E+00,
     9.9942881842398990E-01
  ]
}
