{
  "version":  "0.2.0",
  "energy":    -3.1572678676771160E-02,
  "charges": [
     2.6892995488649346E-01,
     7.9825529436952147E-02,
    -3.4875548432344561E-01
  ],
  "coordination numbers": [
     1.9714683179887853E+00,
     1.7974180864985234E+00,
     1.8211065282788450E+00
  ]
}
