{
  "version":  "0.2.0",
  "energy":     1.8095357049333347E+00,
  "charges": [
     8.6245969494937302E-01,
     2.7410340584230114E-01,
     1.0984211329003086E+00,
     7.6501576630801704E-01
  ],
  "coordination numbers": [
     2.8664958426803704E+00,
     1.0002304730427305E+00,
     8.9221365822048959E-01,
     1.0090742978420923E+00
  ]
}
