{
  "version":  "0.2.0",
  "energy":    -4.0239782638174670E-01,
  "charges": [
     3.3288895036374910E-01,
    -1.6196512461474705E-02,
     7.6816465422790658E-01,
    -2.6083574403477028E-01,
    -7.6340305350718363E-01,
     6.1858414468972989E-01,
    -6.7920243927795698E-01
  ],
  "coordination numbers": [
     4.9691375274680967E+00,
     9.4336382339193481E-01,
     3.8911131978757334E+00,
     2.5468012780021976E+00,
     2.7757934704627623E+00,
     2.4807817169726363E+00,
     1.9508649943646477E+00
  ]
}
