{
  "version":  "0.2.0",
  "energy":     4.9260316846507773E-01,
  "charges": [
     7.3083284163761564E-01,
     7.0300564345244648E-02,
     4.7698594101301495E-01,
    -5.1486122565168901E-01,
     2.3426816705522618E-01,
     2.4737116005875276E-03
  ],
  "coordination numbers": [
     4.6297943098249732E+00,
     1.1892901913155951E+00,
     2.8854521110653879E+00,
     2.2939058424926806E+00,
     1.4061651520078726E+00,
     1.9722597421405483E+00
  ]
}
