{
  "version":  "0.2.0",
  "energy":     9.5357794371743643E-01,
  "charges": [
     8.1614550563801558E-01,
    -1.9389992844821308E-01,
     3.7761612883552953E-02,
    -1.9856954315693953E-01,
    -1.9334389166591998E-01,
     1.5931468825453549E-01,
     1.4467410157099153E-01,
     1.5406895201963033E-01,
     1.5846373960733709E-01,
     1.4390636667023082E-01,
     1.4563331612250152E-01,
     1.6035521985435006E-01,
     1.5412501909097315E-01,
     1.5002206743628063E-01,
    -5.7405367485373060E-01,
     2.9921171750421005E-01,
     3.1857688959209557E-01,
     1.0966074542298365E-01,
     6.4546355723385365E-02,
    -3.8465389048897530E-01,
     5.5662585994687458E-02,
     1.1222608579805091E-01,
    -2.8383716433294737E-01,
     1.8679985476269892E-01,
     1.4126956711778590E-01,
     1.4512817522854252E-01,
     1.8781786923071905E-01,
     1.3345974447815706E-01,
     2.3327159038170017E-01,
    -4.1572412273747977E-01,
     3.1980445300789938E-02
  ],
  "coordination numbers": [
     5.4507523018104838E+00,
     3.9564646782006836E+00,
     3.9422668476507718E+00,
     3.9569106805607248E+00,
     3.9569335136891759E+00,
     9.9276145079392464E-01,
     9.9273567855925648E-01,
     9.9275071088952860E-01,
     9.9295087251641512E-01,
     9.9302201701295179E-01,
     9.9298444693562526E-01,
     9.9287357897841844E-01,
     9.9286196418782158E-01,
     9.9300851797961265E-01,
     2.9462533728205225E+00,
     1.0014455052448863E+00,
     9.9917998482803760E-01,
     3.0654430532659012E+00,
     3.3326268639352126E+00,
     2.9922348455964567E+00,
     3.1651141143398469E+00,
     3.0661587477387107E+00,
     2.0165064421253147E+00,
     9.9248216594426886E-01,
     9.9511581886058753E-01,
     9.9273086253427945E-01,
     9.9247114359492894E-01,
     1.0147741637180205E+00,
     2.2073994086710362E+00,
     2.0124900892714477E+00,
     9.9759485147914884E-01
  ]
}
