{
  "version":  "0.2.0",
  "energy":    -8.5739496122050385E-01,
  "charges": [
     7.0245955151384099E-02,
    -1.5055143666116313E-01,
     6.3596292951481825E-01,
    -4.2298786990714621E-01,
    -5.1048068295200322E-01,
    -6.2218889514589004E-01
  ],
  "coordination numbers": [
     4.0759753212637380E+00,
     9.5234819775828861E-01,
     1.2639426106860405E+00,
     9.3385960327011119E-01,
     9.3568980267229751E-01,
     1.9847693577726302E+00
  ]
}
