{
  "version":  "0.2.0",
  "energy":    -1.7944745572615399E+00,
  "charges": [
     9.2818418717883944E-01,
    -1.9214431131809324E-02,
     2.7491248071620755E-01,
    -4.7640444583664610E-01,
    -3.6501709294779477E-01,
    -6.1962154206466491E-01,
     8.0587662144989913E-02,
     1.0468782970135244E-01,
     2.2844586306735615E-01,
     2.3205688538984798E-01,
    -1.7810002722412943E-01,
     8.2353015189311374E-02,
    -4.9946283163808558E-01,
     1.3403840476540632E-01,
     1.1866355490807198E-01,
     1.2598063616522132E-01,
    -5.2008182246521240E-01,
     3.2174436612531498E-02,
    -4.7840206027294851E-01,
    -2.6977687333007960E-01,
     1.1936821933882144E-01,
    -4.3712328022077651E-01,
    -2.8260204074724410E-01,
     1.2298634844557771E-01,
    -4.3879026263407572E-01,
    -7.6883217948230920E-01,
     2.5130225979147397E-01,
     2.5375120696668602E-01,
     2.6393589961408093E-01
  ],
  "coordination numbers": [
     6.7751884433613752E+00,
     4.0513938048018021E+00,
     3.1710696032655568E+00,
     1.0003395846990548E+00,
     1.9788964943608560E+00,
     3.9058034710268759E+00,
     9.9107796915612045E-01,
     9.9134589747076340E-01,
     1.0062858194958073E+00,
     1.0055378627028606E+00,
     3.9565627150289151E+00,
     1.9960943608134905E+00,
     9.9956520834227813E-01,
     9.9134641298462967E-01,
     9.9132070068981815E-01,
     9.9116449719114197E-01,
     9.4804984519308100E-01,
     1.9502456572500071E+00,
     1.0037459099905153E+00,
     1.0097868121024316E+00,
     2.0273971852678327E+00,
     1.9901907815805080E+00,
     1.0101404465493822E+00,
     2.0337360507358770E+00,
     1.9955618611165153E+00,
     3.9154015972360643E+00,
     9.9783797063325252E-01,
     1.0058475240412097E+00,
     1.0174877585839308E+00
  ]
}
