{
  "version":  "0.2.0",
  "energy":    -3.7926705337569561E-02,
  "charges": [
     3.9156306782432626E-01,
    -1.9577608774789801E-01,
    -1.9578698007642822E-01
  ],
  "coordination numbers": [
     1.9939891066824744E+00,
     9.9748446927007173E-01,
     9.9748679846410937E-01
  ]
}
