{
  "version":  "0.2.0",
  "energy":     1.0738785979588172E+00,
  "charges": [
     9.8222089112530453E-01,
     6.3421977608637714E-02,
     3.5933791959404893E-01,
    -1.1707217515404664E-01,
    -2.8591942804470616E-01,
    -5.8502639655287481E-01,
     1.9400972521711585E-01,
     2.2276436460745008E-01,
     3.1351980993454215E-01,
     3.3781445612392019E-01,
     1.8570236607140780E-01,
    -1.6780929581943951E-01,
    -1.1091395113770684E-01,
     1.0694974368905874E-02,
     5.9725476205744077E-01
  ],
  "coordination numbers": [
     5.9788370792404972E+00,
     4.0823426036484269E+00,
     3.2350394354342225E+00,
     9.9965423083188387E-01,
     1.9780095444009964E+00,
     3.9319878097022221E+00,
     9.9113587089972910E-01,
     9.9145737893154351E-01,
     1.0027934713203273E+00,
     1.0066335407169476E+00,
     3.7590261947481141E+00,
     1.9845958083789679E+00,
     1.9863078462475885E+00,
     1.0006922557128410E+00,
     9.9728500395789421E-01
  ]
}
