{
  "version":  "0.2.0",
  "energy":     5.3429236912051103E-01,
  "charges": [
     5.9808218693525661E-01,
     4.8511732597257873E-01,
    -1.3077491583131118E-01,
     4.7575402923475896E-02
  ],
  "coordination numbers": [
     2.7867170190820820E+00,
     1.4943019608004162E+00,
     1.0101034865573419E+00,
     1.6806741584577569E+00
  ]
}
