{
  "version":  "0.2.0",
  "energy":     2.9286331460399367E-01,
  "charges": [
     6.8260702055487599E-01,
    -5.7173734409475618E-01,
    -2.6670907810036892E-02,
    -2.2843119708151116E-02,
    -5.6555911075207921E-01,
     2.5591369837750655E-01,
     2.3957618303257663E-01,
     1.2151509702558927E-01,
     1.1460899752148229E-01,
     1.1235550291201363E-01,
     1.4526228635931546E-01,
     2.3579734465521071E-01,
     2.4012212508266692E-01,
    -4.8269148664149331E-02,
    -1.3114147963176148E-01,
    -1.2971621591236215E-01,
    -5.0814328569217970E-02,
    -2.8326522448530650E-01,
     1.2248835231707117E-01,
     1.1065353163779379E-01,
     1.2819436367691525E-01,
     1.2227058220798565E-01,
     1.2464173781565013E-01,
     1.2439231102877610E-01,
     1.3622737834209511E-01,
     1.1977444529164849E-01,
    -1.9279808509701635E-01,
    -9.2326761247507605E-03,
    -3.9884695685663252E-01,
     1.2176783715713602E-01,
     1.2817886482807048E-01,
     1.2513014360451452E-01,
     1.2759349569067432E-01,
     1.2600194300839460E-01,
    -8.2134287884558788E-02,
     1.3919571440940648E-01,
    -3.9124007094659158E-01
  ],
  "coordination numbers": [
     6.8758545089058520E+00,
     3.8976895606903978E+00,
     4.0918788695034394E+00,
     4.0897088554486247E+00,
     3.9060765354570073E+00,
     1.0187069527385857E+00,
     9.9950290365183836E-01,
     9.9119603158963088E-01,
     9.9119123725693292E-01,
     9.9131397101900998E-01,
     9.9157924147290988E-01,
     1.0066074956039364E+00,
     1.0089542312687767E+00,
     4.2578432814476592E+00,
     3.9786115059481437E+00,
     3.9880551173466756E+00,
     4.0692886052835640E+00,
     2.9311515279848184E+00,
     9.9130610917083040E-01,
     1.0181379780182365E+00,
     9.9143451752105971E-01,
     9.9197982161414711E-01,
     9.9200455203957638E-01,
     9.9162448940569181E-01,
     9.9162225834361095E-01,
     9.9162636185923425E-01,
     3.9544275627117855E+00,
     4.0762549595963993E+00,
     1.9916741740539985E+00,
     9.9169321599026805E-01,
     9.9142037188557897E-01,
     9.9138401425812006E-01,
     9.9079696960757246E-01,
     9.9079276559818297E-01,
     1.9260224882725376E+00,
     2.9027484638577192E+00,
     1.8326218817338020E+00
  ]
}
