{
  "version":  "0.2.0",
  "energy":    -1.2694479410669224E-01,
  "charges": [
     8.0131113652022190E-01,
    -1.4344420159341642E-01,
    -5.2514971087102147E-01,
    -6.8694035997106842E-02,
    -6.4023188058677113E-02
  ],
  "coordination numbers": [
     3.9722377204563948E+00,
     2.0135923690941055E+00,
     1.0005271622551684E+00,
     1.9967665202101719E+00,
     1.0169409475379352E+00
  ]
}
