{
  "version":  "0.2.0",
  "energy":    -3.0205778002921180E-01,
  "charges": [
     1.7081228749321253E-01,
     5.6397528355333304E-01,
     4.8267642227128327E-01,
    -1.3820310207386588E-01,
    -6.5833618066888522E-01,
    -4.2092471057507780E-01
  ],
  "coordination numbers": [
     4.2073769913412686E+00,
     2.6362831796306487E+00,
     2.4719391322467397E+00,
     3.6434822968828371E+00,
     2.9379252347661060E+00,
     1.9309655806236137E+00
  ]
}
