{
  "version":  "0.2.0",
  "energy":     3.3286941660485664E-01,
  "charges": [
     6.5334401383727847E-01,
    -1.7684434955370965E-01,
     9.6395839144620965E-02,
    -7.8933724719046611E-02,
     9.1577631179209973E-02,
    -3.3964635213799066E-01,
    -1.8431912960887642E-01,
    -3.3120881259156221E-01,
     1.1399134116654112E-01,
     1.2744032023067228E-01,
     1.2777411688424603E-01,
     1.1417204077364851E-01,
     1.1281872176271462E-01,
     1.1628033703049949E-01,
     1.2062325365143062E-01,
    -1.9210448405298619E-01,
    -5.3899981785535109E-02,
    -3.9913129238721645E-01,
     1.1497008797781773E-01,
     1.2509598637375446E-01,
     1.2831073456086434E-01,
     1.2071506610479577E-01,
     1.2590559613312335E-01,
     2.4784150955868819E-01,
    -2.0178355941045018E-01,
    -1.4455484147815060E-02,
    -3.8515392443017504E-01,
     1.1330651276819156E-01,
     1.1985634576224824E-01,
     1.1834059448957156E-01,
     1.2578547906813273E-01,
     1.1886621604260787E-01,
    -2.2665914257077552E-01,
     2.0861237498210533E-01,
    -3.7822457409330107E-01,
    -2.2547926149532477E-01,
    -2.3268542932676245E-01,
     1.2598345202348810E-01,
     1.2200333019399977E-01,
     1.1373117895618463E-01,
     1.1161352504822201E-01,
     1.2785096347818994E-01,
     1.2605695337259482E-01,
     1.2700993575026778E-01,
     1.1051986330057202E-01,
     1.1373618070524501E-01
  ],
  "coordination numbers": [
     5.6510525395404620E+00,
     3.9607211085851475E+00,
     3.1265395199632842E+00,
     3.0014170353220795E+00,
     3.1414145466963381E+00,
     1.9840421095365333E+00,
     3.9607563553258940E+00,
     1.9797072896157442E+00,
     9.9234762677794297E-01,
     9.9154031660393738E-01,
     9.9154473679272748E-01,
     9.9324462243743650E-01,
     9.9232557679902023E-01,
     9.9146855798292943E-01,
     9.9150608898962656E-01,
     3.9767589322061383E+00,
     3.9879593395733330E+00,
     2.9288658589586518E+00,
     9.9189712228315230E-01,
     9.9222300786892870E-01,
     9.9145251017544656E-01,
     9.9137370052285512E-01,
     9.9143439274028111E-01,
     1.0299061072452886E+00,
     3.9542920799014096E+00,
     4.0321725952016036E+00,
     1.9923344534744940E+00,
     9.9165936273852928E-01,
     9.9140376974336952E-01,
     9.9134834639337921E-01,
     9.9071572752670622E-01,
     9.9058251509188899E-01,
     3.9577428401970058E+00,
     4.3779450780763973E+00,
     1.9823183638133344E+00,
     3.9575607475298975E+00,
     3.9574670426512171E+00,
     9.9436698610676544E-01,
     9.9434338879370188E-01,
     9.9340999964621446E-01,
     9.9321361647230244E-01,
     9.9498412969380290E-01,
     9.9405374449469441E-01,
     9.9517067999862796E-01,
     9.9322346601954337E-01,
     9.9404705397297555E-01
  ]
}
