{
  "version":  "0.2.0",
  "energy":    -5.0819990529803538E-01,
  "charges": [
    -4.6834297473903597E-01,
    -4.7131270928873026E-01,
    -6.0344315972234219E-02
  ],
  "coordination numbers": [
     1.6662646339134453E+00,
     9.1284690136178881E-01,
     7.5398064570150147E-01
  ]
}
