{
  "version":  "0.2.0",
  "energy":    -1.3178333759761079E-01,
  "charges": [
    -4.7656801727931353E-02,
     2.6963484128715232E-01,
     2.6933827945796385E-01,
    -2.4603182705413384E-01,
    -2.4528449196305097E-01
  ],
  "coordination numbers": [
     3.5095935354256893E+00,
     1.2763198501980471E+00,
     1.2752392960564833E+00,
     9.7382053833743587E-01,
     9.7328643589277863E-01
  ]
}
