{
  "version":  "0.2.0",
  "energy":    -1.4808590897824339E+00,
  "charges": [
     4.3951622099439369E-01,
    -1.0611732106714714E-01,
     3.4527526010347176E-01,
     1.7513627368111828E-01,
    -1.0649058282723152E+00,
    -7.5746362660072686E-01,
    -1.0314409788387946E+00
  ],
  "coordination numbers": [
     5.4149408614284917E+00,
     2.8407317266605592E+00,
     3.3031890380457671E+00,
     4.3670561380452231E+00,
     9.9939663951404611E-01,
     3.6611591510791710E+00,
     2.8986201088436205E+00
  ]
}
