{
  "version":  "0.2.0",
  "energy":     3.0944845244853325E-01,
  "charges": [
     8.0346939563578201E-01,
    -3.1112888224746033E-01,
     4.1512283444006010E-02,
    -7.1097113126924377E-02,
    -6.9464681840647108E-02,
    -7.7164559278902561E-02,
     1.2221707784814527E-01,
     1.2174353134328808E-01,
    -7.7039180993280998E-02,
    -6.9940286285191985E-02,
    -7.3401653429397182E-02,
     4.3104507126603069E-02,
    -3.0934348847067084E-01,
     1.3594491354525468E-01,
     1.3723495476154152E-01,
     1.4048736644155746E-01,
     1.2395491724667582E-01,
     1.2407270455728794E-01,
     1.3999967019439730E-01,
     1.3450346734141763E-01,
     1.4416461695622529E-01,
    -1.7185837262186379E-01,
     1.0366864706457685E-01,
    -7.1638449396234705E-02,
     1.0528191991962593E-01,
    -3.1206789280459718E-01,
    -1.6720193091395685E-01,
    -3.2650710584908382E-01,
     1.1955622337036680E-01,
     1.3051241002557362E-01,
     1.3224983708300195E-01,
     1.1941744553957534E-01,
     1.1986852037950665E-01,
     1.3742084817505071E-01,
     1.3579399203915915E-01,
    -4.9755903643820254E-01,
     3.0577684211844713E-01,
    -5.0373101934106192E-02,
    -3.6213128268329275E-01,
     1.3178281746937143E-01,
     1.3199750000315674E-01,
     1.3218060868421894E-01
  ],
  "coordination numbers": [
     6.4140849944802998E+00,
     2.9465210535057951E+00,
     3.1460576532233429E+00,
     3.0102701365906759E+00,
     3.0221631466979968E+00,
     3.0140937442188767E+00,
     3.1296645455601046E+00,
     3.1320151388297646E+00,
     3.0141985966936415E+00,
     3.0213591858904723E+00,
     3.0105371142692823E+00,
     3.1624428197429220E+00,
     2.9566192010007013E+00,
     9.9240355459928242E-01,
     9.9306504125664397E-01,
     9.9289909791509423E-01,
     9.9324360369418585E-01,
     9.9323822836173825E-01,
     9.9289975697810195E-01,
     9.9306350134592947E-01,
     9.9275982143140507E-01,
     3.9607569873372031E+00,
     3.1654801769675247E+00,
     3.0034868641152528E+00,
     3.1605667391649765E+00,
     1.9880266246659115E+00,
     3.9605962825591350E+00,
     1.9889732911637967E+00,
     9.9235070593707686E-01,
     9.9153190236658340E-01,
     9.9149954398280027E-01,
     9.9326640533917487E-01,
     9.9234951481913036E-01,
     9.9150399637013642E-01,
     9.9157663399806406E-01,
     1.9913998143530804E+00,
     1.0039691611545232E+00,
     4.0330066540800260E+00,
     1.9917638089349232E+00,
     9.9131018199676735E-01,
     9.9131071155316164E-01,
     9.9121014191932666E-01
  ]
}
