{
  "version":  "0.2.0",
  "energy":    -6.8890736494289687E-02,
  "charges": [
     5.5852099519613096E-01,
    -1.8611625510408092E-01,
    -1.8615747139430891E-01,
    -1.8624726869774116E-01
  ],
  "coordination numbers": [
     2.9841683627880391E+00,
     9.9626674770228352E-01,
     9.9624635753018342E-01,
     9.9625233448670691E-01
  ]
}
