{
  "version":  "0.2.0",
  "energy":    -9.0938936807901194E-01,
  "charges": [
     7.0654915252306516E-01,
    -6.5250539238481675E-02,
    -1.7094703800707767E-01,
    -1.5928539237607531E-01,
    -5.9578657417196701E-02,
    -2.5738901684164178E-01,
     1.0596487140631938E-01,
     9.8426042547487935E-02,
     7.4306725636779591E-02,
     7.3466102566886238E-02,
     6.8252831785484969E-02,
     1.0893028831015095E-01,
     8.6625925964496114E-02,
     1.2249787143239349E-01,
    -1.9342657347315395E-01,
    -2.1442222424113266E-01,
     5.9192459840609835E-02,
    -4.0665019746265174E-01,
     9.4176455489802247E-02,
     1.0277574119232025E-01,
     7.9987776050679749E-02,
    -4.4195322198764320E-02,
    -3.7750079412586679E-01,
    -3.2668329731916546E-01,
    -1.7983196108147537E-01,
     1.1584556208732788E-01,
    -4.4183679305111906E-01
  ],
  "coordination numbers": [
     7.1838644257792490E+00,
     4.1360658927642904E+00,
     3.9833423486988710E+00,
     3.9753086062993628E+00,
     4.1149225960312421E+00,
     2.9288936498519753E+00,
     9.9325488749895907E-01,
     9.9158061381053741E-01,
     9.9140530368773039E-01,
     9.9179673443337890E-01,
     9.9171868580084865E-01,
     9.9150492441205262E-01,
     9.9061640790496064E-01,
     9.9290081161198440E-01,
     9.7308101599883923E-01,
     3.9577543299054119E+00,
     2.2897837699138899E+00,
     1.8627913438419315E+00,
     9.9182314166532848E-01,
     9.9101499938021220E-01,
     9.9195358012035051E-01,
     1.0623287438105411E+00,
     1.9811948459973907E+00,
     9.9800111518422696E-01,
     1.7674345174773203E+00,
     2.8425635893009256E+00,
     1.7952935214038366E+00
  ]
}
