{
  "version":  "0.2.0",
  "energy":    -4.0726656809974182E-01,
  "charges": [
     7.2110307034055565E-01,
    -1.9166826413597507E-01,
     1.0134641196031235E-01,
    -9.9452674868989122E-02,
     8.8501723425138248E-02,
    -3.4802294115229004E-01,
    -2.0308044795822613E-01,
    -3.1799580277835371E-01,
     9.1865847246016041E-02,
     1.1521216334907414E-01,
     1.2444469638632649E-01,
     9.7052974405752571E-02,
     9.0532925920596488E-02,
     1.0482045311946801E-01,
     1.0920086620256045E-01,
    -3.0756511637930467E-01,
     4.4143807672028537E-02,
    -9.8007177467008100E-02,
    -9.8764240897028024E-02,
    -9.9610940473529724E-02,
     1.1758088426126384E-01,
     1.1605163977706781E-01,
    -9.9406329608739186E-02,
    -9.8678407716975419E-02,
    -9.9013575850760802E-02,
     3.9495110920971015E-02,
    -3.0526299396849987E-01,
     1.3361940191535490E-01,
     1.0935366949796829E-01,
     1.0989971957654718E-01,
     1.0292473539264135E-01,
     1.0314427691003869E-01,
     1.1002053488063727E-01,
     1.0828504618096098E-01,
     1.3621514550650987E-01,
    -3.1844434823715340E-01,
     3.6235696958095048E-01,
    -3.3847111862035462E-01,
    -3.5862665749050032E-01,
    -8.6195542110174939E-02,
    -3.3892789929153627E-01,
     3.4866673590586095E-01,
    -3.3761723716140823E-01,
    -7.5386189223449890E-02,
    -3.3305303289644084E-01,
    -7.6084317406643398E-02,
     1.0544287554389417E-01,
     1.3357238053157905E-01,
     1.0581528743255715E-01,
     9.8511393143381532E-02,
     1.1776155857635962E-01,
     1.1864556191696811E-01,
     1.0634854452640000E-01,
     1.2948835200985762E-01,
     1.2791049167774290E-01
  ],
  "coordination numbers": [
     7.8764982904508525E+00,
     3.9603609940449314E+00,
     3.2374916513811947E+00,
     3.0179653273121261E+00,
     3.2757083316415221E+00,
     1.9924776300253200E+00,
     3.9603173637814422E+00,
     1.9871532341448646E+00,
     9.9214233904529703E-01,
     9.9179111842056944E-01,
     9.9141756147692295E-01,
     9.9314189938993991E-01,
     9.9217948824390323E-01,
     9.9154140590548323E-01,
     9.9155131248873918E-01,
     2.9913230389041425E+00,
     3.2772429896707358E+00,
     3.0111937297933862E+00,
     3.0221020803515009E+00,
     3.0137658286497366E+00,
     3.2035225734045918E+00,
     3.1961401213346994E+00,
     3.0138693819101547E+00,
     3.0217023888434307E+00,
     3.0111642132192102E+00,
     3.2238468488398047E+00,
     2.9816395059494880E+00,
     9.9455693270812962E-01,
     9.9305712766141419E-01,
     9.9285767168342964E-01,
     9.9318463799761858E-01,
     9.9318241138269769E-01,
     9.9286036874824912E-01,
     9.9305897420246847E-01,
     9.9346554557880484E-01,
     1.9832192291105493E+00,
     3.9707095375713743E+00,
     1.9694282292588206E+00,
     1.9760207280593551E+00,
     4.1734746419896371E+00,
     1.9892353096930080E+00,
     4.5385386229506137E+00,
     1.9895832061989802E+00,
     4.1530487392038280E+00,
     1.9893280476821031E+00,
     4.1263477647691058E+00,
     9.9194532583308259E-01,
     9.9155472778514575E-01,
     9.9105012606676635E-01,
     9.9194305074197597E-01,
     9.9166220358026980E-01,
     9.9151085587253096E-01,
     9.9181456868337481E-01,
     9.9183243218430572E-01,
     9.9176787754582652E-01
  ]
}
