{
  "version":  "0.2.0",
  "energy":    -3.5095487538159009E-01,
  "charges": [
     8.3488711918070546E-01,
    -3.5170528770396436E-01,
     3.9185695942680376E-01,
    -3.2576871035817789E-01,
    -3.3557533691441954E-01,
    -1.6237161786801280E-01,
     1.1051255639998581E-01,
    -3.6991934446862318E-01,
     1.4161324389944746E-01,
     1.2140806162018630E-01,
     1.3029360605411705E-01,
    -5.5196201463656980E-01,
     2.9625727400037327E-01,
     6.5335566194355099E-02,
     4.2107698849760289E-02,
    -3.3447094212423001E-01,
     4.4153393062802748E-02,
     6.6254961216777208E-02,
    -3.6066941752626158E-01,
     1.3007812623335546E-01,
     1.3984116122631488E-01,
     1.4739575412434300E-01,
     1.3044719011093467E-01
  ],
  "coordination numbers": [
     6.7149902380577062E+00,
     1.9400445569649412E+00,
     3.9569895168968365E+00,
     1.9675527209819954E+00,
     1.8672293516375840E+00,
     3.9583143532689160E+00,
     2.3236984240237586E+00,
     1.8918475284964895E+00,
     9.9142056342365237E-01,
     9.9202092386765717E-01,
     9.9188809472772643E-01,
     1.9897712025538503E+00,
     1.0006990504079996E+00,
     3.0735238494521715E+00,
     3.1260812382145273E+00,
     2.9387515357117913E+00,
     3.1033924217547852E+00,
     3.0740302548174361E+00,
     2.0146211772928098E+00,
     9.9252228865091396E-01,
     9.9253129915142058E-01,
     9.9228888218401590E-01,
     9.9253861035130875E-01
  ]
}
