{
  "version":  "0.2.0",
  "energy":    -3.2428168140728869E-01,
  "charges": [
     8.1200269143158910E-01,
    -1.7089470671704782E-01,
     1.0588135977256585E-01,
    -3.7108238904238183E-01,
     1.1213781501255712E-01,
     1.2933549830852364E-01,
     1.2805192642192856E-01,
    -1.0753788752182929E-01,
    -4.0279003198546826E-01,
     1.1266090366151291E-01,
     1.1383882482847266E-01,
     1.4490931090987741E-01,
     2.5217941282491374E-01,
    -9.5046200760260879E-02,
    -2.5730163225743574E-01,
    -2.1155090568384469E-01,
    -3.7584493609692599E-01,
     3.6130692347506554E-01,
    -3.4601879570414457E-01,
    -3.6568166649705125E-01,
    -2.2528389456993098E-01,
     7.3741312053842725E-02,
    -2.2673254525678649E-01,
    -2.2992415774844838E-01,
     1.0099323605989891E-01,
     1.1548433581577398E-01,
     1.3152176610755312E-01,
     1.0115438990096118E-01,
     1.2408854391979909E-01,
     1.2563112389188319E-01,
     1.0074939980056066E-01,
     1.2488400137346357E-01,
     1.1513697427081329E-01
  ],
  "coordination numbers": [
     7.7262409984659914E+00,
     3.9584789275689989E+00,
     2.3238039322315780E+00,
     1.9092360315328056E+00,
     9.9203430966085371E-01,
     9.9160181625537902E-01,
     9.9185434452457244E-01,
     3.9898028727638817E+00,
     2.9161633298704981E+00,
     9.9168039747559522E-01,
     9.9157690454176439E-01,
     9.9220233794239476E-01,
     1.0224426241730473E+00,
     2.4403473451479689E+00,
     1.8758199467798855E+00,
     1.8922416265324253E+00,
     1.9558526391754967E+00,
     3.9545786796693445E+00,
     1.8830913844219532E+00,
     1.9339875865519938E+00,
     3.9561039263604876E+00,
     3.9290258451605693E+00,
     3.9569434943354116E+00,
     3.9568085289933430E+00,
     9.9221759233244899E-01,
     9.9296303206728975E-01,
     9.9310394290289672E-01,
     9.9228077097615852E-01,
     9.9336780632998778E-01,
     9.9385322405395637E-01,
     9.9232362494036330E-01,
     9.9438335963790436E-01,
     9.9317450253581185E-01
  ]
}
