{
  "version":  "0.2.0",
  "energy":    -2.4671324224721394E-01,
  "charges": [
     5.4552155910454503E-01,
     1.6617711834596535E-03,
     3.0187275931891455E-01,
    -3.7927985272894510E-01,
    -3.1653783883893116E-01,
    -5.9242129324892923E-01,
     1.1756375292704993E-01,
     1.2170750189682711E-01,
     2.3753077155259950E-01,
     2.3358883911565143E-01,
    -2.9934336595013478E-01,
     6.2419128569322517E-02,
     3.3704885364199903E-02,
    -3.3612904647530656E-01,
     5.0368236410143069E-02,
     6.1537958752516726E-02,
    -3.6290006718024070E-01,
     1.2760066037167270E-01,
     1.2089156249268812E-01,
     1.4114831361436431E-01,
     1.2949376374853300E-01
  ],
  "coordination numbers": [
     5.0201450850682665E+00,
     4.2746014508658323E+00,
     3.4350198520041229E+00,
     1.0005768232755639E+00,
     1.9940618467403182E+00,
     3.9190312503208222E+00,
     9.9147400422088783E-01,
     9.9137592147454523E-01,
     1.0043550073515402E+00,
     9.9835387206501913E-01,
     9.9859221443924184E-01,
     3.0753564708952883E+00,
     3.1001560946316618E+00,
     2.9666228678114468E+00,
     3.3769133001756906E+00,
     3.0754923755336492E+00,
     2.0147923771046798E+00,
     9.9249770239320689E-01,
     9.9261508171686152E-01,
     1.0168505496514184E+00,
     9.9253951288771169E-01
  ]
}
