{
  "version":  "0.2.0",
  "energy":     3.9922097914781729E-01,
  "charges": [
     6.4637103713424127E-01,
    -1.6184626596088125E-01,
     1.0577882150731144E-01,
    -7.7700379505671657E-02,
     1.0016811368118272E-01,
    -3.3104696550342350E-01,
    -1.6518286878024768E-01,
    -3.3076477469097576E-01,
     1.2605683840053272E-01,
     1.3725101434241460E-01,
     1.4779835020248674E-01,
     1.2355091103935734E-01,
     1.2545134879160355E-01,
     1.4974162645640765E-01,
     1.2775678269788776E-01,
    -1.4928273945632675E-01,
    -2.1483962283969782E-01,
     5.6901665878907770E-02,
    -2.1723722302983328E-01,
    -2.1704342920602104E-01,
     1.3027794758695441E-01,
     1.3245371581697665E-01,
     1.3513029215054756E-01,
     1.2611277929077722E-01,
     1.2230581235257354E-01,
     1.2732995354604865E-01,
     1.2863648070708117E-01,
     1.3514067982207814E-01,
     1.2655260893219938E-01,
     1.2180625955943047E-01,
    -2.6762877092392512E-01
  ],
  "coordination numbers": [
     5.0815876705771927E+00,
     3.9607497556381865E+00,
     3.2685809957018268E+00,
     3.0159560319823937E+00,
     3.2236952721005139E+00,
     1.9897716449387897E+00,
     3.9604911054294814E+00,
     1.9949526385490417E+00,
     9.9237402740074465E-01,
     9.9150974849732965E-01,
     9.9149199507839736E-01,
     9.9324538999871947E-01,
     9.9234264450531739E-01,
     9.9154878646700606E-01,
     9.9147809613413251E-01,
     9.9890991078823177E-01,
     3.9567602881326485E+00,
     3.9427684497810871E+00,
     3.9565356172710295E+00,
     3.9577968723753028E+00,
     9.9256801714331377E-01,
     9.9279896312434257E-01,
     9.9321015697944048E-01,
     9.9245502830574317E-01,
     9.9291382965224173E-01,
     9.9292363971266084E-01,
     9.9259211089493693E-01,
     9.9328575523731732E-01,
     9.9289353235213529E-01,
     1.6702639533569785E+00,
     9.9944609532075557E-01
  ]
}
