{
  "version":  "0.2.0",
  "energy":     2.1268548955849145E+00,
  "charges": [
     1.1604440755971375E+00,
    -5.4259674564615679E-01,
     6.7925955255579762E-02,
     6.1973259929437141E-02,
    -4.7218596401544116E-01,
     6.1481331599394284E-02,
     6.7300932776270916E-02,
    -5.7702775085329883E-01,
     4.0670215155212314E-01,
     4.1886410009406783E-01,
     1.8892063225116307E-01,
     2.8241759632718971E-01,
     2.3627392289697477E-01,
     2.7638374200149146E-01,
     3.7666796439358763E-01,
     2.7543894385264628E-01,
     2.4543939460488931E-01,
     2.3497086696584146E-01,
     2.8755224082170633E-01,
     3.9116839401567960E-01,
     4.0226771403551592E-01,
    -3.5355886895024147E-01,
     5.0317611049444233E-01
  ],
  "coordination numbers": [
     6.5199003881353779E+00,
     3.9549629231980461E+00,
     4.7791535412161803E+00,
     4.3683824008879064E+00,
     3.9513399120019894E+00,
     4.6281262441428188E+00,
     4.2962634096662642E+00,
     3.9475011687263386E+00,
     9.9995762834111268E-01,
     1.0050136395611737E+00,
     1.3628855129843096E+00,
     9.8913845856581606E-01,
     9.9109976484798157E-01,
     9.9066640681577223E-01,
     1.0052621677212246E+00,
     9.8939315024806085E-01,
     1.0101313867318131E+00,
     9.9137075247523487E-01,
     9.9061940208152865E-01,
     9.9977071198012180E-01,
     1.0207628939759577E+00,
     1.9830717773672006E+00,
     1.0127058222733938E+00
  ]
}
