{
  "version":  "0.2.0",
  "energy":    -4.0154619623779253E-01,
  "charges": [
     7.3098873572196066E-01,
    -1.9926740920503649E-01,
     9.0749633145554592E-02,
    -9.7868500599751745E-02,
     9.5903111697349358E-02,
    -3.2516213822008044E-01,
    -1.9455209371863938E-01,
    -3.2969401537834808E-01,
     9.1828246423102750E-02,
     1.0993422360809865E-01,
     1.0749249618295549E-01,
     9.7785388874921830E-02,
     9.2756924108245833E-02,
     1.1416544486297403E-01,
     1.1530403590988063E-01,
     8.1853339794927760E-02,
    -4.4092641298107677E-01,
    -2.4676381273134959E-01,
     2.1658495536886230E-01,
    -3.7332515642606662E-01,
    -2.3728132336954186E-01,
    -2.3279326912811824E-01,
     1.0796568242704403E-01,
     9.2891628962839867E-02,
     1.0798466878691541E-01,
     9.7658223740126324E-02,
     1.1064072696222842E-01,
     1.4216792797411526E-01,
     9.6211494705959424E-02,
     1.4294045995519461E-01,
     1.2633862722458739E-01,
    -9.9581844903543187E-02,
    -1.0119366264197854E-01,
    -8.2608805831439952E-02,
     3.4250259952407214E-03,
    -8.7330570052772075E-02,
    -1.0307950759210190E-01,
     2.5198559859998526E-01,
    -3.6613771986523902E-01,
    -3.4394119071850915E-01,
     1.1001995426425559E-01,
     1.1174780739077700E-01,
     1.3373456091551811E-01,
     1.2413433879448776E-01,
     1.0974958322581282E-01,
    -7.3490596585725498E-01,
     2.6428617783960662E-01,
     2.5825844297475009E-01,
     2.5892593278256953E-01
  ],
  "coordination numbers": [
     7.6222763118171573E+00,
     3.9602088627298242E+00,
     3.2099099501364750E+00,
     3.0065076395223773E+00,
     3.2150824819394765E+00,
     1.9919210626970525E+00,
     3.9601258186401358E+00,
     1.9915128123275032E+00,
     9.9217989419256281E-01,
     9.9158103878609793E-01,
     9.9153494419196964E-01,
     9.9318946733227520E-01,
     9.9216993913220364E-01,
     9.9167301348963033E-01,
     9.9155862757189439E-01,
     1.9841539969249951E+00,
     1.0239358302998109E+00,
     3.9574645984024226E+00,
     4.4657975162697525E+00,
     1.9877740807897686E+00,
     3.9573007281906625E+00,
     3.9577884303504209E+00,
     9.9406887257124410E-01,
     9.9300938673398331E-01,
     9.9404618612394291E-01,
     9.9334465973764541E-01,
     9.9424754045076913E-01,
     9.9499493143555462E-01,
     9.9354455248192952E-01,
     9.9494668635572303E-01,
     9.9470003921636785E-01,
     3.0139003113182827E+00,
     3.0124721870755282E+00,
     3.0165233015007438E+00,
     3.0178080250117834E+00,
     3.0165124066138089E+00,
     3.0122567952272536E+00,
     3.8756922359445749E+00,
     1.9641604198105629E+00,
     1.9786798309321068E+00,
     9.9278254868193372E-01,
     9.9283186813718238E-01,
     9.9292044895702869E-01,
     9.9293284045921126E-01,
     9.9281844326367175E-01,
     3.9436222701661361E+00,
     1.0291313728961011E+00,
     1.0086626499894509E+00,
     1.0096892521840575E+00
  ]
}
