{
  "version":  "0.2.0",
  "energy":     1.6154768852922849E+00,
  "charges": [
     8.1422579041782361E-01,
    -5.3162887631313982E-01,
     5.0321433261451665E-02,
     2.5032584014110237E-02,
    -4.2895389040971410E-01,
     2.5202443145500575E-02,
     5.0193248475184915E-02,
    -5.2854831300708938E-01,
     3.4546258379437639E-01,
     3.5900706447070896E-01,
     2.1966199316905965E-01,
     2.3577341302939700E-01,
     2.1633506101493172E-01,
     2.0548400451280591E-01,
     2.9063516107104981E-01,
     2.1576023005695574E-01,
     2.0545914062492177E-01,
     2.2184918372147164E-01,
     2.3562426644113915E-01,
     3.6016107297851868E-01,
     3.4524680953849718E-01,
     1.9646079240879707E-01,
     6.7868684701358650E-02,
    -8.2565538083120893E-02,
    -1.1406834303499615E-01
  ],
  "coordination numbers": [
     6.2912148830505226E+00,
     3.9409926877612902E+00,
     4.1358843966934913E+00,
     4.1270379557288557E+00,
     3.9466691678467960E+00,
     4.1343690459364613E+00,
     4.1118383943334180E+00,
     3.9399393089893415E+00,
     1.0033426522717264E+00,
     1.0073843365230921E+00,
     9.9121087847562084E-01,
     9.9136662571146861E-01,
     9.9129738520387267E-01,
     9.9116165265349476E-01,
     1.0400949208141483E+00,
     9.9126271435510027E-01,
     9.9105606861081874E-01,
     9.9137052612599419E-01,
     9.9142880868379102E-01,
     1.0065159580784622E+00,
     1.0045013452521507E+00,
     3.7948631408676308E+00,
     1.0004598874687369E+00,
     1.9930351004981732E+00,
     1.9889004964425911E+00
  ]
}
