{
  "version":  "0.2.0",
  "energy":    -7.5771212354778378E-02,
  "charges": [
     5.7603640001047096E-01,
    -2.8802746171488708E-01,
    -2.8800893829558394E-01
  ],
  "coordination numbers": [
     1.9874926417902943E+00,
     9.9423591277230106E-01,
     9.9422891058688645E-01
  ]
}
