{
  "version":  "0.2.0",
  "energy":    -6.5109829505347577E-02,
  "charges": [
     5.2302365261742434E-01,
    -1.2119662915143890E-01,
    -1.8204427514326599E-01,
    -2.1978274832271949E-01
  ],
  "coordination numbers": [
     2.9883097777148908E+00,
     9.9936116760596683E-01,
     9.9821430250973098E-01,
     1.0015451631719632E+00
  ]
}
