{
  "version":  "0.2.0",
  "energy":     1.7829437570397428E+00,
  "charges": [
     1.9692267333019757E+00,
     1.0307732666980243E+00
  ],
  "coordination numbers": [
     9.0227315364077842E-01,
     9.0227315364077842E-01
  ]
}
