{
  "version":  "0.2.0",
  "energy":    -9.4883193711577024E-02,
  "charges": [
     4.5953633580690550E-01,
    -4.5953633580690550E-01
  ],
  "coordination numbers": [
     9.9854803483100785E-01,
     9.9854803483100785E-01
  ]
}
