{
  "version":  "0.2.0",
  "energy":    -6.5595184490247122E-02,
  "charges": [
     5.4653995892497687E-01,
    -6.1035970376648804E-02,
    -6.0961760990534408E-02,
    -2.1227449856084579E-01,
    -2.1226772899694785E-01
  ],
  "coordination numbers": [
     3.9538997017209123E+00,
     1.9814458644854618E+00,
     1.9814896198718808E+00,
     9.9911227839512939E-01,
     9.9911349929292737E-01
  ]
}
