{
  "version":  "0.2.0",
  "energy":    -1.0066863721961754E+00,
  "charges": [
     8.8032840104337540E-01,
    -3.5690554595076461E-03,
     2.9314073717383748E-01,
    -3.9420486070304939E-01,
    -3.4864840350878346E-01,
    -6.0786496902031095E-01,
     1.1579481935526048E-01,
     1.2110075952333464E-01,
     2.6394567112267697E-01,
     2.7763336250337439E-01,
    -1.8502404312063436E-01,
     2.1588665816667185E-01,
    -1.9980759319135399E-01,
    -1.0801758403780212E-01,
    -8.0602043545971669E-02,
     1.4705621749608291E-01,
    -4.3671969900163804E-01,
     1.8563651221024557E-01,
    -2.7944472341139803E-01,
    -2.3403491926313441E-01,
    -2.6706092739116855E-01,
    -1.1996161954507921E-01,
     1.7204836802629656E-01,
    -4.0761106542132436E-01
  ],
  "coordination numbers": [
     7.2958760928022004E+00,
     4.1008830426191549E+00,
     3.2602361502702326E+00,
     1.0003205477057611E+00,
     1.9911500717937427E+00,
     3.9062360499440851E+00,
     9.9139486804693888E-01,
     9.9121908013056181E-01,
     1.0073057987253540E+00,
     9.9681247985171062E-01,
     9.9896098865223681E-01,
     3.2936218347084161E+00,
     9.9891523110314751E-01,
     1.8412532117378975E+00,
     1.9905893512554220E+00,
     2.0192969709347146E+00,
     1.0063835082665102E+00,
     3.6208612756225591E+00,
     1.0016175703514527E+00,
     1.9415035149120641E+00,
     1.9459856577512014E+00,
     1.0119707477436188E+00,
     2.0313737167361010E+00,
     2.0057600202086139E+00
  ]
}
