{
  "version":  "0.2.0",
  "energy":    -1.0488044661215090E+00,
  "charges": [
     7.5259413313788714E-01,
    -1.1594146194843276E-01,
    -1.1421687558026750E-01,
    -8.7863092947398747E-02,
     1.4774694042093417E-03,
    -9.4318295930261808E-02,
    -1.1737555440856523E-01,
     2.6009353181751971E-01,
    -3.5290987672045743E-01,
    -3.4230188182700161E-01,
     9.3133115981120534E-02,
     9.7618320993788255E-02,
     1.2913556911325805E-01,
     1.2537872366982925E-01,
     9.6117709001805357E-02,
     1.8653657809655322E-01,
    -3.2892865682105726E-01,
    -2.8506027762995984E-01,
    -2.3465787594853255E-01,
    -1.1466060902134086E-01,
    -1.0386836811310111E-01,
    -7.3665224912373123E-02,
     1.6533552277919708E-02,
    -8.7221006910223581E-02,
    -1.1678459059987108E-01,
     3.5488984033373672E-01,
    -3.5523909837603590E-01,
    -5.0232179282824163E-01,
     9.5267993604511048E-02,
     1.1115586347560150E-01,
     1.6672347295870801E-01,
     1.3189352700414744E-01,
     9.6532232794185463E-02,
     3.0472464150629519E-01,
    -3.9799607222726463E-01,
     2.3699124864602880E-01,
    -1.1429603323461285E-01,
    -1.1757806005321922E-01,
    -9.0594126386384310E-02,
     1.2718013655211122E-02,
    -8.1739225853052738E-02,
    -1.0713913734781264E-01,
     2.9274099010695842E-01,
    -4.3968063555615405E-01,
    -3.5475839695278938E-01,
     9.4760123781552463E-02,
     9.5339710703776837E-02,
     1.2727201299710966E-01,
     1.4366844550661056E-01,
     1.0781940756608804E-01
  ],
  "coordination numbers": [
     7.7793207649036393E+00,
     3.0134522432238615E+00,
     3.0125608648434987E+00,
     3.0163129129808777E+00,
     3.0181433473732024E+00,
     3.0161557965763244E+00,
     3.0123475271151392E+00,
     3.8968278868461148E+00,
     1.9752126067479905E+00,
     1.9819587885966161E+00,
     9.9272220135912548E-01,
     9.9278043610523969E-01,
     9.9291550583522525E-01,
     9.9288373585331779E-01,
     9.9275847587532517E-01,
     3.6878397257553628E+00,
     1.0017047822849925E+00,
     1.9603239950605893E+00,
     1.9544141055554434E+00,
     3.0117742468792414E+00,
     3.0141844471360324E+00,
     3.0141735050458758E+00,
     3.0167603059842891E+00,
     3.0149109582860971E+00,
     3.0129788500574302E+00,
     4.7428817268142538E+00,
     1.9943553181824925E+00,
     1.9928362117883696E+00,
     9.9266875008743494E-01,
     9.9275284214227355E-01,
     9.9228953950881582E-01,
     9.9300390730197385E-01,
     9.9266191167874851E-01,
     9.9350789741872259E-01,
     2.9324927611523837E+00,
     9.9627870495079129E-01,
     3.0130404416428815E+00,
     3.0118785893946916E+00,
     3.0166992538460908E+00,
     3.0154744703801395E+00,
     3.0154254680171206E+00,
     3.0116863830575866E+00,
     3.1237545844780845E+00,
     1.0006508067932982E+00,
     1.9953488264257171E+00,
     9.9268272668721558E-01,
     9.9268294041914640E-01,
     9.9283144412183688E-01,
     9.9289525793180378E-01,
     9.9266874500428326E-01
  ]
}
