{
  "version":  "0.2.0",
  "energy":    -3.0090434176385300E-01,
  "charges": [
     6.9107095651108730E-01,
    -9.3360024437509945E-02,
    -3.1916429011976721E-01,
     2.5659057577262984E-01,
    -2.4634132860429103E-01,
    -1.0616022188200284E-01,
    -2.4764550408317398E-01,
    -1.0455760381483280E-01,
     1.1343503479431957E-01,
     1.0131210374381361E-01,
     1.1264537754353666E-01,
     1.3934872856844754E-01,
     1.1501395063892383E-01,
     1.1581029435617513E-01,
     1.3873358505520006E-01,
     1.1979246664001636E-01,
     1.1221107880626430E-01,
    -1.9164731498996140E-01,
    -8.8191235749558755E-02,
    -9.0171377751466802E-02,
    -8.3806637352019028E-02,
     1.0925473286279193E-02,
    -6.4903426382191515E-02,
    -8.7666444519298323E-02,
     2.5301547886733172E-01,
    -3.0902284583182377E-01,
    -4.2512851385820682E-01,
     1.2008846943954164E-01,
     1.2098952357475143E-01,
     1.2509146215392178E-01,
     1.5816984206405804E-01,
     1.2467016370778021E-01,
     2.5753142804454177E-01,
     2.3389669600888313E-02,
    -3.7339034395016613E-01,
    -1.4782228067541753E-01,
     1.5382469811151236E-01,
    -3.8468096727933276E-01
  ],
  "coordination numbers": [
     6.4450241699327186E+00,
     4.1587544198466215E+00,
     1.9895608443403585E+00,
     4.1939937746104441E+00,
     2.8897605721911530E+00,
     4.1541904392601268E+00,
     2.8851909181381536E+00,
     4.1444458635902368E+00,
     9.9177806935702240E-01,
     9.9117479042289425E-01,
     9.9186378731345659E-01,
     9.9223946435116606E-01,
     9.9158370330731760E-01,
     9.9165634191487850E-01,
     9.9230213178143245E-01,
     9.9170824053330620E-01,
     9.9162811001038875E-01,
     1.0083126999054732E+00,
     3.0147783505286210E+00,
     3.0120796549141930E+00,
     3.0148159589583274E+00,
     3.0193805149112691E+00,
     3.0178191964008496E+00,
     3.0123905524082915E+00,
     3.1627136412900967E+00,
     1.9692073365273881E+00,
     1.9896700708636734E+00,
     9.9282359683164412E-01,
     9.9294547014196155E-01,
     9.9279256329812959E-01,
     9.9280391880920327E-01,
     9.9293006911700665E-01,
     9.9133708684307820E-01,
     1.0401180233155269E+00,
     1.9890133531958458E+00,
     1.0112302781978766E+00,
     2.0529888604416886E+00,
     1.9983041801569312E+00
  ]
}
