{
  "version":  "0.2.0",
  "energy":    -1.4320081634673440E-01,
  "charges": [
     8.8519090874794382E-01,
    -2.2008554006458725E-01,
    -2.2070907118029348E-01,
    -2.2173675746325344E-01,
    -2.2265954003980964E-01
  ],
  "coordination numbers": [
     3.9793936519908630E+00,
     9.9870507245539031E-01,
     9.9870551058844637E-01,
     9.9872340371305501E-01,
     9.9872147408301704E-01
  ]
}
