{
  "version":  "0.2.0",
  "energy":     3.0742421056393848E-01,
  "charges": [
     8.2389028077179494E-01,
    -1.4086187775692946E-01,
    -1.2963648877148948E-01,
     1.2600997603955333E-01,
    -3.3941585934256602E-01,
     1.4982944996911815E-01,
     1.6791060351800594E-01,
     1.4574381219112847E-01,
     1.2859397036543252E-01,
    -2.6276585256921198E-01,
     9.4222115862755279E-02,
     5.1712359001250811E-02,
    -3.3517316675941722E-01,
     7.1763058894733445E-02,
     9.4687644827212342E-02,
    -3.1941338703940936E-01,
     1.5986357343734015E-01,
     1.4021891478857093E-01,
     1.6841460955593535E-01,
     1.6239728388256666E-01,
    -1.9899311627763333E-01,
     2.0211219689311921E-01,
    -3.5887334302310897E-01,
    -2.1113027337860063E-01,
    -2.0106777038503915E-01,
     1.3102427064675945E-01,
     1.4766642697947338E-01,
     1.4440695559696115E-01,
     1.3150957219433146E-01,
     1.4000219995806185E-01,
     1.3627732119706032E-01,
     1.3194156901108761E-01,
     1.4637437406160286E-01,
     1.5116135060119365E-01,
    -2.6071068216364629E-01,
     6.8468622525410541E-02,
    -2.5816069530340796E-01
  ],
  "coordination numbers": [
     5.9211323274762977E+00,
     9.8772201181834074E-01,
     3.9581390775751046E+00,
     2.0092296698725178E+00,
     1.9285513953661617E+00,
     9.9183198436956754E-01,
     9.9159024674579843E-01,
     9.9181590964453648E-01,
     1.0005492611740934E+00,
     1.6291247649167770E+00,
     3.0741395236794569E+00,
     3.0989123978143889E+00,
     2.9330342128635083E+00,
     3.1313591820891586E+00,
     3.0739083213689780E+00,
     2.0153943236234753E+00,
     9.9256537839135550E-01,
     9.9264097908607241E-01,
     9.9271020175060087E-01,
     9.9254140502288735E-01,
     3.9577496642860313E+00,
     4.2938671369168127E+00,
     1.9828867347574191E+00,
     3.9573506914539829E+00,
     3.9573541565950441E+00,
     9.9347816611034823E-01,
     9.9427201798385045E-01,
     9.9432942443594730E-01,
     9.9344955132238688E-01,
     9.9417384859831515E-01,
     9.9465341480209091E-01,
     9.9349791194274140E-01,
     9.9455694965650654E-01,
     9.9412089483382982E-01,
     1.9968466643078173E+00,
     2.1692734066011568E+00,
     1.0051935860219059E+00
  ]
}
