{
  "version":  "0.2.0",
  "energy":     1.7741149576561948E+00,
  "charges": [
     1.6471691209014154E+00,
     6.2014858646336801E-01,
     7.3268229263521667E-01
  ],
  "coordination numbers": [
     1.9618957467844709E+00,
     9.6819977726911066E-01,
     9.9462896495943998E-01
  ]
}
