{
  "version":  "0.2.0",
  "energy":    -3.3698914624736409E-01,
  "charges": [
     6.7931507598807439E-01,
     5.0196126825246198E-03,
     2.9719977433613665E-01,
    -3.6990877184255733E-01,
    -3.2665359721694509E-01,
    -5.8567932544133250E-01,
     1.2589919873162916E-01,
     1.2826297628032521E-01,
     2.6308212658809083E-01,
     2.5221750880631599E-01,
     7.2414301761855482E-02,
     5.2911449030500740E-02,
    -3.1931131003902530E-01,
     5.0331405927239156E-02,
     7.3140311791262402E-02,
    -3.5456940844999613E-01,
     1.3717247433361970E-01,
     1.5553427383543533E-01,
     1.4239222840500393E-01,
     1.3672764023312128E-01,
     8.7371928864853204E-02,
    -3.7618230317130064E-01,
    -1.6025233871688549E-01,
     1.0128383891789500E-01,
    -3.4762602943817411E-01,
     1.2576474256218295E-01,
     1.3553218634340666E-01,
     1.2497947401365744E-01,
     4.6606442627032119E-02,
    -3.5297588774394556E-01
  ],
  "coordination numbers": [
     6.1399449686415775E+00,
     4.0783597925538784E+00,
     3.2331697395498074E+00,
     1.0003689831634217E+00,
     1.9901577107174981E+00,
     3.9186374007392510E+00,
     9.9159132621045121E-01,
     9.9140302542695125E-01,
     1.0083525625385219E+00,
     9.9820419696127161E-01,
     3.0758350274660549E+00,
     3.1025515369996262E+00,
     2.9275112045462146E+00,
     3.1039939106341041E+00,
     3.0757532546400776E+00,
     2.0147024743702611E+00,
     9.9254237485738894E-01,
     9.9251201803468447E-01,
     9.9260682701970815E-01,
     9.9254011081899307E-01,
     1.9770886386888460E+00,
     1.0073228820106817E+00,
     3.9574193593605225E+00,
     2.0458654798683868E+00,
     1.9218340207215165E+00,
     9.9196167863623508E-01,
     9.9047926906792405E-01,
     9.9193539567160105E-01,
     1.0322755765255058E+00,
     1.9841687493372087E+00
  ]
}
