{
  "version":  "0.2.0",
  "energy":    -3.1494152241869372E-01,
  "charges": [
     5.8953806650654550E-01,
    -4.3857109408433914E-01,
     2.4784098479587205E-01,
    -7.5383913217029619E-01,
     2.6128574090640505E-01,
     2.7855605079751566E-01,
     2.4869489079952758E-01,
    -2.2668586056257861E-01,
     2.5065248048121447E-01,
    -1.3448474757205350E-01,
    -1.4813453524613385E-01,
    -9.5261978677189316E-02,
    -3.6084437062768487E-01,
     3.3681926363911852E-01,
    -2.6239686159929820E-01,
    -1.1720091227625934E-01,
    -2.6544901688071854E-01,
    -9.6664085777490250E-02,
     1.0617348907635252E-01,
     9.9018613172215747E-02,
     1.0500290890008168E-01,
     1.0614480592300360E-01,
     1.0234977052303368E-01,
     1.1886266646706155E-01,
     1.1658176191560214E-01,
     1.2137262198585985E-01,
     1.1444009215216104E-01,
     3.0181672448826552E-02,
    -3.3398328501635532E-01
  ],
  "coordination numbers": [
     7.7765875904241764E+00,
     2.7495456298527818E+00,
     1.0178432869883789E+00,
     3.9376938556226015E+00,
     1.0001408035854409E+00,
     1.2767343549429979E+00,
     9.9852462193213665E-01,
     9.9888289164097177E-01,
     3.9413071296511717E+00,
     1.9011791392928910E+00,
     1.6684419415830209E+00,
     4.1594712651109393E+00,
     1.9892470710554120E+00,
     5.1010761336527732E+00,
     2.9259202479663555E+00,
     4.1257505507737431E+00,
     2.9373128128674164E+00,
     4.2234946902092148E+00,
     9.9136433624875497E-01,
     9.9042187704317630E-01,
     9.9104794535110319E-01,
     9.9173935757871678E-01,
     9.9087482562146345E-01,
     9.9148878938067320E-01,
     9.9187066285342951E-01,
     9.9172567615147234E-01,
     9.9169588274440734E-01,
     1.9278131890623369E+00,
     2.2423881027501782E+00
  ]
}
