{
  "version":  "0.2.0",
  "energy":    -4.8993735706228564E-01,
  "charges": [
    -8.3153515839754499E-01,
    -8.7548783608201119E-02,
    -8.0916057994254109E-02
  ],
  "coordination numbers": [
     1.4687389302214902E+00,
     1.3599379481888905E+00,
     1.4071680515806442E+00
  ]
}
