{
  "version":  "0.2.0",
  "energy":    -1.1290711558873437E-01,
  "charges": [
     6.8954367990161236E-01,
    -2.2984897198645207E-01,
    -2.2995014680303677E-01,
    -2.2974456111212349E-01
  ],
  "coordination numbers": [
     2.9904091629544993E+00,
     9.9834560112879611E-01,
     9.9834957428907511E-01,
     9.9834709288379120E-01
  ]
}
