{
  "version":  "0.2.0",
  "energy":     3.4312217810233847E-01,
  "charges": [
     8.2759476501273510E-01,
     1.9143738598191892E-01,
    -1.9906655694066944E-01,
    -2.4734859253066352E-01,
    -2.6093102993729017E-01,
    -1.0442636605497169E-01,
     9.7312876381973445E-02,
     5.3975841604539540E-02,
    -3.5672371772586176E-01,
     6.9380178014562865E-02,
     1.0056530185278731E-01,
    -3.1332770626272727E-01,
     1.6381436519935358E-01,
     1.3617558849760852E-01,
     1.6507120265538885E-01,
     1.6764521895198986E-01,
    -2.0169773230345217E-01,
     2.1301546716038550E-01,
    -4.0149167767751459E-01,
    -1.9616120553444810E-01,
    -2.0559980015746321E-01,
     1.4670336730628847E-01,
     1.3547603784069948E-01,
     1.4373274025183042E-01,
     1.3695501228761589E-01,
     1.4837225737399126E-01,
     1.5650330555399805E-01,
     1.3801114340549736E-01,
     1.5305377013616037E-01,
     1.4197855965573722E-01
  ],
  "coordination numbers": [
     6.0498049728107137E+00,
     3.6984868078569351E+00,
     1.0014362043982938E+00,
     1.9642591408572869E+00,
     1.9718648266648771E+00,
     9.9583351930351416E-01,
     3.0706248363964956E+00,
     3.1618024335949926E+00,
     2.9708601975138444E+00,
     3.1356429017145615E+00,
     3.0709084640203885E+00,
     2.0158202582881533E+00,
     9.9256746257465700E-01,
     9.9251220446313759E-01,
     9.9269418945944388E-01,
     9.9254718512714479E-01,
     3.9577948177637321E+00,
     4.3961840120292868E+00,
     1.9915763104038176E+00,
     3.9576209727605374E+00,
     3.9575576320494941E+00,
     9.9446749419679925E-01,
     9.9364353396833760E-01,
     9.9450454796184395E-01,
     9.9351097539018252E-01,
     9.9421839735869177E-01,
     9.9465919755494792E-01,
     9.9346645910062747E-01,
     9.9424018778862333E-01,
     9.9411106633602309E-01
  ]
}
