{
  "version":  "0.2.0",
  "energy":    -7.6389524995507635E-02,
  "charges": [
     4.7969600823603237E-01,
     1.0010579136507254E-01,
    -2.2990133182031822E-01,
    -6.5127254631321851E-02,
    -2.8477321314946480E-01
  ],
  "coordination numbers": [
     3.7131864373715224E+00,
     2.6874733485264040E+00,
     1.9802787285630714E+00,
     1.9403823573101793E+00,
     9.9741343522806680E-01
  ]
}
