{
  "version":  "0.2.0",
  "energy":    -6.7910090769399245E-01,
  "charges": [
     1.7946918927693423E-01,
    -1.1794691892769342E+00
  ],
  "coordination numbers": [
     9.7683918819068172E-01,
     9.7683918819068172E-01
  ]
}
