{
  "version":  "0.2.0",
  "energy":    -1.7397551393866459E-01,
  "charges": [
     2.0438107358588919E-01,
    -2.2758288814290295E-01,
     6.0270771330734785E-01,
    -5.7950589875033409E-01
  ],
  "coordination numbers": [
     2.8781760292105032E+00,
     1.8855250547822751E+00,
     2.7197956283361373E+00,
     1.9241630815991835E+00
  ]
}
