{
  "version":  "0.2.0",
  "energy":     1.5927192615408847E+00,
  "charges": [
     7.5469906191716962E-01,
    -6.5311382199398249E-02,
     1.7214127834370663E-01,
    -3.5114115409756308E-01,
     2.0402150110118161E-01,
     2.0397956908119425E-01,
     2.0940291463048744E-01,
     1.6551805552196019E-01,
    -1.3553197919119597E-01,
    -1.5320193120146985E-02,
    -7.6880020993038478E-02,
    -7.6720881512716166E-02,
    -2.8431694734971313E-02,
    -3.0639578661906125E-01,
     1.7671824907455175E-01,
     1.7259829541713864E-01,
     1.8422829317356562E-01,
     1.9536146835028792E-01,
     1.9224609497272602E-01,
     1.8690706518631800E-01,
     1.6268694753789159E-01,
     1.5614689137526969E-01,
    -1.5286942991518337E-02,
    -7.6851147904544059E-02,
    -7.7351986260172145E-02,
    -2.7696645476594173E-02,
    -3.0732565846836668E-01,
     1.7334195943696745E-01,
     1.6852846992169271E-01,
     1.8700710204445320E-01,
     1.9400185798833045E-01,
     1.9351476539184756E-01,
     1.8336153067117594E-01,
     1.6841002527177149E-01,
     1.5542407715959955E-01
  ],
  "coordination numbers": [
     4.2684776786829364E+00,
     3.9563319148968921E+00,
     2.0272883613787522E+00,
     1.9809899851301154E+00,
     9.9101164615622306E-01,
     9.9101575148935517E-01,
     9.9097289658048293E-01,
     1.8175162921878911E+00,
     9.9947575821429790E-01,
     4.0912738840531535E+00,
     3.9820570042805539E+00,
     3.9802225560077247E+00,
     4.0733661542392765E+00,
     2.9317183368298663E+00,
     9.9162239590278389E-01,
     9.9170562772817572E-01,
     9.9161524568459125E-01,
     9.9174382199706468E-01,
     9.9173845373560710E-01,
     9.9156034132943915E-01,
     9.9166704403482164E-01,
     9.9155834150653366E-01,
     4.1350877002023587E+00,
     3.9786630598631350E+00,
     3.9832377530609762E+00,
     4.0434522627538136E+00,
     2.9321007569701063E+00,
     9.9170610494051914E-01,
     9.9144315996925325E-01,
     9.9155421233857233E-01,
     9.9174218144306892E-01,
     9.9173838582327711E-01,
     9.9161888491287353E-01,
     9.9161922580156237E-01,
     9.9186100147385314E-01
  ]
}
