{
  "version":  "0.2.0",
  "energy":    -2.6496165834985650E+00,
  "charges": [
     4.2617630860304345E-02,
    -1.5018196115452800E+00,
    -1.5024979759105699E+00,
    -1.0383000434044547E+00
  ],
  "coordination numbers": [
     2.9354480692280571E+00,
     9.7238302441534685E-01,
     9.7265644781081928E-01,
     9.9473233460348354E-01
  ]
}
