{
  "version":  "0.2.0",
  "energy":    -4.3198677299886190E-02,
  "charges": [
     3.1233352892856270E-01,
    -3.1233352892856270E-01
  ],
  "coordination numbers": [
     9.9598493038269353E-01,
     9.9598493038269353E-01
  ]
}
