{
  "version":  "0.2.0",
  "energy":    -1.3629270238338278E+00,
  "charges": [
     4.5617396546363720E-01,
    -9.2893067268726870E-02,
    -1.3904005702681275E+00,
    -4.4231711572519772E-01,
    -5.3056321220158520E-01
  ],
  "coordination numbers": [
     3.7905311192950801E+00,
     2.8251934419507787E+00,
     9.5772238244556718E-01,
     1.9864896793948725E+00,
     1.9083920995455577E+00
  ]
}
