{
  "version":  "0.2.0",
  "energy":     2.8693149983847066E-01,
  "charges": [
     8.3605494215734311E-01,
    -7.5841517460904495E-01,
     2.8847030005783103E-01,
     2.7035673880977606E-01,
     2.7674058967221915E-01,
    -1.8245726651144334E-01,
     2.9846820835283255E-03,
    -4.0985315395014149E-01,
     1.3224369300012923E-01,
     1.3109434605945935E-01,
     1.3998997243695663E-01,
     1.3370168594685664E-01,
     1.4317691580503419E-01,
    -2.3477049257185884E-02,
    -1.9128439322223378E-01,
    -2.1710822596776391E-01,
    -6.3252170369395955E-02,
    -3.0831187991385955E-01,
     2.6927935403756859E-01,
    -2.6270863605625483E-01,
    -8.2757720967616910E-02,
    -2.7649181215900770E-01,
    -9.3266411882200084E-02,
     1.4244161167235786E-01,
     1.2879101135006785E-01,
     1.4270125831902652E-01,
     1.4924141060334886E-01,
     1.3390334552028399E-01,
     1.4427777685637333E-01,
     1.3198949921109487E-01,
     1.3933448552563460E-01,
     1.3261027574125822E-01
  ],
  "coordination numbers": [
     6.8507738397678484E+00,
     3.9358584232159277E+00,
     1.0097451882511921E+00,
     1.0080408562320180E+00,
     9.9776963955115150E-01,
     3.9545189085193391E+00,
     4.0436542419838535E+00,
     1.9922681878388930E+00,
     9.9175344060628134E-01,
     9.9132720195345936E-01,
     9.9142265373053373E-01,
     9.9082935528141647E-01,
     9.9098382342304170E-01,
     2.6981146213249660E+00,
     1.9776155075848756E+00,
     1.9619373242917524E+00,
     4.1371759202190805E+00,
     1.9878820554529053E+00,
     4.0894100866435199E+00,
     2.8822032897987500E+00,
     4.1267151667937689E+00,
     2.9345400891803193E+00,
     4.1423294270271063E+00,
     9.9209507872604341E-01,
     9.9149499155066501E-01,
     9.9213932191016063E-01,
     9.9216933675468155E-01,
     9.9174411140261132E-01,
     9.9175085594073931E-01,
     9.9223844314518583E-01,
     9.9183756951438617E-01,
     9.9175248348858513E-01
  ]
}
