{
  "version":  "0.2.0",
  "energy":     2.8070025422104633E-01,
  "charges": [
     4.1135911590825214E-01,
     2.5172183651651397E-01,
    -4.6291580176973685E-01,
    -1.9238913583708867E-01,
     9.9222398518205934E-01
  ],
  "coordination numbers": [
     3.9322819296526887E+00,
     1.7559944486122898E+00,
     1.9981082481431693E+00,
     1.9783186732544813E+00,
     3.6795826392623718E+00
  ]
}
