{
  "version":  "0.2.0",
  "energy":    -4.2123254326743298E-02,
  "charges": [
     2.9329829211517966E-01,
     1.0202766057906550E-01,
    -3.9532595269424514E-01
  ],
  "coordination numbers": [
     1.9701122458599407E+00,
     1.8219301331092792E+00,
     1.8483675572514970E+00
  ]
}
