{
  "version":  "0.2.0",
  "energy":     2.5828420259390772E-01,
  "charges": [
     5.9681259608771753E-01,
    -5.6968414515408117E-01,
    -3.0954190957261429E-02,
    -3.3865439617946524E-02,
    -4.1769577271303621E-01,
    -2.9759883793474218E-02,
    -2.4609078737510059E-02,
    -5.7589999859086727E-01,
     2.4211550637337612E-01,
     2.4405773736365904E-01,
     1.1511142386530200E-01,
     1.1987968108427299E-01,
     1.2394356202749596E-01,
     1.1212692729399609E-01,
     2.4361353876853822E-01,
     1.3464176749804219E-01,
     1.1098135310042090E-01,
     1.1523574384874610E-01,
     1.2106054467549862E-01,
     2.6262612366897081E-01,
     2.4556259323603588E-01,
    -1.3249489092224467E-03,
     2.6814471034657045E-01,
    -3.3850974598867095E-01,
    -3.4432988622636962E-01,
    -5.8488704006129399E-01,
     1.2623994583943307E-01,
     1.2888354664868401E-01,
     2.5065825701226185E-01,
     2.5294453739857281E-01,
    -9.7163242435194183E-02,
    -4.1002465074547795E-01,
     1.2546686653678435E-01,
     1.2995785810102076E-01,
     1.4702056552054313E-01,
     2.4162263763446298E-01
  ],
  "coordination numbers": [
     7.5898873236058799E+00,
     3.9087519515598448E+00,
     4.0793549049626687E+00,
     4.1360110211618526E+00,
     3.9391054175372284E+00,
     4.1735818530149427E+00,
     4.1802951235904118E+00,
     3.9340489358245900E+00,
     9.9779219031381849E-01,
     1.0225849778911682E+00,
     9.9103144030812995E-01,
     9.9158272388714597E-01,
     9.9116222258781228E-01,
     9.9062076432498358E-01,
     1.1155453332707044E+00,
     9.9165550941003833E-01,
     9.9077637278192832E-01,
     9.9093471618536189E-01,
     9.9140117906528147E-01,
     1.0989631014283523E+00,
     9.9768934943358456E-01,
     4.1315199877434132E+00,
     3.9686992966126038E+00,
     1.8832198454309728E+00,
     1.9781594807046190E+00,
     3.7447663767066262E+00,
     9.9214470960775891E-01,
     9.9173233664883487E-01,
     9.9634428028822608E-01,
     9.9677451758350166E-01,
     4.0701951973197055E+00,
     2.9188404852141812E+00,
     9.9150018243666693E-01,
     9.9156478036045481E-01,
     9.9475379837615296E-01,
     9.9560179466109044E-01
  ]
}
