{
  "version":  "0.2.0",
  "energy":     2.2685857005025332E+00,
  "charges": [
     1.0090386420447541E+00,
    -1.3848133598030868E-01,
     2.6741010381246766E-01,
    -8.9899555763391925E-03,
     6.2739580468051281E-02,
     5.4390381880720318E-02,
     3.8868514898482864E-02,
     6.8611956021125631E-02,
     1.9765130117570140E-02,
     5.3637861537787546E-02,
     2.8500417597655031E-01,
    -2.7734144643538139E-01,
    -3.2339479805383542E-01,
     2.7233197574875034E-01,
     2.6804664917974952E-01,
     2.4431254254329232E-01,
     2.1990656462329633E-01,
     2.6601198548557686E-01,
     3.1284119710495073E-01,
     6.4930164314743521E-02,
     6.0675556050724166E-02,
     1.5743731284910847E-01,
    -3.6499024291923698E-01,
     1.2573553407475455E-01,
     4.6982593930464139E-02,
     2.7017187265796344E-01,
     2.6343360340611288E-01,
     2.4413758776582853E-01,
     1.8097482389542910E-01,
     2.5580146857684694E-01
  ],
  "coordination numbers": [
     6.3207261404136057E+00,
     9.9917871129311031E-01,
     1.8762165391310308E+00,
     9.9966442715204362E-01,
     3.0122946439304945E+00,
     3.0000842886642642E+00,
     3.0137440203019716E+00,
     3.0106732401220428E+00,
     3.0083386819362987E+00,
     3.0011529659912801E+00,
     3.6967778812796981E+00,
     1.9982393294788432E+00,
     2.8673644452755527E+00,
     9.9203032212390863E-01,
     9.9259189697146244E-01,
     9.9273665083055018E-01,
     9.9251110472806214E-01,
     9.9254543308050369E-01,
     9.9068403380577408E-01,
     3.0183236079765408E+00,
     3.0033082362212316E+00,
     3.1516015417402254E+00,
     3.0033759012770238E+00,
     3.7650668776411917E+00,
     3.0003472115359804E+00,
     9.9194472342024032E-01,
     9.9219592441696314E-01,
     9.9231571907858029E-01,
     1.1821274103445552E+00,
     9.9233548488938172E-01
  ]
}
