{
  "version":  "0.2.0",
  "energy":    -2.2085342123151239E+00,
  "charges": [
     6.0339150725109780E-01,
    -1.3113129945218049E+00,
    -9.8450955051989464E-01,
    -1.3075689622093982E+00
  ],
  "coordination numbers": [
     2.9342446464089740E+00,
     9.9947065502487575E-01,
     9.3992491379334275E-01,
     9.9953769171005469E-01
  ]
}
