{
  "version":  "0.2.0",
  "energy":     8.4521273162646593E-01,
  "charges": [
     8.7127966187840955E-01,
     2.0297924495482535E-03,
     1.1266905456720422E+00
  ],
  "coordination numbers": [
     9.9908696119461915E-01,
     1.7457437508665032E+00,
     7.4739891867254826E-01
  ]
}
