{
  "version":  "0.2.0",
  "energy":    -4.1906897714819225E-01,
  "charges": [
     7.8951174001844970E-01,
    -1.9661190689882879E-01,
     9.0328774705146220E-02,
    -9.2333607030695708E-02,
     9.1461372219471482E-02,
    -3.1237149782317286E-01,
    -1.9252976724128890E-01,
    -3.4837794354092511E-01,
     9.3110781402284903E-02,
     1.0953395280457565E-01,
     1.1105963804861313E-01,
     9.8324903722852741E-02,
     9.2666722578416821E-02,
     1.1123201699350355E-01,
     1.1821060971568037E-01,
    -3.1531914088797608E-01,
     3.9915250256187251E-02,
    -9.1878260576307325E-02,
    -9.8925736480148241E-02,
    -9.9802310578836151E-02,
     1.1280257135241062E-01,
     1.1282733971060388E-01,
    -9.9421539945912740E-02,
    -1.0109283159699822E-01,
    -1.0105514181111286E-01,
     2.1599777716133806E-02,
    -3.2669965972406112E-01,
     1.4903227985063872E-01,
     1.1419568697963695E-01,
     1.1062862321271991E-01,
     1.0225475748583363E-01,
     1.0296876875767719E-01,
     1.0881422359802703E-01,
     1.0565506938086175E-01,
     1.2425858540768508E-01,
     5.6717799141858705E-02,
    -4.4080510515443594E-01,
    -1.7459232324746299E-01,
     9.0952499994785940E-02,
    -3.6404954061070449E-01,
     1.2295574030682632E-01,
     1.0717599103080458E-01,
     1.3337115753015338E-01,
    -2.1116183279344558E-01,
    -5.7161296303654630E-02,
    -4.1921158212272858E-01,
     9.4560307792617704E-02,
     1.0962093632775381E-01,
     1.2000624002701850E-01,
     1.0551438716394085E-01,
     1.2311656633856816E-01,
     2.4265902073571888E-01,
    -1.7364306793876066E-01
  ],
  "coordination numbers": [
     7.0892872112035112E+00,
     3.9602290087003080E+00,
     3.1018762351954079E+00,
     2.9981352975112108E+00,
     3.1024890470945516E+00,
     1.9732172158610100E+00,
     3.9601989048936534E+00,
     1.9667087256121922E+00,
     9.9215056697428139E-01,
     9.9166662685184725E-01,
     9.9144464732585025E-01,
     9.9317404322597902E-01,
     9.9216913014471064E-01,
     9.9154183806136142E-01,
     9.9154449584930138E-01,
     2.8647162215301778E+00,
     3.0980547645969656E+00,
     3.0115020436622730E+00,
     3.0208655904241501E+00,
     3.0148723740076848E+00,
     3.0858641645343186E+00,
     3.0857675453995368E+00,
     3.0146058222530945E+00,
     3.0207160281943173E+00,
     3.0114732771039057E+00,
     3.0922946944797181E+00,
     2.8491109963843941E+00,
     9.9252720216659540E-01,
     9.9304432167225265E-01,
     9.9284902680825482E-01,
     9.9318480891947036E-01,
     9.9318979711380440E-01,
     9.9283892515318239E-01,
     9.9301078368596585E-01,
     9.9237970806600995E-01,
     1.9132156836161887E+00,
     1.0008989176593763E+00,
     3.9582027115270808E+00,
     2.1313862626014259E+00,
     1.6979701775256197E+00,
     9.9166473253577347E-01,
     9.9197561016643743E-01,
     9.9170876627270399E-01,
     3.9546278176649654E+00,
     3.9629638548661541E+00,
     2.8594929968864173E+00,
     9.9160429439902220E-01,
     9.9148083749460092E-01,
     9.9154359723090923E-01,
     9.9119256438673098E-01,
     9.9180929188692879E-01,
     1.0062525994017690E+00,
     9.8337451268228993E-01
  ]
}
