{
  "version":  "0.2.0",
  "energy":     7.9460528216471604E-01,
  "charges": [
     9.8180789555121817E-01,
    -1.9748622992778331E-01,
     2.0356078708724817E-01,
    -4.1052372851538033E-01,
    -2.0168391155012377E-01,
    -1.9573281848731849E-01,
     1.3924573930681267E-01,
     1.4413445479983333E-01,
     1.4651017863208526E-01,
     1.3972702897913816E-01,
     1.4305691890570893E-01,
     1.4092021881390421E-01,
     1.3998880134915789E-01,
     1.4959958575338198E-01,
     1.4759870930061580E-01,
    -5.7230289223826469E-01,
     3.3441949423268014E-01,
    -5.2553459670767688E-02,
    -3.1182235454897411E-01,
     2.8040610781662489E-01,
    -2.8832328692231091E-01,
    -8.2953262200491262E-02,
    -2.8230519783589569E-01,
    -8.4009321651151325E-02,
     1.4932028964371280E-01,
     1.4164855417369504E-01,
     1.5172890967242583E-01,
     1.4503206146326447E-01,
     1.4616750406364237E-01,
     1.4210579211442775E-01,
     1.3834536086252563E-01,
     1.4542263283202278E-01,
     1.3971220878741686E-01,
    -4.4468718383883721E-02,
    -5.4944616495212026E-02,
    -5.6307273737471616E-02,
     1.6135127526790798E-02,
    -6.1497480303259799E-02,
    -4.8412613643888547E-02,
     2.5320075396007097E-01,
    -3.6454431364117956E-01,
    -4.1069107086396933E-01,
     1.6704211204022809E-01,
     1.6031440050831411E-01,
     1.5206613935078339E-01,
     1.4560447250429953E-01,
     1.6583900149893846E-01,
     2.6990130908635762E-01
  ],
  "coordination numbers": [
     5.7749456040323572E+00,
     3.9576704018805886E+00,
     4.2314899087879034E+00,
     1.9915113974280860E+00,
     3.9575804046271568E+00,
     3.9576110364636605E+00,
     9.9357754523937380E-01,
     9.9419636423389690E-01,
     9.9416054039645108E-01,
     9.9353605239183196E-01,
     9.9410079774398774E-01,
     9.9417201759238072E-01,
     9.9353561754568176E-01,
     9.9427417662477513E-01,
     9.9416425014309251E-01,
     1.9921057792979511E+00,
     1.0076997047674858E+00,
     4.1378145956004087E+00,
     1.9871377515174622E+00,
     4.1227645411251572E+00,
     2.9398555183454693E+00,
     4.1352514159748726E+00,
     2.9120725742774241E+00,
     4.1347201162500404E+00,
     9.9211144025828091E-01,
     9.9158545369805484E-01,
     9.9220337327765051E-01,
     9.9225117077954739E-01,
     9.9176260372445846E-01,
     9.9191275778088794E-01,
     9.9225540465671358E-01,
     9.9183814245351787E-01,
     9.9168080605701014E-01,
     3.0150893101185394E+00,
     3.0110215123252235E+00,
     3.0178692958517876E+00,
     3.0179484811425050E+00,
     3.0145866864261048E+00,
     3.0107715294893147E+00,
     3.0703906169458746E+00,
     1.9817627001173754E+00,
     1.9916383748864073E+00,
     9.9284988227174242E-01,
     9.9294683600141376E-01,
     9.9293854394804892E-01,
     9.9244623714779312E-01,
     9.9297369237810962E-01,
     9.9309536092806994E-01
  ]
}
