{
  "version":  "0.2.0",
  "energy":    -1.2124288356646762E-01,
  "charges": [
     6.8957596757802442E-01,
    -3.4469593302816859E-01,
    -3.4488003454985583E-01
  ],
  "coordination numbers": [
     1.9956254021023749E+00,
     9.9829469797997739E-01,
     9.9831537007781090E-01
  ]
}
