{
  "version":  "0.2.0",
  "energy":    -2.5344968214623464E-01,
  "charges": [
     7.2702752821141714E-01,
     1.8697406781944587E-01,
    -2.1651123476056822E-01,
    -2.0693173761126193E-01,
    -2.0898080232766172E-01,
    -7.2461778242284480E-01,
     3.0268231571900861E-01,
     3.2122399553851233E-01,
     2.8498997036505780E-01,
    -3.6363672398442026E-01,
     5.0627082111112021E-01,
    -2.8849956050904180E-01,
    -3.1652676043110650E-01,
    -3.4640967176567455E-03
  ],
  "coordination numbers": [
     7.0715655800078672E+00,
     3.6914210296201420E+00,
     1.0015085265604213E+00,
     1.9706442626496292E+00,
     1.9612855679960131E+00,
     3.9385209776843357E+00,
     1.0048614566594951E+00,
     1.0215471378163059E+00,
     1.0033015610906677E+00,
     1.0027855852829575E+00,
     3.9108889611981690E+00,
     1.9898991064602685E+00,
     1.9900654626481913E+00,
     9.9084756182410416E-01
  ]
}
