{
  "version":  "0.2.0",
  "energy":     8.2420119432709904E-01,
  "charges": [
     9.2924239731422564E-01,
     1.9035169503272359E-01,
    -1.9303251140294442E-01,
    -2.6208956286815943E-01,
    -2.3578763384861928E-01,
    -3.2921923674715914E-01,
     9.1507061162562409E-02,
    -2.6152846254978379E-02,
    -2.8709721947213052E-02,
    -4.6890099938907026E-02,
     1.3310014904335582E-01,
     1.2954296104122534E-01,
    -4.9046895719643158E-02,
    -3.3770532016485055E-02,
    -3.8954344961330850E-02,
     5.6540636557930436E-02,
    -3.4884992058999359E-01,
     1.8573450802909175E-01,
     1.8078224646920171E-01,
     1.8051905077999639E-01,
     1.5092668751420296E-01,
     1.5076935627154753E-01,
     1.7727908308754753E-01,
     1.7038279299803408E-01,
     1.6128274490890054E-01,
     1.6684112877148394E-01,
    -2.8789485265197634E-01,
    -1.5379893151828083E-01,
    -2.6481192273674597E-02,
    -4.0449684580005363E-01,
     1.6480213742392613E-01,
     1.7450819023267045E-01,
     1.5177897963366660E-01,
     1.7335504924678430E-01,
     1.5286751839248430E-01,
     2.5469800615453803E-01,
     1.8332778835527355E-01,
    -2.1757778731549152E-01,
    -2.1253478012570770E-02,
    -2.3774463051459888E-02,
     6.4612941639125815E-02,
    -2.7139212976295901E-01,
     7.9212910724334756E-02,
    -2.4609855924783819E-02,
     1.8338472084483676E-01,
     1.7868980509872129E-01,
     1.8069599031509892E-01,
     1.8616608163548382E-01,
     1.7869535815546445E-01,
    -3.0276521996109962E-01,
     1.0300420932591313E-01,
    -1.3805412359256872E-01
  ],
  "coordination numbers": [
     7.8791522196540100E+00,
     3.7245796961927091E+00,
     1.0014445648692574E+00,
     1.9689645648229401E+00,
     1.9790234668923761E+00,
     2.9819060090912508E+00,
     3.2217288888614881E+00,
     3.0103341330135338E+00,
     3.0208956265343332E+00,
     3.0139367171790967E+00,
     3.1769128672788529E+00,
     3.1613546575449902E+00,
     3.0134308792084950E+00,
     3.0206842724861360E+00,
     3.0096720371944690E+00,
     3.1573211961564036E+00,
     2.9651642988557798E+00,
     9.9356006724758217E-01,
     9.9303093881730398E-01,
     9.9286614795001871E-01,
     9.9323284643063836E-01,
     9.9322842450430926E-01,
     9.9285581179226590E-01,
     9.9302196183022673E-01,
     9.9278737037906328E-01,
     3.0134574526010631E+00,
     1.9047441247322530E+00,
     3.9550559973038784E+00,
     3.9702602878211311E+00,
     2.9223407706849347E+00,
     9.9174126206154156E-01,
     9.9170057521208577E-01,
     9.9143209496250062E-01,
     9.9220813136802555E-01,
     9.9151212987417559E-01,
     1.0156812851280081E+00,
     1.9208854446680599E+00,
     1.0001844856050006E+00,
     3.0218642889492378E+00,
     3.0093136247158343E+00,
     3.0480076004979049E+00,
     3.0180111481938798E+00,
     3.0351778377118981E+00,
     3.0095851112510896E+00,
     9.9272489847716727E-01,
     9.9299796543721541E-01,
     9.9248779606858406E-01,
     9.9283336309230563E-01,
     9.9296900987382042E-01,
     2.0021201234110837E+00,
     2.1080882956842801E+00,
     1.0049453384528881E+00
  ]
}
