{
  "version":  "0.2.0",
  "energy":    -3.7392161618015152E-01,
  "charges": [
     8.8720155815405821E-01,
    -7.9248391145199792E-01,
     2.5327104832799774E-01,
     2.5734929059548439E-01,
     2.7514697564350254E-01,
    -7.2467207431422875E-02,
    -4.5154968453697403E-01,
     1.0732546646998284E-01,
     1.0522369012800295E-01,
     1.0758800739215299E-01,
    -6.0530650844094758E-01,
     2.5386688068618413E-01,
     2.8496217998098156E-01,
    -7.6858654956459785E-02,
    -4.6030982268280324E-01,
     1.0781967455562268E-01,
     1.0523332137128215E-01,
     9.9582035540573655E-02,
     2.3968446579272523E-02,
    -4.0956278592449308E-01
  ],
  "coordination numbers": [
     5.4005139065652807E+00,
     3.9229559787818964E+00,
     9.9898622294055883E-01,
     9.9833233997985449E-01,
     1.0210096131879371E+00,
     4.0232192272693972E+00,
     1.9926054210482427E+00,
     9.9050336072419487E-01,
     9.9040156296154702E-01,
     9.9054113032832980E-01,
     2.9105976516635179E+00,
     9.9517327571857361E-01,
     1.4038399536194950E+00,
     4.0297524582400941E+00,
     1.9895967053165329E+00,
     9.9043077581302441E-01,
     9.9045605024418837E-01,
     9.8974938734488127E-01,
     1.9752991412385059E+00,
     1.0207305902208148E+00
  ]
}
