{
  "version":  "0.2.0",
  "energy":    -4.8744481657674621E-01,
  "charges": [
     8.7640795926741599E-01,
    -1.4096334693391091E-02,
     2.9054415606373551E-01,
    -3.8956858820898116E-01,
    -3.3444421209341957E-01,
    -5.9436688868522480E-01,
     1.0494793366090061E-01,
     1.1178989169172211E-01,
     2.2344466683095193E-01,
     2.3994296731265122E-01,
    -2.8488504876871673E-01,
    -5.9873980235916544E-03,
    -8.9014193985030174E-02,
    -8.7151108388304657E-02,
    -9.0737989688607620E-02,
     7.5400362509673954E-02,
     1.0936246434264624E-01,
    -9.3145560063879029E-02,
    -9.2714618276930810E-02,
    -9.8267608213809990E-02,
     2.8470258908150442E-02,
    -3.5015431611707887E-01,
     1.2746844222459294E-01,
     1.1431464971057760E-01,
     1.1940813231275782E-01,
     1.1154652286904988E-01,
     1.0781495504984415E-01,
     1.1574203579801295E-01,
     1.1232559149803947E-01,
     1.1804126699263724E-01,
    -3.6916388233823050E-01,
     6.4832525464971424E-01,
    -3.3021981745174039E-01,
    -3.9766593208370071E-01,
    -7.4305805077104026E-01,
     2.8203542686516847E-01,
     2.5873694741378028E-01,
     2.8007627499845877E-01,
    -2.0957311675161866E-01,
    -2.2067459542693103E-02,
    -4.0589118281867265E-01,
     9.4952893104008826E-02,
     1.2565895687221293E-01,
     1.1228782955923886E-01,
     1.0673303913053993E-01,
     1.0639442732818001E-01
  ],
  "coordination numbers": [
     7.8091943337117398E+00,
     4.0328222800152957E+00,
     3.2137178646576956E+00,
     1.0003345934330197E+00,
     1.9912101810970597E+00,
     3.8936979849488615E+00,
     9.9138171514727436E-01,
     9.9157330124954957E-01,
     9.9814400981633788E-01,
     1.0214614596483242E+00,
     3.8853663028093548E+00,
     3.1343301191157700E+00,
     3.0086490098548762E+00,
     3.0101913934817937E+00,
     3.0093770083901576E+00,
     3.1480952104619160E+00,
     3.1819283178698532E+00,
     3.0111552923411020E+00,
     3.0187822194968694E+00,
     3.0064950422408812E+00,
     3.2914512210538085E+00,
     2.9929980463121328E+00,
     9.9307158754016545E-01,
     9.9278530467591963E-01,
     9.9315513088201435E-01,
     9.9280784479450634E-01,
     9.9322920809835491E-01,
     9.9280319028086872E-01,
     9.9320239535839061E-01,
     9.9511547962026548E-01,
     1.9504141115354328E+00,
     5.0374123912515802E+00,
     1.9286329531430164E+00,
     9.9929832646126648E-01,
     3.9088439059892561E+00,
     1.0142508757624631E+00,
     9.9715983400341202E-01,
     1.0031332320190245E+00,
     3.9553306980880514E+00,
     4.0722560207812535E+00,
     1.9920395762295326E+00,
     9.9158661203945897E-01,
     9.9150048911158262E-01,
     9.9137805319033667E-01,
     9.9072747289054242E-01,
     9.9037379474810461E-01
  ]
}
