{
  "version":  "0.2.0",
  "energy":    -1.8883367889267050E-01,
  "charges": [
     9.8532386741789613E-01,
    -2.1701568812850586E-01,
    -2.1023217621910523E-01,
    -2.7920504957214398E-01,
    -2.7887095349814112E-01
  ],
  "coordination numbers": [
     3.9642015318051307E+00,
     9.9173060510205335E-01,
     9.9219834780155480E-01,
     9.9799766011793523E-01,
     9.9791488692972230E-01
  ]
}
