{
  "version":  "0.2.0",
  "energy":    -7.3665135767232492E-02,
  "charges": [
     5.8934707882979942E-01,
    -1.4718750732124986E-01,
    -1.4713126879993471E-01,
    -1.4735506528920414E-01,
    -1.4767323741941063E-01
  ],
  "coordination numbers": [
     3.9737394233897847E+00,
     9.9732055874214431E-01,
     9.9732966633460141E-01,
     9.9723445434763835E-01,
     9.9721905875928041E-01
  ]
}
