{
  "version":  "0.2.0",
  "energy":     3.8890109354337710E-01,
  "charges": [
     5.7062262400562758E-01,
    -3.2330410235802376E-01,
     4.6572105444785405E-02,
    -7.2477350580938960E-02,
    -6.5710525716747237E-02,
    -7.5200382309159319E-02,
     1.2382613148953267E-01,
     1.2329790053353008E-01,
    -7.4271079504642817E-02,
    -6.3961453300274723E-02,
    -6.5589784205400473E-02,
     4.1366048066224952E-02,
    -3.2583156672625502E-01,
     1.3314809580590031E-01,
     1.3864510864192092E-01,
     1.4502259297774359E-01,
     1.2804400830603568E-01,
     1.2801245878226253E-01,
     1.4599621823946399E-01,
     1.4289417315720168E-01,
     1.3497775683441321E-01,
    -7.3958564590017373E-01,
     2.7533675694995252E-01,
     2.7406967086275208E-01,
     2.7130198572228575E-01,
    -4.5721507593703338E-02,
    -3.6780463410996056E-01,
     1.3365155496045722E-01,
     1.2582563313961470E-01,
     1.3684720838557504E-01
  ],
  "coordination numbers": [
     4.7523293483500657E+00,
     2.9954807823581158E+00,
     3.3097704149012008E+00,
     3.0102254492952945E+00,
     3.0215625863882591E+00,
     3.0138186773957427E+00,
     3.2419682069584814E+00,
     3.2138385247582208E+00,
     3.0139955272615904E+00,
     3.0219469738405511E+00,
     3.0100888038387268E+00,
     3.1676882286238133E+00,
     2.9691459806426810E+00,
     9.9571422598150239E-01,
     9.9304678344477182E-01,
     9.9289372651436736E-01,
     9.9322073707064185E-01,
     9.9321185576174198E-01,
     9.9289880004719144E-01,
     9.9305715584170606E-01,
     9.9247199437903610E-01,
     3.9332013118428453E+00,
     9.9965783010331943E-01,
     1.0023309183006273E+00,
     1.0293068554604918E+00,
     4.0846957281299225E+00,
     1.9933300663057310E+00,
     9.9028982522440412E-01,
     9.8977169352515393E-01,
     9.9044744369512738E-01
  ]
}
