{
  "version":  "0.2.0",
  "energy":     1.4709151818457831E+00,
  "charges": [
     9.3863874041986017E-01,
    -1.5150641716011537E-01,
    -1.7568799277620561E-02,
    -4.4362991352293618E-01,
     1.8273766423750371E-01,
     1.3655677488327125E-01,
     1.2999105873534172E-01,
     1.7859143288059648E-01,
     1.7947083417810991E-01,
     2.9578487774467271E-01,
    -1.8951149147930724E-02,
    -8.2271959155002905E-02,
    -8.0471957255752125E-02,
    -1.6860643086775068E-02,
    -3.1787863302032598E-01,
     1.6653422907421531E-01,
     1.5829968567423652E-01,
     1.7897028289421851E-01,
     1.9047590388603741E-01,
     1.9103337519340266E-01,
     1.8117389066756517E-01,
     1.6541836130892901E-01,
     1.6608724441340966E-01,
     9.7130004087360167E-03,
    -6.9037950326377717E-03,
     8.4014023944497640E-02,
    -3.5828028703438181E-01,
     1.0443701348545287E-01,
     2.2889669710088045E-03,
     2.1721863418840986E-01,
     2.0112732366865615E-01,
     1.4012125328275224E-01,
     1.8714514779302374E-01,
     2.0925968812878099E-01,
    -5.3536953539938958E-01,
     3.6171639330189970E-01,
    -5.6918678881457996E-01,
     3.1321303344947959E-01,
     3.2886104309338010E-01
  ],
  "coordination numbers": [
     6.3846405603681688E+00,
     4.3259439553773378E+00,
     4.1263704082070900E+00,
     2.9511558688862980E+00,
     9.9136707837050153E-01,
     1.0235985580936147E+00,
     1.0143400790254669E+00,
     9.9176495211071547E-01,
     9.9175590054534979E-01,
     1.0009023198785698E+00,
     4.1786823565458064E+00,
     3.9820361763879832E+00,
     3.9801364623539506E+00,
     4.1576059231626985E+00,
     2.9412103280391779E+00,
     9.9146068546683175E-01,
     9.9196285695385278E-01,
     9.9161211442426023E-01,
     9.9177467572464018E-01,
     9.9176534009975992E-01,
     9.9159169315252793E-01,
     9.9167256936307524E-01,
     9.9246732751769606E-01,
     3.0214538264341595E+00,
     3.0070951529514698E+00,
     3.4136309269220746E+00,
     2.9989353069478923E+00,
     3.2405973116328344E+00,
     3.0076953085136351E+00,
     9.9257678825152329E-01,
     9.9284445525234144E-01,
     9.9870798372718728E-01,
     9.9304542186178235E-01,
     9.9278805857506658E-01,
     1.9904633037788892E+00,
     1.0265032546564301E+00,
     2.9524801519815398E+00,
     9.9625705559848576E-01,
     1.0045190621046212E+00
  ]
}
