{
  "version":  "0.2.0",
  "energy":    -3.1230669062583205E-02,
  "charges": [
     4.0666582360941128E-01,
    -1.3567511761786527E-01,
    -1.3532160043617605E-01,
    -1.3566910555536993E-01
  ],
  "coordination numbers": [
     2.9817646019796893E+00,
     9.9571877924829355E-01,
     9.9576311132278228E-01,
     9.9570401697686250E-01
  ]
}
