{
  "version":  "0.2.0",
  "energy":    -8.2195048400591497E-02,
  "charges": [
     5.3182678008999840E-01,
    -5.3182678008999840E-01
  ],
  "coordination numbers": [
     9.9123843283218083E-01,
     9.9123843283218083E-01
  ]
}
