{
  "version":  "0.2.0",
  "energy":     1.7614916956964870E+00,
  "charges": [
     2.1059057904295693E+00,
     8.9409420957043073E-01
  ],
  "coordination numbers": [
     9.9847506453641621E-01,
     9.9847506453641621E-01
  ]
}
