{
  "version":  "0.2.0",
  "energy":     2.1636344396985505E+00,
  "charges": [
     7.3540140964341072E-01,
    -5.5382766609687706E-01,
     2.0688220142528024E-02,
     6.4359275855139231E-03,
    -4.3371283042159908E-01,
     6.4234281173422003E-03,
     2.0836812955301820E-02,
    -5.5382150918155026E-01,
     2.9414678246142578E-01,
     3.2350538617170832E-01,
     1.7766833635341758E-01,
     2.0796062996270842E-01,
     1.9124798154997219E-01,
     1.7603206674008076E-01,
     2.6799897088672653E-01,
     1.9120284116185501E-01,
     1.7632438731649258E-01,
     1.7761468760038246E-01,
     2.0803255001093737E-01,
     3.2363554055445909E-01,
     2.9403523063947734E-01,
    -3.2778648049888925E-01,
     1.0271011087615450E-01,
     2.6866438040235696E-02,
     3.7733386352065523E-02,
     3.0406626230731759E-03,
     1.6005331788922669E-01,
     1.6005442817435600E-01,
     3.0350726803247130E-03,
     3.7719810748724103E-02,
     2.6833062253520112E-02,
     1.0263181790169665E-01,
    -3.2785935061222909E-01,
     1.7697653019693468E-01,
     2.3838257502498109E-01,
     2.4897618642859631E-01,
     2.0425994203795805E-01,
     2.0426070059749055E-01,
     2.4896967915662280E-01,
     2.3836695591274734E-01,
     1.7694597006269655E-01
  ],
  "coordination numbers": [
     6.4052370764848412E+00,
     3.9261795147863090E+00,
     4.0850095936299766E+00,
     4.1646818894925364E+00,
     3.9435611076952135E+00,
     4.1628188422145715E+00,
     4.0864733081133986E+00,
     3.9263730061775854E+00,
     1.0018671614624468E+00,
     9.9944691572254118E-01,
     9.9204521753819108E-01,
     9.9131475688188964E-01,
     9.9116930973419848E-01,
     9.9112721374587043E-01,
     1.0218529778080416E+00,
     9.9117163180167989E-01,
     9.9113462579143174E-01,
     9.9204404978687766E-01,
     9.9130985606005773E-01,
     9.9947293179249730E-01,
     1.0018472816114201E+00,
     3.0036699684144050E+00,
     3.2996928417420994E+00,
     3.0041183209498783E+00,
     3.0189682617222813E+00,
     3.0074854226638612E+00,
     3.2785133259837025E+00,
     3.2785260490589199E+00,
     3.0074822507156584E+00,
     3.0189694843171839E+00,
     3.0041165135323951E+00,
     3.2998785590407005E+00,
     3.0036826653436464E+00,
     9.9303740780003125E-01,
     9.9257765145150056E-01,
     9.9230883357121513E-01,
     9.9282674709585272E-01,
     9.9282659268196038E-01,
     9.9230861390993486E-01,
     9.9257762959270135E-01,
     9.9303862608808657E-01
  ]
}
