{
  "version":  "0.2.0",
  "energy":    -1.1832440943002098E+00,
  "charges": [
     8.6697380451404005E-01,
    -1.1127563702517289E-02,
     2.5814994832416116E-01,
    -4.1360510996057531E-01,
    -2.6718797019495083E-01,
    -5.7126288710919904E-01,
     1.3219082850270958E-01,
     1.0712222758107880E-01,
     2.4371354746368612E-01,
     2.6664373367876082E-01,
    -7.5398894080472745E-01,
     2.6396066131529738E-01,
     2.8355321592471788E-01,
     2.8308174350112564E-01,
    -2.1133120321161275E-01,
    -4.7661884929216691E-02,
    -3.9983866117221883E-01,
     8.5310839848885628E-02,
     1.0856637630624308E-01,
     1.3800028839445760E-01,
     1.0018043756772653E-01,
     1.3820870074134084E-01,
     2.8618240993535188E-01,
    -1.1485299285427736E-01,
    -2.6130358003176135E-01,
    -2.1263730865578553E-01,
    -2.0548089838740694E-01,
     1.2455617863549190E-01,
    -3.9658706179415559E-01,
    -7.3703641703998324E-01,
     2.7778206481749224E-01,
     2.5891430117879222E-01,
     2.8017578547019401E-01,
     2.2463760402813465E-01,
    -4.4044121585695178E-01,
    -3.0022070938915824E-01,
    -1.8509644572759415E-02,
    -3.6483064806243037E-01
  ],
  "coordination numbers": [
     7.6867482616363123E+00,
     3.9748416898583843E+00,
     2.9988690446347812E+00,
     1.0006235769323872E+00,
     1.9890731930444261E+00,
     3.8815734543045579E+00,
     9.9158019605543579E-01,
     9.9147076506223275E-01,
     1.0176946200682906E+00,
     1.0031481137314691E+00,
     3.9040938228181057E+00,
     1.0001321418449161E+00,
     1.0139370910731333E+00,
     9.9683861250772843E-01,
     3.9548146724206816E+00,
     4.0002957962130159E+00,
     2.9448614591571056E+00,
     9.9156701746458253E-01,
     9.9135554975847739E-01,
     9.9181878571904036E-01,
     9.9087761922996531E-01,
     9.9206817491553245E-01,
     1.0557184680823575E+00,
     2.0752351393784432E+00,
     1.0027360077748835E+00,
     1.9692859578195101E+00,
     1.0112925005362001E+00,
     2.0479844617693042E+00,
     1.9990084324807942E+00,
     3.9158867675784865E+00,
     1.0258034381319110E+00,
     9.9896224684439261E-01,
     1.0001178758107816E+00,
     2.9219543373054115E+00,
     1.0275178514291596E+00,
     9.8497894663490104E-01,
     1.0438589047247770E+00,
     1.9866366187527973E+00
  ]
}
