{
  "version":  "0.2.0",
  "energy":    -3.5693258009473494E-01,
  "charges": [
     9.5100152343026845E-01,
     3.3372128559425295E-03,
     3.0805051071813461E-01,
    -3.6577125901188823E-01,
    -3.4758242037661491E-01,
    -6.0097299620501243E-01,
     1.2065291321187960E-01,
     1.2283805902501363E-01,
     2.4495931890935124E-01,
     2.6665769629257996E-01,
    -5.4073252325717858E-02,
    -4.1633170628229405E-01,
     1.2302951066393850E-01,
     1.2107315809416996E-01,
     1.2568884009268352E-01,
    -3.4329050560762303E-01,
     4.0234646163578880E-01,
    -3.3360387068871672E-01,
    -3.2800919443188364E-01
  ],
  "coordination numbers": [
     7.1165510688870359E+00,
     4.1487573433192608E+00,
     3.3436585237511069E+00,
     1.0002718010757450E+00,
     1.9949062141321328E+00,
     3.9423991888028045E+00,
     9.9153062876477271E-01,
     9.9156605470909209E-01,
     1.0035450838304323E+00,
     1.0695412300526668E+00,
     4.0593730545256950E+00,
     1.9924672098308456E+00,
     9.9112415324531966E-01,
     9.9113257613604944E-01,
     9.9126571264765051E-01,
     1.9763354521203969E+00,
     3.9705433228998590E+00,
     1.9815835118890108E+00,
     1.9814843484546643E+00
  ]
}
