{
  "version":  "0.2.0",
  "energy":    -1.3956251275450765E-01,
  "charges": [
     6.2471235231835709E-01,
    -6.2471235231835709E-01
  ],
  "coordination numbers": [
     9.9937830758626767E-01,
     9.9937830758626767E-01
  ]
}
