{
  "version":  "0.2.0",
  "energy":    -4.5947259863818243E-03,
  "charges": [
     1.4094872734526309E-01,
    -3.5243441889818566E-02,
    -3.5230566732266100E-02,
    -3.5239348829761180E-02,
    -3.5235369893417232E-02
  ],
  "coordination numbers": [
     3.7532424425572453E+00,
     9.4104985001902275E-01,
     9.4157338707097615E-01,
     9.4129421872542807E-01,
     9.4130035910465981E-01
  ]
}
