{
  "version":  "0.2.0",
  "energy":     8.0437892603955130E-01,
  "charges": [
     9.3389309890537975E-01,
    -5.8478428354719347E-01,
     3.6898419184072662E-03,
     7.3650863342837325E-03,
    -5.9368787380449006E-01,
     2.9244609308646929E-01,
     2.9130736981286076E-01,
     1.6582443342941866E-01,
     1.6591729025274787E-01,
     1.6792452154798521E-01,
     1.6362835445188456E-01,
     2.8704584287950463E-01,
     2.7850560287084680E-01,
     3.5041944547079706E-02,
     2.8226861218952193E-01,
    -3.2991768381917008E-01,
    -3.1370857929120766E-01,
    -5.8376946410365038E-01,
     1.7916272207057968E-01,
     1.6974484539672030E-01,
     3.0101855063582567E-01,
     2.8986384219901773E-01,
     1.2859413814948839E-01,
     7.7754650457288785E-02,
    -3.6083965872529589E-01,
     7.2116495082973797E-02,
     1.2381140909484394E-01,
    -2.6930857646263007E-01,
     1.9962981105416577E-01,
     1.6804097695978001E-01,
     1.6424076908212587E-01,
     1.9615493559826574E-01,
    -1.2436253188556765E-01,
     2.6620156681021767E-01,
    -1.1028715685912902E-01,
    -1.4052699631934951E-01
  ],
  "coordination numbers": [
     7.7146996861291459E+00,
     3.9216047540426597E+00,
     4.0698424962409536E+00,
     4.1552017645267894E+00,
     3.9405141295004960E+00,
     9.9686851024161172E-01,
     1.0293385433054185E+00,
     9.9149309194491231E-01,
     9.9135985462969600E-01,
     9.9140055295236795E-01,
     9.9152166383534546E-01,
     1.0168464013587331E+00,
     1.0001403881439686E+00,
     4.0705875273516803E+00,
     4.0115949492586669E+00,
     1.9750215079000437E+00,
     1.9834676627776338E+00,
     3.8067041199104219E+00,
     9.9225143628298174E-01,
     9.9224436356890511E-01,
     9.9621022929559988E-01,
     9.9616226307713607E-01,
     3.0699891157454022E+00,
     3.1364718716577604E+00,
     2.9694556001294847E+00,
     3.1753846295557864E+00,
     3.0701808041334768E+00,
     2.0158967656501279E+00,
     9.9249099684081443E-01,
     9.9285632490167952E-01,
     9.9277662285223034E-01,
     9.9249640861115296E-01,
     9.9913659964664436E-01,
     3.3395535070829911E+00,
     1.7935288801301628E+00,
     1.6821142276254513E+00
  ]
}
