{
  "version":  "0.2.0",
  "energy":    -4.2759877138734659E-01,
  "charges": [
     8.7918070646319246E-01,
     8.8396802936369541E-03,
     3.0009540624950765E-01,
    -3.7392533999638394E-01,
    -3.3515738509264414E-01,
    -5.6309042302183077E-01,
     1.3877352465802584E-01,
     1.2290062413112676E-01,
     2.6222113395739421E-01,
     2.5488688963270800E-01,
    -1.5221636966006652E-01,
     1.1957602402481177E-01,
    -3.2940357697620509E-01,
     1.2242834249811479E-01,
     1.3276413942518683E-01,
     1.4867882516583802E-01,
    -5.0957222347882847E-01,
     2.9908539129447370E-01,
    -1.9521732731496622E-01,
    -4.6090340804429406E-02,
    -3.8314015535126356E-01,
     1.1522126969554174E-01,
     1.2574571171813759E-01,
     1.4716263389666071E-01,
     1.2210319752599590E-01,
     1.4892866163884888E-01,
     2.6367184471457150E-01,
     5.7709047742799946E-02,
    -3.4528555864203836E-01,
    -2.9435414900237944E-01,
     5.9191484563309138E-02,
    -3.0171168994884640E-01
  ],
  "coordination numbers": [
     7.1134263129496000E+00,
     4.0908288430552684E+00,
     3.2268488617463582E+00,
     1.0003241551809774E+00,
     1.9872390137148921E+00,
     3.8979596795853704E+00,
     9.9142941831749010E-01,
     9.9155026414863290E-01,
     1.0000624361601309E+00,
     1.0078217812944574E+00,
     3.9578352619742727E+00,
     2.0655040540031804E+00,
     1.9199788878961543E+00,
     9.9197693227387962E-01,
     9.9108720518530546E-01,
     9.9181648594117355E-01,
     1.9915778387288405E+00,
     1.0069783474108815E+00,
     3.9549204226561159E+00,
     3.9899338605316856E+00,
     2.9243413024864147E+00,
     9.9172512068360241E-01,
     9.9145667268431570E-01,
     9.9153558966961164E-01,
     9.9131542297998632E-01,
     9.9200570894686901E-01,
     1.0949283831786305E+00,
     1.1235600635625369E+00,
     1.9810244617870945E+00,
     1.9958504508404831E+00,
     2.1487720455596540E+00,
     1.0052075722097138E+00
  ]
}
