{
  "version":  "0.2.0",
  "energy":    -1.2014005815657069E+00,
  "charges": [
    -5.4705473432125973E-01,
     1.8568728979560750E-01,
    -1.7976520588346789E-01,
    -1.4588673495908797E+00
  ],
  "coordination numbers": [
     2.6026808990909513E+00,
     2.4514409705291218E+00,
     2.1127695252462120E+00,
     2.3957977350438115E+00
  ]
}
