{
  "version":  "0.2.0",
  "energy":    -9.5460339910230751E-01,
  "charges": [
     7.4903172850327948E-01,
    -2.0514260995703659E-01,
     9.6186789129630412E-02,
    -9.5296028590555748E-02,
     9.4347192782383127E-02,
    -3.1679659990137454E-01,
    -2.0791605995446139E-01,
    -3.1471433943563443E-01,
     8.0749837170494665E-02,
     1.0159732001052582E-01,
     1.1003114038207465E-01,
     8.8827563844335350E-02,
     8.0601544831036154E-02,
     1.0363220566023290E-01,
     1.0177902168862588E-01,
    -1.7230039521268092E-01,
     1.5251649386700761E-01,
    -3.7266666849389973E-01,
     4.7685263487549756E-02,
     3.4562203773474409E-02,
    -3.1320024845020500E-01,
     3.7505587936361329E-02,
     4.1513681286120208E-02,
    -3.9589538125673401E-01,
     1.0560593144614716E-01,
     1.2458094843812433E-01,
     1.2753590421457250E-01,
     1.0264616754556849E-01,
    -3.7125923079624412E-01,
     1.8730868379673016E-01,
    -3.2568732206231943E-01,
    -2.4099185121318062E-01,
    -2.3637847446994945E-01
  ],
  "coordination numbers": [
     7.2908685992181237E+00,
     3.9597769982656539E+00,
     3.1519313437520768E+00,
     3.0031253279819934E+00,
     3.1592786993947621E+00,
     1.9779541456891847E+00,
     3.9601142972363581E+00,
     1.9776467667690278E+00,
     9.9206995222500183E-01,
     9.9160781623653360E-01,
     9.9152518326833583E-01,
     9.9311853031127750E-01,
     9.9207113317321305E-01,
     9.9144841226864244E-01,
     9.9161003354142885E-01,
     1.0102249306847098E+00,
     2.1171906133657776E+00,
     1.9887170905776399E+00,
     3.0801565075623900E+00,
     3.1288803099959326E+00,
     2.9180389749469242E+00,
     3.1678882892700573E+00,
     3.0799282172421991E+00,
     2.0143005873214879E+00,
     9.9256899523033759E-01,
     9.9246306505426496E-01,
     9.9297942327811484E-01,
     9.9246692948397452E-01,
     9.7370308507084680E-01,
     3.6344272746231052E+00,
     1.0018376954782813E+00,
     1.9436736411068303E+00,
     1.9324473268119160E+00
  ]
}
