{
  "version":  "0.2.0",
  "energy":    -5.0475654181392854E-02,
  "charges": [
     3.2392469016666325E-01,
    -3.4133581504017563E-01,
     2.3684656192934328E-01,
    -3.1075356492693065E-02,
    -1.8836008056313785E-01
  ],
  "coordination numbers": [
     3.7032627989952109E+00,
     2.8878932011447329E+00,
     2.0702795451919389E+00,
     1.2592424463580469E+00,
     1.9783240394932680E+00
  ]
}
