{
  "version":  "0.2.0",
  "energy":    -3.0547462630999883E-01,
  "charges": [
     8.5016874262736963E-01,
    -1.2376392583504220E-01,
     1.6811139084657001E-01,
    -4.1670181006379620E-01,
    -8.5324278194584741E-02,
    -8.8244271704369340E-02,
    -7.3137427089224313E-02,
     1.4462466225968910E-02,
    -7.0510553049716845E-02,
    -8.7259366829283896E-02,
     2.5748391766434975E-01,
    -3.6737882130845001E-01,
    -3.6159707534705282E-01,
     1.2434432297973463E-01,
     1.2496971674456873E-01,
     1.4088172618121944E-01,
     1.4558640781476884E-01,
     1.2611799238332022E-01,
    -7.5165434722582969E-01,
     2.7723658037059912E-01,
     2.7319145959263758E-01,
     2.7349007586713142E-01,
    -9.1999118922923270E-02,
     1.7044149893404151E-01,
    -4.2891530266200650E-01
  ],
  "coordination numbers": [
     6.1262501629233475E+00,
     1.0119399929891930E+00,
     2.3725633132061521E+00,
     2.0054806543889176E+00,
     3.0144436111290833E+00,
     3.0124058225322417E+00,
     3.0163770392262448E+00,
     3.0195298826083725E+00,
     3.0165981243359559E+00,
     3.0124514646511713E+00,
     3.8738926056815330E+00,
     1.9762458506808853E+00,
     1.9802612345290349E+00,
     9.9280911224506774E-01,
     9.9289118119564179E-01,
     9.9296538633743658E-01,
     9.9294738870520671E-01,
     9.9288940705947226E-01,
     3.9398462544938688E+00,
     1.0112374678069163E+00,
     1.0027505743070710E+00,
     1.0026985752549900E+00,
     1.0133257207586350E+00,
     2.0821453573431885E+00,
     2.0087536420682452E+00
  ]
}
