{
  "version":  "0.2.0",
  "energy":     1.0103779376194519E+00,
  "charges": [
     1.1144838122634302E+00,
     1.8803428293250110E-01,
    -5.3081958484016589E-02,
    -1.8985600627624910E-01,
    -1.2661508131389049E-01,
    -1.4478442359584054E-01,
     2.0377108640608996E-01,
    -3.5954080249879578E-01,
    -1.4577926057141738E-01,
    -1.5085339708230144E-01,
     1.8151994330780133E-01,
     1.9227515310871712E-01,
     1.9140388775934303E-01,
     1.8143238227973693E-01,
     1.9058491945712283E-01,
     1.9296523372677446E-01,
     1.8434298116169834E-01,
     1.8044285543774244E-01,
     1.8674217278352240E-01,
    -2.6425506336172455E-01,
     1.4336588464144723E-01,
    -3.6186953663183953E-02,
     2.4389663212880033E-01,
     2.7864860491142185E-01,
    -3.8295688545872975E-01
  ],
  "coordination numbers": [
     6.0465742319297098E+00,
     3.7208761996110145E+00,
     1.0009816620347287E+00,
     1.9755711645510292E+00,
     1.9815308007756220E+00,
     3.9574700388019037E+00,
     4.2382219007047919E+00,
     1.9944018823962422E+00,
     3.9574471590876845E+00,
     3.9574398570547524E+00,
     9.9431081261151633E-01,
     9.9411625644651735E-01,
     9.9415366234706326E-01,
     9.9437056378949151E-01,
     9.9407777792520591E-01,
     9.9404214952835179E-01,
     9.9404762068366814E-01,
     9.9430852850963447E-01,
     9.9406456910054697E-01,
     2.0020839263896493E+00,
     2.1095360475985467E+00,
     1.0045192649169286E+00,
     1.0152947990998875E+00,
     2.1475522985003890E+00,
     2.0129628511963586E+00
  ]
}
