{
  "version":  "0.2.0",
  "energy":     3.9747405201136166E-01,
  "charges": [
     7.8514802221616709E-01,
    -1.4014435766849749E-02,
    -7.6874892328283784E-01,
     2.9904646191413065E-01,
     2.9441033639735770E-01,
     2.8630370106734032E-01,
    -4.1675237256469017E-02,
    -4.5003813881675153E-02,
     6.4096254752309512E-02,
    -3.7324133295878037E-01,
     5.3857141547841686E-02,
    -4.5598362477163049E-02,
     1.6301171308725179E-01,
     1.5919996879793538E-01,
     1.5332955552007374E-01,
     1.4054548937848846E-01,
     1.5730396562929999E-01,
    -2.6797050468442113E-01
  ],
  "coordination numbers": [
     4.2099331668788844E+00,
     9.9476909970597394E-01,
     3.9285256245445206E+00,
     1.0007682823126034E+00,
     9.9709727079931465E-01,
     1.0053791558860832E+00,
     3.0229473821213446E+00,
     3.0090966513752431E+00,
     3.2221212313303385E+00,
     2.9829248609758583E+00,
     3.1608418565962957E+00,
     3.0092946615521976E+00,
     9.9282233578757850E-01,
     9.9302731118792575E-01,
     9.9280221943995883E-01,
     9.9249008571775299E-01,
     9.9302564274029947E-01,
     9.9863255805548956E-01
  ]
}
