{
  "version":  "0.2.0",
  "energy":    -4.2813112048392205E-01,
  "charges": [
     8.2600059472840170E-01,
    -7.0957901238288986E-04,
     2.4191265219346927E-01,
    -3.6812832189095435E-01,
    -3.9009068898468591E-01,
    -6.5209528010985029E-01,
     1.0182778005440180E-01,
     1.1302611580252281E-01,
     2.7610737707716781E-01,
     2.5032786780357774E-01,
     5.6210275564479842E-02,
     3.4382151973547187E-02,
    -3.4342245147540895E-01,
     2.7383140953810559E-02,
     5.0353265912091522E-02,
    -3.7533735957010034E-01,
     1.2352795485319176E-01,
     1.3924495833662492E-01,
     1.3326058125383405E-01,
     1.1752871616911274E-01,
    -4.6156771689050635E-02,
    -1.4623333702574257E-01,
    -1.4384102864681345E-01,
    -3.7104222922373309E-02,
    -2.5982546474953894E-01,
     1.2096396331308620E-01,
     1.3516177448584604E-01,
     1.0036383213217336E-01,
     1.1273188024182390E-01,
     1.1181087696531526E-01,
     1.0522247162593890E-01,
     1.4004620067223855E-01,
     1.3612517264808266E-01,
    -3.4304185531437692E-01,
     2.2637479552279099E-02,
    -3.1668024390230215E-01,
    -2.0806392470067384E-01,
    -1.3478490164569399E-02,
    -3.9837023217477013E-01,
     9.7884052930521256E-02,
     1.1789709471901054E-01,
     1.1898400510533565E-01,
     1.1465109015708629E-01,
     1.1700592510862262E-01
  ],
  "coordination numbers": [
     6.3473345002300690E+00,
     3.9585521954523104E+00,
     3.7591880916381593E+00,
     1.9475055163922610E+00,
     1.9083612217676800E+00,
     2.9899992197113168E+00,
     9.8947793686698393E-01,
     9.9167208703714405E-01,
     9.9624074787814187E-01,
     9.9646283690200566E-01,
     3.0747536917669054E+00,
     3.1288593284503801E+00,
     2.9365880086996139E+00,
     3.1054654931324501E+00,
     3.0751175220737501E+00,
     2.0146425148530458E+00,
     9.9253353411732181E-01,
     9.9254001671347059E-01,
     9.9255296419521422E-01,
     9.9251122541029080E-01,
     4.0192115035419391E+00,
     3.9840014980569336E+00,
     3.9884357846401270E+00,
     4.0236953306059426E+00,
     2.7717876039602025E+00,
     9.9178445927050785E-01,
     9.9066411457731540E-01,
     9.9187573673040497E-01,
     9.9130270048564650E-01,
     9.9142343550430656E-01,
     9.9190156453672973E-01,
     9.9178171961742301E-01,
     9.9112803600346133E-01,
     1.9928752928057474E+00,
     2.0284179052465232E+00,
     1.0052926062592187E+00,
     3.9541483462211806E+00,
     3.9997541368338254E+00,
     1.9917755575470864E+00,
     9.9148160279627628E-01,
     9.9147828844096519E-01,
     9.9152505727322460E-01,
     9.9006236577790752E-01,
     9.9013935546242848E-01
  ]
}
