{
  "version":  "0.2.0",
  "energy":     7.5997954583251492E-01,
  "charges": [
     9.4912599158572486E-01,
    -5.7960160482066547E-01,
    -9.0423069219380814E-03,
    -2.4211751346128296E-02,
    -4.3491916522822016E-01,
    -3.1570923279890917E-02,
     4.3492362299399345E-03,
    -5.8688022483379398E-01,
     2.8631402249881088E-01,
     2.7533723167266344E-01,
     1.4784029217790959E-01,
     1.4351675586023754E-01,
     1.4457949612820681E-01,
     1.3793845638289201E-01,
     2.4414791237365038E-01,
     1.4310014942964916E-01,
     1.3311926059383897E-01,
     1.4896744694823763E-01,
     1.4277682489037274E-01,
     2.7802900421894566E-01,
     2.9062003079730342E-01,
     2.6699801538041495E-02,
     2.8233389174016948E-01,
    -3.2024972700952531E-01,
    -3.1954115659685084E-01,
    -5.7837981475462619E-01,
     1.6322364121872801E-01,
     1.6292209356429385E-01,
     2.7830701670968766E-01,
     2.7762176672644989E-01,
    -3.3059520369369488E-02,
    -3.9716970977001442E-02,
    -4.2478251506623640E-02,
     2.4205571099406162E-02,
    -4.4354405173164163E-02,
    -4.0564573115993707E-02,
     2.5474425364057485E-01,
    -3.6906747714310556E-01,
    -3.5811580465542003E-01,
     1.7932472469623606E-01,
     1.7646796352221936E-01,
     1.7170912203106561E-01,
     1.6878151472117148E-01,
     1.7565020473589044E-01
  ],
  "coordination numbers": [
     7.9440871719076993E+00,
     3.9434524664434871E+00,
     4.0808847967008539E+00,
     4.0997354831940385E+00,
     3.9330947063391699E+00,
     4.1208783474943225E+00,
     4.4583903352499821E+00,
     3.9507869604174273E+00,
     1.0130415957939851E+00,
     1.0325004085431280E+00,
     9.9147748818809145E-01,
     9.9140610604785984E-01,
     9.9153911525762073E-01,
     9.9130486963210274E-01,
     1.0354327933318874E+00,
     9.9136992520198053E-01,
     9.9179939149293794E-01,
     9.9141166109916590E-01,
     1.0310512274889962E+00,
     1.0023143379872561E+00,
     1.0218824536890008E+00,
     4.1060200722783948E+00,
     4.0193940767132830E+00,
     1.9787302477341466E+00,
     1.9803091542008913E+00,
     3.9166226419026753E+00,
     9.9229371740595429E-01,
     9.9229530421022094E-01,
     9.9706964554741262E-01,
     9.9702988063820630E-01,
     3.0153683223089462E+00,
     3.0102865739601894E+00,
     3.0161344084710509E+00,
     3.0200655351002030E+00,
     3.0159143516535805E+00,
     3.0103045601320355E+00,
     3.9073973548471992E+00,
     1.9905302657046358E+00,
     1.9891461390462171E+00,
     9.9279559297505937E-01,
     9.9296264481794161E-01,
     9.9293193839013760E-01,
     9.9293786603363543E-01,
     9.9296579254627382E-01
  ]
}
