{
  "version":  "0.2.0",
  "energy":     2.5820285698386009E-01,
  "charges": [
     9.3058821716080731E-01,
    -3.5072251694190665E-01,
     5.0988443608374595E-02,
    -6.3915496564821539E-02,
    -6.4252954570004212E-02,
    -7.2109001208862419E-02,
     1.2146449750971385E-01,
     1.2229783149383935E-01,
    -7.1959190708018747E-02,
    -6.4555566930575223E-02,
    -6.5855786065087199E-02,
     3.9907865101670263E-02,
    -3.5747245313791520E-01,
     1.5819639464734947E-01,
     1.4231944523417830E-01,
     1.4461553730803364E-01,
     1.2699863194510605E-01,
     1.2667205275498680E-01,
     1.4386355577413740E-01,
     1.3976437103898789E-01,
     1.2991688495797218E-01,
    -2.1511583282319072E-01,
     2.1970413894237500E-01,
    -4.1507114858256028E-01,
    -2.1513432482021494E-01,
    -2.1386887089573364E-01,
     1.3248359934289419E-01,
     1.5041456787814525E-01,
     1.2486637786027296E-01,
     1.2287216027011122E-01,
     1.3421395206222064E-01,
     1.3480607580185799E-01,
     1.2435246631784175E-01,
     1.5559226079479460E-01,
     1.3319801027519212E-01,
    -3.5636174600338982E-01,
     4.1788074800192271E-01,
    -3.7444031645140174E-01,
    -3.2714288037910350E-01
  ],
  "coordination numbers": [
     7.1638833347486521E+00,
     2.9742815098991331E+00,
     3.1799881376906614E+00,
     3.0105618961155622E+00,
     3.0209142244513938E+00,
     3.0138240976797173E+00,
     3.1557104527684139E+00,
     3.1508034892886609E+00,
     3.0136859998879642E+00,
     3.0221792613305194E+00,
     3.0098522727259143E+00,
     3.1515407322845546E+00,
     2.9636119023511700E+00,
     9.9271897426747291E-01,
     9.9306090313421969E-01,
     9.9288806133716445E-01,
     9.9323738913317428E-01,
     9.9324844085192510E-01,
     9.9288793211552662E-01,
     9.9307586977195061E-01,
     9.9243166242010350E-01,
     3.9579481305828939E+00,
     4.4836779667752440E+00,
     1.9887788008243970E+00,
     3.9577141402658720E+00,
     3.9574797889861912E+00,
     9.9412802060707417E-01,
     9.9503803739932639E-01,
     9.9366786355800940E-01,
     9.9343505635105345E-01,
     9.9416102435773634E-01,
     9.9417228924659984E-01,
     9.9379089062270687E-01,
     9.9533790751610507E-01,
     9.9428886513325487E-01,
     1.9405084941664636E+00,
     3.9687177854223732E+00,
     1.9796838599692119E+00,
     1.9824666295926141E+00
  ]
}
