{
  "version":  "0.2.0",
  "energy":    -1.4638611134690310E-01,
  "charges": [
    -2.1305742891394841E-01,
     3.0727914013969992E-01,
     3.0693786787452609E-01,
    -2.0079306676260350E-01,
    -2.0036651233767411E-01
  ],
  "coordination numbers": [
     3.3315199671089228E+00,
     1.1876143954186658E+00,
     1.1934327875565858E+00,
     9.5398613811812627E-01,
     9.5380501498749037E-01
  ]
}
