{
  "version":  "0.2.0",
  "energy":     2.0558956223843250E-01,
  "charges": [
     8.6789639772426852E-01,
    -1.6601680318515569E-01,
     1.1007785581456442E-01,
    -6.3890820388274983E-02,
     1.0600753828793548E-01,
    -3.0459744976358849E-01,
    -1.6732700052155225E-01,
    -3.1935341615380103E-01,
     1.2615909601878572E-01,
     1.3880697290418731E-01,
     1.3397787624455293E-01,
     1.2436233653003678E-01,
     1.2524659205513050E-01,
     1.2813061061918796E-01,
     1.4010833658259420E-01,
    -5.0653571731424474E-01,
     2.8463578076937079E-01,
     2.9934049570373100E-01,
    -5.2555544980863525E-02,
    -5.0251679657726651E-02,
     7.9383755671744549E-02,
    -2.9609199206469172E-01,
     5.9695250966745217E-02,
    -6.0329330080324747E-02,
     1.5136836509647017E-01,
     1.5150069237278743E-01,
     1.7426541555986488E-01,
     1.5166994343434437E-01,
     1.4232212151289306E-01,
    -5.4949735390475561E-02,
    -6.0181199137285049E-02,
    -4.5314759825317949E-02,
     2.4184796116801341E-02,
    -6.0026409051073655E-02,
    -5.6433191992056098E-02,
     2.5951871983987052E-01,
    -2.7001335024393774E-01,
    -3.7558891681116569E-01,
     1.4975302906963550E-01,
     1.4182804839994900E-01,
     1.5649888454654270E-01,
     1.4452004085515952E-01,
     1.5163728916712665E-01,
     2.6462642224661637E-01,
    -3.8199385978835210E-02,
    -2.1732842445508016E-01,
    -1.8348763893733178E-01,
     1.8279731832167237E-01,
    -1.9672936122756343E-01,
    -2.1128274490699492E-01,
    -2.1383511036522820E-01
  ],
  "coordination numbers": [
     7.8626106862087504E+00,
     3.9606214502831341E+00,
     3.1709299872680621E+00,
     3.0033127115026570E+00,
     3.1547919692891906E+00,
     1.9839749532021340E+00,
     3.9605792381896574E+00,
     1.9900272414283666E+00,
     9.9233684455585447E-01,
     9.9157680856491304E-01,
     9.9140522410667486E-01,
     9.9328354523896056E-01,
     9.9232356114195230E-01,
     9.9129842777607191E-01,
     9.9170198914000895E-01,
     2.9202451044576732E+00,
     9.9552084174315691E-01,
     1.0007608195302868E+00,
     3.0222106436554386E+00,
     3.0109800866621566E+00,
     3.1323200663419399E+00,
     2.9314184307682902E+00,
     3.1346939783032406E+00,
     3.0109827690802282E+00,
     9.9285372052021259E-01,
     9.9304203359476606E-01,
     9.9289992411853323E-01,
     9.9294229510964982E-01,
     9.9301715409041780E-01,
     3.0148830235972612E+00,
     3.0124609546116652E+00,
     3.0175053297280119E+00,
     3.0194343862473509E+00,
     3.0146612791083207E+00,
     3.0119244434506207E+00,
     3.0795831736130275E+00,
     1.9731859894880337E+00,
     1.9918695336450520E+00,
     9.9287045509805516E-01,
     9.9293151735966134E-01,
     9.9274142287668621E-01,
     9.9251666676109451E-01,
     9.9297487213797186E-01,
     9.9338242903704721E-01,
     2.9673298001926103E+00,
     1.0057366299746393E+00,
     1.9770708521135623E+00,
     3.6373155505148489E+00,
     1.9417540646386495E+00,
     1.9573137892094534E+00,
     1.0016336553628999E+00
  ]
}
