{
  "version":  "0.2.0",
  "energy":     4.9386951416341274E-01,
  "charges": [
     5.7555662720245304E-01,
    -1.5513379969214511E-01,
     1.3285230536155995E-01,
    -1.7781697903198190E-01,
     6.2454184616011410E-01
  ],
  "coordination numbers": [
     3.8703384009448651E+00,
     1.9944137837944993E+00,
     1.9783035911523017E+00,
     9.9900154361474502E-01,
     2.8870264741596365E+00
  ]
}
