{
  "version":  "0.2.0",
  "energy":     3.9026093363479342E-01,
  "charges": [
     7.1559366553354398E-01,
    -1.4433957988808643E-02,
    -1.8248583261672360E-01,
    -1.7307168084742572E-01,
    -1.7288921224550902E-01,
     9.5781954726623098E-04,
    -3.8021990389747312E-01,
     1.3956084194784263E-01,
     1.4349921745965610E-01,
     1.4473991174369252E-01,
     1.4903509915652613E-01,
     1.4303300072710368E-01,
    -2.0578829912211827E-02,
    -7.1660783979627968E-02,
    -3.9507182754657488E-01,
     1.5434717602214393E-01,
     1.4284300521494134E-01,
     1.6594571253922180E-01,
     2.5055928915215825E-01,
    -7.4020601570271571E-02,
    -3.8797053549881932E-01,
     1.5472605694974037E-01,
     1.4635674120089084E-01,
     1.6453541075623254E-01,
     2.5667021815248536E-01
  ],
  "coordination numbers": [
     6.5106632855285689E+00,
     2.6724132872650781E+00,
     1.9708915686928217E+00,
     1.9637195507304295E+00,
     3.9555030580253936E+00,
     4.0497163361358552E+00,
     1.9896559631892270E+00,
     9.9178697721899489E-01,
     9.9167098549825372E-01,
     9.9171463593778331E-01,
     9.9146526182056594E-01,
     9.9138756331104183E-01,
     9.9334654073254214E-01,
     3.9832259472507507E+00,
     2.9420952603862203E+00,
     9.9201530234574431E-01,
     9.9198409351492600E-01,
     9.9237500828155678E-01,
     1.0223169329140092E+00,
     4.0076735180557304E+00,
     2.9428337112813292E+00,
     9.9202305924715706E-01,
     9.9202735191925218E-01,
     9.9240986233935580E-01,
     1.0068818576129255E+00
  ]
}
