{
  "version":  "0.2.0",
  "energy":     8.5319122791256763E-01,
  "charges": [
     6.7915872335579408E-01,
    -5.6644561268477522E-01,
    -2.0434935604529025E-02,
    -2.7677172014458684E-02,
    -4.1734218866282413E-01,
    -3.1654295305280744E-02,
    -1.3534412298078724E-02,
    -5.6474841638205719E-01,
     2.4921116090364773E-01,
     2.6275323274067025E-01,
     1.3348533620292677E-01,
     1.2595157110302449E-01,
     1.4354812609207368E-01,
     1.2963011911056471E-01,
     2.6038601989508159E-01,
     1.4003362088150612E-01,
     1.2802296311409694E-01,
     1.3582996512695206E-01,
     1.3063649673842359E-01,
     2.6661457060400429E-01,
     2.6358142091627018E-01,
    -1.7501082028444551E-01,
    -8.8263224268650409E-04,
    -3.7114739927273455E-01,
     1.5000792256013484E-01,
     1.3228844985913246E-01,
     1.4374614377321909E-01,
     1.4198371729068152E-01,
     1.5259526763146256E-01,
    -5.3017681959386576E-01,
     2.8775088383993858E-01,
     2.8526189603390695E-01,
    -3.8215256678001103E-02,
    -4.3030016083572431E-02,
    -5.6760558076403039E-02,
     2.1547360398714667E-02,
    -4.7958973950800746E-02,
    -4.7260435715561960E-02,
     2.4701633127951186E-01,
    -3.0640946444093226E-01,
    -4.4150202843419895E-01,
     1.7269981694125089E-01,
     1.7072677822997484E-01,
     1.4820933531597705E-01,
     1.5742520947548674E-01,
     1.6698938625454640E-01,
     2.7309961205623140E-01
  ],
  "coordination numbers": [
     6.2943092857513374E+00,
     3.9230187495610549E+00,
     4.1481669108137975E+00,
     4.0518168804419243E+00,
     3.8821860555201999E+00,
     4.0446420849815379E+00,
     4.2432407159934895E+00,
     3.9242812281366515E+00,
     1.0086653278575035E+00,
     9.9729305088760345E-01,
     9.9134730369031665E-01,
     9.9135999440920575E-01,
     9.9128343777916772E-01,
     9.9127229775467818E-01,
     1.0042908762285974E+00,
     9.9128725647511917E-01,
     9.9144416555355974E-01,
     9.9131114151353739E-01,
     9.9314829994015774E-01,
     9.9682051974163421E-01,
     1.0058327046201789E+00,
     3.9544051183607314E+00,
     4.0247016010142334E+00,
     1.9912318416718957E+00,
     9.9174810476398356E-01,
     9.9134514319820255E-01,
     9.9136138190794032E-01,
     9.9079736308934319E-01,
     9.9098223886509462E-01,
     2.9276283160044718E+00,
     9.9573940049067211E-01,
     9.9518122646951390E-01,
     3.0153126763228935E+00,
     3.0105661922599198E+00,
     3.0145362839341479E+00,
     3.0175722271039449E+00,
     3.0185042581064687E+00,
     3.0108406595992649E+00,
     3.0319938422618744E+00,
     1.9398462430837542E+00,
     1.9910475133838901E+00,
     9.9285013279071954E-01,
     9.9297342711782477E-01,
     9.9241953432220065E-01,
     9.9295239056473328E-01,
     9.9295087926886527E-01,
     9.9292527900980865E-01
  ]
}
