{
  "version":  "0.2.0",
  "energy":    -1.8238450646258531E-01,
  "charges": [
     3.2752921349984532E-01,
     6.4413202432436056E-01,
    -4.8636632889844078E-01,
    -1.1278272147609347E-01,
    -3.7251218744967129E-01
  ],
  "coordination numbers": [
     3.8487430422246476E+00,
     3.6893960833945956E+00,
     1.9230699690769368E+00,
     1.7088673294707615E+00,
     1.9797361775895652E+00
  ]
}
