{
  "version":  "0.2.0",
  "energy":    -1.5888364772640755E+00,
  "charges": [
     6.4453799120228794E-01,
     1.8799290675184724E-01,
    -3.8138971215495132E-01,
    -2.5833639490758947E-01,
    -2.7299844857965999E-01,
    -2.8795664425075018E-01,
     1.1948057188315403E-01,
    -3.7212840004901282E-01,
    -2.8171592950445989E-01,
     3.5267554335969231E-02,
    -3.6978220048345217E-01,
    -1.3390757389523017E-01,
    -2.2860135722438907E-01,
    -1.9581823757845057E-01,
    -5.8537402194405272E-02,
    -1.6728498364044314E-01,
    -1.7487092982324459E-01,
    -5.4704325025178725E-02,
    -2.2810367338420856E-01,
     9.0702786115729503E-02,
     1.2230529840119611E-01,
     9.7713897860232518E-02,
     5.9172764650319773E-02,
     7.8309450950840576E-02,
     5.8704184189495190E-02,
     1.2606634688573889E-01,
     1.0149001157691767E-01,
     1.2430341477108581E-01,
    -3.7991096687938825E-01
  ],
  "coordination numbers": [
     7.6022313543088753E+00,
     3.6101106558002600E+00,
     1.0017612409137850E+00,
     1.9318256540883096E+00,
     1.9151230500103180E+00,
     1.0077485290466006E+00,
     2.0453847910943121E+00,
     1.9706832344589520E+00,
     1.9905640190693106E+00,
     2.0365515712038471E+00,
     1.0050712574637561E+00,
     2.5237766115730480E+00,
     1.9160817440033417E+00,
     1.8915998214271985E+00,
     4.0907649137915669E+00,
     3.9692974706183612E+00,
     3.9700759301914337E+00,
     4.1311908468559526E+00,
     2.8898158179221030E+00,
     9.8996965680856785E-01,
     9.9203309095314385E-01,
     9.9159831340408644E-01,
     9.9148911350120184E-01,
     9.9167092105909127E-01,
     9.9140347507579829E-01,
     9.9214967251260955E-01,
     9.9068730312534914E-01,
     1.8489492061045016E+00,
     9.9982352931126073E-01
  ]
}
