{
  "version":  "0.2.0",
  "energy":    -1.5254636726912929E-01,
  "charges": [
    -1.0548551068547185E-01,
     3.7073211989756050E-01,
     3.6364930659019518E-01,
    -2.0361724974100615E-01,
    -2.2119832528028383E-01,
    -2.0408034078099391E-01
  ],
  "coordination numbers": [
     4.6664550636422160E+00,
     2.1984585773810927E+00,
     3.1117669875905305E+00,
     1.8099475282268296E+00,
     1.7822239444487273E+00,
     1.8238514601989877E+00
  ]
}
