{
  "version":  "0.2.0",
  "energy":    -1.1986884210854309E-01,
  "charges": [
     7.2247912885405152E-01,
    -2.4069979685852147E-01,
    -2.4078003084457850E-01,
    -2.4099930115095153E-01
  ],
  "coordination numbers": [
     2.9896991939933413E+00,
     9.9810824628307948E-01,
     9.9810744355804992E-01,
     9.9811249329085960E-01
  ]
}
