{
  "version":  "0.2.0",
  "energy":     4.7014340408205535E-01,
  "charges": [
     7.1152121914287703E-01,
     7.5149985561165589E-02,
     9.9124355304287148E-02,
     2.2417094452702790E-01,
    -3.7447841150560668E-01,
    -1.9077617909806505E-01,
     1.1554972674782366E-01,
     7.4531470517083337E-02,
    -3.2689377053302382E-01,
     8.3637657337353233E-02,
     1.1441494330037315E-01,
    -2.9059752967940855E-01,
     1.8287895118130276E-01,
     1.5489990052698688E-01,
     1.6410997907798588E-01,
     1.8275675759183757E-01
  ],
  "coordination numbers": [
     4.3913949334500142E+00,
     9.9645100713825663E-01,
     1.0151148648804256E+00,
     2.1323517739552411E+00,
     2.0123639497197328E+00,
     9.9888578916076209E-01,
     3.0670398082088095E+00,
     3.1889485689449515E+00,
     2.9878573630374285E+00,
     3.2151451604858687E+00,
     3.0669497073531531E+00,
     2.0163831482368018E+00,
     9.9256576295692778E-01,
     9.9261503343417612E-01,
     9.9275930904619702E-01,
     9.9255305182917741E-01
  ]
}
