{
  "version":  "0.2.0",
  "energy":    -3.5440239171462412E-02,
  "charges": [
     3.5464215814521627E-01,
    -1.7730094797402535E-01,
    -1.7734121017119092E-01
  ],
  "coordination numbers": [
     1.9944747552382918E+00,
     1.3723541157198218E+00,
     1.3723622951208219E+00
  ]
}
