{
  "version":  "0.2.0",
  "energy":    -1.4548688113632280E+00,
  "charges": [
     5.0076221274996069E-01,
     1.8571075156301400E-01,
    -4.6094616567403368E-01,
    -3.1908459464818206E-01,
    -3.4380225640573592E-01,
    -7.9226758012886978E-01,
    -2.8137044804260175E-01,
    -2.8184405429501042E-01,
    -5.1647445169025086E-02,
    -4.1281450579383722E-01,
     2.1802946774160999E-02,
     7.6702664101837459E-02,
     5.5247618019313674E-02,
     5.9513137931263414E-02,
     4.4037719017745676E-02
  ],
  "coordination numbers": [
     5.4923640202052901E+00,
     3.5843012533030167E+00,
     1.0016768781456129E+00,
     1.8907180251258184E+00,
     1.9333094322684641E+00,
     9.6523607338923423E-01,
     9.9042800283492749E-01,
     3.9530380941324363E+00,
     4.1438220877814969E+00,
     1.9926164114523033E+00,
     9.9038225320176743E-01,
     9.9123234187553244E-01,
     9.9111549801032695E-01,
     9.8661605583599155E-01,
     9.8596650825272381E-01
  ]
}
