{
  "version":  "0.2.0",
  "energy":    -2.1945180514017931E-01,
  "charges": [
     7.1473053303675727E-01,
    -1.8332758264624771E-01,
     2.3976414932901569E-01,
    -1.2754176710773135E-01,
    -1.3060376238735827E-01,
    -1.5496522892569153E-01,
     1.2635535039260548E-01,
    -3.3919667266646825E-01,
     1.3207895060427560E-01,
     1.4827179733630313E-01,
     1.3413192013033615E-01,
    -3.0771670379850313E-01,
     4.1286875214112773E-01,
    -3.0346345515076723E-01,
    -2.9861694194148580E-01,
    -6.2769338346165826E-02
  ],
  "coordination numbers": [
     7.5004395184866919E+00,
     9.9898951319078488E-01,
     3.9176131634151643E+00,
     1.8653235988873149E+00,
     1.7156214881195107E+00,
     3.9582116800971407E+00,
     2.4010792545943636E+00,
     1.9431621151705976E+00,
     9.9199518121013419E-01,
     9.9113557373958017E-01,
     9.9193320838904508E-01,
     1.9786956170499872E+00,
     3.9673219068422982E+00,
     1.9326278300203716E+00,
     1.9850525596473751E+00,
     1.3106268199081788E+00
  ]
}
