{
  "version":  "0.2.0",
  "energy":    -1.4892484416679358E-01,
  "charges": [
    -4.4807811638466893E-01,
     2.9239601861618408E-01,
     3.2054063808517930E-01,
    -1.6485854031669450E-01
  ],
  "coordination numbers": [
     1.7641266793684833E+00,
     1.6369711611590416E+00,
     1.0034930439053937E+00,
     9.4501383865800914E-01
  ]
}
