{
  "version":  "0.2.0",
  "energy":    -1.3592253282670157E+00,
  "charges": [
     2.4795370431218533E-01,
    -4.1280986716798451E-01,
    -9.6858741293943762E-01,
    -8.6655642420476309E-01
  ],
  "coordination numbers": [
     2.7417343948043955E+00,
     7.5726261284596408E-01,
     9.8870358526750390E-01,
     9.9912686252964011E-01
  ]
}
