{
  "version":  "0.2.0",
  "energy":    -7.9554259464501453E-02,
  "charges": [
     5.1567220794707924E-01,
    -5.1567220794707924E-01
  ],
  "coordination numbers": [
     9.9217354267324342E-01,
     9.9217354267324342E-01
  ]
}
