{
  "version":  "0.2.0",
  "energy":    -1.7618075109685032E+00,
  "charges": [
     9.6079341481016467E-01,
    -7.8796029829832148E-01,
     2.9152902719071172E-01,
     2.2396731477050902E-01,
     2.2585625430425410E-01,
    -1.1854825517543877E-01,
    -4.4571382462087206E-01,
     7.0624961829272137E-02,
     3.8175818261943315E-02,
     6.5330790937885144E-02,
    -2.3581172954774726E-01,
    -1.5646435072187082E-01,
    -2.6131422930561210E-01,
    -2.7630585599672741E-01,
    -4.0531276208313138E-01,
     3.4585596513922989E-01,
    -3.9462962049781558E-01,
    -5.3386986856801955E-01,
    -3.6429029390430245E-01,
    -2.6193215538247622E-01,
    -5.9635583484276389E-02,
    -5.4679009304481452E-01,
     3.2676292782846936E-02,
     1.0600914510157038E-01,
     5.8683537889672330E-02,
     8.1568553537683650E-02,
     5.0467074787632613E-02,
     2.9704076928805029E-01
  ],
  "coordination numbers": [
     7.7390009540503755E+00,
     3.9229360827907049E+00,
     1.0052835270219092E+00,
     1.0087280692471792E+00,
     1.0219036691388936E+00,
     4.1795278665159028E+00,
     1.9926050722787529E+00,
     9.9010474600365583E-01,
     9.8883872923911920E-01,
     9.8970128888542419E-01,
     9.5920839963457816E-01,
     2.4184876237227408E+00,
     1.8611309205568434E+00,
     1.8698610714965014E+00,
     1.9812999104517646E+00,
     3.8783885076607261E+00,
     1.9846515615707228E+00,
     9.9916876866076265E-01,
     9.9803495045277746E-01,
     3.9531793976907830E+00,
     3.9539361811231659E+00,
     1.9836642260348745E+00,
     9.9102800491014609E-01,
     9.9158709417083113E-01,
     9.9134425902665324E-01,
     9.9011765091788728E-01,
     9.9005947756447377E-01,
     9.8961200983513020E-01
  ]
}
