{
  "version":  "0.2.0",
  "energy":    -1.1050652772199401E+00,
  "charges": [
    -7.5136186175956210E-01,
    -4.8988089492741987E-01,
    -3.5033948754943989E-01,
    -4.9005805994175988E-01,
     8.1640304178181550E-02
  ],
  "coordination numbers": [
     3.2058868680451660E+00,
     9.5894044212212748E-01,
     1.4426056776938827E+00,
     9.5882520881954481E-01,
     1.0166558186433816E+00
  ]
}
