{
  "version":  "0.2.0",
  "energy":    -7.5517118123621385E-02,
  "charges": [
     4.8308678670065414E-01,
    -4.8308678670065414E-01
  ],
  "coordination numbers": [
     9.9456570384920351E-01,
     9.9456570384920351E-01
  ]
}
