{
  "version":  "0.2.0",
  "energy":    -9.5859860448052592E-01,
  "charges": [
     6.2593500960926041E-01,
    -1.1109425557817760E-03,
     2.9789408886838187E-01,
    -4.0974699866849978E-01,
    -3.0421502860808841E-01,
    -5.8247208813991547E-01,
     1.0103392352158511E-01,
     1.2804053370941848E-01,
     2.3290068514608986E-01,
     2.3332638745186524E-01,
    -1.6140684810080549E-01,
     1.0674998172873379E-01,
    -3.5334663199173350E-01,
     1.4955538131350982E-01,
     1.5214614658916387E-01,
     1.0377651638260373E-01,
     1.8274780317942257E-01,
    -3.0487335937792787E-01,
    -2.4492723829872495E-01,
    -2.1921598384312635E-01,
    -9.2492917558793353E-02,
     1.6088546659323941E-01,
    -4.4502394412336466E-01,
    -8.9983992799115758E-02,
     1.7333437828570458E-01,
    -4.3951032831310138E-01
  ],
  "coordination numbers": [
     7.2601090666682522E+00,
     4.1166696753147010E+00,
     3.2814190119046884E+00,
     1.0004519246069021E+00,
     1.9906603815268689E+00,
     3.9162351614743640E+00,
     9.9133513121975092E-01,
     9.9151149063195643E-01,
     1.0210014567488006E+00,
     9.9826699979542788E-01,
     3.9572408836054951E+00,
     2.0427021955674345E+00,
     1.9420566510366291E+00,
     9.9117040862498929E-01,
     9.9105967908019288E-01,
     9.9199635959792598E-01,
     3.6383472477332957E+00,
     1.0017220347437297E+00,
     1.9389758672131032E+00,
     1.9520006315396241E+00,
     1.9531555003650540E+00,
     2.0139443146951512E+00,
     1.0065070801952203E+00,
     1.9662266685367742E+00,
     2.0216894515157655E+00,
     1.0065291693633451E+00
  ]
}
